shortcode,permalink,caption,published_at,views,likes,duration_seconds,media_type,video_url
DaQuTaeJgmD,https://www.instagram.com/reel/DaQuTaeJgmD/,hacks de engajamento que não valem a pena perder energia com eles ❌ querem saber aqueles que valem seu tempo? ✅😮‍💨,1782932889,92136,2963,107.78500366210938,clips,https://scontent-poa1-1.cdninstagram.com/o1/v/t2/f2/m86/AQNveM2mxyXXeze4L00nPC90N97smSDhQXJz0Ox2Rpuytouy6TQGm2ijs-rRvr_JZHVquGC3NtGS3wH-0oU-JzMEEknsCMlwQ4B8J5k.mp4?_nc_cat=107&_nc_sid=5e9851&_nc_ht=scontent-poa1-1.cdninstagram.com&_nc_ohc=n5SwarRYd1sQ7kNvwE1G6Kz&efg=eyJ2ZW5jb2RlX3RhZyI6Inhwdl9wcm9ncmVzc2l2ZS5JTlNUQUdSQU0uQ0xJUFMuQzMuNzIwLmRhc2hfYmFzZWxpbmVfMV92MSIsInhwdl9hc3NldF9pZCI6NDA1MTgzOTgxODQ1NTA1OSwiYXNzZXRfYWdlX2RheXMiOjgsInZpX3VzZWNhc2VfaWQiOjEwMDk5LCJkdXJhdGlvbl9zIjoxMDcsInVybGdlbl9zb3VyY2UiOiJ3d3cifQ%3D%3D&ccb=17-1&vs=ca8d49dee9d13581&_nc_vs=HBksFQIYUmlnX3hwdl9yZWVsc19wZXJtYW5lbnRfc3JfcHJvZC85QjQ0QzE2MEU0NEQ1RjQ1QTJGOTlCMTQyOUMzM0U4M192aWRlb19kYXNoaW5pdC5tcDQVAALIARIAFQIYUWlnX3hwdl9wbGFjZW1lbnRfcGVybWFuZW50X3YyL0M0NDY3RkU2RDM4MjRCNUVBQUU4NjgxN0YwNTEwQUFCX2F1ZGlvX2Rhc2hpbml0Lm1wNBUCAsgBEgAoABgAGwKIB3VzZV9vaWwBMRJwcm9ncmVzc2l2ZV9yZWNpcGUBMRUAACam4IaRj8iyDhUCKAJDMywXQFrxiTdLxqgYEmRhc2hfYmFzZWxpbmVfMV92MREAdf4HZeadAQA&_nc_gid=vElKUAfoCkFqt7A0ELIRdQ&_nc_ss=7a22e&_nc_zt=28&oh=00_AQBz3ZuCjsuqQ6kdhbCjlDbTuxrHXRKp6Enq-mKcCiloUA&oe=6A51C080
DZnOITbyT7v,https://www.instagram.com/reel/DZnOITbyT7v/,"É um ABSURDO como diálogo e empatia simplesmente transformam qualquer relação, testem! 🧡",1781540124,121646,7332,107.20500183105469,clips,https://scontent-poa1-1.cdninstagram.com/o1/v/t2/f2/m86/AQM4ntqls9sfXOfDmGR-NYbq_usNhaMtyld8qI23omsivth23TxXiKpF_lu2DMZYPzFmloku9RXD5J9uiepNCf65nN1ph3IVnWEDPaM.mp4?_nc_cat=110&_nc_sid=5e9851&_nc_ht=scontent-poa1-1.cdninstagram.com&_nc_ohc=Apnpgj8E7NwQ7kNvwF7FX05&efg=eyJ2ZW5jb2RlX3RhZyI6Inhwdl9wcm9ncmVzc2l2ZS5JTlNUQUdSQU0uQ0xJUFMuQzMuNzIwLmRhc2hfYmFzZWxpbmVfMV92MSIsInhwdl9hc3NldF9pZCI6MjA0ODM4MTY4MjcwNzgzMywiYXNzZXRfYWdlX2RheXMiOjI0LCJ2aV91c2VjYXNlX2lkIjoxMDA5OSwiZHVyYXRpb25fcyI6MTA3LCJ1cmxnZW5fc291cmNlIjoid3d3In0%3D&ccb=17-1&vs=944928379fdb4d2&_nc_vs=HBksFQIYUmlnX3hwdl9yZWVsc19wZXJtYW5lbnRfc3JfcHJvZC81RDRFOTIyMUNFOUJGQTVENTA3OEQ4MDY3MzkyRDBCMF92aWRlb19kYXNoaW5pdC5tcDQVAALIARIAFQIYUWlnX3hwdl9wbGFjZW1lbnRfcGVybWFuZW50X3YyLzc4NDYxODMyRDg1REY5N0MyMzlFM0JEOTMzQTBBNThDX2F1ZGlvX2Rhc2hpbml0Lm1wNBUCAsgBEgAoABgAGwKIB3VzZV9vaWwBMRJwcm9ncmVzc2l2ZV9yZWNpcGUBMRUAACbytf_owL-jBxUCKAJDMywXQFrMKPXCj1wYEmRhc2hfYmFzZWxpbmVfMV92MREAdf4HZeadAQA&_nc_gid=vElKUAfoCkFqt7A0ELIRdQ&_nc_ss=7a22e&_nc_zt=28&oh=00_AQBrA-0tjSWQ3HP5C4YuA8Ex3Ji-b3QsI1z-N2b3g55Ozw&oe=6A51DD3F
DZI7De9Mgoo,https://www.instagram.com/reel/DZI7De9Mgoo/,"A @gabriellajacinto cria de forma tão autêntica que cada uma de nós sentimos que a fazemos parte não só do seu conteúdo, mas da sua vida pessoal. Sorrimos com ela, choramos e vibramos com cada avanço da nossa melhor amiga Thiaga 💖",1780523610,995607,60633,128.68299865722656,clips,https://scontent-poa1-1.cdninstagram.com/o1/v/t2/f2/m86/AQNfPabPV5QrXp_ZsNYXtd8gAp1KzK9dsgj2bVqej9bJNzqwzuO5FwBzcjzkoVliD6pxTRnp8P5MDN8dwO9hr9UvH4GrvIBrY8Z5gX8.mp4?_nc_cat=103&_nc_sid=5e9851&_nc_ht=scontent-poa1-1.cdninstagram.com&_nc_ohc=fmKbLv6cPosQ7kNvwErtpnq&efg=eyJ2ZW5jb2RlX3RhZyI6Inhwdl9wcm9ncmVzc2l2ZS5JTlNUQUdSQU0uQ0xJUFMuQzMuNzIwLmRhc2hfYmFzZWxpbmVfMV92MSIsInhwdl9hc3NldF9pZCI6OTcyNjYxMzkyMzE3MDkyLCJhc3NldF9hZ2VfZGF5cyI6MzUsInZpX3VzZWNhc2VfaWQiOjEwMDk5LCJkdXJhdGlvbl9zIjoxMjgsInVybGdlbl9zb3VyY2UiOiJ3d3cifQ%3D%3D&ccb=17-1&vs=23cd873571c1edaf&_nc_vs=HBksFQIYUmlnX3hwdl9yZWVsc19wZXJtYW5lbnRfc3JfcHJvZC80RjREMURBN0QwRDQ1Njc4Qjg0QTVEOUE1MTQxRjVBNF92aWRlb19kYXNoaW5pdC5tcDQVAALIARIAFQIYUWlnX3hwdl9wbGFjZW1lbnRfcGVybWFuZW50X3YyLzY1NDZERTk0ODdDNzQ2RDU4MjRBQzFDMjNDOEVGN0E1X2F1ZGlvX2Rhc2hpbml0Lm1wNBUCAsgBEgAoABgAGwKIB3VzZV9vaWwBMRJwcm9ncmVzc2l2ZV9yZWNpcGUBMRUAACbI6rSMrKi6AxUCKAJDMywXQGAWp--dsi0YEmRhc2hfYmFzZWxpbmVfMV92MREAdf4HZeadAQA&_nc_gid=vElKUAfoCkFqt7A0ELIRdQ&_nc_ss=7a22e&_nc_zt=28&oh=00_AQBUiaC-4V4cgzWVE3rdJxJYMat_p_iREmhm4wrDvbgCzQ&oe=6A51F1F8
DY-EB7tOQnW,https://www.instagram.com/reel/DY-EB7tOQnW/,O relacionamento é um grande espelho que reflete os problemas internos que você precisa corrigir em você. Quando você para de ACUSAR e decide MUDAR tudo se transforma ✨,1780159167,371678,13331,116.49299621582031,clips,https://scontent-poa1-1.cdninstagram.com/o1/v/t2/f2/m86/AQOvtpFuONGRZWY47yCc9mdDFu6-jnRd3MrOrPRQQ_16X3Svb1RYbPPxnoVGqXpK3RUgFruKA7uNsP4qcwquyVxnT0pcPguc7zYy0aA.mp4?_nc_cat=103&_nc_sid=5e9851&_nc_ht=scontent-poa1-1.cdninstagram.com&_nc_ohc=O27MqrTI8dMQ7kNvwGCx3vx&efg=eyJ2ZW5jb2RlX3RhZyI6Inhwdl9wcm9ncmVzc2l2ZS5JTlNUQUdSQU0uQ0xJUFMuQzMuNzIwLmRhc2hfYmFzZWxpbmVfMV92MSIsInhwdl9hc3NldF9pZCI6MTAwNDY2NjMzMjAyNjg5NSwiYXNzZXRfYWdlX2RheXMiOjQwLCJ2aV91c2VjYXNlX2lkIjoxMDA5OSwiZHVyYXRpb25fcyI6MTE2LCJ1cmxnZW5fc291cmNlIjoid3d3In0%3D&ccb=17-1&vs=4a148bbcbead1263&_nc_vs=HBksFQIYUmlnX3hwdl9yZWVsc19wZXJtYW5lbnRfc3JfcHJvZC82MTQ0MEEzRjNDRUI4NTgxMTk4NzJFNzQ4Q0I4NDZCNF92aWRlb19kYXNoaW5pdC5tcDQVAALIARIAFQIYUWlnX3hwdl9wbGFjZW1lbnRfcGVybWFuZW50X3YyLzg0NDE1NDEwNDVEN0NGMDc3NzJDM0RDNkU0OTkxRDhDX2F1ZGlvX2Rhc2hpbml0Lm1wNBUCAsgBEgAoABgAGwKIB3VzZV9vaWwBMRJwcm9ncmVzc2l2ZV9yZWNpcGUBMRUAACae4LS9o-_IAxUCKAJDMywXQF0fbItDlYEYEmRhc2hfYmFzZWxpbmVfMV92MREAdf4HZeadAQA&_nc_gid=vElKUAfoCkFqt7A0ELIRdQ&_nc_zt=28&_nc_ss=7a22e&oh=00_AQBn91d6Dr0wZ9oggOoj47vjv4dOnSp8Thmn9Qpjk_i_tg&oe=6A51EEF4
DYz2YWbNytg,https://www.instagram.com/reel/DYz2YWbNytg/,"Ele é um artista tão completo que não me surpreende ser tão bom criando conteúdo! Me faltou tempo de vídeo para dizer todas as coisas que aprendo com o @illumiro - eu pessoalmente não perco 1 vídeo e amo cada formato que ele cria, inclusive Lumi, saudades da criatividade em pessoa 💜",1779816577,257877,31089,128.218994140625,clips,https://scontent-poa1-1.cdninstagram.com/o1/v/t2/f2/m86/AQM4ibs2n0_x2Svn_6PKFNgMt3JMHU96jCpHOQz4JL44dSDOinsL8W2-qjUkXRKULgIn6YUe0PfOTabdXUcQeOAviYn0mQ4SsxA1OkE.mp4?_nc_cat=100&_nc_sid=5e9851&_nc_ht=scontent-poa1-1.cdninstagram.com&_nc_ohc=Kvy1yAlmAucQ7kNvwHdi59R&efg=eyJ2ZW5jb2RlX3RhZyI6Inhwdl9wcm9ncmVzc2l2ZS5JTlNUQUdSQU0uQ0xJUFMuQzMuNzIwLmRhc2hfYmFzZWxpbmVfMV92MSIsInhwdl9hc3NldF9pZCI6MTU1MDUyMDc5OTc0NjY0NiwiYXNzZXRfYWdlX2RheXMiOjQ0LCJ2aV91c2VjYXNlX2lkIjoxMDA5OSwiZHVyYXRpb25fcyI6MTI4LCJ1cmxnZW5fc291cmNlIjoid3d3In0%3D&ccb=17-1&vs=c0f18d1b7eb52d1&_nc_vs=HBksFQIYUmlnX3hwdl9yZWVsc19wZXJtYW5lbnRfc3JfcHJvZC9CODRBOUUxMUM4MkE5OTBDOUNCNTAwNkZBRjlFRjg5QV92aWRlb19kYXNoaW5pdC5tcDQVAALIARIAFQIYUWlnX3hwdl9wbGFjZW1lbnRfcGVybWFuZW50X3YyLzk0NDRCRTU5RDhFNjA3MUQ0NjkwQTU1NjlCOTIyQTg0X2F1ZGlvX2Rhc2hpbml0Lm1wNBUCAsgBEgAoABgAGwKIB3VzZV9vaWwBMRJwcm9ncmVzc2l2ZV9yZWNpcGUBMRUAACas6eKXmIzBBRUCKAJDMywXQGAIAAAAAAAYEmRhc2hfYmFzZWxpbmVfMV92MREAdf4HZeadAQA&_nc_gid=vElKUAfoCkFqt7A0ELIRdQ&_nc_ss=7a22e&_nc_zt=28&oh=00_AQAKbBA6tzCLFvL1aCziduVWF8M2_efi762wMAaNhaNnCQ&oe=6A51E371
DYko7TgNDxF,https://www.instagram.com/reel/DYko7TgNDxF/,"quando aprendemos isso em casal, conseguimos lidar melhor até no relacionamento com nós mesmos.",1779306291,258317,17726,86.0510025024414,clips,https://scontent-poa1-1.cdninstagram.com/o1/v/t2/f2/m86/AQOzrMAHoluzniSjQ6WGXCQ2-hsVONfZ9vGeVT_psNp4IsdEeVwDTs8LFOf_Ct8Xx2ZqgecqOw39Dq3mEnlnLYi6eZx8GqqrCKzGRvk.mp4?_nc_cat=108&_nc_sid=5e9851&_nc_ht=scontent-poa1-1.cdninstagram.com&_nc_ohc=zPVi39pvVYYQ7kNvwFmKOwa&efg=eyJ2ZW5jb2RlX3RhZyI6Inhwdl9wcm9ncmVzc2l2ZS5JTlNUQUdSQU0uQ0xJUFMuQzMuNzIwLmRhc2hfYmFzZWxpbmVfMV92MSIsInhwdl9hc3NldF9pZCI6MTc1ODY1NTgwNTUwODQ1NSwiYXNzZXRfYWdlX2RheXMiOjUwLCJ2aV91c2VjYXNlX2lkIjoxMDA5OSwiZHVyYXRpb25fcyI6ODYsInVybGdlbl9zb3VyY2UiOiJ3d3cifQ%3D%3D&ccb=17-1&vs=705f11874725f41a&_nc_vs=HBksFQIYUmlnX3hwdl9yZWVsc19wZXJtYW5lbnRfc3JfcHJvZC81NDQzNzY2RkFEQzdGRjNGMTk3NzdGMUE1ODAxNTVBOF92aWRlb19kYXNoaW5pdC5tcDQVAALIARIAFQIYUWlnX3hwdl9wbGFjZW1lbnRfcGVybWFuZW50X3YyL0YwNEJGMkZGQUM2MEE5MzA3QTg5Q0E0NDlBMEZERThEX2F1ZGlvX2Rhc2hpbml0Lm1wNBUCAsgBEgAoABgAGwKIB3VzZV9vaWwBMRJwcm9ncmVzc2l2ZV9yZWNpcGUBMRUAACbOrY7pnt-fBhUCKAJDMywXQFWC0OVgQYkYEmRhc2hfYmFzZWxpbmVfMV92MREAdf4HZeadAQA&_nc_gid=vElKUAfoCkFqt7A0ELIRdQ&_nc_ss=7a22e&_nc_zt=28&oh=00_AQCJDwXvjiuLIq7qWtntRURFiehiZrURZgkgUYYuS5aiig&oe=6A51BFE9
DYSMw8NNxBd,https://www.instagram.com/reel/DYSMw8NNxBd/,mudanças 💗,1778689080,293644,14887,76.04499816894531,clips,https://scontent-poa1-1.cdninstagram.com/o1/v/t2/f2/m86/AQNuHb5-yX0TedEWGOhk4wcyElWZYBD9x2SkEIdaPGzPu4Tpdzaw1pKKx84LleEV-xYVzQTurRs-Iivy77INELF_4ukazGeuIuC4WWI.mp4?_nc_cat=111&_nc_sid=5e9851&_nc_ht=scontent-poa1-1.cdninstagram.com&_nc_ohc=zfMUECOJfu0Q7kNvwGw8MLl&efg=eyJ2ZW5jb2RlX3RhZyI6Inhwdl9wcm9ncmVzc2l2ZS5JTlNUQUdSQU0uQ0xJUFMuQzMuNzIwLmRhc2hfYmFzZWxpbmVfMV92MSIsInhwdl9hc3NldF9pZCI6OTk5NDUxMDM5MTk3ODc4LCJhc3NldF9hZ2VfZGF5cyI6NTcsInZpX3VzZWNhc2VfaWQiOjEwMDk5LCJkdXJhdGlvbl9zIjo3NiwidXJsZ2VuX3NvdXJjZSI6Ind3dyJ9&ccb=17-1&vs=9917542a6e1b6b71&_nc_vs=HBksFQIYUmlnX3hwdl9yZWVsc19wZXJtYW5lbnRfc3JfcHJvZC8yNTRERkZFN0MxNkY4MUI5QzAyODQzRDk0MTJCQ0VCQ192aWRlb19kYXNoaW5pdC5tcDQVAALIARIAFQIYUWlnX3hwdl9wbGFjZW1lbnRfcGVybWFuZW50X3YyL0NBNDFCNEM2NDE3REIwQ0Y4MUM2OUQ2QzJBRDZEM0EzX2F1ZGlvX2Rhc2hpbml0Lm1wNBUCAsgBEgAoABgAGwKIB3VzZV9vaWwBMRJwcm9ncmVzc2l2ZV9yZWNpcGUBMRUAACbsqsvC2r_GAxUCKAJDMywXQFMCLQ5WBBkYEmRhc2hfYmFzZWxpbmVfMV92MREAdf4HZeadAQA&_nc_gid=vElKUAfoCkFqt7A0ELIRdQ&_nc_ss=7a22e&_nc_zt=28&oh=00_AQDPYCp6aLS7lot_x4wdsaUzjx-1VcQdkb8lVlUBsAyHFA&oe=6A51DC08
DYCvRxZtuBS,https://www.instagram.com/reel/DYCvRxZtuBS/,"eu já me sentia amiga da Carol e muito antes de conhecer ela pessoalmente, isso acontece porque ela é A MELHOR em usar o conteúdo para gerar conexão! o Efeito Jornada não me deixa pular nada que ela posta, afinal, agora sou titia virtual da pequena Meimei! 💖🐰✨",1778168810,462123,22170,161.16799926757812,clips,https://scontent-poa1-1.cdninstagram.com/o1/v/t2/f2/m86/AQPjgcAzFoQbK61SICvcFxZLfPNX1cGT4C3CFTrQmmJSlAUDt2lQRjLX8sp68e8BMSgbVA7DlKGoO_F-XMfrfF7TZUZaj6FQ_ZScg9w.mp4?_nc_cat=106&_nc_sid=5e9851&_nc_ht=scontent-poa1-1.cdninstagram.com&_nc_ohc=rUCf9lLTD00Q7kNvwH-9S-V&efg=eyJ2ZW5jb2RlX3RhZyI6Inhwdl9wcm9ncmVzc2l2ZS5JTlNUQUdSQU0uQ0xJUFMuQzMuNzIwLmRhc2hfYmFzZWxpbmVfMV92MSIsInhwdl9hc3NldF9pZCI6OTk2NTE3NzE5NDczMzEyLCJhc3NldF9hZ2VfZGF5cyI6NjMsInZpX3VzZWNhc2VfaWQiOjEwMDk5LCJkdXJhdGlvbl9zIjoxNjEsInVybGdlbl9zb3VyY2UiOiJ3d3cifQ%3D%3D&ccb=17-1&vs=477c5070bfaf81e2&_nc_vs=HBksFQIYUmlnX3hwdl9yZWVsc19wZXJtYW5lbnRfc3JfcHJvZC84RjQwQjRGNjAyQUU2NjI1RTkxQzM2OTE4OThFOUFBNl92aWRlb19kYXNoaW5pdC5tcDQVAALIARIAFQIYUWlnX3hwdl9wbGFjZW1lbnRfcGVybWFuZW50X3YyLzI0NEM4NTdGNUQzRTM3RTgwQzEwOTEwNjMzNTVBRjhGX2F1ZGlvX2Rhc2hpbml0Lm1wNBUCAsgBEgAoABgAGwKIB3VzZV9vaWwBMRJwcm9ncmVzc2l2ZV9yZWNpcGUBMRUAACbA8vPK-5TFAxUCKAJDMywXQGQlT987ZFoYEmRhc2hfYmFzZWxpbmVfMV92MREAdf4HZeadAQA&_nc_gid=vElKUAfoCkFqt7A0ELIRdQ&_nc_ss=7a22e&_nc_zt=28&oh=00_AQArr-8SRHGE9ppJ_u3Bj_-PKFLR8QSapqkl0IBJESrKrA&oe=6A51BF47
DX5FXQPhWZF,https://www.instagram.com/reel/DX5FXQPhWZF/,amor é decisão. ❤️,1777844698,4694137,607171,91.02200317382812,clips,https://scontent-poa1-1.cdninstagram.com/o1/v/t2/f2/m86/AQNFWGD6hHq7TvQVfXQlVFhBe4le-OfjNw7eK-jA72uN2i_OJzCfzKJC1sygWAS2l0SP7jINpQ5PD649SUpDQWe9db1UI1apu7ju2iE.mp4?_nc_cat=108&_nc_sid=5e9851&_nc_ht=scontent-poa1-1.cdninstagram.com&_nc_ohc=ev_rG-In73oQ7kNvwGDtGqq&efg=eyJ2ZW5jb2RlX3RhZyI6Inhwdl9wcm9ncmVzc2l2ZS5JTlNUQUdSQU0uQ0xJUFMuQzMuNzIwLmRhc2hfYmFzZWxpbmVfMV92MSIsInhwdl9hc3NldF9pZCI6MjM5NzM1MzE1NDA0NDY4MywiYXNzZXRfYWdlX2RheXMiOjY2LCJ2aV91c2VjYXNlX2lkIjoxMDA5OSwiZHVyYXRpb25fcyI6OTEsInVybGdlbl9zb3VyY2UiOiJ3d3cifQ%3D%3D&ccb=17-1&vs=a663bead86a456d7&_nc_vs=HBksFQIYUmlnX3hwdl9yZWVsc19wZXJtYW5lbnRfc3JfcHJvZC9GMDQ2QzU5Q0ExREYzMkM5NkJGRjk1NzJBQkFFMjE4MV92aWRlb19kYXNoaW5pdC5tcDQVAALIARIAFQIYUWlnX3hwdl9wbGFjZW1lbnRfcGVybWFuZW50X3YyLzIwNDA3REIxMTU0RjdENUZFQjM5OTc3NzBEODQ0NkJCX2F1ZGlvX2Rhc2hpbml0Lm1wNBUCAsgBEgAoABgAGwKIB3VzZV9vaWwBMRJwcm9ncmVzc2l2ZV9yZWNpcGUBMRUAACaWjK_yqJjCCBUCKAJDMywXQFbAcrAgxJwYEmRhc2hfYmFzZWxpbmVfMV92MREAdf4HZeadAQA&_nc_gid=vElKUAfoCkFqt7A0ELIRdQ&_nc_ss=7a22e&_nc_zt=28&oh=00_AQD7muy0uS2vSscTslmvFbVmczQYCmWd6gguZSheXcbXUg&oe=6A51BCAD
DXZQuU3ja97,https://www.instagram.com/reel/DXZQuU3ja97/,"eu tinha medo do escuro, depois medo de falhar. mas agora escolhi ter medo de desistir pelo medo - e só assim pude acender a luz e ver as coisas mudarem. ☀️ 🎥: @clayver___ foi uma honra ser dirigida por VOCÊ e seu time, obrigada por cada troca. o melhor!!!!! 💙",1776777094,165852,4482,91.71800231933594,clips,https://scontent-poa1-1.cdninstagram.com/o1/v/t2/f2/m86/AQNWpRL0xjt0yLhKHYH6_MmY2Ug1M21qCi7qTaZ4i-Gfcj-eJy3nPWfxYAQRh4L3poveJOgb6ya_JK2qHDOakedsHv5HcwK-aWfmbKY.mp4?_nc_cat=109&_nc_sid=5e9851&_nc_ht=scontent-poa1-1.cdninstagram.com&_nc_ohc=nI7hriAxCEIQ7kNvwFu7lV-&efg=eyJ2ZW5jb2RlX3RhZyI6Inhwdl9wcm9ncmVzc2l2ZS5JTlNUQUdSQU0uQ0xJUFMuQzMuMTI3Ni5kYXNoX2Jhc2VsaW5lXzFfdjEiLCJ4cHZfYXNzZXRfaWQiOjE3OTYwODY3NzIxMTAzMjc4LCJhc3NldF9hZ2VfZGF5cyI6NzksInZpX3VzZWNhc2VfaWQiOjEwMDk5LCJkdXJhdGlvbl9zIjo5MSwidXJsZ2VuX3NvdXJjZSI6Ind3dyJ9&ccb=17-1&vs=ad1d225df35f8a2f&_nc_vs=HBksFQIYUmlnX3hwdl9yZWVsc19wZXJtYW5lbnRfc3JfcHJvZC9FQTQ1NTU4NjEzN0M0NzRGNzkxMTNFMTk3OUVDRDk5Nl92aWRlb19kYXNoaW5pdC5tcDQVAALIARIAFQIYUWlnX3hwdl9wbGFjZW1lbnRfcGVybWFuZW50X3YyLzFDNDcxRkQxOEZFNDVGNzY4MThBNTA1MDY5NjlBN0EyX2F1ZGlvX2Rhc2hpbml0Lm1wNBUCAsgBEgAoABgAGwKIB3VzZV9vaWwBMRJwcm9ncmVzc2l2ZV9yZWNpcGUBMRUAACbcnv7FjNTnPxUCKAJDMywXQFbt0vGp--cYEmRhc2hfYmFzZWxpbmVfMV92MREAdf4HZeadAQA&_nc_gid=vElKUAfoCkFqt7A0ELIRdQ&_nc_ss=7a22e&_nc_zt=28&oh=00_AQDZr9bhUig5SeruTTdX5US2l1YjjpxZDbl0JWLnCzq1Eg&oe=6A51C53A
DXSWgdXDuCY,https://www.instagram.com/reel/DXSWgdXDuCY/,"uma carta pra você aberta pra VOCÊ, meu agradecimento aos participantes e minha promessa ao meu futuro! 💌💯🔮",1776544971,257832,8428,332.50799560546875,clips,https://scontent-poa1-1.cdninstagram.com/o1/v/t2/f2/m86/AQNk-EqPO5NGBKy9mKRHriMOKj6oPgheDqXNRHVnlwU5pCf0dsj0rPD8AGaVF3T_v6j_80Yq1m7lNJv8B_5a7vEvu5H8CSZWyB8-dTs.mp4?_nc_cat=102&_nc_sid=5e9851&_nc_ht=scontent-poa1-1.cdninstagram.com&_nc_ohc=0hCd-i--L3sQ7kNvwH_G0gN&efg=eyJ2ZW5jb2RlX3RhZyI6Inhwdl9wcm9ncmVzc2l2ZS5JTlNUQUdSQU0uQ0xJUFMuQzMuNzIwLmRhc2hfYmFzZWxpbmVfMV92MSIsInhwdl9hc3NldF9pZCI6MTc5NjAyMzk2NjUxMDMyNzgsImFzc2V0X2FnZV9kYXlzIjo4MSwidmlfdXNlY2FzZV9pZCI6MTAwOTksImR1cmF0aW9uX3MiOjMzMiwidXJsZ2VuX3NvdXJjZSI6Ind3dyJ9&ccb=17-1&vs=c6d1565843c0423f&_nc_vs=HBksFQIYUmlnX3hwdl9yZWVsc19wZXJtYW5lbnRfc3JfcHJvZC81MjQ2NjVFNTMyQUY2NDZDOTk2Q0M3MjA5NjlBMTlCMV92aWRlb19kYXNoaW5pdC5tcDQVAALIARIAFQIYUWlnX3hwdl9wbGFjZW1lbnRfcGVybWFuZW50X3YyLzA5NEI2MTdBNEFBNjBCRDhGQjZGMThGNjRGMEI5Qjg0X2F1ZGlvX2Rhc2hpbml0Lm1wNBUCAsgBEgAoABgAGwKIB3VzZV9vaWwBMRJwcm9ncmVzc2l2ZV9yZWNpcGUBMRUAACbcho6Vxa_nPxUCKAJDMywXQHTIAAAAAAAYEmRhc2hfYmFzZWxpbmVfMV92MREAdf4HZeadAQA&_nc_gid=vElKUAfoCkFqt7A0ELIRdQ&_nc_ss=7a22e&_nc_zt=28&oh=00_AQAh-IWjkf-SrahvZbfzoPw7KIG5cpZ6UG09tQBayoso8w&oe=6A51C1FF
DXMnTRgjf2C,https://www.instagram.com/reel/DXMnTRgjf2C/,"💯 FORMATO COMBINADO é o último formato do desafio, e ele é o 1º passo para encontrar O SEU formato, com sua própria personalidade: você une 2 ou mais formatos que você mais gosta e cria algo único seu. Topa o Desafio? Escreva FORMATO CRIATIVO para acessar a plataforma, lá tem uma curadoria de referências pra você criar usando ele e na comunidade tem aula ao vivo de como editar esse formato!",1776352441,253645,4094,77.3219985961914,clips,https://scontent-poa1-1.cdninstagram.com/o1/v/t2/f2/m86/AQPHxMi_cnmRwAX67NhV3blOzsgKl1uP3y95FQvZXs-UmweQNpSlOy3Juc-kGQQJBquCl-5jyZwOM2RKU1WCJxiSQj6r1iBBK5vWwlg.mp4?_nc_cat=102&_nc_sid=5e9851&_nc_ht=scontent-poa1-1.cdninstagram.com&_nc_ohc=e-i25Ialr8MQ7kNvwFIMfOB&efg=eyJ2ZW5jb2RlX3RhZyI6Inhwdl9wcm9ncmVzc2l2ZS5JTlNUQUdSQU0uQ0xJUFMuQzMuNzIwLmRhc2hfYmFzZWxpbmVfMV92MSIsInhwdl9hc3NldF9pZCI6MTc5NTk3MDIxOTcxMDMyNzgsImFzc2V0X2FnZV9kYXlzIjo4NCwidmlfdXNlY2FzZV9pZCI6MTAwOTksImR1cmF0aW9uX3MiOjc3LCJ1cmxnZW5fc291cmNlIjoid3d3In0%3D&ccb=17-1&vs=e14c765d6591a622&_nc_vs=HBksFQIYUmlnX3hwdl9yZWVsc19wZXJtYW5lbnRfc3JfcHJvZC9CQjRCRkMxMzVDMDdBNTM5Mjc5MUUzOUIxRjA5RjU5NV92aWRlb19kYXNoaW5pdC5tcDQVAALIARIAFQIYUWlnX3hwdl9wbGFjZW1lbnRfcGVybWFuZW50X3YyL0M3NEM2MUI3RDEwQ0Q0NjY3N0IwMjkxOThBNzBBRUEzX2F1ZGlvX2Rhc2hpbml0Lm1wNBUCAsgBEgAoABgAGwKIB3VzZV9vaWwBMRJwcm9ncmVzc2l2ZV9yZWNpcGUBMRUAACbcqtfboJDnPxUCKAJDMywXQFNTMzMzMzMYEmRhc2hfYmFzZWxpbmVfMV92MREAdf4HZeadAQA&_nc_gid=vElKUAfoCkFqt7A0ELIRdQ&_nc_ss=7a22e&_nc_zt=28&oh=00_AQDQNx7WKiu7F5sCm5UZldFwbZpTQG2dC4IWVvSGVCPCaw&oe=6A51D673
DXJ9vPyDSSN,https://www.instagram.com/reel/DXJ9vPyDSSN/,"💯 O NARRADOR (que é diferente de “narrado”) é um formato que começou como uma trend, mas funcionou tanto de formas originais que virou um formato oficial até hoje (o capcut tem essa ferramenta de narrador) - ele é super envolvente já que você conversa com “uma voz do além”. Topa o Desafio? Escreva FORMATO CRIATIVO para acessar a plataforma, lá tem uma curadoria de referências pra você criar usando ele e na comunidade tem aula ao vivo de como editar esse formato!",1776263464,172858,4150,80.43299865722656,clips,https://scontent-poa1-1.cdninstagram.com/o1/v/t2/f2/m86/AQPyRp_4-uzsnzt29SDXvSRZ0eMNPKSLBNoYZzQ_yxaVzPABkTidYMiVYu_eHrcgsX1LxVPR7_71wPVP0ajUvrVXYAYrE-bcNV-iob0.mp4?_nc_cat=101&_nc_sid=5e9851&_nc_ht=scontent-poa1-1.cdninstagram.com&_nc_ohc=4yfG5xayT_oQ7kNvwH3B9nT&efg=eyJ2ZW5jb2RlX3RhZyI6Inhwdl9wcm9ncmVzc2l2ZS5JTlNUQUdSQU0uQ0xJUFMuQzMuNzIwLmRhc2hfYmFzZWxpbmVfMV92MSIsInhwdl9hc3NldF9pZCI6MTc5NTk0NTg0MjMxMDMyNzgsImFzc2V0X2FnZV9kYXlzIjo4NSwidmlfdXNlY2FzZV9pZCI6MTAwOTksImR1cmF0aW9uX3MiOjgwLCJ1cmxnZW5fc291cmNlIjoid3d3In0%3D&ccb=17-1&vs=3a983604868aba26&_nc_vs=HBksFQIYUmlnX3hwdl9yZWVsc19wZXJtYW5lbnRfc3JfcHJvZC83RTQxN0RENEVCN0M4QURBRTlFRkJBODUwNDcyRERBNF92aWRlb19kYXNoaW5pdC5tcDQVAALIARIAFQIYUWlnX3hwdl9wbGFjZW1lbnRfcGVybWFuZW50X3YyLzAyNDI1QzUxQkE3RTY1QTQ1OTc1ODVFMDlCQUU0MTkyX2F1ZGlvX2Rhc2hpbml0Lm1wNBUCAsgBEgAoABgAGwKIB3VzZV9vaWwBMRJwcm9ncmVzc2l2ZV9yZWNpcGUBMRUAACbc_Na6iILnPxUCKAJDMywXQFQan752yLQYEmRhc2hfYmFzZWxpbmVfMV92MREAdf4HZeadAQA&_nc_gid=hSKVLFc0ygcIHAMsV93PnA&_nc_ss=7a22e&_nc_zt=28&oh=00_AQD606Pg1578-mB1N-Dxrd8gs8o2o3x7Ng3saQ8r0vqlvw&oe=6A51CD56
DXHYCNIjYbP,https://www.instagram.com/reel/DXHYCNIjYbP/,"💯 ANALOGIA é um formato que funciona porque facilita o entendimento do seu público para e compreender a mensagem que você quer transmitir. Topa o Desafio? Escreva FORMATO CRIATIVO para acessar a plataforma, lá tem uma curadoria de referências pra você criar usando ele e na comunidade tem aula ao vivo de como editar esse formato!",1776176765,151363,5046,107.50800323486328,clips,https://scontent-poa1-1.cdninstagram.com/o1/v/t2/f2/m86/AQNX0iHR5Pvsc5ljP9UMgRvmIF1ACwhr5mQu5PN74KzMBigVUqOmfqyq-HLPe_gBso5t--n9AfiZEIBAMO9XQwf5m66P9pn3BA0f_P0.mp4?_nc_cat=107&_nc_sid=5e9851&_nc_ht=scontent-poa1-1.cdninstagram.com&_nc_ohc=xx4mn7Y_xr4Q7kNvwF9bbv9&efg=eyJ2ZW5jb2RlX3RhZyI6Inhwdl9wcm9ncmVzc2l2ZS5JTlNUQUdSQU0uQ0xJUFMuQzMuNzIwLmRhc2hfYmFzZWxpbmVfMV92MSIsInhwdl9hc3NldF9pZCI6MTc5NTkyMjg2MjYxMDMyNzgsImFzc2V0X2FnZV9kYXlzIjo4NiwidmlfdXNlY2FzZV9pZCI6MTAwOTksImR1cmF0aW9uX3MiOjEwNywidXJsZ2VuX3NvdXJjZSI6Ind3dyJ9&ccb=17-1&vs=9df55187207cc3f&_nc_vs=HBksFQIYUmlnX3hwdl9yZWVsc19wZXJtYW5lbnRfc3JfcHJvZC9GNTQ3NjdERUFGMjY4Nzk2MTA4MjQ2NkNFMzY3NTZCN192aWRlb19kYXNoaW5pdC5tcDQVAALIARIAFQIYUWlnX3hwdl9wbGFjZW1lbnRfcGVybWFuZW50X3YyL0NCNDY0RDM2NEExRjI1RTczN0NCNkJDOEE2RjdDQTgyX2F1ZGlvX2Rhc2hpbml0Lm1wNBUCAsgBEgAoABgAGwKIB3VzZV9vaWwBMRJwcm9ncmVzc2l2ZV9yZWNpcGUBMRUAACbcr5er2PTmPxUCKAJDMywXQFrgAAAAAAAYEmRhc2hfYmFzZWxpbmVfMV92MREAdf4HZeadAQA&_nc_gid=hSKVLFc0ygcIHAMsV93PnA&_nc_ss=7a22e&_nc_zt=28&oh=00_AQD-eaQlBqJE0TS5TbLv2DDBEguoQml2yLb6cIsToIPaPQ&oe=6A51E48C
DXFCXLADb-c,https://www.instagram.com/reel/DXFCXLADb-c/,"💯 CRIATIVO-PREGUIÇOSO é um formato pros preguiçosos de plantão 😅 Onde você só gasta energia pensando em um gancho chamativo/ criativo e depois passa o resto do vídeo de forma simples, apenas falando pra câmera. Topa o Desafio? Escreva FORMATO CRIATIVO para acessar a plataforma, lá tem uma curadoria de referências pra você criar usando ele e na comunidade tem aula ao vivo de como editar esse formato!",1776098392,185257,4161,77.78600311279297,clips,https://scontent-poa1-1.cdninstagram.com/o1/v/t2/f2/m86/AQPvtp5VdlRKqTOR-rYncQg9eKXKkCl5ZFmT16olMr728DMZAUtYKQV8xRC_B7yz53DjjxMWj4jUgr-ow3pT2XJWhNJLF-gYrBVheng.mp4?_nc_cat=100&_nc_sid=5e9851&_nc_ht=scontent-poa1-1.cdninstagram.com&_nc_ohc=KIxa0mNt4X4Q7kNvwHNDuOa&efg=eyJ2ZW5jb2RlX3RhZyI6Inhwdl9wcm9ncmVzc2l2ZS5JTlNUQUdSQU0uQ0xJUFMuQzMuNzIwLmRhc2hfYmFzZWxpbmVfMV92MSIsInhwdl9hc3NldF9pZCI6MTc5NTkwMzUzODQxMDMyNzgsImFzc2V0X2FnZV9kYXlzIjo4NywidmlfdXNlY2FzZV9pZCI6MTAwOTksImR1cmF0aW9uX3MiOjc3LCJ1cmxnZW5fc291cmNlIjoid3d3In0%3D&ccb=17-1&vs=4ec5236d938279de&_nc_vs=HBksFQIYUmlnX3hwdl9yZWVsc19wZXJtYW5lbnRfc3JfcHJvZC9EQzQ2QTg2OTQ4MUQ0QkIwMUQwQUEzMEFEQ0Q4ODNBNl92aWRlb19kYXNoaW5pdC5tcDQVAALIARIAFQIYUWlnX3hwdl9wbGFjZW1lbnRfcGVybWFuZW50X3YyLzE3NDFDMTk5ODVEREVBRDlENzUwRTU3NEZFMTYwOTkyX2F1ZGlvX2Rhc2hpbml0Lm1wNBUCAsgBEgAoABgAGwKIB3VzZV9vaWwBMRJwcm9ncmVzc2l2ZV9yZWNpcGUBMRUAACbchaDJuOnmPxUCKAJDMywXQFNxBiTdLxsYEmRhc2hfYmFzZWxpbmVfMV92MREAdf4HZeadAQA&_nc_gid=hSKVLFc0ygcIHAMsV93PnA&_nc_ss=7a22e&_nc_zt=28&oh=00_AQA_Dd34IN9MW2lQ85UlsZmwcRdKjM_FfPQfc5JMS2J1wg&oe=6A51E7D5
DXCRAh4jU9C,https://www.instagram.com/reel/DXCRAh4jU9C/,"💯 CONVERSA DE BAR é um dos formatos mais simples e ideal para os tímidos - já que você nem precisa olhar pra câmera! A câmera funciona como mais uma pessoa nessa “roda de conversa” Topa o Desafio? Escreva FORMATO CRIATIVO para acessar a plataforma, lá tem uma curadoria de referências pra você criar usando ele e na comunidade tem aula ao vivo de como editar esse formato!",1776005202,126158,3215,121.55500030517578,clips,https://scontent-poa1-1.cdninstagram.com/o1/v/t2/f2/m86/AQPyftGkQ0Q9esO0rtxTogU9CLkuXaTE4Baft9WgGrZQW54TWcBt1EB282jGEW1iH9MdcG-kRbnuuOmstT-AIFSqV2cko2sP7ldj6GQ.mp4?_nc_cat=110&_nc_sid=5e9851&_nc_ht=scontent-poa1-1.cdninstagram.com&_nc_ohc=PJBewDJw3pgQ7kNvwE7PDQi&efg=eyJ2ZW5jb2RlX3RhZyI6Inhwdl9wcm9ncmVzc2l2ZS5JTlNUQUdSQU0uQ0xJUFMuQzMuNzIwLmRhc2hfYmFzZWxpbmVfMV92MSIsInhwdl9hc3NldF9pZCI6MTc5NTg3NzYwOTcxMDMyNzgsImFzc2V0X2FnZV9kYXlzIjo4OCwidmlfdXNlY2FzZV9pZCI6MTAwOTksImR1cmF0aW9uX3MiOjEyMSwidXJsZ2VuX3NvdXJjZSI6Ind3dyJ9&ccb=17-1&vs=4708b66af101ecd6&_nc_vs=HBksFQIYUmlnX3hwdl9yZWVsc19wZXJtYW5lbnRfc3JfcHJvZC9DNDQxNDA0NEFDNTJDRTkzQzM3Qzk0MkZCRTcwMUJCMV92aWRlb19kYXNoaW5pdC5tcDQVAALIARIAFQIYUWlnX3hwdl9wbGFjZW1lbnRfcGVybWFuZW50X3YyLzA4NDQwNDQ5MTk4RjNBQzcxOUIzMjlGNzhEOTUxQTg3X2F1ZGlvX2Rhc2hpbml0Lm1wNBUCAsgBEgAoABgAGwKIB3VzZV9vaWwBMRJwcm9ncmVzc2l2ZV9yZWNpcGUBMRUAACbc9vLdrNrmPxUCKAJDMywXQF5iHKwIMScYEmRhc2hfYmFzZWxpbmVfMV92MREAdf4HZeadAQA&_nc_gid=hSKVLFc0ygcIHAMsV93PnA&_nc_ss=7a22e&_nc_zt=28&oh=00_AQDS_6UG4IEfNGKHXAw2ztOvyXMLUrH8qENF6_JOQ-Wckw&oe=6A51C853
DW_oyhpjZYa,https://www.instagram.com/reel/DW_oyhpjZYa/,"a única forma de não viciar na Malu e no Tanks, é não assistir!!! Por isso escolhi fazer uma ANÁLISE deles pra falar desse formato que naturalmente mostra que você SABE do que fala no seu nicho. Ele é o formato que mais funcionou no meu perfil até hoje! 💯 Topa o Desafio? Escreva FORMATO CRIATIVO para acessar a plataforma, lá tem uma curadoria de referências pra você criar usando ele e na comunidade tem aula ao vivo de como editar esse formato!",1775917015,138721,3366,159.72799682617188,clips,https://scontent-poa1-1.cdninstagram.com/o1/v/t2/f2/m86/AQMsLVD5kksmrHId2VMCwIu0q-Z-PcBY9yHN8SYv17vHoS8MM4OfYUfRdpfzARTJq_M2ndQ-OIKg5Ao1se5XI04W44jsTJZmaCR5bbA.mp4?_nc_cat=105&_nc_sid=5e9851&_nc_ht=scontent-poa1-1.cdninstagram.com&_nc_ohc=VasgeWTCrqYQ7kNvwGgi4gm&efg=eyJ2ZW5jb2RlX3RhZyI6Inhwdl9wcm9ncmVzc2l2ZS5JTlNUQUdSQU0uQ0xJUFMuQzMuNzIwLmRhc2hfYmFzZWxpbmVfMV92MSIsInhwdl9hc3NldF9pZCI6MTc5NTg1MTU3MTUxMDMyNzgsImFzc2V0X2FnZV9kYXlzIjo4OSwidmlfdXNlY2FzZV9pZCI6MTAwOTksImR1cmF0aW9uX3MiOjE1OSwidXJsZ2VuX3NvdXJjZSI6Ind3dyJ9&ccb=17-1&vs=d3a114fcaf69b511&_nc_vs=HBksFQIYUmlnX3hwdl9yZWVsc19wZXJtYW5lbnRfc3JfcHJvZC9EMDQ5RjcxRjZEQjNGNEYyOURFMEMyOTQzMEI0NTg4Ql92aWRlb19kYXNoaW5pdC5tcDQVAALIARIAFQIYUWlnX3hwdl9wbGFjZW1lbnRfcGVybWFuZW50X3YyLzk4NDM0MUY2ODQxQUFFODI4MTMwRjdBRUU0MDM3RTgwX2F1ZGlvX2Rhc2hpbml0Lm1wNBUCAsgBEgAoABgAGwKIB3VzZV9vaWwBMRJwcm9ncmVzc2l2ZV9yZWNpcGUBMRUAACbc6KLemMvmPxUCKAJDMywXQGP2p--dsi0YEmRhc2hfYmFzZWxpbmVfMV92MREAdf4HZeadAQA&_nc_gid=hSKVLFc0ygcIHAMsV93PnA&_nc_ss=7a22e&_nc_zt=28&oh=00_AQAOEtJJ5xg4138sP_0vD1amY7-fPJhKP0-bnYOaQ4g1Tw&oe=6A51C2C2
DW9Dw5XDTJU,https://www.instagram.com/reel/DW9Dw5XDTJU/,"💯 eu preciso confessar: PALESTRINHA é o meu formato criativo FAVORITO!! Ele é super divertido de assistir e super simples pra gravar - basta fazer um slide simples de algo que você quer convencer alguém, e showtime! 🐕 Topa o Desafio? Escreva FORMATO CRIATIVO para acessar a plataforma, lá tem uma curadoria de referências pra você criar usando ele e na comunidade tem aula ao vivo de como editar esse formato!",1775830407,131368,4064,98.03399658203125,clips,https://scontent-poa1-1.cdninstagram.com/o1/v/t2/f2/m86/AQPN6JlV2wwMbiBufmLMHiAOpypCngsV2AoKNPLeWbGzKY78l0ABk8eY-MS3Y4ACu6o-60_TCljPsUiHgwOzwGWC9oONsyRaIwyOVvc.mp4?_nc_cat=106&_nc_sid=5e9851&_nc_ht=scontent-poa1-1.cdninstagram.com&_nc_ohc=glV7tUD2UQ0Q7kNvwECkXU0&efg=eyJ2ZW5jb2RlX3RhZyI6Inhwdl9wcm9ncmVzc2l2ZS5JTlNUQUdSQU0uQ0xJUFMuQzMuNzIwLmRhc2hfYmFzZWxpbmVfMV92MSIsInhwdl9hc3NldF9pZCI6MTc5NTgyNzc0NzAxMDMyNzgsImFzc2V0X2FnZV9kYXlzIjo5MCwidmlfdXNlY2FzZV9pZCI6MTAwOTksImR1cmF0aW9uX3MiOjk4LCJ1cmxnZW5fc291cmNlIjoid3d3In0%3D&ccb=17-1&vs=990c69659b559a95&_nc_vs=HBksFQIYUmlnX3hwdl9yZWVsc19wZXJtYW5lbnRfc3JfcHJvZC81NDRCNjlCNTdGQTNDOTk5RTU4RTVENEU2QUM0OUE5Ml92aWRlb19kYXNoaW5pdC5tcDQVAALIARIAFQIYUWlnX3hwdl9wbGFjZW1lbnRfcGVybWFuZW50X3YyLzFENDgzMjE5QURDNDFGMjU5RDZCNTFCM0U5MEYyQjg5X2F1ZGlvX2Rhc2hpbml0Lm1wNBUCAsgBEgAoABgAGwKIB3VzZV9vaWwBMRJwcm9ncmVzc2l2ZV9yZWNpcGUBMRUAACbcm5HWqb3mPxUCKAJDMywXQFiCHKwIMScYEmRhc2hfYmFzZWxpbmVfMV92MREAdf4HZeadAQA&_nc_gid=hSKVLFc0ygcIHAMsV93PnA&_nc_ss=7a22e&_nc_zt=28&oh=00_AQACQ4UEnmhnjVB_9VPJwRUZtnYCUyb-vgQb2Y1BEYCR3w&oe=6A51D12F
DW4FCm3DSNV,https://www.instagram.com/reel/DW4FCm3DSNV/,"💯 COMPARAÇÃO é um dos formatos que mais dá resultado - já que ele é visual, gera conexão, fácil de passar a mensagem e claro, fácil de gravar! Topa o Desafio? Escreva FORMATO CRIATIVO para acessar a plataforma, lá tem uma curadoria de referências pra você criar usando ele e na comunidade tem aula ao vivo de como editar esse formato!",1775663275,158672,4792,48.50600051879883,clips,https://scontent-poa1-1.cdninstagram.com/o1/v/t2/f2/m86/AQNgAHHd5CBpY25sXKxcVr5ohbuFwwXyz873f60K9RfcWNdYGEokMP9bzxvEz83mDYDNAqJUqyyflpj4oIDp8MMrd41-jj6IX6M25M8.mp4?_nc_cat=111&_nc_sid=5e9851&_nc_ht=scontent-poa1-1.cdninstagram.com&_nc_ohc=6JV1YkhhXPsQ7kNvwEOcURo&efg=eyJ2ZW5jb2RlX3RhZyI6Inhwdl9wcm9ncmVzc2l2ZS5JTlNUQUdSQU0uQ0xJUFMuQzMuNzIwLmRhc2hfYmFzZWxpbmVfMV92MSIsInhwdl9hc3NldF9pZCI6MTc5NTc4MzY1MDkxMDMyNzgsImFzc2V0X2FnZV9kYXlzIjo5MiwidmlfdXNlY2FzZV9pZCI6MTAwOTksImR1cmF0aW9uX3MiOjQ4LCJ1cmxnZW5fc291cmNlIjoid3d3In0%3D&ccb=17-1&vs=c6043e34dd8e2be4&_nc_vs=HBksFQIYUmlnX3hwdl9yZWVsc19wZXJtYW5lbnRfc3JfcHJvZC9DQjRGM0E3RDIzOUE4QkQ5REJDMTIwMzYxQ0ZGOThCNF92aWRlb19kYXNoaW5pdC5tcDQVAALIARIAFQIYUWlnX3hwdl9wbGFjZW1lbnRfcGVybWFuZW50X3YyLzg5NEYyQzk3M0VEQkIyRTMyMDlFNjVFMzk0QkM3QkE5X2F1ZGlvX2Rhc2hpbml0Lm1wNBUCAsgBEgAoABgAGwKIB3VzZV9vaWwBMRJwcm9ncmVzc2l2ZV9yZWNpcGUBMRUAACbckvqg1KPmPxUCKAJDMywXQEhAAAAAAAAYEmRhc2hfYmFzZWxpbmVfMV92MREAdf4HZeadAQA&_nc_gid=hSKVLFc0ygcIHAMsV93PnA&_nc_ss=7a22e&_nc_zt=28&oh=00_AQAv79b-l4-egwoW6RH_ONwJQB4X0wWo5J7f3vxkykQ1dw&oe=6A51BEF8
DW1a14LjR2V,https://www.instagram.com/reel/DW1a14LjR2V/,"💯 VLOG é um formato pra quem não tem tempo, basta ir gravando cenas de um dia (grave todos os conflitos que acontecer!!!) para depois você mostrar do começo ao final de um dia especial! Topa o Desafio? Escreva FORMATO CRIATIVO para acessar a plataforma, lá tem uma curadoria de referências pra você criar usando ele e na comunidade tem aula ao vivo de como editar esse formato!",1775574274,194226,7799,148.5590057373047,clips,https://scontent-poa1-1.cdninstagram.com/o1/v/t2/f2/m86/AQP7iYDhshxse1o9WTXB4oj7nbikD0xvFStql7i0IM8cVjoBOZ2J3qJ594wRPUhTHo2xUJSLq6kWuOEwc_h7vQ0oQmpAxQsfEMsmBQE.mp4?_nc_cat=105&_nc_sid=5e9851&_nc_ht=scontent-poa1-1.cdninstagram.com&_nc_ohc=hRRoRK7LHgoQ7kNvwGk6-JA&efg=eyJ2ZW5jb2RlX3RhZyI6Inhwdl9wcm9ncmVzc2l2ZS5JTlNUQUdSQU0uQ0xJUFMuQzMuNzIwLmRhc2hfYmFzZWxpbmVfMV92MSIsInhwdl9hc3NldF9pZCI6MTc5NTc1OTQwMjgxMDMyNzgsImFzc2V0X2FnZV9kYXlzIjo5MywidmlfdXNlY2FzZV9pZCI6MTAwOTksImR1cmF0aW9uX3MiOjE0OCwidXJsZ2VuX3NvdXJjZSI6Ind3dyJ9&ccb=17-1&vs=4baf2d0f5073beba&_nc_vs=HBksFQIYUmlnX3hwdl9yZWVsc19wZXJtYW5lbnRfc3JfcHJvZC9FNDRGQTk4QTlBREY2NERBQUFFNzcxMURGMDAzNjJBQV92aWRlb19kYXNoaW5pdC5tcDQVAALIARIAFQIYUWlnX3hwdl9wbGFjZW1lbnRfcGVybWFuZW50X3YyL0Q5NEY0MjhFRTI3NUYyRDcyRTRGQjhEMzg4MTIwQjhEX2F1ZGlvX2Rhc2hpbml0Lm1wNBUCAsgBEgAoABgAGwKIB3VzZV9vaWwBMRJwcm9ncmVzc2l2ZV9yZWNpcGUBMRUAACbc2YbRxZXmPxUCKAJDMywXQGKRT987ZFoYEmRhc2hfYmFzZWxpbmVfMV92MREAdf4HZeadAQA&_nc_gid=hSKVLFc0ygcIHAMsV93PnA&_nc_ss=7a22e&_nc_zt=28&oh=00_AQBMFrA3p-Kl2npeUARuYqPv8j_zR7y9N6UKM39Jmttezg&oe=6A51D85A
DWyxF2ajSkw,https://www.instagram.com/reel/DWyxF2ajSkw/,"💯 TELA VERDE é um formato que usa duplo estímulo: auditivo e visual, assim, você captura atenção do público muito mais facilmente - sem falar do tom de fofoca que o brasileiro ama!! Topa o Desafio? Escreva FORMATO CRIATIVO para acessar a plataforma, lá tem uma curadoria de referências pra você criar usando ele e na comunidade tem aula ao vivo de como editar esse formato!",1775485115,115789,3259,77.50800323486328,clips,https://scontent-poa1-1.cdninstagram.com/o1/v/t2/f2/m86/AQMSA3gE5UjGphyhEi-QSEV9vI5HdcGmXT9h_OoxwWgb4nmQuq1EyMJN1eKJK0QY47TMps-7Nv-lq2G1gjza7uDJfe0Ivm0QOjZGGHU.mp4?_nc_cat=103&_nc_sid=5e9851&_nc_ht=scontent-poa1-1.cdninstagram.com&_nc_ohc=xY5Rj7q2umUQ7kNvwG6_MMa&efg=eyJ2ZW5jb2RlX3RhZyI6Inhwdl9wcm9ncmVzc2l2ZS5JTlNUQUdSQU0uQ0xJUFMuQzMuNzIwLmRhc2hfYmFzZWxpbmVfMV92MSIsInhwdl9hc3NldF9pZCI6MTc5NTczNjUzMjAxMDMyNzgsImFzc2V0X2FnZV9kYXlzIjo5NCwidmlfdXNlY2FzZV9pZCI6MTAwOTksImR1cmF0aW9uX3MiOjc3LCJ1cmxnZW5fc291cmNlIjoid3d3In0%3D&ccb=17-1&vs=45a0bed55724417&_nc_vs=HBksFQIYUmlnX3hwdl9yZWVsc19wZXJtYW5lbnRfc3JfcHJvZC80NDRDRjQ0NkE1NkZEODk2MjFDNDZBQjQyMjYwNUI5N192aWRlb19kYXNoaW5pdC5tcDQVAALIARIAFQIYUWlnX3hwdl9wbGFjZW1lbnRfcGVybWFuZW50X3YyLzlCNDA1NUI1MURDNEIyMDU3OUJCOUQwODk5MkM5NjkzX2F1ZGlvX2Rhc2hpbml0Lm1wNBUCAsgBEgAoABgAGwKIB3VzZV9vaWwBMRJwcm9ncmVzc2l2ZV9yZWNpcGUBMRUAACbc1Y3QnYjmPxUCKAJDMywXQFNgAAAAAAAYEmRhc2hfYmFzZWxpbmVfMV92MREAdf4HZeadAQA&_nc_gid=hSKVLFc0ygcIHAMsV93PnA&_nc_ss=7a22e&_nc_zt=28&oh=00_AQDlyQwjiemJQK9XMVYIz5Ho-m56hSUNOzxhb2qZ3xLHAA&oe=6A51EE98
DWwLtCUDaVi,https://www.instagram.com/reel/DWwLtCUDaVi/,"💯 DIÁLOGO é um formato pra pessoas criativas, e que por incrível que pareça, ajuda a tornar a fala mais natural pq nem preciso olhar pra câmera pra falar. Topa o Desafio? Escreva FORMATO CRIATIVO para acessar a plataforma, lá tem uma curadoria de referências pra você criar usando ele e na comunidade tem aula ao vivo de como editar esse formato!",1775398505,128815,6710,101.37799835205078,clips,https://scontent-poa1-1.cdninstagram.com/o1/v/t2/f2/m86/AQPQJGv3RFZGFEcRuQIHGQNsfxEMQP2dgK26zvpAw-Taq4D1KsJOOr7mRPVr1vsbOeSWp6UQj8JqDlhjifGYWlgdB1enhdQLl2L9GbE.mp4?_nc_cat=102&_nc_sid=5e9851&_nc_ht=scontent-poa1-1.cdninstagram.com&_nc_ohc=mub61v-P8NoQ7kNvwG56L09&efg=eyJ2ZW5jb2RlX3RhZyI6Inhwdl9wcm9ncmVzc2l2ZS5JTlNUQUdSQU0uQ0xJUFMuQzMuNzIwLmRhc2hfYmFzZWxpbmVfMV92MSIsInhwdl9hc3NldF9pZCI6MTc5NTcxMjI1MzkxMDMyNzgsImFzc2V0X2FnZV9kYXlzIjo5NSwidmlfdXNlY2FzZV9pZCI6MTAwOTksImR1cmF0aW9uX3MiOjEwMSwidXJsZ2VuX3NvdXJjZSI6Ind3dyJ9&ccb=17-1&vs=b45acd68f54069d3&_nc_vs=HBksFQIYUmlnX3hwdl9yZWVsc19wZXJtYW5lbnRfc3JfcHJvZC9GNTQzRjUxQTQwRDE1NkNERjdBMjRFRjMwODUxMDhCOF92aWRlb19kYXNoaW5pdC5tcDQVAALIARIAFQIYUWlnX3hwdl9wbGFjZW1lbnRfcGVybWFuZW50X3YyLzFDNDZBMUUxRDFFNkY1NTUzQTU0QzA3ODAzMDk1RUEwX2F1ZGlvX2Rhc2hpbml0Lm1wNBUCAsgBEgAoABgAGwKIB3VzZV9vaWwBMRJwcm9ncmVzc2l2ZV9yZWNpcGUBMRUAACbckI3ijPrlPxUCKAJDMywXQFlYAAAAAAAYEmRhc2hfYmFzZWxpbmVfMV92MREAdf4HZeadAQA&_nc_gid=hSKVLFc0ygcIHAMsV93PnA&_nc_ss=7a22e&_nc_zt=28&oh=00_AQDoUo0eCrLikEWm4vMmQXlzPq_0m2JMsGzPGOKRXH2foQ&oe=6A51EF5B
DWtmdFkDUtP,https://www.instagram.com/reel/DWtmdFkDUtP/,"💯 CAIXINHA POLÊMICA é um formato “carta na manga” pra você usar quando receber aquela mensagem desagradável… a partir de hoje você nunca mais pensa em desistir quando receber um Hate, mas sim aproveita e faz esse formato! Topa o Desafio? Escreva FORMATO CRIATIVO para acessar a plataforma, lá tem uma curadoria de referências pra você criar usando ele e na comunidade tem aula ao vivo de como editar esse formato!",1775312116,159505,4470,99.56700134277344,clips,https://scontent-poa1-1.cdninstagram.com/o1/v/t2/f2/m86/AQNdQ9IiFCieqDaohy1EoljHF-ON8Jfr_DdCY7TQzF6LE5EApEKc6SK8iaecY2ERrlVoPab0-25bBuesikKHdDYH-X1JY04LjNZwju4.mp4?_nc_cat=100&_nc_sid=5e9851&_nc_ht=scontent-poa1-1.cdninstagram.com&_nc_ohc=KXQPimjSJyEQ7kNvwFQZMYc&efg=eyJ2ZW5jb2RlX3RhZyI6Inhwdl9wcm9ncmVzc2l2ZS5JTlNUQUdSQU0uQ0xJUFMuQzMuNzIwLmRhc2hfYmFzZWxpbmVfMV92MSIsInhwdl9hc3NldF9pZCI6MTc5NTY4Njg0NDgxMDMyNzgsImFzc2V0X2FnZV9kYXlzIjo5NiwidmlfdXNlY2FzZV9pZCI6MTAwOTksImR1cmF0aW9uX3MiOjk5LCJ1cmxnZW5fc291cmNlIjoid3d3In0%3D&ccb=17-1&vs=9849c12ae6fb6485&_nc_vs=HBksFQIYUmlnX3hwdl9yZWVsc19wZXJtYW5lbnRfc3JfcHJvZC83QjQ2OUQxOTA2QTczOURGQkY2MUZGOUQwOTMwQzdCRV92aWRlb19kYXNoaW5pdC5tcDQVAALIARIAFQIYUWlnX3hwdl9wbGFjZW1lbnRfcGVybWFuZW50X3YyLzJBNDY4NzY5MjI3ODdEN0I3MjlFRUM5M0RFMTdERUE0X2F1ZGlvX2Rhc2hpbml0Lm1wNBUCAsgBEgAoABgAGwKIB3VzZV9vaWwBMRJwcm9ncmVzc2l2ZV9yZWNpcGUBMRUAACbcrYXSp-vlPxUCKAJDMywXQFjkOVgQYk4YEmRhc2hfYmFzZWxpbmVfMV92MREAdf4HZeadAQA&_nc_gid=hSKVLFc0ygcIHAMsV93PnA&_nc_ss=7a22e&_nc_zt=28&oh=00_AQDj_-nD66BWEME4x9aSyp6xpxai_tHoIcZeZAz8Ulq9OA&oe=6A51EF5D
DWrDoQSDZqv,https://www.instagram.com/reel/DWrDoQSDZqv/,"💯 TRIVIAL é aquele formato nível fácil, pra você gravar enquanto faz uma “trivialidade” da sua rotina! Topa o Desafio? Escreva FORMATO CRIATIVO para acessar a plataforma, lá tem uma curadoria de referências pra você criar usando ele e na comunidade tem aula ao vivo de como editar esse formato!",1775226406,175731,6370,83.12699890136719,clips,https://scontent-poa1-1.cdninstagram.com/o1/v/t2/f2/m86/AQP_urYzwMZqHtFdE8sk8EwpCfsI4pJyWfTLEwrGfgbxMJRmaNYbCIbwR_O7h0rVJ23uJNL9u3sRHlq_kuAWpc88HwTvzoCJgCZ5CAM.mp4?_nc_cat=103&_nc_sid=5e9851&_nc_ht=scontent-poa1-1.cdninstagram.com&_nc_ohc=gwIbq1ab4WAQ7kNvwHpCd8P&efg=eyJ2ZW5jb2RlX3RhZyI6Inhwdl9wcm9ncmVzc2l2ZS5JTlNUQUdSQU0uQ0xJUFMuQzMuNzIwLmRhc2hfYmFzZWxpbmVfMV92MSIsInhwdl9hc3NldF9pZCI6MTc5NTY2MjMyODIxMDMyNzgsImFzc2V0X2FnZV9kYXlzIjo5NywidmlfdXNlY2FzZV9pZCI6MTAwOTksImR1cmF0aW9uX3MiOjgzLCJ1cmxnZW5fc291cmNlIjoid3d3In0%3D&ccb=17-1&vs=7d8f817841833696&_nc_vs=HBksFQIYUmlnX3hwdl9yZWVsc19wZXJtYW5lbnRfc3JfcHJvZC9FNjQ3MzQ4OURFOEYwQjY1RUYxQUYwNzI0QjJEQjNBRl92aWRlb19kYXNoaW5pdC5tcDQVAALIARIAFQIYUWlnX3hwdl9wbGFjZW1lbnRfcGVybWFuZW50X3YyLzk2NEVGMTlGRDRDODExNjM0OEQxOTlDQjBDQTJCRkFGX2F1ZGlvX2Rhc2hpbml0Lm1wNBUCAsgBEgAoABgAGwKIB3VzZV9vaWwBMRJwcm9ncmVzc2l2ZV9yZWNpcGUBMRUAACbcj8OBhd3lPxUCKAJDMywXQFTIAAAAAAAYEmRhc2hfYmFzZWxpbmVfMV92MREAdf4HZeadAQA&_nc_gid=hSKVLFc0ygcIHAMsV93PnA&_nc_ss=7a22e&_nc_zt=28&oh=00_AQAL3a-ER_wyHIwH5-ITfZq6EKwF4L7-sZMcThQuujiTbQ&oe=6A51DCF0
DWod40sjWdK,https://www.instagram.com/reel/DWod40sjWdK/,"💯 NARRADO é O Formato Criativo que mais tem referências virais na internet, sabia?? Topa o Desafio? Escreva FORMATO CRIATIVO para acessar a plataforma, lá tem uma curadoria de refs pra você criar usando ele e na comunidade CDF hoje tem aula de como editar esse formato!",1775139511,176928,6763,102.00499725341797,clips,https://scontent-poa1-1.cdninstagram.com/o1/v/t2/f2/m86/AQNZen__qT5ysinVkGz99BpZWg_FG5jASFxHlOPPvyZG2uoOcqT8lam0go-Bjx46-YXhLh8gP-gQooC0jtuyonQcUBMEzwLMkQOW8C0.mp4?_nc_cat=102&_nc_sid=5e9851&_nc_ht=scontent-poa1-1.cdninstagram.com&_nc_ohc=Co_5Lee-XLUQ7kNvwFWRxSq&efg=eyJ2ZW5jb2RlX3RhZyI6Inhwdl9wcm9ncmVzc2l2ZS5JTlNUQUdSQU0uQ0xJUFMuQzMuNzIwLmRhc2hfYmFzZWxpbmVfMV92MSIsInhwdl9hc3NldF9pZCI6MTc5NTYzNzY3MTIxMDMyNzgsImFzc2V0X2FnZV9kYXlzIjo5OCwidmlfdXNlY2FzZV9pZCI6MTAwOTksImR1cmF0aW9uX3MiOjEwMiwidXJsZ2VuX3NvdXJjZSI6Ind3dyJ9&ccb=17-1&vs=563eba99448fccb1&_nc_vs=HBksFQIYUmlnX3hwdl9yZWVsc19wZXJtYW5lbnRfc3JfcHJvZC9FQTRCNzAxMTdGMUM3NzhDOTg1ODY0QjRBNEI0MDM4Q192aWRlb19kYXNoaW5pdC5tcDQVAALIARIAFQIYUWlnX3hwdl9wbGFjZW1lbnRfcGVybWFuZW50X3YyLzY0NDkzQzZFQjJGMTY1QkJGMzcyNkMxNURDRTAyNThFX2F1ZGlvX2Rhc2hpbml0Lm1wNBUCAsgBEgAoABgAGwKIB3VzZV9vaWwBMRJwcm9ncmVzc2l2ZV9yZWNpcGUBMRUAACbclYb2187lPxUCKAJDMywXQFmAAAAAAAAYEmRhc2hfYmFzZWxpbmVfMV92MREAdf4HZeadAQA&_nc_gid=RTOF3MIx_nyAdXLBuRTOcw&_nc_ss=7a22e&_nc_zt=28&oh=00_AQAs9VFwcsC6RyZVqUEB7rRuNDq22iTtGHC-VWwd5MSVlw&oe=6A51D75F
DWl4jR7DfNQ,https://www.instagram.com/reel/DWl4jR7DfNQ/,💯 DINAMISMO é um dos Formatos mais utilizados por conta das inúmerasss formas (virais) de criar usando ele! Topa o Desafio? Escreva FORMATO CRIATIVO para acessar a plataforma e a comunidade:,1775052966,346595,18202,81.64099884033203,clips,https://scontent-poa1-1.cdninstagram.com/o1/v/t2/f2/m86/AQMvXBiq1YsoT37_c0wBtQt_ylYsVSR9Yj6_0Tf7IAdGkH1bV8KotxcGVic5P1f4pdmA4pQeTW10SESWRI6FaeL8p3P-ZjSp_rBCYM8.mp4?_nc_cat=103&_nc_sid=5e9851&_nc_ht=scontent-poa1-1.cdninstagram.com&_nc_ohc=lcZuUT8kxgQQ7kNvwEM3x_n&efg=eyJ2ZW5jb2RlX3RhZyI6Inhwdl9wcm9ncmVzc2l2ZS5JTlNUQUdSQU0uQ0xJUFMuQzMuNzIwLmRhc2hfYmFzZWxpbmVfMV92MSIsInhwdl9hc3NldF9pZCI6MTc5NTYxMjg2MzkxMDMyNzgsImFzc2V0X2FnZV9kYXlzIjo5OSwidmlfdXNlY2FzZV9pZCI6MTAwOTksImR1cmF0aW9uX3MiOjgxLCJ1cmxnZW5fc291cmNlIjoid3d3In0%3D&ccb=17-1&vs=7a717cff7bc9ff51&_nc_vs=HBksFQIYUmlnX3hwdl9yZWVsc19wZXJtYW5lbnRfc3JfcHJvZC82QjRBREVBNzEwOURCOTczM0QzNDMyMjRCMzNGODQ5NF92aWRlb19kYXNoaW5pdC5tcDQVAALIARIAFQIYUWlnX3hwdl9wbGFjZW1lbnRfcGVybWFuZW50X3YyL0VBNEE0MjU3NDA0QUEzMUUwNUU5MTZFMjlBMkZEQzkyX2F1ZGlvX2Rhc2hpbml0Lm1wNBUCAsgBEgAoABgAGwKIB3VzZV9vaWwBMRJwcm9ncmVzc2l2ZV9yZWNpcGUBMRUAACbcxJnRn8DlPxUCKAJDMywXQFRoAAAAAAAYEmRhc2hfYmFzZWxpbmVfMV92MREAdf4HZeadAQA&_nc_gid=RTOF3MIx_nyAdXLBuRTOcw&_nc_ss=7a22e&_nc_zt=28&oh=00_AQA5yTNZymUOpout-a-hAV0u7OEwMaolZ1TqxQlAoTn3kQ&oe=6A51BEF8
DWfJqAyDcoc,https://www.instagram.com/reel/DWfJqAyDcoc/,será que consigo te motivar a CRIAR depois desse roxinho? 🔮 Comente DESAFIO para participar:,1774827356,242008,8235,57.2130012512207,clips,https://scontent-poa1-1.cdninstagram.com/o1/v/t2/f2/m86/AQNob_cmR5mvL34Q7LzoIFbQHZheydDMTkPHofjyEAPWQnK9Qgflxdg5gYfbpKoxuEwmMfHLc4_GU7UpN-HjBK3Kcr71OxHhFAfnaV0.mp4?_nc_cat=101&_nc_sid=5e9851&_nc_ht=scontent-poa1-1.cdninstagram.com&_nc_ohc=L5hBwrSZCkQQ7kNvwHDinu0&efg=eyJ2ZW5jb2RlX3RhZyI6Inhwdl9wcm9ncmVzc2l2ZS5JTlNUQUdSQU0uQ0xJUFMuQzMuMTI3Ni5kYXNoX2Jhc2VsaW5lXzFfdjEiLCJ4cHZfYXNzZXRfaWQiOjE3OTU1NTMwMzI1MTAzMjc4LCJhc3NldF9hZ2VfZGF5cyI6MTAxLCJ2aV91c2VjYXNlX2lkIjoxMDA5OSwiZHVyYXRpb25fcyI6NTcsInVybGdlbl9zb3VyY2UiOiJ3d3cifQ%3D%3D&ccb=17-1&vs=88abad610cec052b&_nc_vs=HBksFQIYUmlnX3hwdl9yZWVsc19wZXJtYW5lbnRfc3JfcHJvZC80NjQ2Qzg2ODNEMzg4MjUxQkRFNzNFMTFBQ0JEM0Q5MF92aWRlb19kYXNoaW5pdC5tcDQVAALIARIAFQIYUWlnX3hwdl9wbGFjZW1lbnRfcGVybWFuZW50X3YyLzVFNDNFOUQ5NUUxMjNBQjQxQUVGQzQ2QjVBQTFBRkJEX2F1ZGlvX2Rhc2hpbml0Lm1wNBUCAsgBEgAoABgAGwKIB3VzZV9vaWwBMRJwcm9ncmVzc2l2ZV9yZWNpcGUBMRUAACbcysDstZ3lPxUCKAJDMywXQEyan752yLQYEmRhc2hfYmFzZWxpbmVfMV92MREAdf4HZeadAQA&_nc_gid=RTOF3MIx_nyAdXLBuRTOcw&_nc_ss=7a22e&_nc_zt=28&oh=00_AQBL1bdioaz1dQRX4oHBjNtO46u0YvxfV9_mlvl30lANVA&oe=6A51CB26
DWXP8KuD-qj,https://www.instagram.com/reel/DWXP8KuD-qj/,"sonhei alto demais e falhei em público. não bati AQUELA meta, mas alcançei outras… faria de novo. eu me movimentei, e movimento me fez melhor que antes. creio que pode fazer o mesmo por você, BORA? Aceita sonhar alto e falhar junto comigo? Comente DESAFIO e faça sua inscrição:",1774562514,219217,7512,125.47899627685547,clips,https://scontent-poa1-1.cdninstagram.com/o1/v/t2/f2/m86/AQPO9Ht2nzrR51Ajig6U-3qKg9dBL5Pne_A55SQFFxWZNxgbTU8SVz29QiJZhFzfwOt2HpN86z9vhPRN35XY7B9k5qJkbj0ksuKsPOE.mp4?_nc_cat=104&_nc_sid=5e9851&_nc_ht=scontent-poa1-1.cdninstagram.com&_nc_ohc=jpf3EHwhhpQQ7kNvwHz2kgS&efg=eyJ2ZW5jb2RlX3RhZyI6Inhwdl9wcm9ncmVzc2l2ZS5JTlNUQUdSQU0uQ0xJUFMuQzMuMTI3Ni5kYXNoX2Jhc2VsaW5lXzFfdjEiLCJ4cHZfYXNzZXRfaWQiOjE3OTU0NzcyODg1MTAzMjc4LCJhc3NldF9hZ2VfZGF5cyI6MTA0LCJ2aV91c2VjYXNlX2lkIjoxMDA5OSwiZHVyYXRpb25fcyI6MTI1LCJ1cmxnZW5fc291cmNlIjoid3d3In0%3D&ccb=17-1&vs=b3e26e2700b2d46d&_nc_vs=HBksFQIYUmlnX3hwdl9yZWVsc19wZXJtYW5lbnRfc3JfcHJvZC8zMzQ4NEY5MTA4M0EwMjVENjlGQjE2RTQ0MEI2QkU4RF92aWRlb19kYXNoaW5pdC5tcDQVAALIARIAFQIYUWlnX3hwdl9wbGFjZW1lbnRfcGVybWFuZW50X3YyLzAzNEMzMzMxOTFFQTRDMjkyQjk5NDE3N0JGN0EzOEEwX2F1ZGlvX2Rhc2hpbml0Lm1wNBUCAsgBEgAoABgAGwKIB3VzZV9vaWwBMRJwcm9ncmVzc2l2ZV9yZWNpcGUBMRUAACbcire9qvHkPxUCKAJDMywXQF9dT987ZFoYEmRhc2hfYmFzZWxpbmVfMV92MREAdf4HZeadAQA&_nc_gid=RTOF3MIx_nyAdXLBuRTOcw&_nc_ss=7a22e&_nc_zt=28&oh=00_AQCAFXj16XmUxg861xFMQXQjYfoOBnMoJv5LxlD8YtLMAQ&oe=6A51C9E9
DUtOQa9DWBg,https://www.instagram.com/reel/DUtOQa9DWBg/,"A CADA VÍDEO desse casal eu me orgulho mais de ser brasileira 🇧🇷 carisma, identidade e genialidade no conteúdo define os dois! É fato que quando tem Bri no feed, tem like - pq eu já sei que vai ser bom! (sem falar que eu levo o “relações internacionais” mais a sério do que muita prova que fiz na escola 🤓)",1771004923,705094,20181,178.96600341796875,clips,https://scontent-poa1-1.cdninstagram.com/o1/v/t16/f2/m69/AQN2paByU4vwril1caMZ6Mt1LAfmiDbskKWECdvrrsbu9oi-khOXQ9JAFc_os_J0BCBzvwB_vd9zTR0WI8W3hMkW.mp4?strext=1&_nc_cat=104&_nc_sid=5e9851&_nc_ht=scontent-poa1-1.cdninstagram.com&_nc_ohc=QWG3N_30i0kQ7kNvwHwHMkz&efg=eyJ2ZW5jb2RlX3RhZyI6Inhwdl9wcm9ncmVzc2l2ZS5JTlNUQUdSQU0uQ0xJUFMuQzMuNzIwLmRhc2hfYmFzZWxpbmVfMV92MSIsInhwdl9hc3NldF9pZCI6MTc5NDQ2MjY2OTYxMDMyNzgsImFzc2V0X2FnZV9kYXlzIjoxNDYsInZpX3VzZWNhc2VfaWQiOjEwMDk5LCJkdXJhdGlvbl9zIjoxNzgsInVybGdlbl9zb3VyY2UiOiJ3d3cifQ%3D%3D&ccb=17-1&vs=ef29b521a9045dd4&_nc_vs=HBksFQIYOnBhc3N0aHJvdWdoX2V2ZXJzdG9yZS9HT2RPM0NYaklNZGUyQndEQUZpNUxQSlVIZDFRYnNwVEFRQUYVAALIARIAFQIYUWlnX3hwdl9wbGFjZW1lbnRfcGVybWFuZW50X3YyLzI4NEY2RkY1MTMyMkE0OUVGQUY2RTZCQzc4NkFBMjhEX2F1ZGlvX2Rhc2hpbml0Lm1wNBUCAsgBEgAoABgAGwKIB3VzZV9vaWwBMRJwcm9ncmVzc2l2ZV9yZWNpcGUBMRUAACbclcm936LgPxUCKAJDMywXQGZe6XjU_fQYEmRhc2hfYmFzZWxpbmVfMV92MREAdf4HZeadAQA&_nc_gid=RTOF3MIx_nyAdXLBuRTOcw&_nc_ss=7a22e&_nc_zt=28&oh=00_AQChy3X47XELVzMFgMdNJ-cMysEKINCSiiDhhXW7pJJxbA&oe=6A55C1BC
DUjFu9yD5lj,https://www.instagram.com/reel/DUjFu9yD5lj/,"“é Tha Beauty 🎶 é Tha Beauty” QUEM NUNCA ficou com essa música na cabeça tá usando a internet errado! @thaisslinares é uma verdadeira gênia quando o assunto é criar conteúdo com autenticidade, verdade e muita comunidade! é inspiração pra mim, e deveria ser pra você também 🩵 seu formato é super leve, mostrando que existe aquele ideal pra você, se quiser aprender comigo a encontrar o seu, vem comigo no link da bio.",1770666435,457544,26226,157.68499755859375,clips,https://scontent-poa1-1.cdninstagram.com/o1/v/t2/f2/m86/AQODBmxhaj6TYThk7AtAAC-04kJW4Gp-JEGXCSGhLoGsgkCejkrH1QomGV_yTYszBn6_Xl74qtghUfKry26YTWqZasIGXKnV00RrhDc.mp4?_nc_cat=110&_nc_sid=5e9851&_nc_ht=scontent-poa1-1.cdninstagram.com&_nc_ohc=NVthZKqu71sQ7kNvwHFrhzv&efg=eyJ2ZW5jb2RlX3RhZyI6Inhwdl9wcm9ncmVzc2l2ZS5JTlNUQUdSQU0uQ0xJUFMuQzMuNzIwLmRhc2hfYmFzZWxpbmVfMV92MSIsInhwdl9hc3NldF9pZCI6MTc5NDM4NTE5ODIxMDMyNzgsImFzc2V0X2FnZV9kYXlzIjoxNTAsInZpX3VzZWNhc2VfaWQiOjEwMDk5LCJkdXJhdGlvbl9zIjoxNTcsInVybGdlbl9zb3VyY2UiOiJ3d3cifQ%3D%3D&ccb=17-1&vs=7a8b6a52615a510f&_nc_vs=HBksFQIYUmlnX3hwdl9yZWVsc19wZXJtYW5lbnRfc3JfcHJvZC8wODRBOTM1OUYwODJGRDhBMDc4Mzg1QTBBQjFDNEE5NV92aWRlb19kYXNoaW5pdC5tcDQVAALIARIAFQIYUWlnX3hwdl9wbGFjZW1lbnRfcGVybWFuZW50X3YyLzAyNEYzQ0IyNjczNkVFQjI4MkM1NDE5MTlBOTRCMUE1X2F1ZGlvX2Rhc2hpbml0Lm1wNBUCAsgBEgAoABgAGwKIB3VzZV9vaWwBMRJwcm9ncmVzc2l2ZV9yZWNpcGUBMRUAACbci9200_XfPxUCKAJDMywXQGO1T987ZFoYEmRhc2hfYmFzZWxpbmVfMV92MREAdf4HZeadAQA&_nc_gid=RTOF3MIx_nyAdXLBuRTOcw&_nc_ss=7a22e&_nc_zt=28&oh=00_AQC7phvZEbl-h96JydzXtAwdYk8BdfEJwBuN4y0VPlvEcg&oe=6A51CAEF
DUT7rJ0j5xb,https://www.instagram.com/reel/DUT7rJ0j5xb/,"A primeira pergunta é: qual bolha VOCÊ faz parte? eu vivo na bolha de gatinhos pretos hehe 🫧🐈‍⬛ depois de enxergar isso, você consegue escolher melhor qual bolha você vai querer furar….",1770155641,222275,7366,138.34300231933594,clips,https://scontent-poa1-1.cdninstagram.com/o1/v/t2/f2/m86/AQOfmjf0Or-AcHdIjYztaYJOX7itcRJnCF4X_BLFljkA7EQuHyhEp_RE49D6Bq0f8pkY5YheJJOiBilqR-ATCS3x0q-kz1cc4Ymljjg.mp4?_nc_cat=102&_nc_sid=5e9851&_nc_ht=scontent-poa1-1.cdninstagram.com&_nc_ohc=m1r1lcItAjkQ7kNvwFSs-7f&efg=eyJ2ZW5jb2RlX3RhZyI6Inhwdl9wcm9ncmVzc2l2ZS5JTlNUQUdSQU0uQ0xJUFMuQzMuNzIwLmRhc2hfYmFzZWxpbmVfMV92MSIsInhwdl9hc3NldF9pZCI6MTc5NDI3NDI1NDYxMDMyNzgsImFzc2V0X2FnZV9kYXlzIjoxNTUsInZpX3VzZWNhc2VfaWQiOjEwMDk5LCJkdXJhdGlvbl9zIjoxMzgsInVybGdlbl9zb3VyY2UiOiJ3d3cifQ%3D%3D&ccb=17-1&vs=2b123f635fc97c7e&_nc_vs=HBksFQIYUmlnX3hwdl9yZWVsc19wZXJtYW5lbnRfc3JfcHJvZC80MzQxNTNCQTQ2OTgzNENGN0VDMDVCN0FFNzkyRUY4QV92aWRlb19kYXNoaW5pdC5tcDQVAALIARIAFQIYUWlnX3hwdl9wbGFjZW1lbnRfcGVybWFuZW50X3YyLzZFNDUyQzc4RjM1NjRDMjUyNzNBMTlFMzQ3Njk1M0IwX2F1ZGlvX2Rhc2hpbml0Lm1wNBUCAsgBEgAoABgAGwKIB3VzZV9vaWwBMRJwcm9ncmVzc2l2ZV9yZWNpcGUBMRUAACbc7428ibXfPxUCKAJDMywXQGFKp--dsi0YEmRhc2hfYmFzZWxpbmVfMV92MREAdf4HZeadAQA&_nc_gid=RTOF3MIx_nyAdXLBuRTOcw&_nc_ss=7a22e&_nc_zt=28&oh=00_AQBBQdBq47INLHFcgZ6GvN270eHf8S0ZOpIMeR2LqT3D1A&oe=6A51DFDF
DURcEP0jZos,https://www.instagram.com/reel/DURcEP0jZos/,"se você é diretor, roteirista e ator principal da sua vida… escolha viver histórias que você vai se orgulhar de assistir 🎞️🖤",1770071838,187985,5006,96.05999755859375,clips,https://scontent-poa1-1.cdninstagram.com/o1/v/t2/f2/m86/AQMGeyb9MYqirxg_vKsV3zgNPaGLqveOxN-Kb-aJnb6ngGfB9A_UbuBtPa2wHbaes2Caw9BQLxE0Pb5mU7vsybrJx_vU-vLZlBZGGZo.mp4?_nc_cat=107&_nc_sid=5e9851&_nc_ht=scontent-poa1-1.cdninstagram.com&_nc_ohc=K_cQ3eFy8_kQ7kNvwFOAhd-&efg=eyJ2ZW5jb2RlX3RhZyI6Inhwdl9wcm9ncmVzc2l2ZS5JTlNUQUdSQU0uQ0xJUFMuQzMuNzIwLmRhc2hfYmFzZWxpbmVfMV92MSIsInhwdl9hc3NldF9pZCI6MTc5NDI1NjU4MTYxMDMyNzgsImFzc2V0X2FnZV9kYXlzIjoxNTYsInZpX3VzZWNhc2VfaWQiOjEwMDk5LCJkdXJhdGlvbl9zIjo5NiwidXJsZ2VuX3NvdXJjZSI6Ind3dyJ9&ccb=17-1&vs=4003e9e3c1267c0a&_nc_vs=HBksFQIYUmlnX3hwdl9yZWVsc19wZXJtYW5lbnRfc3JfcHJvZC81MjREMjNEOTY0OEYwRTBCMENEQjMxNkYyRjE3MDE5NV92aWRlb19kYXNoaW5pdC5tcDQVAALIARIAFQIYUWlnX3hwdl9wbGFjZW1lbnRfcGVybWFuZW50X3YyLzdDNEY0RDU0OEUxNEQyNjAzOThDQ0M1RDlDRjVFMThFX2F1ZGlvX2Rhc2hpbml0Lm1wNBUCAsgBEgAoABgAGwKIB3VzZV9vaWwBMRJwcm9ncmVzc2l2ZV9yZWNpcGUBMRUAACbcxZ_d5KrfPxUCKAJDMywXQFgCn752yLQYEmRhc2hfYmFzZWxpbmVfMV92MREAdf4HZeadAQA&_nc_gid=RTOF3MIx_nyAdXLBuRTOcw&_nc_ss=7a22e&_nc_zt=28&oh=00_AQBxl6z4-GXTfj-OVNwDt7oVBLMwSRm3Pwz5QvvOQ60fTA&oe=6A51D7B4
DT22AgwjfoF,https://www.instagram.com/reel/DT22AgwjfoF/,a vida recompensa quem suporta o processo! 🔮,1769179442,162155,3871,83.63800048828125,clips,https://scontent-poa1-1.cdninstagram.com/o1/v/t16/f2/m69/AQO9UA1IKu11IvQQGeUU0VtHK34aUkYR87dyharNZ4C4RnK2mH-t0JhrW6vU1fODCAsxdw7oSC5XXwnVYwotuDsG.mp4?strext=1&_nc_cat=109&_nc_sid=5e9851&_nc_ht=scontent-poa1-1.cdninstagram.com&_nc_ohc=XAZyYlXh4IsQ7kNvwGPpjvf&efg=eyJ2ZW5jb2RlX3RhZyI6Inhwdl9wcm9ncmVzc2l2ZS5JTlNUQUdSQU0uQ0xJUFMuQzMuNzIwLmRhc2hfYmFzZWxpbmVfMV92MSIsInhwdl9hc3NldF9pZCI6MTc5NDA2NzUxNDExMDMyNzgsImFzc2V0X2FnZV9kYXlzIjoxNjcsInZpX3VzZWNhc2VfaWQiOjEwMDk5LCJkdXJhdGlvbl9zIjo4MywidXJsZ2VuX3NvdXJjZSI6Ind3dyJ9&ccb=17-1&vs=69447510974426e8&_nc_vs=HBksFQIYOnBhc3N0aHJvdWdoX2V2ZXJzdG9yZS9HT0E2MXlTaXk0RkhhVk1FQUlSc3ljRU56N1lDYnNwVEFRQUYVAALIARIAFQIYUWlnX3hwdl9wbGFjZW1lbnRfcGVybWFuZW50X3YyLzQ3NDQxQjI0NzExNTMwQjNFQ0E2NjJEOTQ3QkEzRDkzX2F1ZGlvX2Rhc2hpbml0Lm1wNBUCAsgBEgAoABgAGwKIB3VzZV9vaWwBMRJwcm9ncmVzc2l2ZV9yZWNpcGUBMRUAACbcuoeN3rzePxUCKAJDMywXQFToAAAAAAAYEmRhc2hfYmFzZWxpbmVfMV92MREAdf4HZeadAQA&_nc_gid=RTOF3MIx_nyAdXLBuRTOcw&_nc_ss=7a22e&_nc_zt=28&oh=00_AQC67R39LQI9P-IwNhhMFWbzqnInH7nG8jms5fdj_p-F-A&oe=6A55D833
DTyj4u8DX2A,https://www.instagram.com/reel/DTyj4u8DX2A/,"@ediribeirof você sabe, eu tô viciadinha em você mulher - eu e o brasil todo!!! 🤭 entretenimento, inspiração e AULAS, ela tem tudo que você precisa pra dominar o jogo do formato em 2026. E se você tá começando e quer aprender comigo, só clicar no link da bio 🤍",1769035795,1175274,114554,154.2949981689453,clips,https://scontent-poa1-1.cdninstagram.com/o1/v/t16/f2/m69/AQMGX8-rvXWxPlqNFOgWS2wakZEr9GyWfPIOtucR0tv5O2QpZVfpbXPgE5UVC0GvAoMfzB-MbVr-CDiPzUZt6qZT.mp4?strext=1&_nc_cat=107&_nc_sid=5e9851&_nc_ht=scontent-poa1-1.cdninstagram.com&_nc_ohc=WwEZriZu0RsQ7kNvwFyJ9Rn&efg=eyJ2ZW5jb2RlX3RhZyI6Inhwdl9wcm9ncmVzc2l2ZS5JTlNUQUdSQU0uQ0xJUFMuQzMuNzIwLmRhc2hfYmFzZWxpbmVfMV92MSIsInhwdl9hc3NldF9pZCI6MTc5NDAzNzg2MjcxMDMyNzgsImFzc2V0X2FnZV9kYXlzIjoxNjgsInZpX3VzZWNhc2VfaWQiOjEwMDk5LCJkdXJhdGlvbl9zIjoxNTQsInVybGdlbl9zb3VyY2UiOiJ3d3cifQ%3D%3D&ccb=17-1&vs=21dd4755cf8fda07&_nc_vs=HBksFQIYOnBhc3N0aHJvdWdoX2V2ZXJzdG9yZS9HREhqMHlRZmFfeWU2QndGQUxMaEE1eVdlMmtjYnNwVEFRQUYVAALIARIAFQIYUWlnX3hwdl9wbGFjZW1lbnRfcGVybWFuZW50X3YyL0I4NDg4OEM5MjU4NzYzRDA0NkJDODM2MUYwMDdFREJDX2F1ZGlvX2Rhc2hpbml0Lm1wNBUCAsgBEgAoABgAGwKIB3VzZV9vaWwBMRJwcm9ncmVzc2l2ZV9yZWNpcGUBMRUAACbc6KLzvKvePxUCKAJDMywXQGNJT987ZFoYEmRhc2hfYmFzZWxpbmVfMV92MREAdf4HZeadAQA&_nc_gid=RTOF3MIx_nyAdXLBuRTOcw&_nc_ss=7a22e&_nc_zt=28&oh=00_AQDBhU0DnsXzsI1vAhkY2VSRSYk9LC-XUYe4IV_SgByasg&oe=6A55D605
DTv3Q50Dy8E,https://www.instagram.com/reel/DTv3Q50Dy8E/,você NÃO PRECISA de todas as respostas porque…,1768945242,142110,3596,92.71700286865234,clips,https://scontent-poa1-1.cdninstagram.com/o1/v/t16/f2/m69/AQPql8ydc9AQqgydqK0hYHu1Vf32ypGUprPXiAJpWnviohZ6oJBa4U6Xv3DOT7RxWSF8wJ4SjE3OU0OHTi9c6Xl9.mp4?strext=1&_nc_cat=110&_nc_sid=5e9851&_nc_ht=scontent-poa1-1.cdninstagram.com&_nc_ohc=YmTiyzhkfowQ7kNvwF-yV1x&efg=eyJ2ZW5jb2RlX3RhZyI6Inhwdl9wcm9ncmVzc2l2ZS5JTlNUQUdSQU0uQ0xJUFMuQzMuNzIwLmRhc2hfYmFzZWxpbmVfMV92MSIsInhwdl9hc3NldF9pZCI6MTc5NDAxOTE1OTUxMDMyNzgsImFzc2V0X2FnZV9kYXlzIjoxNjksInZpX3VzZWNhc2VfaWQiOjEwMDk5LCJkdXJhdGlvbl9zIjo5MiwidXJsZ2VuX3NvdXJjZSI6Ind3dyJ9&ccb=17-1&vs=94b5369a1642030b&_nc_vs=HBksFQIYOnBhc3N0aHJvdWdoX2V2ZXJzdG9yZS9HSUtsemlRS1l1azBMNjRGQU1lUTJsWGhudGs3YnNwVEFRQUYVAALIARIAFQIYUWlnX3hwdl9wbGFjZW1lbnRfcGVybWFuZW50X3YyLzU5NDAyMkU4RDI2N0QxNDk2MzkzODJERTRDMDk4NEI2X2F1ZGlvX2Rhc2hpbml0Lm1wNBUCAsgBEgAoABgAGwKIB3VzZV9vaWwBMRJwcm9ncmVzc2l2ZV9yZWNpcGUBMRUAACbckNSzy6DePxUCKAJDMywXQFctT987ZFoYEmRhc2hfYmFzZWxpbmVfMV92MREAdf4HZeadAQA&_nc_gid=RTOF3MIx_nyAdXLBuRTOcw&_nc_ss=7a22e&_nc_zt=28&oh=00_AQBtNEs8jnj8jAPBEKo9VGf9H1M46o39VURMC1JHgHR6yg&oe=6A55C34A
DTvcZSRDtMK,https://www.instagram.com/reel/DTvcZSRDtMK/,"A vida fica mais fácil quando a tecnologia trabalha a seu favor. E com Tech Upgrade, parceria exclusiva entre #Renault e Fast Shop, seu smartphone vale R$10 mil de bônus* na compra do #Renault #Boreal, carro do ano 2026 e fabricado no Brasil. Seu próximo gadget é um #Renault #Boreal Boreal TechUpgrade",1768931046,120599,2251,53.893001556396484,clips,https://scontent-poa1-1.cdninstagram.com/o1/v/t16/f2/m69/AQOMv2utDqNcxYBB9cKwX6j2Sns1XFby4cyniLdDxF4ZROR8kEiYUCT5EO6WVFctl0DxX_49ihJMb-fiEKwaVOhO.mp4?strext=1&_nc_cat=101&_nc_sid=5e9851&_nc_ht=scontent-poa1-1.cdninstagram.com&_nc_ohc=sW9cJLeCvFUQ7kNvwFK8I0j&efg=eyJ2ZW5jb2RlX3RhZyI6Inhwdl9wcm9ncmVzc2l2ZS5JTlNUQUdSQU0uQ0xJUFMuQzMuNzIwLmRhc2hfYmFzZWxpbmVfMV92MSIsInhwdl9hc3NldF9pZCI6MTc5NDAxNjY1MzkxMDMyNzgsImFzc2V0X2FnZV9kYXlzIjoxNzAsInZpX3VzZWNhc2VfaWQiOjEwMDk5LCJkdXJhdGlvbl9zIjo1MywidXJsZ2VuX3NvdXJjZSI6Ind3dyJ9&ccb=17-1&vs=e2a7c51ad149cbb0&_nc_vs=HBksFQIYOnBhc3N0aHJvdWdoX2V2ZXJzdG9yZS9HUFNDenlSTDdMUFpoME1FQUtLd25oWVl2SnMxYnNwVEFRQUYVAALIARIAFQIYUWlnX3hwdl9wbGFjZW1lbnRfcGVybWFuZW50X3YyL0VBNEI5QTk4RDEwODQ0MEZDOEMxN0RFRDEwMjc2NTg0X2F1ZGlvX2Rhc2hpbml0Lm1wNBUCAsgBEgAoABgAGwKIB3VzZV9vaWwBMRJwcm9ncmVzc2l2ZV9yZWNpcGUBMRUAACbcsLLckJ_ePxUCKAJDMywXQErwAAAAAAAYEmRhc2hfYmFzZWxpbmVfMV92MREAdf4HZeadAQA&_nc_gid=RTOF3MIx_nyAdXLBuRTOcw&_nc_ss=7a22e&_nc_zt=28&oh=00_AQC1JUgA59oC_z0Ml-SUm0PmVpel3x4yDHfX4D-k38XKWg&oe=6A55C693
DTdz1w3D26m,https://www.instagram.com/reel/DTdz1w3D26m/,"Quando você acredita e dedica esforço, vale a pena não desistir - nem do amor e nem do conteúdo! ❤️📲",1768339523,165530,4805,78.85299682617188,clips,https://scontent-poa1-1.cdninstagram.com/o1/v/t16/f2/m69/AQPJLU2WG-I3oj6Ocskww3jgc14ANniwjFblv3Vg1ANhlPBPopDO1YyrRUkDUyfwZWbZFBAtgArRXDJPhJ-7eqr_.mp4?strext=1&_nc_cat=109&_nc_sid=5e9851&_nc_ht=scontent-poa1-1.cdninstagram.com&_nc_ohc=PSZljpQRoHAQ7kNvwFe9HfF&efg=eyJ2ZW5jb2RlX3RhZyI6Inhwdl9wcm9ncmVzc2l2ZS5JTlNUQUdSQU0uQ0xJUFMuQzMuNzIwLmRhc2hfYmFzZWxpbmVfMV92MSIsInhwdl9hc3NldF9pZCI6ODcxOTE4MDI5MDY0NzMyLCJhc3NldF9hZ2VfZGF5cyI6MTc2LCJ2aV91c2VjYXNlX2lkIjoxMDA5OSwiZHVyYXRpb25fcyI6NzgsInVybGdlbl9zb3VyY2UiOiJ3d3cifQ%3D%3D&ccb=17-1&vs=473115ec85424ab9&_nc_vs=HBksFQIYOnBhc3N0aHJvdWdoX2V2ZXJzdG9yZS9HQzZybFNTeUdGZ19adDRHQUJTS2hVcnkwZzRFYnNwVEFRQUYVAALIARIAFQIYRWlnX3hwdl9yZWVsc19wZXJtYW5lbnRfc3JfcHJvZC8yNzY3NzQxNzUzNTU3NTgyXzU4Mzg1NTkwMzY5NDQ5MjIyLm1wNBUCAsgBEgAoABgAGwKIB3VzZV9vaWwBMRJwcm9ncmVzc2l2ZV9yZWNpcGUBMRUAACa4qKrGp8CMAxUCKAJDMywXQFO1T987ZFoYEmRhc2hfYmFzZWxpbmVfMV92MREAdf4HZeadAQA&_nc_gid=nb1ScRkzQRiGynmJMp7Nmg&_nc_zt=28&_nc_ss=7a22e&oh=00_AQC3LDd66thFjA5z9quz1StJglHszO0o6kZXDSwd9K9eLA&oe=6A55E687
DSvZAkuAPJ4,https://www.instagram.com/reel/DSvZAkuAPJ4/,"Nesta Black November, os Criadores do Futuro foram além do conteúdo: criaram a SofIA, um Agente de Inteligência Artificial treinado com a metodologia deles para ajudar mais de 2 mil alunos a criar roteiros incríveis!⁠ ⁠ O resultado? Mais de 42 mil interações com alunos e mais histórias criadas do que podemos contar.⁠ ⁠ Para reconhecer isso, surpreendemos a dupla com um presente especial para que eles possam seguir enxergando sempre além. 🕶️🔥⁠ ⁠ Faça como a Hanah (@hanahfranklin) e o Alef (@alefmarqs) e saia na frente. Crie seu próprio Agente de Inteligência Artificial pronto para vender, dentro da Hotmart.⁠ ⁠ 🔗 Acesse o link “Crie seu Agente de IA agora mesmo” para saber mais. ⁠ ⁠ #Hotmart #AgentedeIA",1766781941,170287,1399,72.53299713134766,clips,https://scontent-poa1-1.cdninstagram.com/o1/v/t2/f2/m86/AQNmhWJ1QTbhXUs_ZfdZ0Rci7c3taKId17ukFJSjsdp13i20Dla-M0329M_l0jKaXGW2D8h9jN1MFQq1je2IVDoocHAcheCAbvIvIbM.mp4?_nc_cat=100&_nc_sid=5e9851&_nc_ht=scontent-poa1-1.cdninstagram.com&_nc_ohc=T-O89d89HZwQ7kNvwEMWidD&efg=eyJ2ZW5jb2RlX3RhZyI6Inhwdl9wcm9ncmVzc2l2ZS5JTlNUQUdSQU0uQ0xJUFMuQzMuNzIwLmRhc2hfYmFzZWxpbmVfMV92MSIsInhwdl9hc3NldF9pZCI6OTI5NjE3MjEyOTIzNzc2LCJhc3NldF9hZ2VfZGF5cyI6MTk0LCJ2aV91c2VjYXNlX2lkIjoxMDA5OSwiZHVyYXRpb25fcyI6NzIsInVybGdlbl9zb3VyY2UiOiJ3d3cifQ%3D%3D&ccb=17-1&vs=7fa298646fc26753&_nc_vs=HBksFQIYUmlnX3hwdl9yZWVsc19wZXJtYW5lbnRfc3JfcHJvZC9DQzRFQjU1OUQyOTJGQjdFMTA5QkI5NzUzOTVCMDRBMV92aWRlb19kYXNoaW5pdC5tcDQVAALIARIAFQIYR2lnX3hwdl9yZWVsc19wZXJtYW5lbnRfc3JfcHJvZC8yNzk1MjcxOTY3NDg2NTgzXzkyMDAxNjYyMDYyMTQ1MTkyMzYubXA0FQICyAESACgAGAAbAogHdXNlX29pbAExEnByb2dyZXNzaXZlX3JlY2lwZQExFQAAJoD-hvzr3qYDFQIoAkMzLBdAUiHrhR64UhgSZGFzaF9iYXNlbGluZV8xX3YxEQB1_gdl5p0BAA&_nc_gid=nb1ScRkzQRiGynmJMp7Nmg&_nc_ss=7a22e&_nc_zt=28&oh=00_AQCVmQvCHHxJPkknuPVg1J5VOZDb2VTw5Y4X5LZkZDDkvw&oe=6A51C085
DSfVtkUESpG,https://www.instagram.com/reel/DSfVtkUESpG/,"Criar conteúdo não é ter uma ideia genial por dia, é entender o que funciona e repetir com intenção. ✍️ É assim que muitos criadores deixam de postar no escuro e começam a crescer com estratégia: analisam, ajustam e transformam boas ideias em formatos consistentes. Talvez o seu próximo acerto não dependa de uma nova ideia… mas de repetir a certa. 😉 #PapoDeCriador #CreatorsNoBrasil",1766243443,169076,3754,130.16900634765625,clips,https://scontent-poa1-1.cdninstagram.com/o1/v/t2/f2/m86/AQOb6VNWNNnFpDeCsRN7CR9zfS9p5mvgICuXN1PLWFOBzLGNRbVzj9KhXD8NYYMRGUxwXhqzpdCdo2rF9Io8h_u1SI_x4oF40OkVNgc.mp4?_nc_cat=107&_nc_sid=5e9851&_nc_ht=scontent-poa1-1.cdninstagram.com&_nc_ohc=tk3J2mHAAc0Q7kNvwHXBRMz&efg=eyJ2ZW5jb2RlX3RhZyI6Inhwdl9wcm9ncmVzc2l2ZS5JTlNUQUdSQU0uQ0xJUFMuQzMuNzIwLmRhc2hfYmFzZWxpbmVfMV92MSIsInhwdl9hc3NldF9pZCI6MTkzODkyMTcxMzY5ODYwOCwiYXNzZXRfYWdlX2RheXMiOjIwMSwidmlfdXNlY2FzZV9pZCI6MTAwOTksImR1cmF0aW9uX3MiOjEzMCwidXJsZ2VuX3NvdXJjZSI6Ind3dyJ9&ccb=17-1&vs=3094c26557502642&_nc_vs=HBksFQIYUmlnX3hwdl9yZWVsc19wZXJtYW5lbnRfc3JfcHJvZC8xQTQxNkZBQzQ3OEVDNjgyMEQ0NUU1RUEwNTA4OTNBMF92aWRlb19kYXNoaW5pdC5tcDQVAALIARIAFQIYSGlnX3hwdl9yZWVsc19wZXJtYW5lbnRfc3JfcHJvZC8yNTM0MzI2ODE4ODY2MzU3Nl83MTAwNTQ5NTgxNjc0ODQ0NDc0Lm1wNBUCAsgBEgAoABgAGwKIB3VzZV9vaWwBMRJwcm9ncmVzc2l2ZV9yZWNpcGUBMRUAACbgnPC_jNzxBhUCKAJDMywXQGBFT987ZFoYEmRhc2hfYmFzZWxpbmVfMV92MREAdf4HZeadAQA&_nc_gid=nb1ScRkzQRiGynmJMp7Nmg&_nc_ss=7a22e&_nc_zt=28&oh=00_AQBn6B2RWgM7vcWRYpLOeb5l_JppYb2K7Q3KI3_Nie2Zvw&oe=6A51D834
DQ2cdhtDwts,https://www.instagram.com/reel/DQ2cdhtDwts/,"No fundo acho que eu e a @jedinizm temos a mesma missão: te fazer pedir demissão do chefe escroto e começar a criar conteúdo! hahaha brincadeiras a parte, podemos aprender muito de conteúdo com seu formato, gênia! 📲",1762723738,296013,8644,157.80099487304688,clips,https://scontent-poa1-1.cdninstagram.com/o1/v/t2/f2/m86/AQNfTZakRBP4gX9mci132tvycN44F62VPa9jK4tlH3EcMnRz-OiAW-dyHXx0K3F8-IxKC86kayxY3W1QjZiAh9MuAOJ8qW9qMmaK-WU.mp4?_nc_cat=103&_nc_sid=5e9851&_nc_ht=scontent-poa1-1.cdninstagram.com&_nc_ohc=bMybxkJwIkwQ7kNvwE-Ijw8&efg=eyJ2ZW5jb2RlX3RhZyI6Inhwdl9wcm9ncmVzc2l2ZS5JTlNUQUdSQU0uQ0xJUFMuQzMuNzIwLmRhc2hfYmFzZWxpbmVfMV92MSIsInhwdl9hc3NldF9pZCI6ODc0NDcyMDY0OTA4NTU1LCJhc3NldF9hZ2VfZGF5cyI6MjQxLCJ2aV91c2VjYXNlX2lkIjoxMDA5OSwiZHVyYXRpb25fcyI6MTU3LCJ1cmxnZW5fc291cmNlIjoid3d3In0%3D&ccb=17-1&vs=ee5d5ff811552b5f&_nc_vs=HBksFQIYUmlnX3hwdl9yZWVsc19wZXJtYW5lbnRfc3JfcHJvZC9CQTREQzIyMUJEQ0UxREE2RTc3QzFFNTVCQ0RBQkY4NF92aWRlb19kYXNoaW5pdC5tcDQVAALIARIAFQIYR2lnX3hwdl9yZWVsc19wZXJtYW5lbnRfc3JfcHJvZC8xNDg5OTA2MTI4OTgxOTA2Xzc0MzE2NzU0NDA3MjYwNTMwMjEubXA0FQICyAESACgAGAAbAogHdXNlX29pbAExEnByb2dyZXNzaXZlX3JlY2lwZQExFQAAJpb028z81I0DFQIoAkMzLBdAY7lP3ztkWhgSZGFzaF9iYXNlbGluZV8xX3YxEQB1_gdl5p0BAA&_nc_gid=nb1ScRkzQRiGynmJMp7Nmg&_nc_ss=7a22e&_nc_zt=28&oh=00_AQBNCUwpyXk1BPVG9kPwu2Kg4Md9fwlLZXGEy7sCYHhroA&oe=6A51D88C
DQsPa52DVeh,https://www.instagram.com/reel/DQsPa52DVeh/,"ps: eu não escrevo os roteiros dele, é só uma piada interna (pior que eu tendo que explicar piada é você não conhecendo o @viniblogger - seus vídeos são AULA de atenção, temas, atuação… por aqui eu aprendo muito assistindo ele! 🤘🏼",1762381860,356758,13061,152.4600067138672,clips,https://scontent-poa1-1.cdninstagram.com/o1/v/t2/f2/m86/AQMW97sKCzxTeQWd2_WiakAt5SKbmQ4p_jm8qm7LeTZCtKT3GoI-aDI68XKdFmuMh-n-n_Nt4vT6xKY9zrLq4E7_p2lxCBH4fP8yD2g.mp4?_nc_cat=111&_nc_sid=5e9851&_nc_ht=scontent-poa1-1.cdninstagram.com&_nc_ohc=8p8TYjtSXrMQ7kNvwFQx2aX&efg=eyJ2ZW5jb2RlX3RhZyI6Inhwdl9wcm9ncmVzc2l2ZS5JTlNUQUdSQU0uQ0xJUFMuQzMuNzIwLmRhc2hfYmFzZWxpbmVfMV92MSIsInhwdl9hc3NldF9pZCI6MTE0MTUzNzM4MTUwNTU3NywiYXNzZXRfYWdlX2RheXMiOjI0NSwidmlfdXNlY2FzZV9pZCI6MTAwOTksImR1cmF0aW9uX3MiOjE1MiwidXJsZ2VuX3NvdXJjZSI6Ind3dyJ9&ccb=17-1&vs=45a281f7d51b4310&_nc_vs=HBksFQIYUmlnX3hwdl9yZWVsc19wZXJtYW5lbnRfc3JfcHJvZC8zRDQyQUZCMzQwQTBDMzdBNjM5NjQzRjkwODIyNTM5NV92aWRlb19kYXNoaW5pdC5tcDQVAALIARIAFQIYR2lnX3hwdl9yZWVsc19wZXJtYW5lbnRfc3JfcHJvZC8xODEyNzYyNDQ5Mzc4MjQ2XzE4NzQwNjAxMTcxNjYwNTM0MTcubXA0FQICyAESACgAGAAbAogHdXNlX29pbAExEnByb2dyZXNzaXZlX3JlY2lwZQExFQAAJtLo-qGcjocEFQIoAkMzLBdAYw6n752yLRgSZGFzaF9iYXNlbGluZV8xX3YxEQB1_gdl5p0BAA&_nc_gid=nb1ScRkzQRiGynmJMp7Nmg&_nc_ss=7a22e&_nc_zt=28&oh=00_AQBr7WuAGJo2vCEbuwJ1ZWqVMeNEc8ESFvlavCaBJaf6_A&oe=6A51D540
DQnFn1iDZUg,https://www.instagram.com/reel/DQnFn1iDZUg/,"Você não precisa comprar uma casa abandonada pra explodir na internet, mas pode, se quiser! 😏 Os @2amarelos me deixaram viciada em acompanhar o perfil deles, e pelo visto, felizmente ainda teremos muitas temporadas dessa série! 😍",1762208428,343422,11487,135.62600708007812,clips,https://scontent-poa1-1.cdninstagram.com/o1/v/t2/f2/m86/AQPjZpcjzisuH2Ha9ihlAG27OlQqOmxL5Z438oisbN6iIXiXgVcuecaWEzxdiC_hzihu66R4a8FS-wXSaszrJCTlde2ECTdpj6kaoN0.mp4?_nc_cat=101&_nc_sid=5e9851&_nc_ht=scontent-poa1-1.cdninstagram.com&_nc_ohc=JGpFmQHtc8wQ7kNvwHDb_ib&efg=eyJ2ZW5jb2RlX3RhZyI6Inhwdl9wcm9ncmVzc2l2ZS5JTlNUQUdSQU0uQ0xJUFMuQzMuNzIwLmRhc2hfYmFzZWxpbmVfMV92MSIsInhwdl9hc3NldF9pZCI6MTUwOTUyNDMxMDM4MzAxNywiYXNzZXRfYWdlX2RheXMiOjI0NywidmlfdXNlY2FzZV9pZCI6MTAwOTksImR1cmF0aW9uX3MiOjEzNSwidXJsZ2VuX3NvdXJjZSI6Ind3dyJ9&ccb=17-1&vs=bdb5bde7a41b0190&_nc_vs=HBksFQIYUmlnX3hwdl9yZWVsc19wZXJtYW5lbnRfc3JfcHJvZC9BNDQxQzIwRDc1NkEwOEZGMDVCMEY5Njg2RjNCQTRBNV92aWRlb19kYXNoaW5pdC5tcDQVAALIARIAFQIYR2lnX3hwdl9yZWVsc19wZXJtYW5lbnRfc3JfcHJvZC80MTg2NjQzNzc4Mjg2NTMzXzc5NzA0NDE3Nzg2NTMwMzY4NzIubXA0FQICyAESACgAGAAbAogHdXNlX29pbAExEnByb2dyZXNzaXZlX3JlY2lwZQExFQAAJtLm5sTwua4FFQIoAkMzLBdAYPQAAAAAABgSZGFzaF9iYXNlbGluZV8xX3YxEQB1_gdl5p0BAA&_nc_gid=nb1ScRkzQRiGynmJMp7Nmg&_nc_ss=7a22e&_nc_zt=28&oh=00_AQALwVc_BGmXiXt3Tz0STctXDizvfJPOlJjQ7ehsscYDZQ&oe=6A51CB46
DQiET0zjQ_v,https://www.instagram.com/reel/DQiET0zjQ_v/,o @kaioexplica usa o formato de palestrinha e dá aula transformando assuntos importantes em assuntos interessantes - e eu sou fã de criadores que fazem isso! 👨🏻‍🏫,1762039851,960903,82206,114.58999633789062,clips,https://scontent-poa1-1.cdninstagram.com/o1/v/t2/f2/m86/AQOeYiuMh7A38eUfOTtkZTg5F3QX5zOe9NU8Q1gooLp5BvLMU8uqI8zcOiZnogBdKuWYt07avVINNVCL_XZlNcn0okC9Jp3lYLXo3Ko.mp4?_nc_cat=109&_nc_sid=5e9851&_nc_ht=scontent-poa1-1.cdninstagram.com&_nc_ohc=ly8hDQ-ZSP4Q7kNvwEq89-i&efg=eyJ2ZW5jb2RlX3RhZyI6Inhwdl9wcm9ncmVzc2l2ZS5JTlNUQUdSQU0uQ0xJUFMuQzMuNzIwLmRhc2hfYmFzZWxpbmVfMV92MSIsInhwdl9hc3NldF9pZCI6MTE2Mzc0NDM2MTkzODk4MSwiYXNzZXRfYWdlX2RheXMiOjI0OSwidmlfdXNlY2FzZV9pZCI6MTAwOTksImR1cmF0aW9uX3MiOjExNCwidXJsZ2VuX3NvdXJjZSI6Ind3dyJ9&ccb=17-1&vs=dd015a717d8aa890&_nc_vs=HBksFQIYUmlnX3hwdl9yZWVsc19wZXJtYW5lbnRfc3JfcHJvZC81MzRCMkI4NjA1RkQ1NkM4QUZDRkI3QUY1RDFFRDBCNF92aWRlb19kYXNoaW5pdC5tcDQVAALIARIAFQIYRmlnX3hwdl9yZWVsc19wZXJtYW5lbnRfc3JfcHJvZC8xMDc0NTQ3MzIxMjgyNzMwXzQ4OTMyODQ4OTE1ODE5OTIxNC5tcDQVAgLIARIAKAAYABsCiAd1c2Vfb2lsATEScHJvZ3Jlc3NpdmVfcmVjaXBlATEVAAAmyoDslOuakQQVAigCQzMsF0BcpU_fO2RaGBJkYXNoX2Jhc2VsaW5lXzFfdjERAHX-B2XmnQEA&_nc_gid=nb1ScRkzQRiGynmJMp7Nmg&_nc_ss=7a22e&_nc_zt=28&oh=00_AQA-u4xmuyOZ64g68XkVXDXTCcwQyjkCqtMIdULE6-D4QQ&oe=6A51EB42
DP4PW-hACZf,https://www.instagram.com/reel/DP4PW-hACZf/,"Ainda jovem, eu decidi que não passaria a vida contando moedas. Enquanto muitos gastavam tudo o que ganhavam, eu tinha uma meta clara: poupar e investir pelo menos 30% do meu salário como militar (além de 100% da renda extra, inclusive o 13º). Essa disciplina mudou tudo. Foi o que me permitiu deixar o Exército aos 28 anos com um patrimônio investido suficiente para sustentar o estilo de vida que eu e a Malu tínhamos na época — e me dedicar aos negócios digitais que estavam apenas começando. Agora, quero te mostrar o mesmo caminho. Me uni ao Thiago Nigro, Érico Rocha e Leandro Ladeira para te ensinar a ganhar mais com negócios digitais, proteger e multiplicar o seu patrimônio. Essa é a única oferta de Black Frida que você vai precisar na vida. Link na bio.",1760636472,428301,10088,66.9000015258789,clips,https://scontent-poa1-1.cdninstagram.com/o1/v/t2/f2/m86/AQMdgwHdSi_MuZIeYA9LYV_Wdku0fWMJ52NRv80wLXEq28b0G1Kpwa1gGJfnFDg_WTM7GVpCoq-B0hJRSJZYicLhM1454W-8Wezk27w.mp4?_nc_cat=107&_nc_sid=5e9851&_nc_ht=scontent-poa1-1.cdninstagram.com&_nc_ohc=e0glYCTVz-IQ7kNvwGzoCnS&efg=eyJ2ZW5jb2RlX3RhZyI6Inhwdl9wcm9ncmVzc2l2ZS5JTlNUQUdSQU0uQ0xJUFMuQzMuNzIwLmRhc2hfYmFzZWxpbmVfMV92MSIsInhwdl9hc3NldF9pZCI6MzMwMDI0MjM4ODYwMjM1MTgsImFzc2V0X2FnZV9kYXlzIjoyNjYsInZpX3VzZWNhc2VfaWQiOjEwMDk5LCJkdXJhdGlvbl9zIjo2NiwidXJsZ2VuX3NvdXJjZSI6Ind3dyJ9&ccb=17-1&vs=108e97bacd1a4ecb&_nc_vs=HBksFQIYUmlnX3hwdl9yZWVsc19wZXJtYW5lbnRfc3JfcHJvZC9GNjQ3M0IzRjc1RTZBNkZEMTg0N0YzMEE0NzVENTlBNV92aWRlb19kYXNoaW5pdC5tcDQVAALIARIAFQIYR2lnX3hwdl9yZWVsc19wZXJtYW5lbnRfc3JfcHJvZC8xMjA1OTQ1NDE4MDQwODY5XzI2MDAwOTcxMTc1OTIwMDQ4MDQubXA0FQICyAESACgAGAAbAogHdXNlX29pbAExEnByb2dyZXNzaXZlX3JlY2lwZQExFQAAJrytoIfz4Z91FQIoAkMzLBdAULmZmZmZmhgSZGFzaF9iYXNlbGluZV8xX3YxEQB1_gdl5p0BAA&_nc_gid=nb1ScRkzQRiGynmJMp7Nmg&_nc_ss=7a22e&_nc_zt=28&oh=00_AQDcZrGLp85gnafXSFpnomzYcnp-vnL0pNZUtfYkO3UFgg&oe=6A51D650
DPRicErDVAA,https://www.instagram.com/reel/DPRicErDVAA/,"Nem golpista nem maluca, a @ta_ma_ra_s é uma GÊNIA da criação de conteúdo com formato e autenticidade - e por isso está dominando seu mercado! 🔮 Se você também quer dominar o seu, eu posso te ajudar nisso.",1759337722,740953,6884,109.78299713134766,clips,https://scontent-poa1-1.cdninstagram.com/o1/v/t2/f2/m86/AQMxMB7sWRX5IofYhz2CeWlZid1yXCduB386W-UWHAtIS5-Xq8KqS8RSiU610XNUaHYhVHPu7WAR6eMmezr9WBY0UF4mBP7q5aqf8aw.mp4?_nc_cat=107&_nc_sid=5e9851&_nc_ht=scontent-poa1-1.cdninstagram.com&_nc_ohc=oQj3gWDxJ70Q7kNvwFzjLu-&efg=eyJ2ZW5jb2RlX3RhZyI6Inhwdl9wcm9ncmVzc2l2ZS5JTlNUQUdSQU0uQ0xJUFMuQzMuNzIwLmRhc2hfYmFzZWxpbmVfMV92MSIsInhwdl9hc3NldF9pZCI6MTEyODI3MTc3ODkzNjMzOCwiYXNzZXRfYWdlX2RheXMiOjI4MSwidmlfdXNlY2FzZV9pZCI6MTAwOTksImR1cmF0aW9uX3MiOjEwOSwidXJsZ2VuX3NvdXJjZSI6Ind3dyJ9&ccb=17-1&vs=1d7f1bb49a3b794c&_nc_vs=HBksFQIYUmlnX3hwdl9yZWVsc19wZXJtYW5lbnRfc3JfcHJvZC9ERjRCNjIzNzcxRTAxODA5RDg4MzBDN0IxQ0U0ODU4M192aWRlb19kYXNoaW5pdC5tcDQVAALIARIAFQIYSGlnX3hwdl9yZWVsc19wZXJtYW5lbnRfc3JfcHJvZC8yNTg1MTQ5NDgwMTEwNTY2M183MDAzNjA4OTA1Mjg2OTAxNzg3Lm1wNBUCAsgBEgAoABgAGwKIB3VzZV9vaWwBMRJwcm9ncmVzc2l2ZV9yZWNpcGUBMRUAACak2L_ph4qBBBUCKAJDMywXQFtxqfvnbIsYEmRhc2hfYmFzZWxpbmVfMV92MREAdf4HZeadAQA&_nc_gid=nb1ScRkzQRiGynmJMp7Nmg&_nc_ss=7a22e&_nc_zt=28&oh=00_AQDmH8vxYJRd42I48hloI-3BGqiLl6dzDDUVytgaxKdDKw&oe=6A51BBB0
DPFJc9Ljfqc,https://www.instagram.com/reel/DPFJc9Ljfqc/,"Na geração dopamina, ganha atenção quem usa Identificação Mental e Formatos Criativos! Para aprender a criar usando formatos, clique no link da minha bio. 🔮",1758922700,730055,7225,94.71399688720703,clips,https://scontent-poa1-1.cdninstagram.com/o1/v/t2/f2/m86/AQMllmtfXShsQlM9O5zJ5f5IvlM_QQhSxAqrDsAitbnuZGfQNsOUfHMNQvUYKMVUsi81BiEFw2CnYB0XOdTklum-U1HFBAIqdjXUxlE.mp4?_nc_cat=103&_nc_sid=5e9851&_nc_ht=scontent-poa1-1.cdninstagram.com&_nc_ohc=uy_pl4yL_DUQ7kNvwF9U7UN&efg=eyJ2ZW5jb2RlX3RhZyI6Inhwdl9wcm9ncmVzc2l2ZS5JTlNUQUdSQU0uQ0xJUFMuQzMuNzIwLmRhc2hfYmFzZWxpbmVfMV92MSIsInhwdl9hc3NldF9pZCI6MTA5NDcxNzg4NjE2NzUyNSwiYXNzZXRfYWdlX2RheXMiOjI4NSwidmlfdXNlY2FzZV9pZCI6MTAwOTksImR1cmF0aW9uX3MiOjk0LCJ1cmxnZW5fc291cmNlIjoid3d3In0%3D&ccb=17-1&vs=567e169f4d8bcdf4&_nc_vs=HBksFQIYUmlnX3hwdl9yZWVsc19wZXJtYW5lbnRfc3JfcHJvZC84RDRCQkZEQTAwMDNGMDJDMjYxN0Q3NkI2OTFEQzU4OF92aWRlb19kYXNoaW5pdC5tcDQVAALIARIAFQIYRmlnX3hwdl9yZWVsc19wZXJtYW5lbnRfc3JfcHJvZC84MDUxMzEwODg2MzczODBfMzQ5MjI5MDA1NjgzNDIyMTE4OS5tcDQVAgLIARIAKAAYABsCiAd1c2Vfb2lsATEScHJvZ3Jlc3NpdmVfcmVjaXBlATEVAAAmyuff6_vo8QMVAigCQzMsF0BXrMzMzMzNGBJkYXNoX2Jhc2VsaW5lXzFfdjERAHX-B2XmnQEA&_nc_gid=nb1ScRkzQRiGynmJMp7Nmg&_nc_ss=7a22e&_nc_zt=28&oh=00_AQAoz2tKvBxipbCOIsLNAjyCMBwMFwK2VvKMmqj0-N3JRw&oe=6A51E3D4
DPClgRLku8n,https://www.instagram.com/reel/DPClgRLku8n/,"E você, se considera uma pessoa criativa?🎨",1758836111,531063,23094,70.5,clips,https://scontent-poa1-1.cdninstagram.com/o1/v/t2/f2/m367/AQOW5M421p3bx3iXrUQ31D-28P_vdwMv_G2XRCY75bcltCH-ekag-f6uV7d2LsNLs4voPm4_lVAf2XPSl_GC8jW6hQ4OAoVT9rMRl88.mp4?_nc_cat=104&_nc_sid=5e9851&_nc_ht=scontent-poa1-1.cdninstagram.com&_nc_ohc=eref0ZkjdO0Q7kNvwEMH3fU&efg=eyJ2ZW5jb2RlX3RhZyI6Inhwdl9wcm9ncmVzc2l2ZS5JTlNUQUdSQU0uQ0xJUFMuQzMuNzIwLmRhc2hfYmFzZWxpbmVfMV92MSIsInhwdl9hc3NldF9pZCI6MjA2OTU1MTE1MDExODkyNiwiYXNzZXRfYWdlX2RheXMiOjI4NiwidmlfdXNlY2FzZV9pZCI6MTAwOTksImR1cmF0aW9uX3MiOjcwLCJ1cmxnZW5fc291cmNlIjoid3d3In0%3D&ccb=17-1&vs=e001633d3b831ac&_nc_vs=HBksFQIYQGlnX2VwaGVtZXJhbC9FQzRFQ0Y1MTY3Q0U4QkI4QkU3NTRDQjk4MDAyNzVCQl92aWRlb19kYXNoaW5pdC5tcDQVAALIARIAFQIYRWlnX3hwdl9yZWVsc19wZXJtYW5lbnRfc3JfcHJvZC82NjgzOTk2OTI5Njg5NjJfNDYwODM1Njc2MDAxMzQ2OTA0Lm1wNBUCAsgBEgAoABgAGwKIB3VzZV9vaWwBMRJwcm9ncmVzc2l2ZV9yZWNpcGUBMRUAACac4K3S3Y-tBxUCKAJDMywXQFGgAAAAAAAYEmRhc2hfYmFzZWxpbmVfMV92MREAdf4HZeadAQA&_nc_gid=nb1ScRkzQRiGynmJMp7Nmg&_nc_ss=7a22e&_nc_zt=28&oh=00_AQDdTt5ulsktfpwBA2TZOHCMwt_LMFBm-GUcnz30k66s2g&oe=6A55E581
DPAM7t8jWR5,https://www.instagram.com/reel/DPAM7t8jWR5/,Agora vocês entendem como eu detenho TANTO conhecimento? 👀 hehe,1758756031,1409013,134007,129.24000549316406,clips,https://scontent-poa1-1.cdninstagram.com/o1/v/t2/f2/m86/AQOT8e7bqm7z4oqIhY4dYnT-P0jCJDri-2UywMerwPny0Vl_WkX-W-l4dhjvj3hGdhPY-zNTHd-lYuF1cffwIlN7uyEafMusO4UyFy8.mp4?_nc_cat=106&_nc_sid=5e9851&_nc_ht=scontent-poa1-1.cdninstagram.com&_nc_ohc=_oGfm-r9M5EQ7kNvwGgxxN3&efg=eyJ2ZW5jb2RlX3RhZyI6Inhwdl9wcm9ncmVzc2l2ZS5JTlNUQUdSQU0uQ0xJUFMuQzMuNzIwLmRhc2hfYmFzZWxpbmVfMV92MSIsInhwdl9hc3NldF9pZCI6MjI5MTU5NzQ1NDYwMjczMywiYXNzZXRfYWdlX2RheXMiOjI4NywidmlfdXNlY2FzZV9pZCI6MTAwOTksImR1cmF0aW9uX3MiOjEyOSwidXJsZ2VuX3NvdXJjZSI6Ind3dyJ9&ccb=17-1&vs=1a86e924162b5b82&_nc_vs=HBksFQIYUmlnX3hwdl9yZWVsc19wZXJtYW5lbnRfc3JfcHJvZC85RjRBMzZFMzk0RDMxQkJGN0MyQUVEOEQ1NkI4MjFBQl92aWRlb19kYXNoaW5pdC5tcDQVAALIARIAFQIYR2lnX3hwdl9yZWVsc19wZXJtYW5lbnRfc3JfcHJvZC8xMzIyNTMxNDM5NTI4NTI0XzQ5ODk2NjE4MTgxOTM0OTgwOTgubXA0FQICyAESACgAGAAbAogHdXNlX29pbAExEnByb2dyZXNzaXZlX3JlY2lwZQExFQAAJtrH_8PDjJIIFQIoAkMzLBdAYCd0vGp--hgSZGFzaF9iYXNlbGluZV8xX3YxEQB1_gdl5p0BAA&_nc_gid=nb1ScRkzQRiGynmJMp7Nmg&_nc_ss=7a22e&_nc_zt=28&oh=00_AQALSQ-jvcciAvQiSABGSlO_c0baAj1sUj63vpcjOdN45A&oe=6A51E9AB
DOzCxdrj1K9,https://www.instagram.com/reel/DOzCxdrj1K9/,"É um absurdo o que acontece quando um grande gênio de conteúdo ainda tem a bebê mais fofa do país! 😅 @zanqoficial há muito tempo que amo acompanhar sua família e vibrar por cada conquista, parabéns - e obrigada pelo carinho! 🩵🐕👶🏼",1758314744,1311796,114416,114.45800018310547,clips,https://scontent-poa1-1.cdninstagram.com/o1/v/t2/f2/m86/AQOlR7c8EN-WStDO2OnZvcDN7otZMAZQ5ihmg7mhziACmryVcDYRkWgZ4GSUSUocWIw9vbGYMfOWxPL46EEgQ9AqkM8FcbQKAv8Sig0.mp4?_nc_cat=108&_nc_sid=5e9851&_nc_ht=scontent-poa1-1.cdninstagram.com&_nc_ohc=sfiP-LO4bDkQ7kNvwFiLbw4&efg=eyJ2ZW5jb2RlX3RhZyI6Inhwdl9wcm9ncmVzc2l2ZS5JTlNUQUdSQU0uQ0xJUFMuQzMuNzIwLmRhc2hfYmFzZWxpbmVfMV92MSIsInhwdl9hc3NldF9pZCI6MTU0MzQzMzMxMDM2ODA0NCwiYXNzZXRfYWdlX2RheXMiOjI5MiwidmlfdXNlY2FzZV9pZCI6MTAwOTksImR1cmF0aW9uX3MiOjExNCwidXJsZ2VuX3NvdXJjZSI6Ind3dyJ9&ccb=17-1&vs=41663626bec20356&_nc_vs=HBksFQIYUmlnX3hwdl9yZWVsc19wZXJtYW5lbnRfc3JfcHJvZC9DMDREMzNFMkJGQzAzMjYwQjE1NUNGODFCMEI5QkJCMV92aWRlb19kYXNoaW5pdC5tcDQVAALIARIAFQIYR2lnX3hwdl9yZWVsc19wZXJtYW5lbnRfc3JfcHJvZC8xMjgxOTUyMjgzMjE4MDY1XzU4MzA1MDU3MjExMTIzMTExOTIubXA0FQICyAESACgAGAAbAogHdXNlX29pbAExEnByb2dyZXNzaXZlX3JlY2lwZQExFQAAJtjEl6PS770FFQIoAkMzLBdAXJ1P3ztkWhgSZGFzaF9iYXNlbGluZV8xX3YxEQB1_gdl5p0BAA&_nc_gid=FMXa43Z4Qw6SPvW7uetouQ&_nc_ss=7a22e&_nc_zt=28&oh=00_AQC5zhbnN6zFxSYcSL-gmTq5_0i1T7csuFbduf4zXayY8A&oe=6A51E5D9
DOLpTEfDV2-,https://www.instagram.com/reel/DOLpTEfDV2-/,"2 formas de gravar vídeos dinâmicos sem nem tirar sua câmera do lugar: usando suas expressões faciais/ corporais e mostrando objetos estranhos que chamam atenção e ajudam o público a compreender sua mensagem. 🔮 E se depois disso você sente que precisa editar melhor, aproveita que meu curso de edição está por menos de 100 reais (por enquanto).",1756992659,588196,18967,79.75900268554688,clips,https://scontent-poa1-1.cdninstagram.com/o1/v/t2/f2/m86/AQM84kji8PymVzOwTSYjze3ZyCuSqgxMHzZ54JVtEmmeZY7kDAsSbHvIuvl1zX8NUMK7ZCK5EgHX8gYTbCmLYLMxHKudd9TIw1uCdKA.mp4?_nc_cat=107&_nc_sid=5e9851&_nc_ht=scontent-poa1-1.cdninstagram.com&_nc_ohc=aaGpbovIZ5AQ7kNvwFaHHbJ&efg=eyJ2ZW5jb2RlX3RhZyI6Inhwdl9wcm9ncmVzc2l2ZS5JTlNUQUdSQU0uQ0xJUFMuQzMuNzIwLmRhc2hfYmFzZWxpbmVfMV92MSIsInhwdl9hc3NldF9pZCI6MTExMTM3Nzk1Mzg0MTQ2MiwiYXNzZXRfYWdlX2RheXMiOjMwOCwidmlfdXNlY2FzZV9pZCI6MTAwOTksImR1cmF0aW9uX3MiOjc5LCJ1cmxnZW5fc291cmNlIjoid3d3In0%3D&ccb=17-1&vs=d504d050512dc6b0&_nc_vs=HBksFQIYUmlnX3hwdl9yZWVsc19wZXJtYW5lbnRfc3JfcHJvZC85RjQ2NzBDNjQ5NDkzMUVCMDc5RjcxNUNCMUE1QjlCNF92aWRlb19kYXNoaW5pdC5tcDQVAALIARIAFQIYR2lnX3hwdl9yZWVsc19wZXJtYW5lbnRfc3JfcHJvZC8xODI1MzE5MzMxNzIxMDg5XzY2MDAwOTEzMjU5ODI5ODI0NjYubXA0FQICyAESACgAGAAbAogHdXNlX29pbAExEnByb2dyZXNzaXZlX3JlY2lwZQExFQAAJuyEs4LbsvkDFQIoAkMzLBdAU_AAAAAAABgSZGFzaF9iYXNlbGluZV8xX3YxEQB1_gdl5p0BAA&_nc_gid=FMXa43Z4Qw6SPvW7uetouQ&_nc_ss=7a22e&_nc_zt=28&oh=00_AQDfxne8k6LeGZeGt_LabL3dUNJIeH0_sbziqHQ1YL-mbw&oe=6A51CA64
DOD5d6fDYtu,https://www.instagram.com/reel/DOD5d6fDYtu/,Ninguém nunca sai igual de um Hotmart Fire 🧡,1756732979,266958,14292,62.1349983215332,clips,https://scontent-poa1-1.cdninstagram.com/o1/v/t2/f2/m86/AQOeyL3cTh93GaAXWuwOzedogY4NS5yhRnngR18wvI6JYYFSO2PguCF1HnfDtEfAGB8ZlTgiYgE9XBYJTNbUsz_Q81yGMP-5rgZ73Ic.mp4?_nc_cat=109&_nc_sid=5e9851&_nc_ht=scontent-poa1-1.cdninstagram.com&_nc_ohc=9S1Q2jdftCcQ7kNvwEqFXlW&efg=eyJ2ZW5jb2RlX3RhZyI6Inhwdl9wcm9ncmVzc2l2ZS5JTlNUQUdSQU0uQ0xJUFMuQzMuNzIwLmRhc2hfYmFzZWxpbmVfMV92MSIsInhwdl9hc3NldF9pZCI6MzY3MjMyNTQzMzA2MzAyOSwiYXNzZXRfYWdlX2RheXMiOjMxMSwidmlfdXNlY2FzZV9pZCI6MTAwOTksImR1cmF0aW9uX3MiOjYyLCJ1cmxnZW5fc291cmNlIjoid3d3In0%3D&ccb=17-1&vs=39ce2868169aba7f&_nc_vs=HBksFQIYUmlnX3hwdl9yZWVsc19wZXJtYW5lbnRfc3JfcHJvZC80MjQ0NDE1QUYzM0Q2NEU5NzIxQzhDNUJGQUY2RkQ5N192aWRlb19kYXNoaW5pdC5tcDQVAALIARIAFQIYRmlnX3hwdl9yZWVsc19wZXJtYW5lbnRfc3JfcHJvZC84MTAyOTMxMDgzNDk3MjFfMzc3MTQzMTI3MTUxOTEyODcxNy5tcDQVAgLIARIAKAAYABsCiAd1c2Vfb2lsATEScHJvZ3Jlc3NpdmVfcmVjaXBlATEVAAAm6tn_zrz9hQ0VAigCQzMsF0BPEAAAAAAAGBJkYXNoX2Jhc2VsaW5lXzFfdjERAHX-B2XmnQEA&_nc_gid=FMXa43Z4Qw6SPvW7uetouQ&_nc_ss=7a22e&_nc_zt=28&oh=00_AQCcsg1HnYBkvZarvREdtJBG52gjGMKT74kvRQbT_fDjTA&oe=6A51D43E
DN_h3-ikUva,https://www.instagram.com/reel/DN_h3-ikUva/,"Especialistas em storytelling e criação de conteúdo, Hanah (@hanahfranklin) e Alef (@alefmarqs) mostraram no palco do @hotmartfire o formato criativo que pode destacar você como referência no seu mercado. Além das dicas do vídeo, eles ainda trouxeram os insights: ✨ Formato criativo é sobre entender o padrão que funciona e repetir, fazendo do conteúdo uma ciência. Isso aumenta a previsibilidade e facilita a produção e análise. ✨ Investir em conhecimento pode gerar confiança e transformar sua vida financeira e pessoal. ✨ Assim como na vida, uma boa história precisa de mudanças para evoluir e se transformar. Busque sempre se reinventar e crescer. ✨Encontrar seu estilo e formato de conteúdo pode ser transformador. Invista tempo nisso, pois a mudança vale a pena e pode gerar sucesso. O diferencial não está em copiar fórmulas prontas, mas em usar criatividade e storytelling para conquistar autoridade e relevância. 🎯 #HotmartFIRE #Hotmart",1756583977,600254,3819,51.47700119018555,clips,https://scontent-poa1-1.cdninstagram.com/o1/v/t2/f2/m86/AQOMvhMsUvawpl3iKFle2WucFTQdKzE-MZ7vLSfGIUTtn6N3ukTXhbrwVVbn70zcS2HT-v1qshZbJuz6NZGHM9cmi3qhj8l7uSTVCB8.mp4?_nc_cat=100&_nc_sid=5e9851&_nc_ht=scontent-poa1-1.cdninstagram.com&_nc_ohc=HdY0Nwx5TP4Q7kNvwEc_DaS&efg=eyJ2ZW5jb2RlX3RhZyI6Inhwdl9wcm9ncmVzc2l2ZS5JTlNUQUdSQU0uQ0xJUFMuQzMuNzIwLmRhc2hfYmFzZWxpbmVfMV92MSIsInhwdl9hc3NldF9pZCI6MTUwNjQwNzYwMzg3MzE2MSwiYXNzZXRfYWdlX2RheXMiOjMxMywidmlfdXNlY2FzZV9pZCI6MTAwOTksImR1cmF0aW9uX3MiOjUxLCJ1cmxnZW5fc291cmNlIjoid3d3In0%3D&ccb=17-1&vs=42ed35be082e3fca&_nc_vs=HBksFQIYUmlnX3hwdl9yZWVsc19wZXJtYW5lbnRfc3JfcHJvZC85NzQzQzE1Q0YzMDIyQTczQUE2ODBENzIzNzlFOURBRV92aWRlb19kYXNoaW5pdC5tcDQVAALIARIAFQIYRmlnX3hwdl9yZWVsc19wZXJtYW5lbnRfc3JfcHJvZC83ODE0NDAzMjA5NjU3MTVfNzAxMTQ2OTEwMTE3NzExMDU0MC5tcDQVAgLIARIAKAAYABsCiAd1c2Vfb2lsATEScHJvZ3Jlc3NpdmVfcmVjaXBlATEVAAAmkpbtobuErQUVAigCQzMsF0BJu6XjU_fPGBJkYXNoX2Jhc2VsaW5lXzFfdjERAHX-B2XmnQEA&_nc_gid=FMXa43Z4Qw6SPvW7uetouQ&_nc_ss=7a22e&_nc_zt=28&oh=00_AQCh5dt8X-HVOMeud4sej-Wc_OGDsUITZ7fFutJmV-odxA&oe=6A51C799
DNgymLtBOlw,https://www.instagram.com/reel/DNgymLtBOlw/,"E aii, bora o usar o @canvabrasil pra editar conteúdos virais? 🌚",1755554736,278909,11603,109.06400299072266,clips,https://scontent-poa1-1.cdninstagram.com/o1/v/t2/f2/m86/AQPeKJcPrGoTVJ9l-QSVddbCSuv_hgtxe8ukuw66Eh5KV-QqVkvlB9gZSR7vNWb74weModW2RFF7IzCEv--LXbf7E5o2LBaodRAjGkg.mp4?_nc_cat=102&_nc_sid=5e9851&_nc_ht=scontent-poa1-1.cdninstagram.com&_nc_ohc=BaEui0a5yokQ7kNvwH4AsRG&efg=eyJ2ZW5jb2RlX3RhZyI6Inhwdl9wcm9ncmVzc2l2ZS5JTlNUQUdSQU0uQ0xJUFMuQzMuNzIwLmRhc2hfYmFzZWxpbmVfMV92MSIsInhwdl9hc3NldF9pZCI6NzcyNDgyNzUxOTg3MTg4LCJhc3NldF9hZ2VfZGF5cyI6MzI0LCJ2aV91c2VjYXNlX2lkIjoxMDA5OSwiZHVyYXRpb25fcyI6MTA5LCJ1cmxnZW5fc291cmNlIjoid3d3In0%3D&ccb=17-1&vs=cd1dd6e049613281&_nc_vs=HBksFQIYUmlnX3hwdl9yZWVsc19wZXJtYW5lbnRfc3JfcHJvZC9DOTQ0MzE2MENFNjc1QzM0MTM3MzUwRTQ0NTM2OTc4M192aWRlb19kYXNoaW5pdC5tcDQVAALIARIAFQIYR2lnX3hwdl9yZWVsc19wZXJtYW5lbnRfc3JfcHJvZC8xNDkyMDQyMjExNzkwNTkyXzUwNjUwNzA4Mjk1MDIxMTQ1MDcubXA0FQICyAESACgAGAAbAogHdXNlX29pbAExEnByb2dyZXNzaXZlX3JlY2lwZQExFQAAJuj3t4C1pN8CFQIoAkMzLBdAW0KfvnbItBgSZGFzaF9iYXNlbGluZV8xX3YxEQB1_gdl5p0BAA&_nc_gid=FMXa43Z4Qw6SPvW7uetouQ&_nc_ss=7a22e&_nc_zt=28&oh=00_AQBTAA2XJ2eDKaAhND7WfaiCmeTzbRE57YVD42NpFKGBpg&oe=6A51BDDF
DM_OhHMyddE,https://www.instagram.com/reel/DM_OhHMyddE/,"E aiii, vamo gravar um… Diálogo? Existem alguns detalhes que separam um vídeo mais ou menos de um conteúdo realmente bom de ver e o melhor é que dá pra ajustar todos esses detalhes através do @canvabrasil, já baixou o seu?",1754428703,285988,10345,66.2229995727539,clips,https://scontent-poa1-1.cdninstagram.com/o1/v/t2/f2/m86/AQM1iO3ubjuWAf5MCCnSwTiuoc5xVN9rosy-1wbkRhkFrALUwNDmVAmngf1v2AwD8-VaTX8I1WAyKN9yRtW8R4mIFu35_lhuu9c-6PI.mp4?_nc_cat=106&_nc_sid=5e9851&_nc_ht=scontent-poa1-1.cdninstagram.com&_nc_ohc=PbeHfqLUl58Q7kNvwHIXi8f&efg=eyJ2ZW5jb2RlX3RhZyI6Inhwdl9wcm9ncmVzc2l2ZS5JTlNUQUdSQU0uQ0xJUFMuQzMuNzIwLmRhc2hfYmFzZWxpbmVfMV92MSIsInhwdl9hc3NldF9pZCI6MTM3MTc3NjE5Mzg4OTQyMSwiYXNzZXRfYWdlX2RheXMiOjMzNywidmlfdXNlY2FzZV9pZCI6MTAwOTksImR1cmF0aW9uX3MiOjY2LCJ1cmxnZW5fc291cmNlIjoid3d3In0%3D&ccb=17-1&vs=ba606785eaba6740&_nc_vs=HBksFQIYUmlnX3hwdl9yZWVsc19wZXJtYW5lbnRfc3JfcHJvZC8xMjRFMjk2MzE0MDU5MkIwNTZBMjU3OEVGQzdDMTRCN192aWRlb19kYXNoaW5pdC5tcDQVAALIARIAFQIYR2lnX3hwdl9yZWVsc19wZXJtYW5lbnRfc3JfcHJvZC8xMzE0ODc5NjgwMDUzODgyXzE3MzIwODkwNDUyMTI4NzQxMDkubXA0FQICyAESACgAGAAbAogHdXNlX29pbAExEnByb2dyZXNzaXZlX3JlY2lwZQExFQAAJpqS_Ivx5-8EFQIoAkMzLBdAUI1P3ztkWhgSZGFzaF9iYXNlbGluZV8xX3YxEQB1_gdl5p0BAA&_nc_gid=FMXa43Z4Qw6SPvW7uetouQ&_nc_ss=7a22e&_nc_zt=28&oh=00_AQCml_4WOBiwhEkEmIoiHeBHTnkDDKWS1akPmPeB61_KGQ&oe=6A51F16B
DMYk4S9St2n,https://www.instagram.com/reel/DMYk4S9St2n/,"Você sabia que o CANVA também é editor de vídeos pelo celular? - sim, o Canva que já é nosso conhecido de longa data agora é o ÚNICO que entrega até legendas gratuitas pra edição do seu conteúdo! 💙 #publi",1753131728,345350,15196,89.13899993896484,clips,https://scontent-poa1-1.cdninstagram.com/o1/v/t2/f2/m367/AQO5iJGaiYZrP476XPkjRr7kpVgeTbmPaYnU1fthjKGnPL5aAC774iIiv-QFZDwutCeIER7ZYlWZzENf0AHNxP_93d8gukW8C0tGhsI.mp4?_nc_cat=109&_nc_sid=5e9851&_nc_ht=scontent-poa1-1.cdninstagram.com&_nc_ohc=Bynt68-ZJLEQ7kNvwGVBk8G&efg=eyJ2ZW5jb2RlX3RhZyI6Inhwdl9wcm9ncmVzc2l2ZS5JTlNUQUdSQU0uQ0xJUFMuQzMuNzIwLmRhc2hfYmFzZWxpbmVfMV92MSIsInhwdl9hc3NldF9pZCI6MTI3MjY3Njk4MTA3NzQxOCwiYXNzZXRfYWdlX2RheXMiOjM1MiwidmlfdXNlY2FzZV9pZCI6MTAwOTksImR1cmF0aW9uX3MiOjg5LCJ1cmxnZW5fc291cmNlIjoid3d3In0%3D&ccb=17-1&vs=7f282885844f41f7&_nc_vs=HBksFQIYQGlnX2VwaGVtZXJhbC84QTQ4NTFEOEZEMENERTVCQzQ1MkM0RUUyMjU5QzNCQl92aWRlb19kYXNoaW5pdC5tcDQVAALIARIAFQIYR2lnX3hwdl9yZWVsc19wZXJtYW5lbnRfc3JfcHJvZC8zOTcwMjc5NDkzMjg1OTM2XzM1MTcyNDg2NjcwMjc0NTI0NTYubXA0FQICyAESACgAGAAbAogHdXNlX29pbAExEnByb2dyZXNzaXZlX3JlY2lwZQExFQAAJtTW97XG38IEFQIoAkMzLBdAVkgAAAAAABgSZGFzaF9iYXNlbGluZV8xX3YxEQB1_gdl5p0BAA&_nc_gid=FMXa43Z4Qw6SPvW7uetouQ&_nc_ss=7a22e&_nc_zt=28&oh=00_AQBCD6AB_uDkAA3EiKLdLOXy_PWno6XzWnbU-G52viCniA&oe=6A55CEFE
DMX0y5Vsqlg,https://www.instagram.com/reel/DMX0y5Vsqlg/,"Criar vídeos em formatos virais validados é a habilidade mais requisitada do digital - se você quer aprender com esse casal, escreve CRIADOR CRIATIVO:",1753106382,477138,27296,114.4260025024414,clips,https://scontent-poa1-1.cdninstagram.com/o1/v/t2/f2/m367/AQNPPYZ8jdKMQVfobhzYmcA1LUw_u36KOXNegepLXBC3fjQjZWRqqishBbHx2qPXGNuXmSdpM3VTHCAftU6YXI1FyMAsor4yVdG0_Uw.mp4?_nc_cat=111&_nc_sid=5e9851&_nc_ht=scontent-poa1-1.cdninstagram.com&_nc_ohc=-jVj-KaBEe0Q7kNvwEWtb-C&efg=eyJ2ZW5jb2RlX3RhZyI6Inhwdl9wcm9ncmVzc2l2ZS5JTlNUQUdSQU0uQ0xJUFMuQzMuNzIwLmRhc2hfYmFzZWxpbmVfMV92MSIsInhwdl9hc3NldF9pZCI6MTQ0OTQwMDEyOTQwNzQ2NSwiYXNzZXRfYWdlX2RheXMiOjM1MywidmlfdXNlY2FzZV9pZCI6MTAwOTksImR1cmF0aW9uX3MiOjExNCwidXJsZ2VuX3NvdXJjZSI6Ind3dyJ9&ccb=17-1&vs=dd9ecd509abc1e7f&_nc_vs=HBksFQIYQGlnX2VwaGVtZXJhbC8wMDRBRTg4NEQzQTA5RUQ5RDBFREU5MUM5ODQxREFBMV92aWRlb19kYXNoaW5pdC5tcDQVAALIARIAFQIYR2lnX3hwdl9yZWVsc19wZXJtYW5lbnRfc3JfcHJvZC8xMjY3MDQ4ODE3NTk3Nzc2XzI2MDQyOTc2NTQyMTI1MDQzMzQubXA0FQICyAESACgAGAAbAogHdXNlX29pbAExEnByb2dyZXNzaXZlX3JlY2lwZQExFQAAJtKnzr2YjpMFFQIoAkMzLBdAXJqfvnbItBgSZGFzaF9iYXNlbGluZV8xX3YxEQB1_gdl5p0BAA&_nc_gid=FMXa43Z4Qw6SPvW7uetouQ&_nc_zt=28&_nc_ss=7a22e&oh=00_AQBbQcqL9NVBDeie8g8Z7UKDOHrB3Ai6-Bf9XuTWwf-iGQ&oe=6A55B564
DMAyG3xMSFI,https://www.instagram.com/reel/DMAyG3xMSFI/,"Talvez você já tenha tentado “de tudo” pra crescer nas redes sociais. Mas eu tenho plena convicção que você apenas não aplicou os princípios certos. Conteúdo pra mim tem base científica, é pura psicologia. Se você sabe se conectar com a mente humana, respeitando o que o algoritmo gosta, não vai ter erro. Quer aprender? Escreve Criador Estrategista nos comentários.",1752333128,436862,21618,99.7509994506836,clips,https://scontent-poa1-1.cdninstagram.com/o1/v/t2/f2/m86/AQPniXSu7frAY8duT82eQiFzCC13XUNheNbN3bUkzbz0_4SeiH11_W4Mhc3QmoZJWTBvzxMsWpLTfBU4Zlif_oJ3Rw-kVuBGXWUMSrA.mp4?_nc_cat=105&_nc_sid=5e9851&_nc_ht=scontent-poa1-1.cdninstagram.com&_nc_ohc=5y2dk3epRngQ7kNvwG9KabR&efg=eyJ2ZW5jb2RlX3RhZyI6Inhwdl9wcm9ncmVzc2l2ZS5JTlNUQUdSQU0uQ0xJUFMuQzMuNzIwLmRhc2hfYmFzZWxpbmVfMV92MSIsInhwdl9hc3NldF9pZCI6NzExMTQxMzExNzczMDkyLCJhc3NldF9hZ2VfZGF5cyI6MzYyLCJ2aV91c2VjYXNlX2lkIjoxMDA5OSwiZHVyYXRpb25fcyI6OTksInVybGdlbl9zb3VyY2UiOiJ3d3cifQ%3D%3D&ccb=17-1&vs=896c94e663514aa&_nc_vs=HBksFQIYUmlnX3hwdl9yZWVsc19wZXJtYW5lbnRfc3JfcHJvZC9ENDRGRkY3RkQ2Q0FDRDJDNzY1Rjg3NjJDM0UyNUNCOF92aWRlb19kYXNoaW5pdC5tcDQVAALIARIAFQIYRWlnX3hwdl9yZWVsc19wZXJtYW5lbnRfc3JfcHJvZC83MzUyODk3NTYxNDkzNDlfOTcxNzE3MzEzMTgwNzc1NjIzLm1wNBUCAsgBEgAoABgAGwKIB3VzZV9vaWwBMRJwcm9ncmVzc2l2ZV9yZWNpcGUBMRUAACbI5q_U77HDAhUCKAJDMywXQFjwAAAAAAAYEmRhc2hfYmFzZWxpbmVfMV92MREAdf4HZeadAQA&_nc_gid=FMXa43Z4Qw6SPvW7uetouQ&_nc_ss=7a22e&_nc_zt=28&oh=00_AQAlbaLtTBQ_XFAG30sLND68mf1MtWnRNs7x4lsUp9PNUA&oe=6A51EA52
DL-4XWJSAht,https://www.instagram.com/reel/DL-4XWJSAht/,"O que te impede de crescer não é o número de seguidores, você só não entendeu ainda o que o algoritmo gosta de entregar. Na semana do Criador Estrategista, eu vou revelar os meus truques. Quer aprender comigo? Escreve o nome do evento aqui em baixo 🧡",1752270072,437104,27479,128.58999633789062,clips,https://scontent-poa1-1.cdninstagram.com/o1/v/t2/f2/m86/AQN4Ry4kI6TbrVzrv7bG8nD5nDnz9RM8-9vjzQLL1GlieA631BAxaW7X6ZpFR5O6XrG0ISLhJmnw5jBwfoSiIO_wtq_8AAwTZO_AK3U.mp4?_nc_cat=100&_nc_sid=5e9851&_nc_ht=scontent-poa1-1.cdninstagram.com&_nc_ohc=xouAdnGYIvwQ7kNvwEezODI&efg=eyJ2ZW5jb2RlX3RhZyI6Inhwdl9wcm9ncmVzc2l2ZS5JTlNUQUdSQU0uQ0xJUFMuQzMuNzIwLmRhc2hfYmFzZWxpbmVfMV92MSIsInhwdl9hc3NldF9pZCI6MTc2NjkzOTY3MDU2MzIxOCwiYXNzZXRfYWdlX2RheXMiOjM2MiwidmlfdXNlY2FzZV9pZCI6MTAwOTksImR1cmF0aW9uX3MiOjEyOCwidXJsZ2VuX3NvdXJjZSI6Ind3dyJ9&ccb=17-1&vs=ab987adb20d13080&_nc_vs=HBksFQIYUmlnX3hwdl9yZWVsc19wZXJtYW5lbnRfc3JfcHJvZC80NDQ2Mzg1RDIyRTdFMEFDNkI3QjcwOTYxODVCNzVBRF92aWRlb19kYXNoaW5pdC5tcDQVAALIARIAFQIYR2lnX3hwdl9yZWVsc19wZXJtYW5lbnRfc3JfcHJvZC8yMDI5MTQ5ODQ0Mjc5MzA5XzQ3MDY3MjY4MzAxMzc0MjY3MTIubXA0FQICyAESACgAGAAbAogHdXNlX29pbAExEnByb2dyZXNzaXZlX3JlY2lwZQExFQAAJqSmura2waMGFQIoAkMzLBdAYBKn752yLRgSZGFzaF9iYXNlbGluZV8xX3YxEQB1_gdl5p0BAA&_nc_gid=FMXa43Z4Qw6SPvW7uetouQ&_nc_ss=7a22e&_nc_zt=28&oh=00_AQCv_yRFp0NPd_vOrmy1A8qHx6vlQr-9cfBoO6A3BZvz6Q&oe=6A51E405
DL55IbfSTlL,https://www.instagram.com/reel/DL55IbfSTlL/,"Esqueça todas as regrinhas. Você pode se vestir como quiser, ser quem você é e ainda ter muito resultado na internet. Você só não pode ignorar os princípios e é isso que eu vou te entregar na semana do Criador Estrategista.",1752102219,244854,5611,98.68299865722656,clips,https://scontent-poa1-1.cdninstagram.com/o1/v/t2/f2/m367/AQMNeVwJkx0GupUCabqzQ_WvTJBTJFkfqvXPGtqVRu1bpJfx0XV4-6QyAJkKZH86YAi_Jfq_4jWkXCvWotBC4UhmkED7eoCB6oYkFnU.mp4?_nc_cat=111&_nc_sid=5e9851&_nc_ht=scontent-poa1-1.cdninstagram.com&_nc_ohc=d-3zujar9JcQ7kNvwFksID7&efg=eyJ2ZW5jb2RlX3RhZyI6Inhwdl9wcm9ncmVzc2l2ZS5JTlNUQUdSQU0uQ0xJUFMuQzMuNzIwLmRhc2hfYmFzZWxpbmVfMV92MSIsInhwdl9hc3NldF9pZCI6MTQwMzI3MzExNDA1MzkzNywiYXNzZXRfYWdlX2RheXMiOjM2NCwidmlfdXNlY2FzZV9pZCI6MTAwOTksImR1cmF0aW9uX3MiOjk4LCJ1cmxnZW5fc291cmNlIjoid3d3In0%3D&ccb=17-1&vs=8b259cc2ed12c7ae&_nc_vs=HBksFQIYQGlnX2VwaGVtZXJhbC8xMTQzRUM5NzMzQzU1M0Q3Q0ZGRUM4RTI3MTg4RkFCRl92aWRlb19kYXNoaW5pdC5tcDQVAALIARIAFQIYRmlnX3hwdl9yZWVsc19wZXJtYW5lbnRfc3JfcHJvZC83MzE1NDIyMDYzMzE2ODBfNDc5MTMxMzA0OTk4NjU3MTE3My5tcDQVAgLIARIAKAAYABsCiAd1c2Vfb2lsATEScHJvZ3Jlc3NpdmVfcmVjaXBlATEVAAAm4rTjt5-R_gQVAigCQzMsF0BYqp--dsi0GBJkYXNoX2Jhc2VsaW5lXzFfdjERAHX-B2XmnQEA&_nc_gid=FMXa43Z4Qw6SPvW7uetouQ&_nc_ss=7a22e&_nc_zt=28&oh=00_AQBdmFCAnyke1b_DBGeZLpEwM2wkWpnZhu4j4DXjwpDpgg&oe=6A55C54C
DLvghDGStdn,https://www.instagram.com/reel/DLvghDGStdn/,"se você conhece essa história você com certeza chorou também. Mas porque a gente chora em Marley e Eu sendo que sabemos que nenhum cachorro morreu nas gravações? storytelling e neurociência explicam se você quer aprender a usar no seu conteúdo, a semana do criador estratégico é pra você!",1751753372,302582,19083,99.56600189208984,clips,https://scontent-poa1-1.cdninstagram.com/o1/v/t2/f2/m367/AQMVM4rH0hpie6mZol27rKlInCKvABK5vJc3Zd0DRDNYWcnl8nEG5u2pHRU6S3jr4PDruYUPzcSVvmLfHNKY7aLqqov-tno7rXPtnEU.mp4?_nc_cat=105&_nc_sid=5e9851&_nc_ht=scontent-poa1-1.cdninstagram.com&_nc_ohc=sYBgAev2C8oQ7kNvwGGYfkh&efg=eyJ2ZW5jb2RlX3RhZyI6Inhwdl9wcm9ncmVzc2l2ZS5JTlNUQUdSQU0uQ0xJUFMuQzMuNzIwLmRhc2hfYmFzZWxpbmVfMV92MSIsInhwdl9hc3NldF9pZCI6NzEwNTYwOTA0OTM2MTcxLCJhc3NldF9hZ2VfZGF5cyI6MzY4LCJ2aV91c2VjYXNlX2lkIjoxMDA5OSwiZHVyYXRpb25fcyI6OTksInVybGdlbl9zb3VyY2UiOiJ3d3cifQ%3D%3D&ccb=17-1&vs=2cecc5a8bc7b537&_nc_vs=HBksFQIYQGlnX2VwaGVtZXJhbC84MTRCNUEyNkRBM0MxRUEzMzY5QzJBQjQ5NzJGNzA5NF92aWRlb19kYXNoaW5pdC5tcDQVAALIARIAFQIYR2lnX3hwdl9yZWVsc19wZXJtYW5lbnRfc3JfcHJvZC8xOTI5MjIzMDYxMjIyNzkyXzM0MjE4NTU1NDg0NTgyNTA1OTkubXA0FQICyAESACgAGAAbAogHdXNlX29pbAExEnByb2dyZXNzaXZlX3JlY2lwZQExFQAAJtbro6WLkMMCFQIoAkMzLBdAWOQ5WBBiThgSZGFzaF9iYXNlbGluZV8xX3YxEQB1_gdl5p0BAA&_nc_gid=FMXa43Z4Qw6SPvW7uetouQ&_nc_ss=7a22e&_nc_zt=28&oh=00_AQC6MNciauknGKeljKLyqK-beXcg2TkjqYDvMCbis9qYtg&oe=6A55C09A
DLkoDyHRGlo,https://www.instagram.com/reel/DLkoDyHRGlo/,"eai, adivinhou? 👀 na semana do Criador Estrategista eu vou te mostrar como gerar atenção e desejo encontrando o seu Formato Criativo- quer aprender cmg? Toca no link da bio!",1751388302,938089,41514,104.60399627685547,clips,https://scontent-poa1-1.cdninstagram.com/o1/v/t2/f2/m86/AQNBAslW5ebYNfiOm4w-CgKblsON3yHv-VKbnWmBumVIass9YG8RXSsVzG5nLCjy0ZO8QctDHT-AT5q4MqQE3-TlZxur1pEMWjdtbIQ.mp4?_nc_cat=102&_nc_sid=5e9851&_nc_ht=scontent-poa1-1.cdninstagram.com&_nc_ohc=nXwMcqGOC6QQ7kNvwFEEGt-&efg=eyJ2ZW5jb2RlX3RhZyI6Inhwdl9wcm9ncmVzc2l2ZS5JTlNUQUdSQU0uQ0xJUFMuQzMuNzIwLmRhc2hfYmFzZWxpbmVfMV92MSIsInhwdl9hc3NldF9pZCI6NzIxODQ4NzI3Mjk4MTEzLCJhc3NldF9hZ2VfZGF5cyI6MzczLCJ2aV91c2VjYXNlX2lkIjoxMDA5OSwiZHVyYXRpb25fcyI6MTA0LCJ1cmxnZW5fc291cmNlIjoid3d3In0%3D&ccb=17-1&vs=8fbae8a461846525&_nc_vs=HBksFQIYUmlnX3hwdl9yZWVsc19wZXJtYW5lbnRfc3JfcHJvZC84NTQzOEM4OEY5Njc5NDE2QUU1QTk5RDM1OUIzM0E4Ml92aWRlb19kYXNoaW5pdC5tcDQVAALIARIAFQIYR2lnX3hwdl9yZWVsc19wZXJtYW5lbnRfc3JfcHJvZC8xMjQyODczMjg3MjQ2ODA1XzY0NDc1OTIyMTY0NDcxNzcyOTQubXA0FQICyAESACgAGAAbAogHdXNlX29pbAExEnByb2dyZXNzaXZlX3JlY2lwZQExFQAAJoKBx4-QocgCFQIoAkMzLBdAWiZmZmZmZhgSZGFzaF9iYXNlbGluZV8xX3YxEQB1_gdl5p0BAA&_nc_gid=Uqh59uhPnK4olf_Uv_S3RA&_nc_ss=7a22e&_nc_zt=28&oh=00_AQBB6JO6xpyFi3MDLEH56g0_Py9ii8Kl5G5jLTUnSFgdFw&oe=6A51EFD3
DLhrv36sVCg,https://www.instagram.com/reel/DLhrv36sVCg/,"Você está a 1 Formato Criativo de mudar sua carreira (e sua vida) - pra aprender a encontrar o seu, participa da semana do criador estratégico! 🩵 mas a pergunta é… Será que ela topa me dar umas aulas de canto?",1751289615,1373795,94581,111.38400268554688,clips,https://scontent-poa1-1.cdninstagram.com/o1/v/t2/f2/m86/AQOXntJJpqlmXU_rk20-FwUYhbiq3h9FXLxpTm3ZAefLLjuPx5my_1Yi7uVgegZiwJqP58sv5fOMzgrHchdVNN9Blf3hhE0FRk_HmGI.mp4?_nc_cat=108&_nc_sid=5e9851&_nc_ht=scontent-poa1-1.cdninstagram.com&_nc_ohc=QKZsLxpW06YQ7kNvwG219Tu&efg=eyJ2ZW5jb2RlX3RhZyI6Inhwdl9wcm9ncmVzc2l2ZS5JTlNUQUdSQU0uQ0xJUFMuQzMuMzYwLmRhc2hfYmFzZWxpbmVfM192MSIsInhwdl9hc3NldF9pZCI6MTQxMjQ3ODU0NjY1NDA2OSwiYXNzZXRfYWdlX2RheXMiOjM3NCwidmlfdXNlY2FzZV9pZCI6MTAwOTksImR1cmF0aW9uX3MiOjExMSwidXJsZ2VuX3NvdXJjZSI6Ind3dyJ9&ccb=17-1&vs=6c4a086e924fa26e&_nc_vs=HBksFQIYUmlnX3hwdl9yZWVsc19wZXJtYW5lbnRfc3JfcHJvZC8yRDQzRDg1MEQ2Rjc2Q0YwQTg1OTRBMkVFNTY3MTlCRF92aWRlb19kYXNoaW5pdC5tcDQVAALIARIAFQIYRmlnX3hwdl9yZWVsc19wZXJtYW5lbnRfc3JfcHJvZC83NTI5MTc2MjcxOTM2OTFfMTEwNzIxODI0NjI0NzIzMTIwMy5tcDQVAgLIARIAKAAYABsCiAd1c2Vfb2lsATEScHJvZ3Jlc3NpdmVfcmVjaXBlATEVAAAm6s21oImpggUVAigCQzMsF0Bb12yLQ5WBGBJkYXNoX2Jhc2VsaW5lXzNfdjERAHX-B2XmnQEA&_nc_gid=Uqh59uhPnK4olf_Uv_S3RA&_nc_ss=7a22e&_nc_zt=28&oh=00_AQCnekouTvjh9wrTAPfvdgmcCWUq5BiB_zZQdgwfAEfjfw&oe=6A51EFD9
DLgEevyyHus,https://www.instagram.com/reel/DLgEevyyHus/,"o REAL ENGAJAMENTO não é sobre a quantidade de likes seu post tem, mas sim sobre o quanto você consegue gerar debates internos na mente do seu público! E o melhor é que você não precisa ser um gênio pra aprender a fazer isso. 🤭",1751235416,759513,74611,109.4800033569336,clips,https://scontent-poa1-1.cdninstagram.com/o1/v/t2/f2/m367/AQN6-qjrThlFEo2S3OVnWLDiGMxE0zNVacnDYfSRkdLlkbjyjTA8FthTmj7tzvo6GSLFJ2XaxFUMYVglc85i46Fc9nAvkY3H4eJkrhY.mp4?_nc_cat=109&_nc_sid=5e9851&_nc_ht=scontent-poa1-1.cdninstagram.com&_nc_ohc=fOVIRfEBGxEQ7kNvwEKZP0X&efg=eyJ2ZW5jb2RlX3RhZyI6Inhwdl9wcm9ncmVzc2l2ZS5JTlNUQUdSQU0uQ0xJUFMuQzMuNzIwLmRhc2hfYmFzZWxpbmVfMV92MSIsInhwdl9hc3NldF9pZCI6MTg4MDQyMzA3OTQxNzY3NCwiYXNzZXRfYWdlX2RheXMiOjM3NCwidmlfdXNlY2FzZV9pZCI6MTAwOTksImR1cmF0aW9uX3MiOjEwOSwidXJsZ2VuX3NvdXJjZSI6Ind3dyJ9&ccb=17-1&vs=4415bb36a766c459&_nc_vs=HBksFQIYQGlnX2VwaGVtZXJhbC81NDRFM0IyNjQ5N0RFM0EzODk2MDY4QTNDMzBBQkQ4Q192aWRlb19kYXNoaW5pdC5tcDQVAALIARIAFQIYRWlnX3hwdl9yZWVsc19wZXJtYW5lbnRfc3JfcHJvZC83MzM4OTY2MTU2Nzg3NDdfMzUwNjUzMjY1ODU3OTY2ODkxLm1wNBUCAsgBEgAoABgAGwKIB3VzZV9vaWwBMRJwcm9ncmVzc2l2ZV9yZWNpcGUBMRUAACaU3ejag4_XBhUCKAJDMywXQFtd0vGp--cYEmRhc2hfYmFzZWxpbmVfMV92MREAdf4HZeadAQA&_nc_gid=Uqh59uhPnK4olf_Uv_S3RA&_nc_ss=7a22e&_nc_zt=28&oh=00_AQAfpHpMwREqSZT3-0TnFZhjpZH4jWK6hrE9KUicw49wpQ&oe=6A55CC7E
DLc04nPsitL,https://www.instagram.com/reel/DLc04nPsitL/,"Simplesmente o criador do Formato mais copiado que eu já vi! @arthurpaek foi um gênio, e aqui vão 3 coisas que eu acho que você pode aprender com esse movimento todo 🔥 Pra você aprender mais comigo, se inscreve na semana que vou te contar tudo.",1751126653,2344592,113381,123.64399719238281,clips,https://scontent-poa1-1.cdninstagram.com/o1/v/t2/f2/m86/AQMeCgtESWhulyM_dWMlMB99KNzJje589WDl-CMezoafvRzbyD-pgNi77as5kHQ5VfLS0pyYStBl8OOQn3k5z4pd5UqQHMtHHWfrr9c.mp4?_nc_cat=102&_nc_sid=5e9851&_nc_ht=scontent-poa1-1.cdninstagram.com&_nc_ohc=ZoXT6q79Bp0Q7kNvwE7shf8&efg=eyJ2ZW5jb2RlX3RhZyI6Inhwdl9wcm9ncmVzc2l2ZS5JTlNUQUdSQU0uQ0xJUFMuQzMuNzIwLmRhc2hfYmFzZWxpbmVfMV92MSIsInhwdl9hc3NldF9pZCI6MTE0OTQ1MTQxMzYwOTg0NCwiYXNzZXRfYWdlX2RheXMiOjM3NiwidmlfdXNlY2FzZV9pZCI6MTAwOTksImR1cmF0aW9uX3MiOjEyMywidXJsZ2VuX3NvdXJjZSI6Ind3dyJ9&ccb=17-1&vs=2fa1d219f7b71ef1&_nc_vs=HBksFQIYUmlnX3hwdl9yZWVsc19wZXJtYW5lbnRfc3JfcHJvZC82MzRDMkYwRjIyMTUwNjFBOUUyQ0U0MUM3M0Y3MjA5Nl92aWRlb19kYXNoaW5pdC5tcDQVAALIARIAFQIYR2lnX3hwdl9yZWVsc19wZXJtYW5lbnRfc3JfcHJvZC8xMjczNzE5MjM3NjgwNDgyXzc0OTkwNDI3MjczNTExNDQyOTMubXA0FQICyAESACgAGAAbAogHdXNlX29pbAExEnByb2dyZXNzaXZlX3JlY2lwZQExFQAAJuj1jrPw2ooEFQIoAkMzLBdAXuiDEm6XjRgSZGFzaF9iYXNlbGluZV8xX3YxEQB1_gdl5p0BAA&_nc_gid=Uqh59uhPnK4olf_Uv_S3RA&_nc_ss=7a22e&_nc_zt=28&oh=00_AQA83iIasxMZ9nWMZS0moqFMAKn9lohnyXggcrg3qvQarQ&oe=6A51ECFB
DLKq9v3sRIH,https://www.instagram.com/reel/DLKq9v3sRIH/,"Outro dia ouvi uma história sobre platão, um dos 3 grandes pensadores. Depois que seu mestre (sócrates) morreu, ele fez uma viagem de mais de 12 anos pra buscar conhecimentos profundos sobre filosofia, matemática, política e religião. Nesses lugares ele tinha acesso a conhecimentos que passavam boca a boca ou livros raros que eram inscritos em pedra. Enquanto hoje livros incríveis custam 30 reais, temos inteligências artificiais que praticamente nos permitem conversar com um autor se houver conhecimento prévio. Estamos vivendo o melhor momento da história pra buscar a verdade e mudar o mundo. Não seja mais um desperdiçando essa oportunidade. Ser CDF é o novo hype.",1750518237,145140,5147,82.08100128173828,clips,https://scontent-poa1-1.cdninstagram.com/o1/v/t2/f2/m367/AQMzv4lyCoOiU-udmXYkeJ6-BaTSsL7MnxGNGyw6e0XasRpE4rp4bS7bhBDKrx6ySp0HNKCZgvyobU7LuGjiGBLoyqSmmwhvZYdXsYY.mp4?_nc_cat=106&_nc_sid=5e9851&_nc_ht=scontent-poa1-1.cdninstagram.com&_nc_ohc=brPX7JPf1xcQ7kNvwHK1hjM&efg=eyJ2ZW5jb2RlX3RhZyI6Inhwdl9wcm9ncmVzc2l2ZS5JTlNUQUdSQU0uQ0xJUFMuQzMuNzIwLmRhc2hfYmFzZWxpbmVfMV92MSIsInhwdl9hc3NldF9pZCI6MjE2NzEzMjUxMzgwNjIzNiwiYXNzZXRfYWdlX2RheXMiOjM4MywidmlfdXNlY2FzZV9pZCI6MTAwOTksImR1cmF0aW9uX3MiOjgyLCJ1cmxnZW5fc291cmNlIjoid3d3In0%3D&ccb=17-1&vs=12f5ee9dca77f27b&_nc_vs=HBksFQIYQGlnX2VwaGVtZXJhbC8yMTQ1RTAzOUJFQUI2MDg4NjlCQjVENkExNkZFOUM5NV92aWRlb19kYXNoaW5pdC5tcDQVAALIARIAFQIYR2lnX3hwdl9yZWVsc19wZXJtYW5lbnRfc3JfcHJvZC8xMDIwOTQ4ODEwMTk1ODk0XzYxMzUyNjA2NTA0MTQ1NDM2NDEubXA0FQICyAESACgAGAAbAogHdXNlX29pbAExEnByb2dyZXNzaXZlX3JlY2lwZQExFQAAJrie1brbv9kHFQIoAkMzLBdAVIQ5WBBiThgSZGFzaF9iYXNlbGluZV8xX3YxEQB1_gdl5p0BAA&_nc_gid=Uqh59uhPnK4olf_Uv_S3RA&_nc_ss=7a22e&_nc_zt=28&oh=00_AQBKHzJkxR-LRYMrDP_uUPbyRMAkSNuXkprAXVsmSCfTCQ&oe=6A55D213
DLDD2qtsWQ-,https://www.instagram.com/reel/DLDD2qtsWQ-/,"Estamos inaugurando uma nova era no digital. Existe um pequeno grupo de idealistas que se cansou do conteudo raso, das promessas milagrosas e cagadores de regras. Junto a isso surge um novo renascimento - um tipo de criador de conteúdo que é brutalmente estratégico, autêntico e CDF. Um lugar onde eu e a @tay.ldantas nos encaixamos, e eu acredito que você também! 🔥",1750262307,389961,19098,100.00599670410156,clips,https://scontent-poa1-1.cdninstagram.com/o1/v/t2/f2/m367/AQP90RBGV5wFAoiH61LKsEk2vUX7H5y9vAa9W0e4TMub_5o8yWz__cStmCAQ5eWmIJwe6do57nwgRqXf5JA4VH9ei1RDltXg8AeZDeo.mp4?_nc_cat=100&_nc_sid=5e9851&_nc_ht=scontent-poa1-1.cdninstagram.com&_nc_ohc=OevhbsYYAlIQ7kNvwHf0mAZ&efg=eyJ2ZW5jb2RlX3RhZyI6Inhwdl9wcm9ncmVzc2l2ZS5JTlNUQUdSQU0uQ0xJUFMuQzMuNzIwLmRhc2hfYmFzZWxpbmVfMV92MSIsInhwdl9hc3NldF9pZCI6OTYyMjMyMDk5MjIzMzkzLCJhc3NldF9hZ2VfZGF5cyI6Mzg2LCJ2aV91c2VjYXNlX2lkIjoxMDA5OSwiZHVyYXRpb25fcyI6MTAwLCJ1cmxnZW5fc291cmNlIjoid3d3In0%3D&ccb=17-1&vs=5addeafbd5d1ced8&_nc_vs=HBksFQIYQGlnX2VwaGVtZXJhbC81NDQ2MkU3OTFFRDNBN0UxMUEwMzA1RTg3RTNGRUI4OF92aWRlb19kYXNoaW5pdC5tcDQVAALIARIAFQIYR2lnX3hwdl9yZWVsc19wZXJtYW5lbnRfc3JfcHJvZC8xMzU4MTAyOTA1Mjk3NzIxXzcyMzUyNDQ3MTQzNzA2OTAyNjYubXA0FQICyAESACgAGAAbAogHdXNlX29pbAExEnByb2dyZXNzaXZlX3JlY2lwZQExFQAAJsLdueejybUDFQIoAkMzLBdAWQAAAAAAABgSZGFzaF9iYXNlbGluZV8xX3YxEQB1_gdl5p0BAA&_nc_gid=Uqh59uhPnK4olf_Uv_S3RA&_nc_ss=7a22e&_nc_zt=28&oh=00_AQAHeBfc3R8vdWHclBoVE7o5ytFMWSVRQItGo4tC8R5C0g&oe=6A55DDA9
DKxJBx3RhxG,https://www.instagram.com/reel/DKxJBx3RhxG/,"Ela foi muito gênia nessa!!! 🤯 @brunaayraa pegou um baita problema (trabalho com internet mas meu namorado não gosta de aparecer) e transformou na melhor solução de todassss: CRIOU UM FORMATO CRIATIVO que mistura autenticidade e curiosidade! E você, vai ficar dando desculpas até quando?",1749660871,2137085,118681,99.54199981689453,clips,https://scontent-poa1-1.cdninstagram.com/o1/v/t2/f2/m367/AQMOR7akEEezRH7sfYY9PBqBZsQzTCxwb7YfnflZ-ufrkcsD0HSFo57OBxbUkhu7YrbkdkIk4byIn9inm9qVcQ984vtGXXH_RnuHUjc.mp4?_nc_cat=106&_nc_sid=5e9851&_nc_ht=scontent-poa1-1.cdninstagram.com&_nc_ohc=Vkd4pLl3XdAQ7kNvwHBR99i&efg=eyJ2ZW5jb2RlX3RhZyI6Inhwdl9wcm9ncmVzc2l2ZS5JTlNUQUdSQU0uQ0xJUFMuQzMuNzIwLmRhc2hfYmFzZWxpbmVfMV92MSIsInhwdl9hc3NldF9pZCI6NzMyMjk1NDg5MjM3OTc3LCJhc3NldF9hZ2VfZGF5cyI6MzkzLCJ2aV91c2VjYXNlX2lkIjoxMDA5OSwiZHVyYXRpb25fcyI6OTksInVybGdlbl9zb3VyY2UiOiJ3d3cifQ%3D%3D&ccb=17-1&vs=e9cf286e46a047de&_nc_vs=HBksFQIYQGlnX2VwaGVtZXJhbC9BNzQyN0Y5MEY2MDlDRDY2QzU3RjZFMDRDMjZDNDNBNl92aWRlb19kYXNoaW5pdC5tcDQVAALIARIAFQIYRmlnX3hwdl9yZWVsc19wZXJtYW5lbnRfc3JfcHJvZC82OTk5OTM0MDYxNTc5NzNfODkyNjkxMTE2NzQ0MzY0Mzc4NC5tcDQVAgLIARIAKAAYABsCiAd1c2Vfb2lsATEScHJvZ3Jlc3NpdmVfcmVjaXBlATEVAAAmss-NyJqBzQIVAigCQzMsF0BY4hysCDEnGBJkYXNoX2Jhc2VsaW5lXzFfdjERAHX-B2XmnQEA&_nc_gid=Uqh59uhPnK4olf_Uv_S3RA&_nc_ss=7a22e&_nc_zt=28&oh=00_AQAOFRpQPHkLIUKwFw6gS4MMArjrPnXHcS_Ck7WaHXnavQ&oe=6A55E24B
DKmmMW-MNt1,https://www.instagram.com/reel/DKmmMW-MNt1/,Não adianta Inteligência Artificial sem INTELIGÊNCIA REAL. Quem domina storytelling e criatividade nunca será substituído!,1749307116,453823,30694,98.10199737548828,clips,https://scontent-poa1-1.cdninstagram.com/o1/v/t2/f2/m367/AQMWEqbXZ932uNEoQmf41S6yumjnwFOZPL59YKg7yPgM60Ohw_6VzU4P63T5I96MSMnAV5qQqFi4OhYR4rADHI0PaD26WqepPhLcl6o.mp4?_nc_cat=101&_nc_sid=5e9851&_nc_ht=scontent-poa1-1.cdninstagram.com&_nc_ohc=5AC_Xr8rbrwQ7kNvwEYPoqz&efg=eyJ2ZW5jb2RlX3RhZyI6Inhwdl9wcm9ncmVzc2l2ZS5JTlNUQUdSQU0uQ0xJUFMuQzMuNzIwLmRhc2hfYmFzZWxpbmVfMV92MSIsInhwdl9hc3NldF9pZCI6NjkzMjc3OTM2NzkyMjIxLCJhc3NldF9hZ2VfZGF5cyI6Mzk3LCJ2aV91c2VjYXNlX2lkIjoxMDA5OSwiZHVyYXRpb25fcyI6OTgsInVybGdlbl9zb3VyY2UiOiJ3d3cifQ%3D%3D&ccb=17-1&vs=e9179ddf145348ce&_nc_vs=HBksFQIYQGlnX2VwaGVtZXJhbC8wMTQ2REVCRjUxM0JEMzhFNkE4NTk0RjI1RkZDNzlBNl92aWRlb19kYXNoaW5pdC5tcDQVAALIARIAFQIYRmlnX3hwdl9yZWVsc19wZXJtYW5lbnRfc3JfcHJvZC82NjA5NzAwMTcxMDI0OTZfNjIwMDYyMjA1MjE2OTU3MDM5OS5tcDQVAgLIARIAKAAYABsCiAd1c2Vfb2lsATEScHJvZ3Jlc3NpdmVfcmVjaXBlATEVAAAmusq5kouiuwIVAigCQzMsF0BYhU_fO2RaGBJkYXNoX2Jhc2VsaW5lXzFfdjERAHX-B2XmnQEA&_nc_gid=Uqh59uhPnK4olf_Uv_S3RA&_nc_ss=7a22e&_nc_zt=28&oh=00_AQAaKGY0c0Y7dggSoNJUHMT1CCNl3WKFK9HdGPAIUr2liQ&oe=6A55CD5E
DKh5EZ3PvIj,https://www.instagram.com/reel/DKh5EZ3PvIj/,Últimos dias para pagar 44 reais no curso de edição. Vou atualizar o curso. Vou aumentar o valor. Vou aumentar o preço. Escreva EDIÇÃO DO FUTURO:,1749149093,1725701,27475,79.27200317382812,clips,https://scontent-poa1-1.cdninstagram.com/o1/v/t2/f2/m367/AQN1lN55lw7mU1b5MTJ07OJokN-Ctr-9IRKx4hFzdXowZyoY0tkJHptLxLAX-PYoKGORRG0nsiykjpHxg2_I6rDVyBOUKer6Ek8xHkQ.mp4?_nc_cat=104&_nc_sid=5e9851&_nc_ht=scontent-poa1-1.cdninstagram.com&_nc_ohc=13xTce3zsWQQ7kNvwF8UErq&efg=eyJ2ZW5jb2RlX3RhZyI6Inhwdl9wcm9ncmVzc2l2ZS5JTlNUQUdSQU0uQ0xJUFMuQzMuNzIwLmRhc2hfYmFzZWxpbmVfMV92MSIsInhwdl9hc3NldF9pZCI6MTA0MTIyNTcxODE3Mzc2MiwiYXNzZXRfYWdlX2RheXMiOjM5OSwidmlfdXNlY2FzZV9pZCI6MTAwOTksImR1cmF0aW9uX3MiOjc5LCJ1cmxnZW5fc291cmNlIjoid3d3In0%3D&ccb=17-1&vs=1cd068e3320f2a&_nc_vs=HBksFQIYQGlnX2VwaGVtZXJhbC80RTQ3MTU4MERDMTEzRkJDNTcxMUNCREI1REUwQ0FBMV92aWRlb19kYXNoaW5pdC5tcDQVAALIARIAFQIYR2lnX3hwdl9yZWVsc19wZXJtYW5lbnRfc3JfcHJvZC8xODgzOTM0ODg1NzkyODg5XzkxMDI4MjIyOTg1MTI1MTIwNDUubXA0FQICyAESACgAGAAbAogHdXNlX29pbAExEnByb2dyZXNzaXZlX3JlY2lwZQExFQAAJoTBgJGov9kDFQIoAkMzLBdAU9EGJN0vGxgSZGFzaF9iYXNlbGluZV8xX3YxEQB1_gdl5p0BAA&_nc_gid=Uqh59uhPnK4olf_Uv_S3RA&_nc_ss=7a22e&_nc_zt=28&oh=00_AQA-DF9mpis1v6rZeKmPW-01xILcJzWLI_-40ZzIYquRng&oe=6A55BEE1
DKac9VBSzRv,https://www.instagram.com/reel/DKac9VBSzRv/,"É ridículo o Brasil ser líder global em jogos de apostas enquanto livrarias são fechadas porque “livro é caro”. No dia que vídeos como do Guilherme tiver mais likes do que posts de fofoca, é um SINAL que estamos avançando!",1748900655,479833,28175,101.51599884033203,clips,https://scontent-poa1-1.cdninstagram.com/o1/v/t2/f2/m367/AQOBvG3rDpDis5FLda90KqhJ-qfYTdF4epy4pddxd8ajygqwsFClVDRNC6VFoN7GPiBXdWozJ6teWnz1DEtV-VPeB9vGVDxk5y8iykE.mp4?_nc_cat=102&_nc_sid=5e9851&_nc_ht=scontent-poa1-1.cdninstagram.com&_nc_ohc=aZ_jlSdyL3oQ7kNvwHAPabh&efg=eyJ2ZW5jb2RlX3RhZyI6Inhwdl9wcm9ncmVzc2l2ZS5JTlNUQUdSQU0uQ0xJUFMuQzMuNzIwLmRhc2hfYmFzZWxpbmVfMV92MSIsInhwdl9hc3NldF9pZCI6MjQ0NTI2ODMxMjc2NjY5NTUsImFzc2V0X2FnZV9kYXlzIjo0MDEsInZpX3VzZWNhc2VfaWQiOjEwMDk5LCJkdXJhdGlvbl9zIjoxMDEsInVybGdlbl9zb3VyY2UiOiJ3d3cifQ%3D%3D&ccb=17-1&vs=5ac9c8331d678ca5&_nc_vs=HBksFQIYQGlnX2VwaGVtZXJhbC80NTRERDY5Q0E2RUY4NjMzNEJGRDRDRDJGRDc3MkI4N192aWRlb19kYXNoaW5pdC5tcDQVAALIARIAFQIYR2lnX3hwdl9yZWVsc19wZXJtYW5lbnRfc3JfcHJvZC8xNjY3NzE5MDUwNTIyOTc3XzI4NzgxOTI5MzkyMjYzMjYxODUubXA0FQICyAESACgAGAAbAogHdXNlX29pbAExEnByb2dyZXNzaXZlX3JlY2lwZQExFQAAJpbkibq-5e9WFQIoAkMzLBdAWWAAAAAAABgSZGFzaF9iYXNlbGluZV8xX3YxEQB1_gdl5p0BAA&_nc_gid=Uqh59uhPnK4olf_Uv_S3RA&_nc_ss=7a22e&_nc_zt=28&oh=00_AQAtWUMciKT_3iAd3U0VPQODbwlRGrZbYXLsztMrnTtLvw&oe=6A55E5FB
DKLBla1yAnY,https://www.instagram.com/reel/DKLBla1yAnY/,"A @larasantana é a melhor do mundo quando o assunto é gerar identificação e é surreal o tanto que eu já aprendi só observando ela, e você também deveria :) 🧡 Sem contar que eu amo quando vejo gente fazendo arte nas redes sociais usando apenas um celular, e ela faz magia por aqui!",1748382374,294333,8808,103.97699737548828,clips,https://scontent-poa1-1.cdninstagram.com/o1/v/t2/f2/m367/AQPcjYsUMqNH4ehalqukEbLQQimJRBmg76lgnHsnV4tOZsIHyTXKO6ylgPhBJn2M2zqEN4HAldFMO2P8jXF_CX45oXAJAH7BqjvgCiI.mp4?_nc_cat=106&_nc_sid=5e9851&_nc_ht=scontent-poa1-1.cdninstagram.com&_nc_ohc=6vS3aUWayOcQ7kNvwEj3_P_&efg=eyJ2ZW5jb2RlX3RhZyI6Inhwdl9wcm9ncmVzc2l2ZS5JTlNUQUdSQU0uQ0xJUFMuQzMuNzIwLmRhc2hfYmFzZWxpbmVfMV92MSIsInhwdl9hc3NldF9pZCI6MTY0MTc2NzAyOTgxODc2MiwiYXNzZXRfYWdlX2RheXMiOjQwNywidmlfdXNlY2FzZV9pZCI6MTAwOTksImR1cmF0aW9uX3MiOjEwMywidXJsZ2VuX3NvdXJjZSI6Ind3dyJ9&ccb=17-1&vs=a68674efcdda777f&_nc_vs=HBksFQIYQGlnX2VwaGVtZXJhbC9EODREQjJERDM0RDgwNTRDOTI5QkRENjcwMjM3MTVBMl92aWRlb19kYXNoaW5pdC5tcDQVAALIARIAFQIYR2lnX3hwdl9yZWVsc19wZXJtYW5lbnRfc3JfcHJvZC8xMzU0NDI5NDI5MDAzMTA2Xzg3ODQwODUxNzk2ODE3NDk0OTMubXA0FQICyAESACgAGAAbAogHdXNlX29pbAExEnByb2dyZXNzaXZlX3JlY2lwZQExFQAAJpSW7sm1y-oFFQIoAkMzLBdAWf3S8an75xgSZGFzaF9iYXNlbGluZV8xX3YxEQB1_gdl5p0BAA&_nc_gid=Uqh59uhPnK4olf_Uv_S3RA&_nc_ss=7a22e&_nc_zt=28&oh=00_AQBZgbk_hLH_eRO8EYTebIRRoRpUWo19ApfMuau5TvoEAA&oe=6A55E0AB
DKF38-eSkQz,https://www.instagram.com/reel/DKF38-eSkQz/,"todo CRIADOR começa sendo delirante 🔮 Ps: Isso não é um convite pra um desafio público, é um desafio que eu vou fazer comigo mesma - e você pode fazer com você.",1748209081,422443,38785,98.31099700927734,clips,https://scontent-poa1-1.cdninstagram.com/o1/v/t2/f2/m367/AQNJypAnf7nrsWqKw9SaDiTQqVp2jGBHmGM4D3WnBeOdvlZiBnV7VwOpC7PoOLp6V340HOgRkJVkig-SxdT3WQRTWRMH8w39W6sQ2yg.mp4?_nc_cat=101&_nc_sid=5e9851&_nc_ht=scontent-poa1-1.cdninstagram.com&_nc_ohc=MGVPbUKNZPcQ7kNvwFJy9CM&efg=eyJ2ZW5jb2RlX3RhZyI6Inhwdl9wcm9ncmVzc2l2ZS5JTlNUQUdSQU0uQ0xJUFMuQzMuNzIwLmRhc2hfYmFzZWxpbmVfMV92MSIsInhwdl9hc3NldF9pZCI6MTI0NDc4MjU4NDAxNjUzMCwiYXNzZXRfYWdlX2RheXMiOjQwOSwidmlfdXNlY2FzZV9pZCI6MTAwOTksImR1cmF0aW9uX3MiOjk4LCJ1cmxnZW5fc291cmNlIjoid3d3In0%3D&ccb=17-1&vs=9ad3267206415393&_nc_vs=HBksFQIYQGlnX2VwaGVtZXJhbC9BRTQ3RkU3RTY1ODI1MDEzMjFFNEMyMDIxQzZERDZBRl92aWRlb19kYXNoaW5pdC5tcDQVAALIARIAFQIYR2lnX3hwdl9yZWVsc19wZXJtYW5lbnRfc3JfcHJvZC8xMjIxMDU4NjEyMjg1OTM2XzYwMzcyNjE2MTI0NDA3OTYzODMubXA0FQICyAESACgAGAAbAogHdXNlX29pbAExEnByb2dyZXNzaXZlX3JlY2lwZQExFQAAJqS68fvwh7YEFQIoAkMzLBdAWJMzMzMzMxgSZGFzaF9iYXNlbGluZV8xX3YxEQB1_gdl5p0BAA&_nc_gid=Uqh59uhPnK4olf_Uv_S3RA&_nc_ss=7a22e&_nc_zt=28&oh=00_AQDlyRUVAUKndtfNuCcayINyu5hvWQt_EMByLsXFHQ7F8Q&oe=6A55C482
DKAx1t4SQqE,https://www.instagram.com/reel/DKAx1t4SQqE/,"Se eu fosse a Bettina - ou se fosse Criadora Criativa dela - criaria um Formato Criativo que usasse suas maiores armas: copy, lifestyle e ousadia! 🔥 E você? Quais são AS SUAS maiores forças? Quer minha ajuda? Em breve vou abrir algumas vagas pra minha formação, se inscreva no link da bio.",1748038199,190659,5436,100.7490005493164,clips,https://scontent-poa1-1.cdninstagram.com/o1/v/t2/f2/m367/AQPsqscmiaX8ZCsGGsD42kErNZw7m_FnWmpqWkp28hv_bRrjmk1g7_sQPJDCVd9Kec2cOOjJkZ9UzBI5Yota_LuL9mP-0c6Q3B5DOAs.mp4?_nc_cat=101&_nc_sid=5e9851&_nc_ht=scontent-poa1-1.cdninstagram.com&_nc_ohc=sqFSYmh5qboQ7kNvwEHyLaz&efg=eyJ2ZW5jb2RlX3RhZyI6Inhwdl9wcm9ncmVzc2l2ZS5JTlNUQUdSQU0uQ0xJUFMuQzMuNzIwLmRhc2hfYmFzZWxpbmVfMV92MSIsInhwdl9hc3NldF9pZCI6MTIzNzc0OTg5MTIzNDY0MSwiYXNzZXRfYWdlX2RheXMiOjQxMSwidmlfdXNlY2FzZV9pZCI6MTAwOTksImR1cmF0aW9uX3MiOjEwMCwidXJsZ2VuX3NvdXJjZSI6Ind3dyJ9&ccb=17-1&vs=399ca2d892bcdf9a&_nc_vs=HBksFQIYQGlnX2VwaGVtZXJhbC8zMzQ0NUMwMjI2M0JDNUI2MjVCM0UzREUwRjIzNTdBN192aWRlb19kYXNoaW5pdC5tcDQVAALIARIAFQIYR2lnX3hwdl9yZWVsc19wZXJtYW5lbnRfc3JfcHJvZC8xMDM3ODQwODQ3ODg4OTQ2Xzg2NjI0MTQ1NzM0Mjk2NTEyMzkubXA0FQICyAESACgAGAAbAogHdXNlX29pbAExEnByb2dyZXNzaXZlX3JlY2lwZQExFQAAJqLts6nD7rIEFQIoAkMzLBdAWS7peNT99BgSZGFzaF9iYXNlbGluZV8xX3YxEQB1_gdl5p0BAA&_nc_gid=BCEIRrYIcHJAvaWUPPqGgQ&_nc_ss=7a22e&_nc_zt=28&oh=00_AQBplwhl82zkxR4VXrrbhY75dFFvVnzqEYNTyVUDcpcDJw&oe=6A55CD96
DJ90SuySDHl,https://www.instagram.com/reel/DJ90SuySDHl/,"O Efeito @hotmart transformou completamente a minha realidade e gente quer saber como foi o seu. Conte sua história em reels ou stories e marque o @hotmart, eles estão loucos pra repostar a sua história 🧡",1747938677,167744,5788,89.58100128173828,clips,https://scontent-poa1-1.cdninstagram.com/o1/v/t2/f2/m367/AQM4WvdcLWYU6CWQ7N5gWS3C_oNbVehNJnKlKG6Y1DECzithdLNl2NI7T4os2bOMOSz8rfT10tSZ3GhtfegE5JGmSTJCiZbOhLTxEUg.mp4?_nc_cat=111&_nc_sid=5e9851&_nc_ht=scontent-poa1-1.cdninstagram.com&_nc_ohc=3EnW6B4PehcQ7kNvwH3uvcS&efg=eyJ2ZW5jb2RlX3RhZyI6Inhwdl9wcm9ncmVzc2l2ZS5JTlNUQUdSQU0uQ0xJUFMuQzMuNzIwLmRhc2hfYmFzZWxpbmVfMV92MSIsInhwdl9hc3NldF9pZCI6NzE1MTUxODMxMDYwMzQxLCJhc3NldF9hZ2VfZGF5cyI6NDEzLCJ2aV91c2VjYXNlX2lkIjoxMDA5OSwiZHVyYXRpb25fcyI6ODksInVybGdlbl9zb3VyY2UiOiJ3d3cifQ%3D%3D&ccb=17-1&vs=fff3878e2d79a31f&_nc_vs=HBksFQIYQGlnX2VwaGVtZXJhbC9BRTQ0MTQ1OUY5NDk5M0QwRUU0RTA2NDgwRDUxNzlBRl92aWRlb19kYXNoaW5pdC5tcDQVAALIARIAFQIYRmlnX3hwdl9yZWVsc19wZXJtYW5lbnRfc3JfcHJvZC82ODkyOTg3ODM5OTIxNTVfNDQwMTIxODAxNTc4MzUyNjUxNy5tcDQVAgLIARIAKAAYABsCiAd1c2Vfb2lsATEScHJvZ3Jlc3NpdmVfcmVjaXBlATEVAAAm6r3OraibxQIVAigCQzMsF0BWZDlYEGJOGBJkYXNoX2Jhc2VsaW5lXzFfdjERAHX-B2XmnQEA&_nc_gid=BCEIRrYIcHJAvaWUPPqGgQ&_nc_ss=7a22e&_nc_zt=28&oh=00_AQCXDrfOA3H6JMXLQwSVFB9g9DL8o1RwPMXs2B7DwlbyxQ&oe=6A55D44C
DJ5Jq_dNPeN,https://www.instagram.com/reel/DJ5Jq_dNPeN/,"Eu nuncaaaa perco um vídeo do @reis_raff, acho tudo surreal e não, eu não escrevo os roteiros dele. Isso é só uma piada interna 😅",1747782111,859598,53609,89.76599884033203,clips,https://scontent-poa1-1.cdninstagram.com/o1/v/t2/f2/m367/AQOuWKMUboJ_nQTtNlyhEj9ImmoI5csnZ77GAZ3_ZwDezx_8DvnWgo7lZKgbyMdgy-WNihaX6RQmXeE6bqi--LEwYE0_M3t76OdUB0I.mp4?_nc_cat=111&_nc_sid=5e9851&_nc_ht=scontent-poa1-1.cdninstagram.com&_nc_ohc=Tg4gvaEImsoQ7kNvwGoo1tG&efg=eyJ2ZW5jb2RlX3RhZyI6Inhwdl9wcm9ncmVzc2l2ZS5JTlNUQUdSQU0uQ0xJUFMuQzMuNzIwLmRhc2hfYmFzZWxpbmVfMV92MSIsInhwdl9hc3NldF9pZCI6MjQyNzg1OTgyMDkxMDI1MSwiYXNzZXRfYWdlX2RheXMiOjQxNCwidmlfdXNlY2FzZV9pZCI6MTAwOTksImR1cmF0aW9uX3MiOjg5LCJ1cmxnZW5fc291cmNlIjoid3d3In0%3D&ccb=17-1&vs=de4f11a5d55c5e05&_nc_vs=HBksFQIYQGlnX2VwaGVtZXJhbC9FMDQ1OEZFNjQ5NjBBMTA1QkY4MkI1OUVBQTFGMDlBQV92aWRlb19kYXNoaW5pdC5tcDQVAALIARIAFQIYRWlnX3hwdl9yZWVsc19wZXJtYW5lbnRfc3JfcHJvZC82NDU1NTAwNjE4MTQyODFfNjE4MTA0MTkwMjMwOTQzMTQ1Lm1wNBUCAsgBEgAoABgAGwKIB3VzZV9vaWwBMRJwcm9ncmVzc2l2ZV9yZWNpcGUBMRUAACbW2oSjhYjQCBUCKAJDMywXQFZxBiTdLxsYEmRhc2hfYmFzZWxpbmVfMV92MREAdf4HZeadAQA&_nc_gid=BCEIRrYIcHJAvaWUPPqGgQ&_nc_zt=28&_nc_ss=7a22e&oh=00_AQATEHve-2nZyFP_6zdeHw2OCUuQAFnOQ8o3c-Gc57YuJQ&oe=6A55B794
DJCDZ_HN4jE,https://www.instagram.com/reel/DJCDZ_HN4jE/,"Encontrar o formato mudou o meu jogo, mudou o jogo dos maiores da Internet e com certeza vai mudar o seu. Existe um método pra isso e você tem até hoje (29) até as 23h59 pra ter acesso a esse método. Basta tocar no link da minha bio.",1745933200,154525,3861,98.70600128173828,clips,https://scontent-poa1-1.cdninstagram.com/o1/v/t2/f2/m367/AQMwP5TSKgvW7dgOh1ZEI9HBCdEObgo26ogwbksdoeise46wyAOenjtFqetwlRAP1d4bFFFaw5fMRNEo09Uu4u_Z0ypaSPpagzhsQu0.mp4?_nc_cat=105&_nc_sid=5e9851&_nc_ht=scontent-poa1-1.cdninstagram.com&_nc_ohc=SeSw-xVJbSIQ7kNvwEZ9g9j&efg=eyJ2ZW5jb2RlX3RhZyI6Inhwdl9wcm9ncmVzc2l2ZS5JTlNUQUdSQU0uQ0xJUFMuQzMuNzIwLmRhc2hfYmFzZWxpbmVfMV92MSIsInhwdl9hc3NldF9pZCI6NjkxMDU5MjEzNDc4MzQzLCJhc3NldF9hZ2VfZGF5cyI6NDM2LCJ2aV91c2VjYXNlX2lkIjoxMDA5OSwiZHVyYXRpb25fcyI6OTgsInVybGdlbl9zb3VyY2UiOiJ3d3cifQ%3D%3D&ccb=17-1&vs=2d81df1ef4aa18b0&_nc_vs=HBksFQIYQGlnX2VwaGVtZXJhbC85NzQyRkYwQ0JBNUJCOENBODlGOEE2MDg1MzBEOUZBN192aWRlb19kYXNoaW5pdC5tcDQVAALIARIAFQIYR2lnX3hwdl9yZWVsc19wZXJtYW5lbnRfc3JfcHJvZC8zMTcwNjMxNzE5NzUxNDY1XzczMjM4Nzk2NTQ5MzEzMzQxOTgubXA0FQICyAESACgAGAAbAogHdXNlX29pbAExEnByb2dyZXNzaXZlX3JlY2lwZQExFQAAJo6nga_4oLoCFQIoAkMzLBdAWKzMzMzMzRgSZGFzaF9iYXNlbGluZV8xX3YxEQB1_gdl5p0BAA&_nc_gid=BCEIRrYIcHJAvaWUPPqGgQ&_nc_ss=7a22e&_nc_zt=28&oh=00_AQAk__4fNHFA5pKOvBaIIPjt99vXmldQ5ek6fe_gerGIvA&oe=6A55D632
DI2H-mfym3q,https://www.instagram.com/reel/DI2H-mfym3q/,"Siiiim! Eu gravei os bastidores de gravação dos meus melhores vídeos e você tem a oportunidade de ser quase como uma visita aqui em casa em dias de gravação. Você tem até o dia 29 pra fazer parte dessa turma, pra participar é só tocar no link da minha bio.",1745533034,313223,7122,66.10700225830078,clips,https://scontent-poa1-1.cdninstagram.com/o1/v/t2/f2/m367/AQMYXLpSN_QzNMyD-MIMbrH3gYuSz3LaskMgzf7DW1wowuojT2nB7Z6fx-ctXzdb-j30C9B8jDYLsNwu5U_pAbXuDDcNy43FHQaLjKg.mp4?_nc_cat=111&_nc_sid=5e9851&_nc_ht=scontent-poa1-1.cdninstagram.com&_nc_ohc=jrlbzSGsydMQ7kNvwFPVxQO&efg=eyJ2ZW5jb2RlX3RhZyI6Inhwdl9wcm9ncmVzc2l2ZS5JTlNUQUdSQU0uQ0xJUFMuQzMuNzIwLmRhc2hfYmFzZWxpbmVfMV92MSIsInhwdl9hc3NldF9pZCI6MTM5MTcwNzYyODYyOTMwNCwiYXNzZXRfYWdlX2RheXMiOjQ0MCwidmlfdXNlY2FzZV9pZCI6MTAwOTksImR1cmF0aW9uX3MiOjY2LCJ1cmxnZW5fc291cmNlIjoid3d3In0%3D&ccb=17-1&vs=388b74a6811012cd&_nc_vs=HBksFQIYQGlnX2VwaGVtZXJhbC82ODQ3NTNBOEFBRkYyNzMzNzNCRUI1RjIwMTZGQkNCMl92aWRlb19kYXNoaW5pdC5tcDQVAALIARIAFQIYRmlnX3hwdl9yZWVsc19wZXJtYW5lbnRfc3JfcHJvZC85OTM1NzE1OTk1OTc5ODVfODEyMzM5MzQxODg0NDEwNTY3My5tcDQVAgLIARIAKAAYABsCiAd1c2Vfb2lsATEScHJvZ3Jlc3NpdmVfcmVjaXBlATEVAAAm8LSv7YXw-AQVAigCQzMsF0BQhmZmZmZmGBJkYXNoX2Jhc2VsaW5lXzFfdjERAHX-B2XmnQEA&_nc_gid=BCEIRrYIcHJAvaWUPPqGgQ&_nc_ss=7a22e&_nc_zt=28&oh=00_AQCX9eYbz0JhAG8b5tvemaeg1oP7oonI8R18f9H5Itm2HA&oe=6A55B278
DIw1omFS2Xs,https://www.instagram.com/reel/DIw1omFS2Xs/,"você pode copiar o ✨formato do momento✨ - mas se copiar do jeito certo é muito melhor! pra aprender a encontrar O SEU formato e passar a ser o copiado, escreva CRIADOR CRIATIVO- você só tem até dia 29 pra fazer parte!",1745355638,1061729,33889,80.77999877929688,clips,https://scontent-poa1-1.cdninstagram.com/o1/v/t2/f2/m367/AQNLhZqONFXqTbVWQVNef28MMSfKOPLfSKGDvObw4Mf5wZIUQqrC7DmgEwUPBLSQ9nBEuL9R8L8WiUSnlekRX7oCnPI3J6JMWQgVuUA.mp4?_nc_cat=108&_nc_sid=5e9851&_nc_ht=scontent-poa1-1.cdninstagram.com&_nc_ohc=ZZSKn56az58Q7kNvwFXwu3f&efg=eyJ2ZW5jb2RlX3RhZyI6Inhwdl9wcm9ncmVzc2l2ZS5JTlNUQUdSQU0uQ0xJUFMuQzMuNzIwLmRhc2hfYmFzZWxpbmVfMV92MSIsInhwdl9hc3NldF9pZCI6MTg1NDA2MTMzNTM5MjQ1MiwiYXNzZXRfYWdlX2RheXMiOjQ0MiwidmlfdXNlY2FzZV9pZCI6MTAwOTksImR1cmF0aW9uX3MiOjgwLCJ1cmxnZW5fc291cmNlIjoid3d3In0%3D&ccb=17-1&vs=a785ab653e27e403&_nc_vs=HBksFQIYQGlnX2VwaGVtZXJhbC84OTRGMTZBNkFERjcwREU5RjRBOTY0OTZFODhBQTZCQ192aWRlb19kYXNoaW5pdC5tcDQVAALIARIAFQIYR2lnX3hwdl9yZWVsc19wZXJtYW5lbnRfc3JfcHJvZC8yNTQyNDEzNTcyNzY3NzA2XzU2NjAwODk5MDM0NzEyMTEwOTMubXA0FQICyAESACgAGAAbAogHdXNlX29pbAExEnByb2dyZXNzaXZlX3JlY2lwZQExFQAAJojDzbTJkMsGFQIoAkMzLBdAVDEGJN0vGxgSZGFzaF9iYXNlbGluZV8xX3YxEQB1_gdl5p0BAA&_nc_gid=BCEIRrYIcHJAvaWUPPqGgQ&_nc_ss=7a22e&_nc_zt=28&oh=00_AQAuxt8EOSMlofj9rNVjkHx3VW6nQBq2jRC44jotoN7fiw&oe=6A55CB1D
DIl2Givxl8F,https://www.instagram.com/reel/DIl2Givxl8F/,"E aii, quer entrar em um caso de amor com o Algoritmo do insta e da rede vizinha? É exatamente isso que vai acontecer quando você se tornar um Criador Criativo. Pra fazer parte dessa turma é só tocar no link da minha bio ou escrever “Criador Criativo” nos comentários.",1744986934,974614,21054,92.9010009765625,clips,https://scontent-poa1-1.cdninstagram.com/o1/v/t2/f2/m367/AQO9kOnS7QFtNIrAg_hLUdRZ1WKZEIQ_NNo_rHC5W4J1BNWjEwR1dKRyGYa_JQVXW6rsHZ3n-Vr9oFnKzR44Bsz0VlOqQqILoSI0JJ8.mp4?_nc_cat=107&_nc_sid=5e9851&_nc_ht=scontent-poa1-1.cdninstagram.com&_nc_ohc=bSpKCEzkIrQQ7kNvwHjI5xu&efg=eyJ2ZW5jb2RlX3RhZyI6Inhwdl9wcm9ncmVzc2l2ZS5JTlNUQUdSQU0uQ0xJUFMuQzMuNzIwLmRhc2hfYmFzZWxpbmVfMV92MSIsInhwdl9hc3NldF9pZCI6MTU5MjQxMTA3MTQ3MzI2OCwiYXNzZXRfYWdlX2RheXMiOjQ0NywidmlfdXNlY2FzZV9pZCI6MTAwOTksImR1cmF0aW9uX3MiOjkyLCJ1cmxnZW5fc291cmNlIjoid3d3In0%3D&ccb=17-1&vs=83d070692eeab4f0&_nc_vs=HBksFQIYQGlnX2VwaGVtZXJhbC80MDRFQUU5QkIyREQyMDUxNDAwNzlCNUFGQTY4RjZBRV92aWRlb19kYXNoaW5pdC5tcDQVAALIARIAFQIYR2lnX3hwdl9yZWVsc19wZXJtYW5lbnRfc3JfcHJvZC8yMjE2OTUwNjU1MzY4NTA1XzcyMDAxNDU4OTA3MDg3MDEzODkubXA0FQICyAESACgAGAAbAogHdXNlX29pbAExEnByb2dyZXNzaXZlX3JlY2lwZQExFQAAJuiZg4TDktQFFQIoAkMzLBdAVzmZmZmZmhgSZGFzaF9iYXNlbGluZV8xX3YxEQB1_gdl5p0BAA&_nc_gid=BCEIRrYIcHJAvaWUPPqGgQ&_nc_ss=7a22e&_nc_zt=28&oh=00_AQBOKv9QjouFrrEOystFh3a0zzV4vhBSUYq4lIMNiB7JQA&oe=6A55B2B8
DIejutmPO2b,https://www.instagram.com/reel/DIejutmPO2b/,você não precisa escolher entre VIRALIZAR ou FAZER DINHEIRO - na Formação Criador Criativo eu te ensino a fazer os 2.,1744742579,110771,2627,98.98500061035156,clips,https://scontent-poa1-1.cdninstagram.com/o1/v/t2/f2/m367/AQNGW-afoQlnXsUgy919j_OdpDT-fEAr8iExmkJXbMCq4cD4DKdKNJzVhLyqyOxkgocuTsEJuPtmZevRmQSDYyClqg_hDLuvCEVIaLI.mp4?_nc_cat=111&_nc_sid=5e9851&_nc_ht=scontent-poa1-1.cdninstagram.com&_nc_ohc=J55Kp5KPpqQQ7kNvwEAkMjK&efg=eyJ2ZW5jb2RlX3RhZyI6Inhwdl9wcm9ncmVzc2l2ZS5JTlNUQUdSQU0uQ0xJUFMuQzMuNzIwLmRhc2hfYmFzZWxpbmVfMV92MSIsInhwdl9hc3NldF9pZCI6MTAxOTMwOTc1MDEyOTgyMSwiYXNzZXRfYWdlX2RheXMiOjQ1MCwidmlfdXNlY2FzZV9pZCI6MTAwOTksImR1cmF0aW9uX3MiOjk4LCJ1cmxnZW5fc291cmNlIjoid3d3In0%3D&ccb=17-1&vs=14dfe235d18e5ade&_nc_vs=HBksFQIYQGlnX2VwaGVtZXJhbC85NzQwOTYwNUQ2N0YxNTM2QjQ4QjBGMDBCMTRGRUVBQ192aWRlb19kYXNoaW5pdC5tcDQVAALIARIAFQIYR2lnX3hwdl9yZWVsc19wZXJtYW5lbnRfc3JfcHJvZC8xMzYyOTIzNjg0OTA5MDc0XzQyNDEyODIwNjQxNzExNjY3NTAubXA0FQICyAESACgAGAAbAogHdXNlX29pbAExEnByb2dyZXNzaXZlX3JlY2lwZQExFQAAJrrSlLnRw88DFQIoAkMzLBdAWL3S8an75xgSZGFzaF9iYXNlbGluZV8xX3YxEQB1_gdl5p0BAA&_nc_gid=BCEIRrYIcHJAvaWUPPqGgQ&_nc_ss=7a22e&_nc_zt=28&oh=00_AQBSe0jmmUmyPelZtJFISZyZsXIJZFtxDoDRwlLyZ4uINQ&oe=6A55B7A8
DIcRIOuyek6,https://www.instagram.com/reel/DIcRIOuyek6/,"imagina ser uma visita aqui em casa em dias de gravações? vc vai entender como gravamos não só 1, mas todos os 16 formatos criativos que fizemos no desafio. é isso é o que acontece no módulo bônus de criador criativo!",1744665633,128668,2160,80.33899688720703,clips,https://scontent-poa1-1.cdninstagram.com/o1/v/t2/f2/m367/AQPPTL3W2eCGH4hmCvo6UBbJU2QxlU72_ey-1YS_b-77bgiMB_rKd86dmY3CJiXvcpCqzCO8Shpf3yGzM1Id5gb4QmPHK04D5ypQWsg.mp4?_nc_cat=102&_nc_sid=5e9851&_nc_ht=scontent-poa1-1.cdninstagram.com&_nc_ohc=5RQdInand-QQ7kNvwHgEvzh&efg=eyJ2ZW5jb2RlX3RhZyI6Inhwdl9wcm9ncmVzc2l2ZS5JTlNUQUdSQU0uQ0xJUFMuQzMuNzIwLmRhc2hfYmFzZWxpbmVfMV92MSIsInhwdl9hc3NldF9pZCI6NjExMjkyNzU4NzM5NzgxLCJhc3NldF9hZ2VfZGF5cyI6NDUwLCJ2aV91c2VjYXNlX2lkIjoxMDA5OSwiZHVyYXRpb25fcyI6ODAsInVybGdlbl9zb3VyY2UiOiJ3d3cifQ%3D%3D&ccb=17-1&vs=397957f3cdfeb3ec&_nc_vs=HBksFQIYQGlnX2VwaGVtZXJhbC83NTQ2RUIwNUZCMTMxMDdGNzU4M0VCQzRBNjlGMzlBMF92aWRlb19kYXNoaW5pdC5tcDQVAALIARIAFQIYR2lnX3hwdl9yZWVsc19wZXJtYW5lbnRfc3JfcHJvZC8xMTg4Nzk1MjQ1NzU3NTExXzQ1OTkxODQ3NTAxNDA0ODE2MjEubXA0FQICyAESACgAGAAbAogHdXNlX29pbAExEnByb2dyZXNzaXZlX3JlY2lwZQExFQAAJoqt6Pv1_ZUCFQIoAkMzLBdAVBVP3ztkWhgSZGFzaF9iYXNlbGluZV8xX3YxEQB1_gdl5p0BAA&_nc_gid=BCEIRrYIcHJAvaWUPPqGgQ&_nc_ss=7a22e&_nc_zt=28&oh=00_AQBejbf-z-fh7vl1-5zF0-v2VpdijkdndEBzzpCpYJ_5sA&oe=6A55B1AF
DIZkZLJywMy,https://www.instagram.com/reel/DIZkZLJywMy/,"nós somos criadores - e lembrar disso todos os dias te dá poderes mágicos! você é tão poderoso que se disser que não consegue, você não consegue… (não precisa fazer tatuagem - mas pode, se quiser 🤷🏼‍♀️ bora na missão do milhão comigo? 🖤",1744575407,1007226,28613,95.61799621582031,clips,https://scontent-poa1-1.cdninstagram.com/o1/v/t2/f2/m86/AQMBG0bFjO24I7bpjWSsrZ08zmt2wqLTeTm9jufm42OzZxunYhoyv1OkTOHGqykN71HLEiLtO2GvAZ9aubMsTqtI-Y9CHHJMTtubhIg.mp4?_nc_cat=107&_nc_sid=5e9851&_nc_ht=scontent-poa1-1.cdninstagram.com&_nc_ohc=DB4NUE5SJhgQ7kNvwEw4DAe&efg=eyJ2ZW5jb2RlX3RhZyI6Inhwdl9wcm9ncmVzc2l2ZS5JTlNUQUdSQU0uQ0xJUFMuQzMuMzYwLmRhc2hfYmFzZWxpbmVfM192MSIsInhwdl9hc3NldF9pZCI6NjE3MjIzMjg0NjI3ODQxLCJhc3NldF9hZ2VfZGF5cyI6NDUxLCJ2aV91c2VjYXNlX2lkIjoxMDA5OSwiZHVyYXRpb25fcyI6OTUsInVybGdlbl9zb3VyY2UiOiJ3d3cifQ%3D%3D&ccb=17-1&vs=91f34cb2f9c3c30c&_nc_vs=HBksFQIYUmlnX3hwdl9yZWVsc19wZXJtYW5lbnRfc3JfcHJvZC82RTRERTM5QjAzQzIyN0ZEMDI5Q0M1Rjg4RTUzOEQ4QV92aWRlb19kYXNoaW5pdC5tcDQVAALIARIAFQIYR2lnX3hwdl9yZWVsc19wZXJtYW5lbnRfc3JfcHJvZC85NDYzOTc2MjkwMzA0OTU4XzI2NDA4ODIxNTc2NjQ1ODk4MzMubXA0FQICyAESACgAGAAbAogHdXNlX29pbAExEnByb2dyZXNzaXZlX3JlY2lwZQExFQAAJoLmhOqP15gCFQIoAkMzLBdAV-ZmZmZmZhgSZGFzaF9iYXNlbGluZV8zX3YxEQB1_gdl5p0BAA&_nc_gid=BCEIRrYIcHJAvaWUPPqGgQ&_nc_ss=7a22e&_nc_zt=28&oh=00_AQBvNKDykebSKsKwXWhdb_p7flAht9nDQ_B4gcHwyEeY6w&oe=6A51DDC0
DIMGov0x5gT,https://www.instagram.com/reel/DIMGov0x5gT/,Hoje 19:16 vamos encaixar as peças que estavam faltando e dar clareza do quebra cabeça montado! 🧩,1744123052,169316,4941,81.22100067138672,clips,https://scontent-poa1-1.cdninstagram.com/o1/v/t2/f2/m367/AQPtvGJTFuKKTQtGDdRcHIVv0jRKBRyeagYOw_71S2YRLtFrQFhfrsIUOnY-YssWyamTB7tqEmCEIr0-RbNqpZ2jPtyFVgHI_aGM4QI.mp4?_nc_cat=105&_nc_sid=5e9851&_nc_ht=scontent-poa1-1.cdninstagram.com&_nc_ohc=IhKyaG4IijAQ7kNvwGjH-Ag&efg=eyJ2ZW5jb2RlX3RhZyI6Inhwdl9wcm9ncmVzc2l2ZS5JTlNUQUdSQU0uQ0xJUFMuQzMuNzIwLmRhc2hfYmFzZWxpbmVfMV92MSIsInhwdl9hc3NldF9pZCI6MTEwMjUwMTc1NTI1NTUwMywiYXNzZXRfYWdlX2RheXMiOjQ1NywidmlfdXNlY2FzZV9pZCI6MTAwOTksImR1cmF0aW9uX3MiOjgxLCJ1cmxnZW5fc291cmNlIjoid3d3In0%3D&ccb=17-1&vs=e17fed6adad8ae5e&_nc_vs=HBksFQIYQGlnX2VwaGVtZXJhbC9CMzRDNDlBNjk5NjNFMTZBRjQwOTY3M0ExMTc5RDVCOV92aWRlb19kYXNoaW5pdC5tcDQVAALIARIAFQIYR2lnX3hwdl9yZWVsc19wZXJtYW5lbnRfc3JfcHJvZC8yNTUyNDgzMDgxNjIxMTUyXzgyNjI1MTc1MjkwMDI0MjUwNTgubXA0FQICyAESACgAGAAbAogHdXNlX29pbAExEnByb2dyZXNzaXZlX3JlY2lwZQExFQAAJp7r45eGrvUDFQIoAkMzLBdAVEzMzMzMzRgSZGFzaF9iYXNlbGluZV8xX3YxEQB1_gdl5p0BAA&_nc_gid=BCEIRrYIcHJAvaWUPPqGgQ&_nc_ss=7a22e&_nc_zt=28&oh=00_AQD4CO-EVAAYfo5uTO5KVRyAjC8ELBRG77UGuspaTjeZMQ&oe=6A55CFFA
DIKQewJyI3K,https://www.instagram.com/reel/DIKQewJyI3K/,"chegou o dia da TELA VERDE, esse é o formato criativo de hoje, bora testar??",1744061022,1301480,58187,91.11299896240234,clips,https://scontent-poa1-1.cdninstagram.com/o1/v/t2/f2/m367/AQMkfhMAg_Z0G2HyXrpywc1AyTf9aTu6FkgP5p1Cnd_eBqugeB-mQ5ilhyb6lYQIQmZv8vZlq1sCbj-oB9cAR9Zpd0p3u8ZcSDnOJlk.mp4?_nc_cat=103&_nc_sid=5e9851&_nc_ht=scontent-poa1-1.cdninstagram.com&_nc_ohc=kJO3T5JbErsQ7kNvwEr874y&efg=eyJ2ZW5jb2RlX3RhZyI6Inhwdl9wcm9ncmVzc2l2ZS5JTlNUQUdSQU0uQ0xJUFMuQzMuNzIwLmRhc2hfYmFzZWxpbmVfMV92MSIsInhwdl9hc3NldF9pZCI6OTQ0ODc3ODEwODU0OTEyLCJhc3NldF9hZ2VfZGF5cyI6NDU3LCJ2aV91c2VjYXNlX2lkIjoxMDA5OSwiZHVyYXRpb25fcyI6OTEsInVybGdlbl9zb3VyY2UiOiJ3d3cifQ%3D%3D&ccb=17-1&vs=81d188d06504a75d&_nc_vs=HBksFQIYQGlnX2VwaGVtZXJhbC8wODRCMkVGRjY1RkZEQjY0RDBDNjVGNkVGOTQxQUY5Ml92aWRlb19kYXNoaW5pdC5tcDQVAALIARIAFQIYR2lnX3hwdl9yZWVsc19wZXJtYW5lbnRfc3JfcHJvZC8xMDYxODkzMTU5MzE5NzM1XzUzMjMxMjM3OTA1MzAzNDQ4OTIubXA0FQICyAESACgAGAAbAogHdXNlX29pbAExEnByb2dyZXNzaXZlX3JlY2lwZQExFQAAJoCwraSQ160DFQIoAkMzLBdAVsZmZmZmZhgSZGFzaF9iYXNlbGluZV8xX3YxEQB1_gdl5p0BAA&_nc_gid=BCEIRrYIcHJAvaWUPPqGgQ&_nc_ss=7a22e&_nc_zt=28&oh=00_AQDCs_w_482xz1oI66Req7CVtU_eRVfrn5fkLgPRepjX-w&oe=6A55B48C
DIJX3ygRtiF,https://www.instagram.com/reel/DIJX3ygRtiF/,O formato do dia é NARRADO! um dos que mais abre espaço pra sua criatividade e personalidade - já que temos muitas possibilidades pra seguir! Bora testar esse formato?,1744031376,187209,6640,89.9520034790039,clips,https://scontent-poa1-1.cdninstagram.com/o1/v/t2/f2/m367/AQPxL9UzkaLIObAi8FaeQATv4L5IMiy61m_H9tIUzPsUvxGTYvAJ3aQNfmiHpO9Nde2YJ3IfCfmwmj2yEVy_ZTanQs2J91HHrxV0vkk.mp4?_nc_cat=106&_nc_sid=5e9851&_nc_ht=scontent-poa1-1.cdninstagram.com&_nc_ohc=Agrf6Lh5D3wQ7kNvwFxoC0j&efg=eyJ2ZW5jb2RlX3RhZyI6Inhwdl9wcm9ncmVzc2l2ZS5JTlNUQUdSQU0uQ0xJUFMuQzMuNzIwLmRhc2hfYmFzZWxpbmVfMV92MSIsInhwdl9hc3NldF9pZCI6MTczMjIxMTg2MTA1NTM4MiwiYXNzZXRfYWdlX2RheXMiOjQ1OCwidmlfdXNlY2FzZV9pZCI6MTAwOTksImR1cmF0aW9uX3MiOjg5LCJ1cmxnZW5fc291cmNlIjoid3d3In0%3D&ccb=17-1&vs=18febb97d95d4564&_nc_vs=HBksFQIYQGlnX2VwaGVtZXJhbC9BMTRFMzc3NTM1NjlDMTFFRjk2QUNDMzc4RjI4NzY4Ql92aWRlb19kYXNoaW5pdC5tcDQVAALIARIAFQIYRmlnX3hwdl9yZWVsc19wZXJtYW5lbnRfc3JfcHJvZC82NjgzNzgxMjU4MjM2NzlfMzM2ODIxMDQwNzYwMjY0Nzc1Mi5tcDQVAgLIARIAKAAYABsCiAd1c2Vfb2lsATEScHJvZ3Jlc3NpdmVfcmVjaXBlATEVAAAmrJ67ioDckwYVAigCQzMsF0BWe7ZFocrBGBJkYXNoX2Jhc2VsaW5lXzFfdjERAHX-B2XmnQEA&_nc_gid=ieIkuRwnvY6JnOi7v6kM5Q&_nc_ss=7a22e&_nc_zt=28&oh=00_AQAQjlYWp_pQBjs4P9sLPVIUJagZO2IrLrnaVGdZ_btD-A&oe=6A55E7CB
DIHo6xWy4GE,https://www.instagram.com/reel/DIHo6xWy4GE/,"O Formato Criativo de hoje eu chamo de Charlie Chaplin - quando você, em mudo, tem um diálogo com outra pessoa e aparecem legendas para o público acompanhar! EU AMO! Bora testar esse formato?",1743973173,128642,3,60.53300094604492,clips,https://scontent-poa1-1.cdninstagram.com/o1/v/t2/f2/m367/AQO5P0Qb3XKuXcETdXxjlep3rCU3QfivesVHLG0pgPsd9B1WfRqZtJk0Eqf0WFe64ogT-kcq0tsMHfv3YxnLpfp6rv01yq1RWx2_sPM.mp4?_nc_cat=105&_nc_sid=5e9851&_nc_ht=scontent-poa1-1.cdninstagram.com&_nc_ohc=sm_O0xfLP1sQ7kNvwFU2-0x&efg=eyJ2ZW5jb2RlX3RhZyI6Inhwdl9wcm9ncmVzc2l2ZS5JTlNUQUdSQU0uQ0xJUFMuQzMuNzIwLmRhc2hfYmFzZWxpbmVfMV92MSIsInhwdl9hc3NldF9pZCI6MTkwMTUzNjE5NzMyMTMzNSwiYXNzZXRfYWdlX2RheXMiOjQ1OCwidmlfdXNlY2FzZV9pZCI6MTAwOTksImR1cmF0aW9uX3MiOjYwLCJ1cmxnZW5fc291cmNlIjoid3d3In0%3D&ccb=17-1&vs=a3782d4b47ab5935&_nc_vs=HBksFQIYQGlnX2VwaGVtZXJhbC8yRDQ3NTA1MDc3OTQwODIzNzMyQUFERjU4MTA2QzhCRF92aWRlb19kYXNoaW5pdC5tcDQVAALIARIAFQIYRmlnX3hwdl9yZWVsc19wZXJtYW5lbnRfc3JfcHJvZC82ODQxNzcyNTc0ODE0NTlfMjk1MDI1MTQ1MjQ1MTcxMjA1Ni5tcDQVAgLIARIAKAAYABsCiAd1c2Vfb2lsATEScHJvZ3Jlc3NpdmVfcmVjaXBlATEVAAAm7omN2fzb4AYVAigCQzMsF0BORDlYEGJOGBJkYXNoX2Jhc2VsaW5lXzFfdjERAHX-B2XmnQEA&_nc_gid=ieIkuRwnvY6JnOi7v6kM5Q&_nc_ss=7a22e&_nc_zt=28&oh=00_AQADDQUw5r7o3KH3mybZN0tskisbLOWIr2WCX-9yqNsOQg&oe=6A55D02A
DIEkeLXRXBd,https://www.instagram.com/reel/DIEkeLXRXBd/,O formato criativo do dia 12 é: VLOG! E esses são os 3 pontos que você não pode esquecer na hora de fazer o seu! Bora esse formato?? 🤎,1743870300,121207,3298,89.88200378417969,clips,https://scontent-poa1-1.cdninstagram.com/o1/v/t2/f2/m367/AQNEKM6iYzxYGV42CpLNBy5qxr3AmN-8oAP4WTN1zS-p-m_ZxXfA-gnDTdauC6Er_E5DN2tRQb4jFABPB5yl3uaZ-4gcHo_Rq1qVSVI.mp4?_nc_cat=104&_nc_sid=5e9851&_nc_ht=scontent-poa1-1.cdninstagram.com&_nc_ohc=c03WEAMFlLwQ7kNvwGFI8fy&efg=eyJ2ZW5jb2RlX3RhZyI6Inhwdl9wcm9ncmVzc2l2ZS5JTlNUQUdSQU0uQ0xJUFMuQzMuNzIwLmRhc2hfYmFzZWxpbmVfMV92MSIsInhwdl9hc3NldF9pZCI6MTE4MjE2ODE2MDIyOTcyMiwiYXNzZXRfYWdlX2RheXMiOjQ2MCwidmlfdXNlY2FzZV9pZCI6MTAwOTksImR1cmF0aW9uX3MiOjg5LCJ1cmxnZW5fc291cmNlIjoid3d3In0%3D&ccb=17-1&vs=4d1260cc78d4eb8&_nc_vs=HBksFQIYQGlnX2VwaGVtZXJhbC8xRjQyMDlBMjk0MDUxODQ1RjExM0YxREM4NjU4QTk4NF92aWRlb19kYXNoaW5pdC5tcDQVAALIARIAFQIYR2lnX3hwdl9yZWVsc19wZXJtYW5lbnRfc3JfcHJvZC8zODI3MDUxNDU0MjEyODE1XzgxMDY0NjQ5MjkwMzQ4NjIzNTQubXA0FQICyAESACgAGAAbAogHdXNlX29pbAExEnByb2dyZXNzaXZlX3JlY2lwZQExFQAAJrTlipSfy5kEFQIoAkMzLBdAVndsi0OVgRgSZGFzaF9iYXNlbGluZV8xX3YxEQB1_gdl5p0BAA&_nc_gid=ieIkuRwnvY6JnOi7v6kM5Q&_nc_ss=7a22e&_nc_zt=28&oh=00_AQAG9OGwXODErtQsQGU81gLwLDfBTeO1BzclKx3rKe5uFg&oe=6A55C9ED
DIAA4xfyVME,https://www.instagram.com/reel/DIAA4xfyVME/,"ele sabe o que faz! por isso é um dos criadores que cresce infinitamente - @bomtalvao é dono de alguns formatos criativos virais, já achou o seu? O Formato Criativo de hoje é ANÁLISE!!! Bora testar esse formato?",1743717387,337443,14357,103.3499984741211,clips,https://scontent-poa1-1.cdninstagram.com/o1/v/t2/f2/m367/AQPSCaHx59qRb-qbGNOd12p9pWUu7te4pw6zySgxD8ts5AK7boFogVzNrEcpsQS1KPvXX2diyfeTTrN4V4QKLgqSQFJ-alV8OY8X7RA.mp4?_nc_cat=102&_nc_sid=5e9851&_nc_ht=scontent-poa1-1.cdninstagram.com&_nc_ohc=kUM4-p8lRegQ7kNvwGz8AQ2&efg=eyJ2ZW5jb2RlX3RhZyI6Inhwdl9wcm9ncmVzc2l2ZS5JTlNUQUdSQU0uQ0xJUFMuQzMuNzIwLmRhc2hfYmFzZWxpbmVfMV92MSIsInhwdl9hc3NldF9pZCI6MTAxMjY3MDc0MzU4NDEyMiwiYXNzZXRfYWdlX2RheXMiOjQ2MSwidmlfdXNlY2FzZV9pZCI6MTAwOTksImR1cmF0aW9uX3MiOjEwMywidXJsZ2VuX3NvdXJjZSI6Ind3dyJ9&ccb=17-1&vs=cc990ee4d0c6d4f7&_nc_vs=HBksFQIYQGlnX2VwaGVtZXJhbC84RDRGRUI3MTg0QURBMjc5NDZBRDI3Q0I1OEExNjJCRF92aWRlb19kYXNoaW5pdC5tcDQVAALIARIAFQIYRmlnX3hwdl9yZWVsc19wZXJtYW5lbnRfc3JfcHJvZC80NDY1MDcxNTE4NjY0MDhfODE1Mjc3OTI1Mjc1MjcyMTE3NC5tcDQVAgLIARIAKAAYABsCiAd1c2Vfb2lsATEScHJvZ3Jlc3NpdmVfcmVjaXBlATEVAAAm9PWQ_5jBzAMVAigCQzMsF0BZ1U_fO2RaGBJkYXNoX2Jhc2VsaW5lXzFfdjERAHX-B2XmnQEA&_nc_gid=ieIkuRwnvY6JnOi7v6kM5Q&_nc_ss=7a22e&_nc_zt=28&oh=00_AQBKm6zdo8E0JLJxJNNv3wsksZJ1GzAI-5fRfAI49uPd1w&oe=6A55D12F
DH9ZME7SL5K,https://www.instagram.com/reel/DH9ZME7SL5K/,"Paulistas, é só brincadeirinha 🫶🏼 - pq o Formato Criativo do DIA 10 é palestrinha!!! Bora testar esse formato?",1743629428,203608,7988,89.48799896240234,clips,https://scontent-poa1-1.cdninstagram.com/o1/v/t2/f2/m367/AQP4OslySLp9IMfqibsASPaUs1ELke9Ylc5zz9SFFFcI86mnSw8LWyEQF2MN8arXUgnjC7ADpEBQnaukuqHOOvb5YwwqNnkyCQpuENQ.mp4?_nc_cat=108&_nc_sid=5e9851&_nc_ht=scontent-poa1-1.cdninstagram.com&_nc_ohc=uIaLHcv3RHEQ7kNvwE-eNrN&efg=eyJ2ZW5jb2RlX3RhZyI6Inhwdl9wcm9ncmVzc2l2ZS5JTlNUQUdSQU0uQ0xJUFMuQzMuNzIwLmRhc2hfYmFzZWxpbmVfMV92MSIsInhwdl9hc3NldF9pZCI6MTA0ODUwNTY4NzEwMDA5MCwiYXNzZXRfYWdlX2RheXMiOjQ2MiwidmlfdXNlY2FzZV9pZCI6MTAwOTksImR1cmF0aW9uX3MiOjg5LCJ1cmxnZW5fc291cmNlIjoid3d3In0%3D&ccb=17-1&vs=f3aebb12a123a631&_nc_vs=HBksFQIYQGlnX2VwaGVtZXJhbC8yRDRENjBCQkIyRjNGNEEyOThEMDdGNTkyMDlENTU5Q192aWRlb19kYXNoaW5pdC5tcDQVAALIARIAFQIYR2lnX3hwdl9yZWVsc19wZXJtYW5lbnRfc3JfcHJvZC85MTgzOTE1MjExNzE5Nzg3XzQwNDY2MjYxMTkwMDk4MTk3MjgubXA0FQICyAESACgAGAAbAogHdXNlX29pbAExEnByb2dyZXNzaXZlX3JlY2lwZQExFQAAJvSqspCI59wDFQIoAkMzLBdAVl3S8an75xgSZGFzaF9iYXNlbGluZV8xX3YxEQB1_gdl5p0BAA&_nc_gid=ieIkuRwnvY6JnOi7v6kM5Q&_nc_ss=7a22e&_nc_zt=28&oh=00_AQBYCfHShBjNqaSewBp6Iaa12x1XCEuqNXY-GL_wCt9XtA&oe=6A55DD2D
DH6zFBuyqJH,https://www.instagram.com/reel/DH6zFBuyqJH/,"Eu percebi que vocês estavam com dificuldade na hora de escrever seus vídeos, por isso o “formato” do dia é uma ESTRUTURA DE ROTEIRO. Bora testar?",1743542330,213889,8898,89.83599853515625,clips,https://scontent-poa1-1.cdninstagram.com/o1/v/t2/f2/m367/AQPVrFee_DGwWksohYB2PDBs4TlD0LK6nvgQlkSyLcyBohiyrdrfr9OuXzVzAylaS2e7l5CK-q7rbsGCc9FZlEdq-uqibuNmdmclgO8.mp4?_nc_cat=103&_nc_sid=5e9851&_nc_ht=scontent-poa1-1.cdninstagram.com&_nc_ohc=27ZSLb-0BtcQ7kNvwFnCN2S&efg=eyJ2ZW5jb2RlX3RhZyI6Inhwdl9wcm9ncmVzc2l2ZS5JTlNUQUdSQU0uQ0xJUFMuQzMuNzIwLmRhc2hfYmFzZWxpbmVfMV92MSIsInhwdl9hc3NldF9pZCI6Njg1OTc2NzQ3NzIzMzUwLCJhc3NldF9hZ2VfZGF5cyI6NDYzLCJ2aV91c2VjYXNlX2lkIjoxMDA5OSwiZHVyYXRpb25fcyI6ODksInVybGdlbl9zb3VyY2UiOiJ3d3cifQ%3D%3D&ccb=17-1&vs=ea3efb3c96a4169&_nc_vs=HBksFQIYQGlnX2VwaGVtZXJhbC9DMzQzQTkwMUVFMUI5NEI1QkU5MjUzNkFDODBGRDFBOV92aWRlb19kYXNoaW5pdC5tcDQVAALIARIAFQIYR2lnX3hwdl9yZWVsc19wZXJtYW5lbnRfc3JfcHJvZC8xMzgwMjE4NjAzNDA1Njc5XzEwNjE5MjAwMzI2NDE1MjE0MDcubXA0FQICyAESACgAGAAbAogHdXNlX29pbAExEnByb2dyZXNzaXZlX3JlY2lwZQExFQAAJqyp-oWN-bcCFQIoAkMzLBdAVnVP3ztkWhgSZGFzaF9iYXNlbGluZV8xX3YxEQB1_gdl5p0BAA&_nc_gid=ieIkuRwnvY6JnOi7v6kM5Q&_nc_ss=7a22e&_nc_zt=28&oh=00_AQATN_4SHP6R9CI0h9xL21CHUzmus01lIjR7HfuZwyk43w&oe=6A55B530
DH4PWuNSX6r,https://www.instagram.com/reel/DH4PWuNSX6r/,"Esse formato acaba com a desculpa de falta de TEMPO, você pode gravar um vídeo toda manhã enquanto toma seu café, ou lavando a louça! Bora testar?",1743456553,854621,52948,100.07599639892578,clips,https://scontent-poa1-1.cdninstagram.com/o1/v/t2/f2/m367/AQOe7oAfl8opGtE7hLVENLE1u_eQg2Kdfbxk42CyVDaATa529tB74nrNaEVeexekshi-uTQv0ay2tOKPFSczkSd98LFR5-5V2WuEAhA.mp4?_nc_cat=107&_nc_sid=5e9851&_nc_ht=scontent-poa1-1.cdninstagram.com&_nc_ohc=SYQU0e0PbKwQ7kNvwFeYyLH&efg=eyJ2ZW5jb2RlX3RhZyI6Inhwdl9wcm9ncmVzc2l2ZS5JTlNUQUdSQU0uQ0xJUFMuQzMuNzIwLmRhc2hfYmFzZWxpbmVfMV92MSIsInhwdl9hc3NldF9pZCI6OTY3NzQxMzcyMTg5NTUzLCJhc3NldF9hZ2VfZGF5cyI6NDY0LCJ2aV91c2VjYXNlX2lkIjoxMDA5OSwiZHVyYXRpb25fcyI6MTAwLCJ1cmxnZW5fc291cmNlIjoid3d3In0%3D&ccb=17-1&vs=9d342f48633540d8&_nc_vs=HBksFQIYQGlnX2VwaGVtZXJhbC8wRjQ5NTYwRUQ1OUFDQTc2QzQzNjQ3RTQzMTNFMkE5OV92aWRlb19kYXNoaW5pdC5tcDQVAALIARIAFQIYR2lnX3hwdl9yZWVsc19wZXJtYW5lbnRfc3JfcHJvZC8xODM2OTc5MTIwMzcwMDE1Xzg1Mzc5NzY3MTAzMDg2Mzc2MjIubXA0FQICyAESACgAGAAbAogHdXNlX29pbAExEnByb2dyZXNzaXZlX3JlY2lwZQExFQAAJuKtyov7ibgDFQIoAkMzLBdAWQQ5WBBiThgSZGFzaF9iYXNlbGluZV8xX3YxEQB1_gdl5p0BAA&_nc_gid=ieIkuRwnvY6JnOi7v6kM5Q&_nc_ss=7a22e&_nc_zt=28&oh=00_AQAExajONmV3jb96BwWBHYh3Wr0zwINVbYJQjPF5REgD2g&oe=6A55DE6C
DH1ph8fS0jL,https://www.instagram.com/reel/DH1ph8fS0jL/,"Eu queria dizer que foi exagero pro Formato Criativo THE OFFICE - já que esse formato pede mesmo um pouco de exagero - mas não, essa é minha vida com ele há 10 anos! 😅 bora testar esse formato?",1743369516,147239,3,80.31600189208984,clips,https://scontent-poa1-1.cdninstagram.com/o1/v/t2/f2/m367/AQOFc37zKFMPuUUL3toHJnvlM8NwG1XonftnScqLRsYcKOWGZCEBY-TcYdU97GUaTsWvTd5BozJWfSFHBdVaEFvxLHbdrLNIpX73W9Y.mp4?_nc_cat=100&_nc_sid=5e9851&_nc_ht=scontent-poa1-1.cdninstagram.com&_nc_ohc=6d0930AlPPYQ7kNvwHERgXb&efg=eyJ2ZW5jb2RlX3RhZyI6Inhwdl9wcm9ncmVzc2l2ZS5JTlNUQUdSQU0uQ0xJUFMuQzMuNzIwLmRhc2hfYmFzZWxpbmVfMV92MSIsInhwdl9hc3NldF9pZCI6NTUzOTQyMzg0MzgyMTEzLCJhc3NldF9hZ2VfZGF5cyI6NDY1LCJ2aV91c2VjYXNlX2lkIjoxMDA5OSwiZHVyYXRpb25fcyI6ODAsInVybGdlbl9zb3VyY2UiOiJ3d3cifQ%3D%3D&ccb=17-1&vs=c3cba4a4d60b46f2&_nc_vs=HBksFQIYQGlnX2VwaGVtZXJhbC80RTQ5RjYxQUU5NzE1RTMyMUUyQTQ4NzRBMjNDNTM5MF92aWRlb19kYXNoaW5pdC5tcDQVAALIARIAFQIYRmlnX3hwdl9yZWVsc19wZXJtYW5lbnRfc3JfcHJvZC8xMjA4MDQwNDY3NjQ2NTg0XzExMDM5OTg0NzUzMjQ5Njg4Ni5tcDQVAgLIARIAKAAYABsCiAd1c2Vfb2lsATEScHJvZ3Jlc3NpdmVfcmVjaXBlATEVAAAmwsLgsNjz-wEVAigCQzMsF0BUEzMzMzMzGBJkYXNoX2Jhc2VsaW5lXzFfdjERAHX-B2XmnQEA&_nc_gid=ieIkuRwnvY6JnOi7v6kM5Q&_nc_ss=7a22e&_nc_zt=28&oh=00_AQBrbEOY1DRZNT4MzvzF69Xz9fGRbZnJR5fPJ4auLQzJKQ&oe=6A55B2D5
DHy1ViuyRLe,https://www.instagram.com/reel/DHy1ViuyRLe/,"Comparação é o Formato Criativo do DIA 6 do desafio, um dos mais simples e divertidos de gravar. Bora testar esse formato??",1743275046,231586,6620,78.5510025024414,clips,https://scontent-poa1-1.cdninstagram.com/o1/v/t2/f2/m367/AQMoG_fkzZbhYx5j8EH235ZvcL1PA2ZrkjeQFM4KgvL6rDsEh_Af-H7o8J-qegnjqP67ydNtNQrki8f-_n3JBNRj0rf-k_pxiYEHits.mp4?_nc_cat=102&_nc_sid=5e9851&_nc_ht=scontent-poa1-1.cdninstagram.com&_nc_ohc=D1jndQL1ViYQ7kNvwGZOjHl&efg=eyJ2ZW5jb2RlX3RhZyI6Inhwdl9wcm9ncmVzc2l2ZS5JTlNUQUdSQU0uQ0xJUFMuQzMuNzIwLmRhc2hfYmFzZWxpbmVfMV92MSIsInhwdl9hc3NldF9pZCI6MTMzMDU0NDIxNDY5MTQyNiwiYXNzZXRfYWdlX2RheXMiOjQ2NywidmlfdXNlY2FzZV9pZCI6MTAwOTksImR1cmF0aW9uX3MiOjc4LCJ1cmxnZW5fc291cmNlIjoid3d3In0%3D&ccb=17-1&vs=453f195acf73ad2a&_nc_vs=HBksFQIYQGlnX2VwaGVtZXJhbC9BMTRDRDQyNzhGRkU5QTc2QkMzRTZFNDk2MTE5OTRCNV92aWRlb19kYXNoaW5pdC5tcDQVAALIARIAFQIYRmlnX3hwdl9yZWVsc19wZXJtYW5lbnRfc3JfcHJvZC82MzYxOTEzNDIzNzc5NjlfMzIyMzY0NTQ1MjgwMDY1OTkyNC5tcDQVAgLIARIAKAAYABsCiAd1c2Vfb2lsATEScHJvZ3Jlc3NpdmVfcmVjaXBlATEVAAAmxLmy9O6H3QQVAigCQzMsF0BTohysCDEnGBJkYXNoX2Jhc2VsaW5lXzFfdjERAHX-B2XmnQEA&_nc_gid=ieIkuRwnvY6JnOi7v6kM5Q&_nc_ss=7a22e&_nc_zt=28&oh=00_AQAlWeMQreO82TNk0VQrp8I5657-2SoA7NHKDRuqHTCX6w&oe=6A55B693
DHwbRS8BnLe,https://www.instagram.com/reel/DHwbRS8BnLe/,O Formato Criativo do DIA 5 é o que explodiu meu perfil no último mês: STORYTELLING VISUAL - quando você praticamente “desenha” com objetos e expressões o que seu roteiro está dizendo! Bora testar esse formato?,1743194666,371286,22622,100.51699829101562,clips,https://scontent-poa1-1.cdninstagram.com/o1/v/t2/f2/m367/AQNw-yd6NGqutPr0tdDZm0J4v5GmHM041y9ta_6wsEq9NQYqVb_W9rEVtuqUY3CWxqKSWVUVTU1w_tG7YqE5hpprj2_hgdGptZ__Izw.mp4?_nc_cat=104&_nc_sid=5e9851&_nc_ht=scontent-poa1-1.cdninstagram.com&_nc_ohc=eK7HKpNGHRIQ7kNvwH47FyO&efg=eyJ2ZW5jb2RlX3RhZyI6Inhwdl9wcm9ncmVzc2l2ZS5JTlNUQUdSQU0uQ0xJUFMuQzMuNzIwLmRhc2hfYmFzZWxpbmVfMV92MSIsInhwdl9hc3NldF9pZCI6MTE4MjIwMjUxNjkzMDgyNywiYXNzZXRfYWdlX2RheXMiOjQ2NywidmlfdXNlY2FzZV9pZCI6MTAwOTksImR1cmF0aW9uX3MiOjEwMCwidXJsZ2VuX3NvdXJjZSI6Ind3dyJ9&ccb=17-1&vs=5a9890bd56f76b10&_nc_vs=HBksFQIYQGlnX2VwaGVtZXJhbC8yQjQyOEU5MUY1QTc1NDM5RUFBRjJENkI3N0Y4NUJCQV92aWRlb19kYXNoaW5pdC5tcDQVAALIARIAFQIYR2lnX3hwdl9yZWVsc19wZXJtYW5lbnRfc3JfcHJvZC8xMTQwNzgxMTIxMTU1OTMwXzM4MjQ4ODg4MjMzNDM1MTMxMTMubXA0FQICyAESACgAGAAbAogHdXNlX29pbAExEnByb2dyZXNzaXZlX3JlY2lwZQExFQAAJpaEmJGfzZkEFQIoAkMzLBdAWSAAAAAAABgSZGFzaF9iYXNlbGluZV8xX3YxEQB1_gdl5p0BAA&_nc_gid=ieIkuRwnvY6JnOi7v6kM5Q&_nc_ss=7a22e&_nc_zt=28&oh=00_AQDYl9UPYUlZo5X9jcenfrEwwZqb7Lg5UIqXrgzAiuU5jQ&oe=6A55E129
DHt0U2WyGyW,https://www.instagram.com/reel/DHt0U2WyGyW/,O Formato Criativo do DIA 4 é um dos mais simples de produzir e potencialmente viral porque eu desconheço quem não goste de uma polêmica 🤔 Bora testar esse formato?,1743107039,810845,24097,78.71399688720703,clips,https://scontent-poa1-1.cdninstagram.com/o1/v/t2/f2/m367/AQP_GJbjnk5q5QJTO9uJ0a5Teh3HPuhuv3t4jMtfByFjGKwReDCPpZ8bDpIXFS4qj3o5-kCxbGaB-1wdRZn6itY7bJkww38NlHJ8N0Q.mp4?_nc_cat=107&_nc_sid=5e9851&_nc_ht=scontent-poa1-1.cdninstagram.com&_nc_ohc=-suGI6MgvGIQ7kNvwF6Oyxm&efg=eyJ2ZW5jb2RlX3RhZyI6Inhwdl9wcm9ncmVzc2l2ZS5JTlNUQUdSQU0uQ0xJUFMuQzMuNzIwLmRhc2hfYmFzZWxpbmVfMV92MSIsInhwdl9hc3NldF9pZCI6MTE2Nzc4NDQ3NDgwMzk3OCwiYXNzZXRfYWdlX2RheXMiOjQ2OCwidmlfdXNlY2FzZV9pZCI6MTAwOTksImR1cmF0aW9uX3MiOjc4LCJ1cmxnZW5fc291cmNlIjoid3d3In0%3D&ccb=17-1&vs=60dbb01babd4ac9a&_nc_vs=HBksFQIYQGlnX2VwaGVtZXJhbC84RTRCRjZEOEI2QkJGOEM2MDE1RTJENDdDQzA3NTg4OV92aWRlb19kYXNoaW5pdC5tcDQVAALIARIAFQIYR2lnX3hwdl9yZWVsc19wZXJtYW5lbnRfc3JfcHJvZC8xNjgzMDI1ODE5MzA5MzY2XzIxMTMyOTQxMzU5NzM2MjExMDcubXA0FQICyAESACgAGAAbAogHdXNlX29pbAExEnByb2dyZXNzaXZlX3JlY2lwZQExFQAAJpT826yAhpMEFQIoAkMzLBdAU6zMzMzMzRgSZGFzaF9iYXNlbGluZV8xX3YxEQB1_gdl5p0BAA&_nc_gid=ieIkuRwnvY6JnOi7v6kM5Q&_nc_ss=7a22e&_nc_zt=28&oh=00_AQCfeJtiLgQmTSVAuDdM6dnG60yadebe5z9xfvytpOMnFw&oe=6A55E058
DHrHLZ_y54R,https://www.instagram.com/reel/DHrHLZ_y54R/,"O Formato Criativo do DIA 3 é Telepatia! É um dos formatos que mais vejo criadores de conteúdo viralizando. Dinâmico, criativo e muito divertido! Bora testar esse formato?",1743015978,394053,15719,60.25400161743164,clips,https://scontent-poa1-1.cdninstagram.com/o1/v/t2/f2/m367/AQPxhJ09sgof8XHsP4LZKWgyL4aSIAEs1UZ7sSSU4z-RkAtGXv8wLdgf7JseoMHSxCvI5ua3jDfrGi5hPuSjTlomFXOcq2EXufB3ecw.mp4?_nc_cat=105&_nc_sid=5e9851&_nc_ht=scontent-poa1-1.cdninstagram.com&_nc_ohc=SLqayRrkcY8Q7kNvwETJnZN&efg=eyJ2ZW5jb2RlX3RhZyI6Inhwdl9wcm9ncmVzc2l2ZS5JTlNUQUdSQU0uQ0xJUFMuQzMuNzIwLmRhc2hfYmFzZWxpbmVfMV92MSIsInhwdl9hc3NldF9pZCI6NjY4MzI5NDEyMzQzNzMyLCJhc3NldF9hZ2VfZGF5cyI6NDcwLCJ2aV91c2VjYXNlX2lkIjoxMDA5OSwiZHVyYXRpb25fcyI6NjAsInVybGdlbl9zb3VyY2UiOiJ3d3cifQ%3D%3D&ccb=17-1&vs=e5eb01973f0e620d&_nc_vs=HBksFQIYQGlnX2VwaGVtZXJhbC9CNzQ3MUM0QjNGRUYxQjY1QTUzMjU1MTI2RUYzNTJBQ192aWRlb19kYXNoaW5pdC5tcDQVAALIARIAFQIYR2lnX3hwdl9yZWVsc19wZXJtYW5lbnRfc3JfcHJvZC8xMDE4MTIxODEzNTcwOTUwXzg1MTU1MTk0ODI0MDM3ODU1NDMubXA0FQICyAESACgAGAAbAogHdXNlX29pbAExEnByb2dyZXNzaXZlX3JlY2lwZQExFQAAJujeuZPy9a8CFQIoAkMzLBdATh3S8an75xgSZGFzaF9iYXNlbGluZV8xX3YxEQB1_gdl5p0BAA&_nc_gid=ieIkuRwnvY6JnOi7v6kM5Q&_nc_ss=7a22e&_nc_zt=28&oh=00_AQAB-xH8vU0E8AzoLeEJS78-S-lqjvaM_gIgzjRCoxriQw&oe=6A55B6D2
DHongVmSRo7,https://www.instagram.com/reel/DHongVmSRo7/,"O Formato Criativo do DIA 2 é diálogo - com certeza um dos meus queridinhos porque consigo brincar com os dois personagens do diálogo, sempre me divirto! Bora testar esse formato?",1742932198,236112,11443,76.50800323486328,clips,https://scontent-poa1-1.cdninstagram.com/o1/v/t2/f2/m367/AQNktgYSyJM2ZEb3DWEamWMbPSOnpiTEAVzDqoZ2wEP075Qx1jBPP4I88hr2AxOHAEoIEyhfXZkHRDpqDNdWaPxkgHK7svpexXBRFu4.mp4?_nc_cat=102&_nc_sid=5e9851&_nc_ht=scontent-poa1-1.cdninstagram.com&_nc_ohc=Ye_zMoLavqcQ7kNvwFa0LPh&efg=eyJ2ZW5jb2RlX3RhZyI6Inhwdl9wcm9ncmVzc2l2ZS5JTlNUQUdSQU0uQ0xJUFMuQzMuNzIwLmRhc2hfYmFzZWxpbmVfMV92MSIsInhwdl9hc3NldF9pZCI6MTM4MDI0NDc0NjM0MjgzOCwiYXNzZXRfYWdlX2RheXMiOjQ3MCwidmlfdXNlY2FzZV9pZCI6MTAwOTksImR1cmF0aW9uX3MiOjc2LCJ1cmxnZW5fc291cmNlIjoid3d3In0%3D&ccb=17-1&vs=2825692b3caf47f2&_nc_vs=HBksFQIYQGlnX2VwaGVtZXJhbC81RTQyNTZDMERBQTVFMUU5OUY5NjE0NDkwMzMyMzlCMF92aWRlb19kYXNoaW5pdC5tcDQVAALIARIAFQIYR2lnX3hwdl9yZWVsc19wZXJtYW5lbnRfc3JfcHJvZC8xNDQwODQxMjc2ODgzMTM5XzUwMjM1NzA1OTg2NDEyNzQ5NjMubXA0FQICyAESACgAGAAbAogHdXNlX29pbAExEnByb2dyZXNzaXZlX3JlY2lwZQExFQAAJuzG-Nzo1PMEFQIoAkMzLBdAUyAAAAAAABgSZGFzaF9iYXNlbGluZV8xX3YxEQB1_gdl5p0BAA&_nc_gid=FUXi888yPGAmBw44xTJlOg&_nc_ss=7a22e&_nc_zt=28&oh=00_AQAjUUhOT8uB-At7uwAiaq6whJyDVthDNH-ltFK9P_Pvyw&oe=6A55CC63
DHl9m8XygOi,https://www.instagram.com/reel/DHl9m8XygOi/,"Vamos começar fácil, o formato criativo do dia 1 é DINAMISMO - basta deixar a câmera paradinha e falar falar falar falar se expressando com a alma! Bora testar esse formato?",1742843250,1955248,148194,69.91300201416016,clips,https://scontent-poa1-1.cdninstagram.com/o1/v/t2/f2/m367/AQM5_2VnAxZOZbebYqdm1W-xr1VIi64BPytza2Qge_PdaizgWwMjLSnqdU1rROvULvchHdcNORHAWolVCx5WbF3vzeTZu8Z5XtflBKA.mp4?_nc_cat=106&_nc_sid=5e9851&_nc_ht=scontent-poa1-1.cdninstagram.com&_nc_ohc=dKT1zI3meXIQ7kNvwHMMTFB&efg=eyJ2ZW5jb2RlX3RhZyI6Inhwdl9wcm9ncmVzc2l2ZS5JTlNUQUdSQU0uQ0xJUFMuQzMuNzIwLmRhc2hfYmFzZWxpbmVfMV92MSIsInhwdl9hc3NldF9pZCI6MTE1NzMzNzQzODk1MjA4OSwiYXNzZXRfYWdlX2RheXMiOjQ3MiwidmlfdXNlY2FzZV9pZCI6MTAwOTksImR1cmF0aW9uX3MiOjY5LCJ1cmxnZW5fc291cmNlIjoid3d3In0%3D&ccb=17-1&vs=de5a799c3aa2ae88&_nc_vs=HBksFQIYQGlnX2VwaGVtZXJhbC8yQzQ5QzBDRjlCQTFEODE0RkY5N0Q3N0YxNUQ0QjNCMF92aWRlb19kYXNoaW5pdC5tcDQVAALIARIAFQIYR2lnX3hwdl9yZWVsc19wZXJtYW5lbnRfc3JfcHJvZC8xMDMzNDkxNDE4Njk2NTg5XzY1ODc4MDE0NjkxMjY5NTY0NDkubXA0FQICyAESACgAGAAbAogHdXNlX29pbAExEnByb2dyZXNzaXZlX3JlY2lwZQExFQAAJrLq-O7zpY4EFQIoAkMzLBdAUXmZmZmZmhgSZGFzaF9iYXNlbGluZV8xX3YxEQB1_gdl5p0BAA&_nc_gid=FUXi888yPGAmBw44xTJlOg&_nc_ss=7a22e&_nc_zt=28&oh=00_AQDpdmTGesMAN3T2d958RUAubEP0BAMrOhO2dSECSe7YYw&oe=6A55DEC3
DHjQQB2Pj0w,https://www.instagram.com/reel/DHjQQB2Pj0w/,"câmera x celular, super produção ou simplicidade - nada disso importa, desde que você encontre O SEU FORMATO CRIATIVO. Aceita o desafio? Amanhã começa!!!",1742752351,183127,7659,84.61199951171875,clips,https://scontent-poa1-1.cdninstagram.com/o1/v/t2/f2/m367/AQNh-Msa2B6sNxcBompaAKoYV7PicI-gdLh3MgiHx1XxuAg8GuS8yGY1g2TK7nViGx36dqEYSuW77z8b8LpbgYGxq-I4R7aRpJLrxdo.mp4?_nc_cat=103&_nc_sid=5e9851&_nc_ht=scontent-poa1-1.cdninstagram.com&_nc_ohc=sU8CTXSltKQQ7kNvwFw63Ya&efg=eyJ2ZW5jb2RlX3RhZyI6Inhwdl9wcm9ncmVzc2l2ZS5JTlNUQUdSQU0uQ0xJUFMuQzMuNzIwLmRhc2hfYmFzZWxpbmVfMV92MSIsInhwdl9hc3NldF9pZCI6MTAzNzM3MDYyODIwOTc5NywiYXNzZXRfYWdlX2RheXMiOjQ3MywidmlfdXNlY2FzZV9pZCI6MTAwOTksImR1cmF0aW9uX3MiOjg0LCJ1cmxnZW5fc291cmNlIjoid3d3In0%3D&ccb=17-1&vs=ac73bb27b13f309f&_nc_vs=HBksFQIYQGlnX2VwaGVtZXJhbC9CNTQ1QTNBRTQwRjUwQzMxRkZGNzNFNjkxNDA2NjA4OF92aWRlb19kYXNoaW5pdC5tcDQVAALIARIAFQIYRmlnX3hwdl9yZWVsc19wZXJtYW5lbnRfc3JfcHJvZC82MjMzNjEyNzQwMjU0MTFfNzI0MzMwODY5MDkzNTkxOTY3OS5tcDQVAgLIARIAKAAYABsCiAd1c2Vfb2lsATEScHJvZ3Jlc3NpdmVfcmVjaXBlATEVAAAmivLbvPXe1wMVAigCQzMsF0BVJmZmZmZmGBJkYXNoX2Jhc2VsaW5lXzFfdjERAHX-B2XmnQEA&_nc_gid=FUXi888yPGAmBw44xTJlOg&_nc_ss=7a22e&_nc_zt=28&oh=00_AQBiZfnFjoeTt6tWwArTzmRkpoxD4PLzdk-wOaf8gpn3Cg&oe=6A55C82C
DHbRQk5xZsV,https://www.instagram.com/reel/DHbRQk5xZsV/,"Que experiência boa compartilhar um pouco dos nossos altos e baixos com vocês, confesso que tem historia pra pelo menos mais 10 vídeos. 🧡",1742484337,404382,27985,76.80999755859375,clips,https://scontent-poa1-1.cdninstagram.com/o1/v/t2/f2/m367/AQPjmFXylEZgRnHyAuma9M_vunqc6cz1kbZNTyOEKJ93xXHSQNkViiC7RQqPaJbnxeYe0nMZErUFEdm9oNSKsirpFvdS9KTolF4tyaU.mp4?_nc_cat=110&_nc_sid=5e9851&_nc_ht=scontent-poa1-1.cdninstagram.com&_nc_ohc=QLvvBGas8ZYQ7kNvwFeLit5&efg=eyJ2ZW5jb2RlX3RhZyI6Inhwdl9wcm9ncmVzc2l2ZS5JTlNUQUdSQU0uQ0xJUFMuQzMuNzIwLmRhc2hfYmFzZWxpbmVfMV92MSIsInhwdl9hc3NldF9pZCI6NjMwODM0NTA2MjQ1NTM3LCJhc3NldF9hZ2VfZGF5cyI6NDc2LCJ2aV91c2VjYXNlX2lkIjoxMDA5OSwiZHVyYXRpb25fcyI6NzYsInVybGdlbl9zb3VyY2UiOiJ3d3cifQ%3D%3D&ccb=17-1&vs=e5702a98edac0410&_nc_vs=HBksFQIYQGlnX2VwaGVtZXJhbC9DQjQzNDY5QUEzRTc2NTk2ODFCNURFOEM0MkExOEZBQ192aWRlb19kYXNoaW5pdC5tcDQVAALIARIAFQIYR2lnX3hwdl9yZWVsc19wZXJtYW5lbnRfc3JfcHJvZC8xODkzMjM3MTg3ODgxMjc5XzgxOTgwNzk5MTI3Mjg5NjEzODIubXA0FQICyAESACgAGAAbAogHdXNlX29pbAExEnByb2dyZXNzaXZlX3JlY2lwZQExFQAAJsKWwaqz754CFQIoAkMzLBdAUzMzMzMzMxgSZGFzaF9iYXNlbGluZV8xX3YxEQB1_gdl5p0BAA&_nc_gid=FUXi888yPGAmBw44xTJlOg&_nc_ss=7a22e&_nc_zt=28&oh=00_AQCrNiNsNRTssaUX0JuUSK7rhEwQHCuGl3YQPmijShU2CA&oe=6A55C507
DHZOqJ7yHML,https://www.instagram.com/reel/DHZOqJ7yHML/,"Foram 5 anos buscando nos tornar o tipo de casal que é convidado pra palestrar no @hotmartfire e o convite finalmente chegou. Acreditem nos sonhos de vocês, principalmente se esse sonho for dividido com a pessoa que você mais ama no mundo.",1742415874,228878,14571,82.24299621582031,clips,https://scontent-poa1-1.cdninstagram.com/o1/v/t2/f2/m367/AQOt1h970BhdTklhvco_edi_w3vmWLvsfJ_QuL9T9KqspVoMs8bAPdh-IXlzkE86gSp1PzXBM2xM0fAUROPFhoynT2I1WjWUmu7KlAg.mp4?_nc_cat=107&_nc_sid=5e9851&_nc_ht=scontent-poa1-1.cdninstagram.com&_nc_ohc=c_ehT8GpTbQQ7kNvwFcgZnL&efg=eyJ2ZW5jb2RlX3RhZyI6Inhwdl9wcm9ncmVzc2l2ZS5JTlNUQUdSQU0uQ0xJUFMuQzMuNzIwLmRhc2hfYmFzZWxpbmVfMV92MSIsInhwdl9hc3NldF9pZCI6MTcxNTcxNTU1OTM2ODE1MSwiYXNzZXRfYWdlX2RheXMiOjQ3NiwidmlfdXNlY2FzZV9pZCI6MTAwOTksImR1cmF0aW9uX3MiOjgyLCJ1cmxnZW5fc291cmNlIjoid3d3In0%3D&ccb=17-1&vs=1120ea6253f680c0&_nc_vs=HBksFQIYQGlnX2VwaGVtZXJhbC9CNzRENzg4MzNBQThCODI4MTI3QzdGOTkzQzU3N0Y4OF92aWRlb19kYXNoaW5pdC5tcDQVAALIARIAFQIYR2lnX3hwdl9yZWVsc19wZXJtYW5lbnRfc3JfcHJvZC8xMTgxNzMzMzM2NzMwNDkwXzE4ODM3MTI4MDQzNjUxMTQ5MDEubXA0FQICyAESACgAGAAbAogHdXNlX29pbAExEnByb2dyZXNzaXZlX3JlY2lwZQExFQAAJq6XnYflm4wGFQIoAkMzLBdAVI7peNT99BgSZGFzaF9iYXNlbGluZV8xX3YxEQB1_gdl5p0BAA&_nc_gid=FUXi888yPGAmBw44xTJlOg&_nc_ss=7a22e&_nc_zt=28&oh=00_AQCOoxjUCr2r3mMFgkRb5_SRfzamKasJcks_e6vbDQoUnQ&oe=6A55BF34
DHWR-yYvp_3,https://www.instagram.com/reel/DHWR-yYvp_3/,não acredito que aceitei ser embalada,1742317168,309884,22501,72.55999755859375,clips,https://scontent-poa1-1.cdninstagram.com/o1/v/t2/f2/m367/AQOmYidvCZcl8wv9S2SRLtZkLJWDAP32c7rKPleO9GjU_iJI1Z_0WCsVQar2Hu5hFEU638mXdVaragMSe0Y7sggomjRTDm7P0JPPU-0.mp4?_nc_cat=111&_nc_sid=5e9851&_nc_ht=scontent-poa1-1.cdninstagram.com&_nc_ohc=XQ1Mn6I_lMgQ7kNvwHodekV&efg=eyJ2ZW5jb2RlX3RhZyI6Inhwdl9wcm9ncmVzc2l2ZS5JTlNUQUdSQU0uQ0xJUFMuQzMuNzIwLmRhc2hfYmFzZWxpbmVfMV92MSIsInhwdl9hc3NldF9pZCI6MjM5Mzg2MjI4MDkwNzM3NzksImFzc2V0X2FnZV9kYXlzIjo0NzgsInZpX3VzZWNhc2VfaWQiOjEwMDk5LCJkdXJhdGlvbl9zIjo3MiwidXJsZ2VuX3NvdXJjZSI6Ind3dyJ9&ccb=17-1&vs=4aaefbf641ec3478&_nc_vs=HBksFQIYQGlnX2VwaGVtZXJhbC82NjRDQzE0ODcyOUY5RTdFRTMzNzE1Q0Q0NkVGRkM5Rl92aWRlb19kYXNoaW5pdC5tcDQVAALIARIAFQIYR2lnX3hwdl9yZWVsc19wZXJtYW5lbnRfc3JfcHJvZC8xMzUzMjY2MDYyNDgzNDQ3XzMzNDA1NDUxNjMwOTY3NDg5NTYubXA0FQICyAESACgAGAAbAogHdXNlX29pbAExEnByb2dyZXNzaXZlX3JlY2lwZQExFQAAJuahk8-eg4ZVFQIoAkMzLBdAUiKfvnbItBgSZGFzaF9iYXNlbGluZV8xX3YxEQB1_gdl5p0BAA&_nc_gid=FUXi888yPGAmBw44xTJlOg&_nc_ss=7a22e&_nc_zt=28&oh=00_AQAuevR2Ecdv10uO9UgPkB5RkUzStUTk8OkjQVO89Kju0A&oe=6A55D524
DHQtgbcxoeF,https://www.instagram.com/reel/DHQtgbcxoeF/,Descobri algo novo e preciso compartilhar com você 👀,1742130303,140383,5545,118.88400268554688,clips,https://scontent-poa1-1.cdninstagram.com/o1/v/t2/f2/m367/AQNCCQ1kFmtOVtQ2N2pmfZduEqvRhQ8tyME-qMlkRQSVBHG18yf5CBSvog7dVlXiEAy_4sQ3Ipc0umdTb3HDiDRGqkVKJdLef9MAb0Q.mp4?_nc_cat=102&_nc_sid=5e9851&_nc_ht=scontent-poa1-1.cdninstagram.com&_nc_ohc=Zir7Bkou930Q7kNvwEK102W&efg=eyJ2ZW5jb2RlX3RhZyI6Inhwdl9wcm9ncmVzc2l2ZS5JTlNUQUdSQU0uQ0xJUFMuQzMuNzIwLmRhc2hfYmFzZWxpbmVfMV92MSIsInhwdl9hc3NldF9pZCI6NjcxMzY3NTY1NTYxNzE1LCJhc3NldF9hZ2VfZGF5cyI6NDgwLCJ2aV91c2VjYXNlX2lkIjoxMDA5OSwiZHVyYXRpb25fcyI6MTE4LCJ1cmxnZW5fc291cmNlIjoid3d3In0%3D&ccb=17-1&vs=ace0c057f4432f29&_nc_vs=HBksFQIYQGlnX2VwaGVtZXJhbC9CMzREQjdBMUEyRTQ1Nzk5NkFCRkRBOENGRkIzNUQ4Nl92aWRlb19kYXNoaW5pdC5tcDQVAALIARIAFQIYR2lnX3hwdl9yZWVsc19wZXJtYW5lbnRfc3JfcHJvZC80MDE5NTQ2NzE0OTczNTQxXzc4MjM5NDczNDM2NDU3Njc0NTkubXA0FQICyAESACgAGAAbAogHdXNlX29pbAExEnByb2dyZXNzaXZlX3JlY2lwZQExFQAAJua9kpTeprECFQIoAkMzLBdAXbdsi0OVgRgSZGFzaF9iYXNlbGluZV8xX3YxEQB1_gdl5p0BAA&_nc_gid=FUXi888yPGAmBw44xTJlOg&_nc_ss=7a22e&_nc_zt=28&oh=00_AQCs034oxaqAASSnOcOCff5I0OT0DRHvaa77DYLIBKItfw&oe=6A55E647
DHJTHeHxSP2,https://www.instagram.com/reel/DHJTHeHxSP2/,"Relacionamento é igual cadarço de tênis: enquanto você caminha ele vai soltando, mas pra não cair, você precisa parar e amarrar forte de novo! ❤️‍🔥",1741881428,696450,50712,54.84400177001953,clips,https://scontent-poa1-1.cdninstagram.com/o1/v/t2/f2/m367/AQMNrOcw_Zjb1NgEIFDZa4OKKQ-aiB0Hrj2t_98CJ5iD3HwZKriA29gwVu8vl-PUuyue5yLeNKk2m1PbE-BiCHQIGuhYkjwSo0WbD4A.mp4?_nc_cat=101&_nc_sid=5e9851&_nc_ht=scontent-poa1-1.cdninstagram.com&_nc_ohc=5Gg8iHvA_AwQ7kNvwHtaYNw&efg=eyJ2ZW5jb2RlX3RhZyI6Inhwdl9wcm9ncmVzc2l2ZS5JTlNUQUdSQU0uQ0xJUFMuQzMuNzIwLmRhc2hfYmFzZWxpbmVfMV92MSIsInhwdl9hc3NldF9pZCI6MjIxMTQwNTIzNTk0MjM2NiwiYXNzZXRfYWdlX2RheXMiOjQ4MywidmlfdXNlY2FzZV9pZCI6MTAwOTksImR1cmF0aW9uX3MiOjU0LCJ1cmxnZW5fc291cmNlIjoid3d3In0%3D&ccb=17-1&vs=db78ea62e7e97d83&_nc_vs=HBksFQIYQGlnX2VwaGVtZXJhbC8wODQ0NDAxODVDQTRBNTUxMzk0MkYzMzcyMTg0QUI4Q192aWRlb19kYXNoaW5pdC5tcDQVAALIARIAFQIYR2lnX3hwdl9yZWVsc19wZXJtYW5lbnRfc3JfcHJvZC8xMzUwNTI3MDg2MTMzMzY0XzM3NTY3NTg4MTY5NjUxMTAxMjQubXA0FQICyAESACgAGAAbAogHdXNlX29pbAExEnByb2dyZXNzaXZlX3JlY2lwZQExFQAAJrzP1_jc0O0HFQIoAkMzLBdAS2qfvnbItBgSZGFzaF9iYXNlbGluZV8xX3YxEQB1_gdl5p0BAA&_nc_gid=FUXi888yPGAmBw44xTJlOg&_nc_ss=7a22e&_nc_zt=28&oh=00_AQCZ26_RVtIUSl7DwmqoqU6LX-mJLGAVcvmvqKRlAOJE1g&oe=6A55CE6E
DHGj3x3RCfi,https://www.instagram.com/reel/DHGj3x3RCfi/,"Focar em se desenvolver é uma grande prova de amor pelo seu relacionamento, não deixe o outro carregar as coisas sozinho! 🧠",1741790010,993371,103623,77.0999984741211,clips,https://scontent-poa1-1.cdninstagram.com/o1/v/t2/f2/m367/AQM07xjQgREvmwkm-xMsaR4gAalaJfdXdIPc-CWt0H03CgYd91IxLm9W6H2vt7uvJdcJzfm2_f42lOKv-4tfdZ1nSPALiHghClIgPJo.mp4?_nc_cat=105&_nc_sid=5e9851&_nc_ht=scontent-poa1-1.cdninstagram.com&_nc_ohc=dmeQ3fdO1rkQ7kNvwFfyipe&efg=eyJ2ZW5jb2RlX3RhZyI6Inhwdl9wcm9ncmVzc2l2ZS5JTlNUQUdSQU0uQ0xJUFMuQzMuNzIwLmRhc2hfYmFzZWxpbmVfMV92MSIsInhwdl9hc3NldF9pZCI6MTE3MDY5MzgyMDkyNzE1OSwiYXNzZXRfYWdlX2RheXMiOjQ4NCwidmlfdXNlY2FzZV9pZCI6MTAwOTksImR1cmF0aW9uX3MiOjc3LCJ1cmxnZW5fc291cmNlIjoid3d3In0%3D&ccb=17-1&vs=58440931cab28b94&_nc_vs=HBksFQIYQGlnX2VwaGVtZXJhbC9ENjQxQUM1NEI0MjRCQkJCODY2NkE4QzdDMzQzQUE5OV92aWRlb19kYXNoaW5pdC5tcDQVAALIARIAFQIYR2lnX3hwdl9yZWVsc19wZXJtYW5lbnRfc3JfcHJvZC8xMzMxMjcxNzY4MjA3ODgyXzg0NDUzNTgzODY4NjI3ODkzNDYubXA0FQICyAESACgAGAAbAogHdXNlX29pbAExEnByb2dyZXNzaXZlX3JlY2lwZQExFQAAJu6ystWsr5QEFQIoAkMzLBdAU0ZmZmZmZhgSZGFzaF9iYXNlbGluZV8xX3YxEQB1_gdl5p0BAA&_nc_gid=FUXi888yPGAmBw44xTJlOg&_nc_ss=7a22e&_nc_zt=28&oh=00_AQDohzi_hddup7CSNt2fjLWT-t3qmOnXPiElnkBrrGqa2g&oe=6A55E2CE
DHCBWt4v-P0,https://www.instagram.com/reel/DHCBWt4v-P0/,"Quer criar reels que realmente engajam? 📈❤️ No #HotmartCast de hoje, recebemos @hanahfranklin e @alefmarqs, dois experts que sabem tudo sobre conteúdo criativo e impactante no Instagram! Eles compartilham estratégias poderosas para contar histórias, despertar curiosidade e criar vídeos que prendem a atenção do público. Se você quer levar sua produção de conteúdo para o próximo nível, não pode perder essa conversa. 🗨️ Comente REELS e receba o link do episódio na sua DM. 🎁 𝗘 𝗼 𝗺𝗲𝗹𝗵𝗼𝗿 𝗰𝗼𝗺𝗲𝗻𝘁á𝗿𝗶𝗼 𝗱𝗲𝗶𝘅𝗮𝗱𝗼 𝗹á 𝗻𝗼 𝗬𝗼𝘂𝗧𝘂𝗯𝗲, 𝗴𝗮𝗻𝗵𝗮𝗿á 𝘂𝗺 𝗮𝗰𝗲𝘀𝘀𝗼 𝗮𝗼 𝗰𝘂𝗿𝘀𝗼 “𝗩í𝗱𝗲𝗼𝘀 𝗾𝘂𝗲 𝗰𝗼𝗹𝗮𝗺”. Caprichem! Te esperamos lá. #Hotmart #MarketingDigital #ReelsCriativos #Storytelling #ConteúdoQueEngaja",1741637199,126994,3871,73.76599884033203,clips,https://scontent-poa1-1.cdninstagram.com/o1/v/t2/f2/m367/AQPQL14eji_8xqChZMDd5ld1NKovNYXVFGsHFhul1hkIaVPdJXKLHrfTJfJf3IZTPu_klpvbR6GmTSCc8KWg-cdwwhcxZUlHvdANUkg.mp4?_nc_cat=106&_nc_sid=5e9851&_nc_ht=scontent-poa1-1.cdninstagram.com&_nc_ohc=9lEiFLw3jNcQ7kNvwEaYvqq&efg=eyJ2ZW5jb2RlX3RhZyI6Inhwdl9wcm9ncmVzc2l2ZS5JTlNUQUdSQU0uQ0xJUFMuQzMuNzIwLmRhc2hfYmFzZWxpbmVfMV92MSIsInhwdl9hc3NldF9pZCI6MjcyNzEyMjIwMDgyNDYwMywiYXNzZXRfYWdlX2RheXMiOjQ4NSwidmlfdXNlY2FzZV9pZCI6MTAwOTksImR1cmF0aW9uX3MiOjczLCJ1cmxnZW5fc291cmNlIjoid3d3In0%3D&ccb=17-1&vs=157ef750a30405cb&_nc_vs=HBksFQIYQGlnX2VwaGVtZXJhbC84NDQyNzA0Rjg2Mjk4RjZFMDQ0ODZCOTBBMzNDNEFCMF92aWRlb19kYXNoaW5pdC5tcDQVAALIARIAFQIYRmlnX3hwdl9yZWVsc19wZXJtYW5lbnRfc3JfcHJvZC85NjE1NjU1NTYwNjY1MTdfNDk1MDM3NDY1MjA2MTkwNDY2NC5tcDQVAgLIARIAKAAYABsCiAd1c2Vfb2lsATEScHJvZ3Jlc3NpdmVfcmVjaXBlATEVAAAmtqzQ4LOT2AkVAigCQzMsF0BScQYk3S8bGBJkYXNoX2Jhc2VsaW5lXzFfdjERAHX-B2XmnQEA&_nc_gid=FUXi888yPGAmBw44xTJlOg&_nc_zt=28&_nc_ss=7a22e&oh=00_AQCtNR6zOp2D7t8FCtJP7eK1n_nKhSBCTRJFWLH640n1Lw&oe=6A55D7A7
DHBVhl_RJCn,https://www.instagram.com/reel/DHBVhl_RJCn/,"A PAIXÃO dura no máximo 2 anos, e tudo que vem depois disso precisa ser trabalhado - e perguntado! 💡",1741615517,1851399,199168,93.23300170898438,clips,https://scontent-poa1-1.cdninstagram.com/o1/v/t2/f2/m367/AQN1OupQA8lajWhiZ1sPB7qJTLqTqlQ18Zvl2DNW2MZ8hoXgL16vP9vCwqefqJPfVviBoBSc0ARE05BTqI3o2FXxQdmDOQTPnC_qj-o.mp4?_nc_cat=103&_nc_sid=5e9851&_nc_ht=scontent-poa1-1.cdninstagram.com&_nc_ohc=TNuL6dwhX8kQ7kNvwFdubDX&efg=eyJ2ZW5jb2RlX3RhZyI6Inhwdl9wcm9ncmVzc2l2ZS5JTlNUQUdSQU0uQ0xJUFMuQzMuNzIwLmRhc2hfYmFzZWxpbmVfMV92MSIsInhwdl9hc3NldF9pZCI6OTk4OTAyMTQyMzAwODE5LCJhc3NldF9hZ2VfZGF5cyI6NDg2LCJ2aV91c2VjYXNlX2lkIjoxMDA5OSwiZHVyYXRpb25fcyI6OTMsInVybGdlbl9zb3VyY2UiOiJ3d3cifQ%3D%3D&ccb=17-1&vs=7161cfb951263e8d&_nc_vs=HBksFQIYQGlnX2VwaGVtZXJhbC9CRDQ1ODkzMTI3Qjg4QjVBMThGQjg2REZBODMxQTVCRF92aWRlb19kYXNoaW5pdC5tcDQVAALIARIAFQIYQ2lnX3hwdl9yZWVsc19wZXJtYW5lbnRfc3JfcHJvZC85ODU1MDgwODM2NDQ2MDdfODQzODA5NTY5ODY5NTA4Ni5tcDQVAgLIARIAKAAYABsCiAd1c2Vfb2lsATEScHJvZ3Jlc3NpdmVfcmVjaXBlATEVAAAmpsrb9eCfxgMVAigCQzMsF0BXTul41P30GBJkYXNoX2Jhc2VsaW5lXzFfdjERAHX-B2XmnQEA&_nc_gid=FUXi888yPGAmBw44xTJlOg&_nc_ss=7a22e&_nc_zt=28&oh=00_AQAkmJNMY2qfc5wc12e2-qlq-uSvEWqbP0oCfavg1Lw7-g&oe=6A55C8E0
DG5qaWZRPZq,https://www.instagram.com/reel/DG5qaWZRPZq/,"Aprender a se comunicar transformou nosso relacionamento, e até pra isso tem método! 🗝️",1741356738,2651330,208250,69.03299713134766,clips,https://scontent-poa1-1.cdninstagram.com/o1/v/t2/f2/m367/AQObfbgZ-e1-kh423YQZ63GONQSf9Hw9NW9uXxQV4LiLnaZj2Fiyzf5r0dSsyBNHCc9MDHIEVy9pAIxERlTUmOAlGle2Tfz7jQfU5HA.mp4?_nc_cat=109&_nc_sid=5e9851&_nc_ht=scontent-poa1-1.cdninstagram.com&_nc_ohc=DJRDi7xTVtwQ7kNvwGDIlgF&efg=eyJ2ZW5jb2RlX3RhZyI6Inhwdl9wcm9ncmVzc2l2ZS5JTlNUQUdSQU0uQ0xJUFMuQzMuNzIwLmRhc2hfYmFzZWxpbmVfMV92MSIsInhwdl9hc3NldF9pZCI6ODE3NTcwMjA3MjMzOTI0LCJhc3NldF9hZ2VfZGF5cyI6NDg5LCJ2aV91c2VjYXNlX2lkIjoxMDA5OSwiZHVyYXRpb25fcyI6NjksInVybGdlbl9zb3VyY2UiOiJ3d3cifQ%3D%3D&ccb=17-1&vs=56df872f0a1c0065&_nc_vs=HBksFQIYQGlnX2VwaGVtZXJhbC82NTQ5MUVGQ0MxMzhFMzlERDNFQzQ0RjczN0U3N0U4MF92aWRlb19kYXNoaW5pdC5tcDQVAALIARIAFQIYR2lnX3hwdl9yZWVsc19wZXJtYW5lbnRfc3JfcHJvZC8xMzk4NDQ4NDk4MTkxNzAzXzY2NTYzNTIwNTExODUzMDM4NDcubXA0FQICyAESACgAGAAbAogHdXNlX29pbAExEnByb2dyZXNzaXZlX3JlY2lwZQExFQAAJojev9zs5PMCFQIoAkMzLBdAUUIcrAgxJxgSZGFzaF9iYXNlbGluZV8xX3YxEQB1_gdl5p0BAA&_nc_gid=FUXi888yPGAmBw44xTJlOg&_nc_ss=7a22e&_nc_zt=28&oh=00_AQCRM8ISnIpFd6A9jp8Xtwz08bdzftpY1eHs1plUcugShg&oe=6A55B426
DGivnY3RN5p,https://www.instagram.com/reel/DGivnY3RN5p/,O @rodriigopantera é mais uma prova de que você não precisa esperar o momento perfeito nem o cenário ou equipamento perfeito pra começar - primeiro você começa e continua até encontrar o seu formato criativo! 🖤,1740587699,2395602,273188,110.8270034790039,clips,https://scontent-poa1-1.cdninstagram.com/o1/v/t2/f2/m367/AQN-3JltJJ_7oHYh40xsyyfceKs_rKg4qrlNalKLLwD_gu8PgClenfwhvxy_zQLpAZpoeu_9JYL42LvQFCHM5U8Qat9kSRzZQHFWl-0.mp4?_nc_cat=108&_nc_sid=5e9851&_nc_ht=scontent-poa1-1.cdninstagram.com&_nc_ohc=dwSFQEW-2D8Q7kNvwF1CQfG&efg=eyJ2ZW5jb2RlX3RhZyI6Inhwdl9wcm9ncmVzc2l2ZS5JTlNUQUdSQU0uQ0xJUFMuQzMuNzIwLmRhc2hfYmFzZWxpbmVfMV92MSIsInhwdl9hc3NldF9pZCI6MTMxMzY5NDA5MzAxNDE0MCwiYXNzZXRfYWdlX2RheXMiOjQ5OCwidmlfdXNlY2FzZV9pZCI6MTAwOTksImR1cmF0aW9uX3MiOjExMCwidXJsZ2VuX3NvdXJjZSI6Ind3dyJ9&ccb=17-1&vs=392a5b2f096f118f&_nc_vs=HBksFQIYQGlnX2VwaGVtZXJhbC9BQjRCNDY0QzZDNERGODI5Q0Y4M0U4N0M2MTY2NTg5NF92aWRlb19kYXNoaW5pdC5tcDQVAALIARIAFQIYR2lnX3hwdl9yZWVsc19wZXJtYW5lbnRfc3JfcHJvZC8yMTQ3NzA1OTc5MDMzMDU1XzE1NDA1MzAxMDI2OTM0OTU3OTMubXA0FQICyAESACgAGAAbAogHdXNlX29pbAExEnByb2dyZXNzaXZlX3JlY2lwZQExFQAAJvjRj9yHs9UEFQIoAkMzLBdAW7PXCj1wpBgSZGFzaF9iYXNlbGluZV8xX3YxEQB1_gdl5p0BAA&_nc_gid=_4JX7DZkTQ90e6oj5seLLQ&_nc_ss=7a22e&_nc_zt=28&oh=00_AQDpgCZjMEKRC03cwNVO91cXWy1ARRwYsPVp7o-U6JNGSw&oe=6A55DBED
DGdosiDxHcw,https://www.instagram.com/reel/DGdosiDxHcw/,"Essa é a base de um relacionamento que dura, amigos e amigas! 👷‍♀️",1740416295,745217,57770,66.60800170898438,clips,https://scontent-poa1-1.cdninstagram.com/o1/v/t2/f2/m367/AQMc-3lL3mNZhP1Yr7BbUF1ZqDrRt60S2Smf2_h1fRDM4qJaHtbR2db1SYPwB0dVwvou9PEKzsD-bOBlG3flYk7vXK0RhJTHb0xPfEc.mp4?_nc_cat=110&_nc_sid=5e9851&_nc_ht=scontent-poa1-1.cdninstagram.com&_nc_ohc=7YB7HkB3-p0Q7kNvwGPFOUi&efg=eyJ2ZW5jb2RlX3RhZyI6Inhwdl9wcm9ncmVzc2l2ZS5JTlNUQUdSQU0uQ0xJUFMuQzMuNzIwLmRhc2hfYmFzZWxpbmVfMV92MSIsInhwdl9hc3NldF9pZCI6MTE5NDg1Mjg1MTk4NDUxMywiYXNzZXRfYWdlX2RheXMiOjUwMCwidmlfdXNlY2FzZV9pZCI6MTAwOTksImR1cmF0aW9uX3MiOjY2LCJ1cmxnZW5fc291cmNlIjoid3d3In0%3D&ccb=17-1&vs=ef18fc3740b8582&_nc_vs=HBksFQIYQGlnX2VwaGVtZXJhbC9DMzRCQkREODA2MzIwOEVBRTA3Rjc4NTIxNjBFMjQ4OF92aWRlb19kYXNoaW5pdC5tcDQVAALIARIAFQIYRmlnX3hwdl9yZWVsc19wZXJtYW5lbnRfc3JfcHJvZC85NzI5NjIwMTQ0MTg5ODVfNzcwNTU5OTkxOTY0MzM4NDUwNi5tcDQVAgLIARIAKAAYABsCiAd1c2Vfb2lsATEScHJvZ3Jlc3NpdmVfcmVjaXBlATEVAAAmgqLpvMutnwQVAigCQzMsF0BQpul41P30GBJkYXNoX2Jhc2VsaW5lXzFfdjERAHX-B2XmnQEA&_nc_gid=_4JX7DZkTQ90e6oj5seLLQ&_nc_ss=7a22e&_nc_zt=28&oh=00_AQDRFR23Dbo4n4JS8Dtjb1t-fBn5ay3o0BQic8jb5hoXcg&oe=6A55E73B
DGMEuj4yF27,https://www.instagram.com/reel/DGMEuj4yF27/,"(leia em tom de rima) O que é Conflito Universal? Eu percebi que não expliquei direito no final - então fiquem com essa aulinha na legenda, já que é um dos elementos que fazem o @nautamc UMA LENDA 😎: Término de namoro: todo mundo já viveu. Ver os pais envelhecendo: você já percebeu. Medo de falhar: quem nunca sentiu? Comparação na internet: já te atingiu! Então, ao escrever seu roteiro, lembre bem: Conflitos universais geram identificação - coloque no início, gere emoção e faça o público sentir conexão! hehe tentei 🤣",1739828886,511157,41248,72.88500213623047,clips,https://scontent-poa1-1.cdninstagram.com/o1/v/t2/f2/m367/AQNUfIkYTb-ZnQTMwkrut8XNgu-PzQ1UhcbxeAYs6SOsEbnhtNwLXemaXwr0ob_UXb5nwGLRXChHeKJhtNvPamxnU3WfVomzWCroVm0.mp4?_nc_cat=109&_nc_sid=5e9851&_nc_ht=scontent-poa1-1.cdninstagram.com&_nc_ohc=VOP8QAa4FB8Q7kNvwEuxXJP&efg=eyJ2ZW5jb2RlX3RhZyI6Inhwdl9wcm9ncmVzc2l2ZS5JTlNUQUdSQU0uQ0xJUFMuQzMuNzIwLmRhc2hfYmFzZWxpbmVfMV92MSIsInhwdl9hc3NldF9pZCI6NjI3NTU3MTA5NzU5NTEwLCJhc3NldF9hZ2VfZGF5cyI6NTA2LCJ2aV91c2VjYXNlX2lkIjoxMDA5OSwiZHVyYXRpb25fcyI6NzIsInVybGdlbl9zb3VyY2UiOiJ3d3cifQ%3D%3D&ccb=17-1&vs=69527eedbe2639a0&_nc_vs=HBksFQIYQGlnX2VwaGVtZXJhbC81NDREQTkyOTBBOUUwNzk0QkJGOTAxMDNFREQzRUY4OF92aWRlb19kYXNoaW5pdC5tcDQVAALIARIAFQIYRGlnX3hwdl9yZWVsc19wZXJtYW5lbnRfc3JfcHJvZC82MzYzNTM1MTU2NDc5MjRfODQ4MjYyMDMyNTI1NTk2MTgubXA0FQICyAESACgAGAAbAogHdXNlX29pbAExEnByb2dyZXNzaXZlX3JlY2lwZQExFQAAJqz40-nQsJ0CFQIoAkMzLBdAUjgAAAAAABgSZGFzaF9iYXNlbGluZV8xX3YxEQB1_gdl5p0BAA&_nc_gid=_4JX7DZkTQ90e6oj5seLLQ&_nc_ss=7a22e&_nc_zt=28&oh=00_AQC5W6RRGKR4Lg2i4bWX-unpOst2cr3Rufm3vufwN8ZaUg&oe=6A55D26E
DGGKgG8RY4n,https://www.instagram.com/reel/DGGKgG8RY4n/,"Nem tudo é flores por muito tempo… depois das chamas iniciais, o que sustenta é a DECISÃO. Ep. 2!",1739628668,5605077,542446,73.15599822998047,clips,https://scontent-poa1-1.cdninstagram.com/o1/v/t2/f2/m367/AQPI8A9v261uaV1gEF8W_jFe0K_OhHoZMQIt4K9ghB9SBV39eayWMpu2cCpqUFpDt4ZV5holp-uQOpzmQpc57lFrlTcR_Cr5RBGtTOQ.mp4?_nc_cat=101&_nc_sid=5e9851&_nc_ht=scontent-poa1-1.cdninstagram.com&_nc_ohc=CzzGX_wiIB0Q7kNvwF3s9h6&efg=eyJ2ZW5jb2RlX3RhZyI6Inhwdl9wcm9ncmVzc2l2ZS5JTlNUQUdSQU0uQ0xJUFMuQzMuNzIwLmRhc2hfYmFzZWxpbmVfMV92MSIsInhwdl9hc3NldF9pZCI6NjQzMzY2NzU0NzIzMDY0LCJhc3NldF9hZ2VfZGF5cyI6NTA5LCJ2aV91c2VjYXNlX2lkIjoxMDA5OSwiZHVyYXRpb25fcyI6NzMsInVybGdlbl9zb3VyY2UiOiJ3d3cifQ%3D%3D&ccb=17-1&vs=7ca6532ad748e97e&_nc_vs=HBksFQIYQGlnX2VwaGVtZXJhbC8xRjQwQ0NBOTJCNzlGQThEMjAzMUEzQThGODYyQTU4Rl92aWRlb19kYXNoaW5pdC5tcDQVAALIARIAFQIYRWlnX3hwdl9yZWVsc19wZXJtYW5lbnRfc3JfcHJvZC8xMjA4OTA0MDUwNzUxOTMwXzU1MTg1MDMwODQ4MTc3NzM3Lm1wNBUCAsgBEgAoABgAGwKIB3VzZV9vaWwBMRJwcm9ncmVzc2l2ZV9yZWNpcGUBMRUAACbwk4Hu78ikAhUCKAJDMywXQFJJ--dsi0QYEmRhc2hfYmFzZWxpbmVfMV92MREAdf4HZeadAQA&_nc_gid=_4JX7DZkTQ90e6oj5seLLQ&_nc_ss=7a22e&_nc_zt=28&oh=00_AQCu8R9DOsVa1tZzKegZvcVOYTcFlRZyO4JLC8y7qY9YvA&oe=6A55E7BA
DGBGVy0xYCo,https://www.instagram.com/reel/DGBGVy0xYCo/,O @eslen.delanogare é a prova de que você não precisa nem de blazer nem de ostentação pra vender na internet. Da pra ter muuuuuito resultado expressando quem você é e trabalhando com a VERDADE.,1739458734,384248,21292,89.9520034790039,clips,https://scontent-poa1-1.cdninstagram.com/o1/v/t2/f2/m367/AQN4yvyoXViNmMUqS9rh4PWm_7G8GXe-Wt8FSt-9sZxQl0PBwXbNui28j6z22Z-5vXezVAUyy_XdozOvd5RpdOIAkilvh72Eg26DMsU.mp4?_nc_cat=101&_nc_sid=5e9851&_nc_ht=scontent-poa1-1.cdninstagram.com&_nc_ohc=aPxV_hCTuU8Q7kNvwGivyuY&efg=eyJ2ZW5jb2RlX3RhZyI6Inhwdl9wcm9ncmVzc2l2ZS5JTlNUQUdSQU0uQ0xJUFMuQzMuNzIwLmRhc2hfYmFzZWxpbmVfMV92MSIsInhwdl9hc3NldF9pZCI6NDkxMDc3NTI3MTMxMjgzLCJhc3NldF9hZ2VfZGF5cyI6NTExLCJ2aV91c2VjYXNlX2lkIjoxMDA5OSwiZHVyYXRpb25fcyI6ODksInVybGdlbl9zb3VyY2UiOiJ3d3cifQ%3D%3D&ccb=17-1&vs=f65c3e3ff0eaced3&_nc_vs=HBksFQIYQGlnX2VwaGVtZXJhbC9GODQzRjUyQTNBNTk2NEMxODkxRTUzNTk3MEM5RDc4M192aWRlb19kYXNoaW5pdC5tcDQVAALIARIAFQIYR2lnX3hwdl9yZWVsc19wZXJtYW5lbnRfc3JfcHJvZC8xMTMwNzM2MTQ5MDYyNjM2XzMyMjM3MzQwMTAyOTg1NTA0MjIubXA0FQICyAESACgAGAAbAogHdXNlX29pbAExEnByb2dyZXNzaXZlX3JlY2lwZQExFQAAJqbS_ti8qN8BFQIoAkMzLBdAVnu2RaHKwRgSZGFzaF9iYXNlbGluZV8xX3YxEQB1_gdl5p0BAA&_nc_gid=_4JX7DZkTQ90e6oj5seLLQ&_nc_ss=7a22e&_nc_zt=28&oh=00_AQA_DHt8jBJdOKf1uPU7fO4d9OzHWGh81q2Hu5L8AvTkyg&oe=6A55BD1E
DF-hbogxJ5b,https://www.instagram.com/reel/DF-hbogxJ5b/,Sejam bem-vindos à série 10 anos de casal em 10 dicas de relacionamento! Durante o mês de fevereiro a gente vai compartilhar as 10 ideias que mais impactaram os nossos 10 anos de relacionamento. ♥️,1739372346,231574,10892,72.65299987792969,clips,https://scontent-poa1-1.cdninstagram.com/o1/v/t2/f2/m367/AQMWDeuAVaFN5ezpit4afb1kWoVrYy2vLMjwhFJtCLyq8qMf4zFK5mqTogRQBwQsPMtP0TFCUoAntVXrQZIVCpSKr72RMwLn2d8ccZM.mp4?_nc_cat=102&_nc_sid=5e9851&_nc_ht=scontent-poa1-1.cdninstagram.com&_nc_ohc=n_bW4n2KnZQQ7kNvwEJKDMy&efg=eyJ2ZW5jb2RlX3RhZyI6Inhwdl9wcm9ncmVzc2l2ZS5JTlNUQUdSQU0uQ0xJUFMuQzMuNzIwLmRhc2hfYmFzZWxpbmVfMV92MSIsInhwdl9hc3NldF9pZCI6NjAyOTIyMjE1Nzg0Nzg5LCJhc3NldF9hZ2VfZGF5cyI6NTEyLCJ2aV91c2VjYXNlX2lkIjoxMDA5OSwiZHVyYXRpb25fcyI6NzIsInVybGdlbl9zb3VyY2UiOiJ3d3cifQ%3D%3D&ccb=17-1&vs=606291d171ddd5fd&_nc_vs=HBksFQIYQGlnX2VwaGVtZXJhbC9EQTQ5QjJFRkQ0MjY0QjQ5NzI1OURDQjY4NTlFNzA4NV92aWRlb19kYXNoaW5pdC5tcDQVAALIARIAFQIYRWlnX3hwdl9yZWVsc19wZXJtYW5lbnRfc3JfcHJvZC82MDE5NzMwNjU5NjAyNzRfOTQxMTQ1MjI5ODY0MjIwMjI2Lm1wNBUCAsgBEgAoABgAGwKIB3VzZV9vaWwBMRJwcm9ncmVzc2l2ZV9yZWNpcGUBMRUAACaqhf7H2JaSAhUCKAJDMywXQFIogxJul40YEmRhc2hfYmFzZWxpbmVfMV92MREAdf4HZeadAQA&_nc_gid=_4JX7DZkTQ90e6oj5seLLQ&_nc_ss=7a22e&_nc_zt=28&oh=00_AQBS6zkf1NXna-gF1By1yYWEN1S6uEGmMnhWk9k7j07G_w&oe=6A55E44F
DF5bef5RQx2,https://www.instagram.com/reel/DF5bef5RQx2/,É a primeira vez na vida que eu fico viciada em perfil de político justamente porque os princípios nunca falham. 🗣️,1739201895,191405,8241,89.18599700927734,clips,https://scontent-poa1-1.cdninstagram.com/o1/v/t2/f2/m367/AQP3787G_RHt5CwPJ1srGRVS6WHnXweVGU3ciiPmEjQymLnX3ptlDmcQPRH8IvFfe9L__LW-z15607l13AP_I9VuWU8JCdqYA0SQ1vU.mp4?_nc_cat=111&_nc_sid=5e9851&_nc_ht=scontent-poa1-1.cdninstagram.com&_nc_ohc=HEH9HXwKhTIQ7kNvwEJWsxu&efg=eyJ2ZW5jb2RlX3RhZyI6Inhwdl9wcm9ncmVzc2l2ZS5JTlNUQUdSQU0uQ0xJUFMuQzMuNzIwLmRhc2hfYmFzZWxpbmVfMV92MSIsInhwdl9hc3NldF9pZCI6OTA4ODEzNzI3MTIyMjI5NywiYXNzZXRfYWdlX2RheXMiOjUxNCwidmlfdXNlY2FzZV9pZCI6MTAwOTksImR1cmF0aW9uX3MiOjg5LCJ1cmxnZW5fc291cmNlIjoid3d3In0%3D&ccb=17-1&vs=85bf0d6ab8f89500&_nc_vs=HBksFQIYQGlnX2VwaGVtZXJhbC80QzQ5ODU0NzIzOUI5REVBNDk0OEFEQzM0NTFBRUU5OF92aWRlb19kYXNoaW5pdC5tcDQVAALIARIAFQIYRmlnX3hwdl9yZWVsc19wZXJtYW5lbnRfc3JfcHJvZC82NDg3ODU2ODQyODM2MDhfNDI5MzA5MDUzMzg4NzE4NTEzNi5tcDQVAgLIARIAKAAYABsCiAd1c2Vfb2lsATEScHJvZ3Jlc3NpdmVfcmVjaXBlATEVAAAmsoDFm5vnpCAVAigCQzMsF0BWSp--dsi0GBJkYXNoX2Jhc2VsaW5lXzFfdjERAHX-B2XmnQEA&_nc_gid=_4JX7DZkTQ90e6oj5seLLQ&_nc_ss=7a22e&_nc_zt=28&oh=00_AQCY_2ERQ5L4ddqljop5oYvxXqjlpt4lNz8blGJN5jNCNQ&oe=6A55CE78
DFvEdS0ObSg,https://www.instagram.com/reel/DFvEdS0ObSg/,"Hanah Franklin quase foi processada pelo Instagram, teve um vídeo copiado pelo @pedrosobral e até tentou usar blazer pra parecer mais profissional. Mas foi só quando parou de tentar se encaixar e começou a se comunicar do seu jeito caótico que seus vídeos começaram à tracionar, mostrando que a autenticidade faz diferença. Hoje, ela é braba em storytelling, sendo referência para milhares de criadores no mercado digital. Ela produz com maestria vídeos marcantes, mostrando que pra criar uma marca forte na internet você não precisa forçar a barra, mas sim, ser autêntico!",1738854021,136825,4613,87.46600341796875,clips,https://scontent-poa1-1.cdninstagram.com/o1/v/t2/f2/m367/AQPzW6hhMaA_60e3ODsH7EbX9I-1lRrpy5613d_7Lm-qAGaba7EntqtHufuCQYKfOFZCaL-H8u27F0vZ4K97purKBFYGNvuA0OAUaVI.mp4?_nc_cat=111&_nc_sid=5e9851&_nc_ht=scontent-poa1-1.cdninstagram.com&_nc_ohc=yLyBTEm3AJUQ7kNvwFAmQBZ&efg=eyJ2ZW5jb2RlX3RhZyI6Inhwdl9wcm9ncmVzc2l2ZS5JTlNUQUdSQU0uQ0xJUFMuQzMuNzIwLmRhc2hfYmFzZWxpbmVfMV92MSIsInhwdl9hc3NldF9pZCI6MTYyNTcxODMzNTAwMDQyOSwiYXNzZXRfYWdlX2RheXMiOjUxOCwidmlfdXNlY2FzZV9pZCI6MTAwOTksImR1cmF0aW9uX3MiOjg3LCJ1cmxnZW5fc291cmNlIjoid3d3In0%3D&ccb=17-1&vs=f55dcc34bb497119&_nc_vs=HBksFQIYQGlnX2VwaGVtZXJhbC9CMjQ4OTJENjQyM0MwNUMzNjZBQjk2QjMwOTUxMTdBMl92aWRlb19kYXNoaW5pdC5tcDQVAALIARIAFQIYR2lnX3hwdl9yZWVsc19wZXJtYW5lbnRfc3JfcHJvZC8xMTQ3NTMxODQzMzcyNTIyXzE4MTY2MjQzNjg3MDUwNTM5NTcubXA0FQICyAESACgAGAAbAogHdXNlX29pbAExEnByb2dyZXNzaXZlX3JlY2lwZQExFQAAJtq95r2hpeMFFQIoAkMzLBdAVd3S8an75xgSZGFzaF9iYXNlbGluZV8xX3YxEQB1_gdl5p0BAA&_nc_gid=_4JX7DZkTQ90e6oj5seLLQ&_nc_ss=7a22e&_nc_zt=28&oh=00_AQCvb2X9K7o1Xss5xelN8siUaZQXqZ2aC5S5b6e0vrgM6Q&oe=6A55AFE4
DFtHO_gyOco,https://www.instagram.com/reel/DFtHO_gyOco/,"Ele finalmente chegou! Depois de tanto tempo de espera, eu posso anunciar a nossa primeira IMERSÃO PRESENCIAL. Mas isso não é apenas mais um evento de marketing digital, vamos criar uma EXPERIÊNCIA - e apenas 80 pessoas vão viver isso. Nos dias 15 e 16 de março em Alphaville SP a gente se encontra! Quem vai???",1738788767,284479,16146,90.06800079345703,clips,https://scontent-poa1-1.cdninstagram.com/o1/v/t2/f2/m367/AQNIHVDzZyGvefqJXM5_Di4OyHpdiUTX98hj4hUEWZPgoYnzG7e6oMNaH5zfoZ5-2iIOw7jGIjCoo8cqPJDE_iT6sXrUhLOdjXEXkos.mp4?_nc_cat=110&_nc_sid=5e9851&_nc_ht=scontent-poa1-1.cdninstagram.com&_nc_ohc=Bjiv0Az1giEQ7kNvwFiipc4&efg=eyJ2ZW5jb2RlX3RhZyI6Inhwdl9wcm9ncmVzc2l2ZS5JTlNUQUdSQU0uQ0xJUFMuQzMuNzIwLmRhc2hfYmFzZWxpbmVfMV92MSIsInhwdl9hc3NldF9pZCI6Mjg2NTU5MTI1OTczNTYwMDAsImFzc2V0X2FnZV9kYXlzIjo1MTgsInZpX3VzZWNhc2VfaWQiOjEwMDk5LCJkdXJhdGlvbl9zIjo5MCwidXJsZ2VuX3NvdXJjZSI6Ind3dyJ9&ccb=17-1&vs=d7d56ca74c0465fb&_nc_vs=HBksFQIYQGlnX2VwaGVtZXJhbC8wMzRCMTJGQzEyNjIwQUYwMkU0MDY1OTc5ODZEMTVCMV92aWRlb19kYXNoaW5pdC5tcDQVAALIARIAFQIYRmlnX3hwdl9yZWVsc19wZXJtYW5lbnRfc3JfcHJvZC85MjY3MjAwOTk2NzI2NTRfNDkyMTc1MTkxNzIzOTczMjUxMy5tcDQVAgLIARIAKAAYABsCiAd1c2Vfb2lsATEScHJvZ3Jlc3NpdmVfcmVjaXBlATEVAAAmwPejsdKZ52UVAigCQzMsF0BWgxJul41QGBJkYXNoX2Jhc2VsaW5lXzFfdjERAHX-B2XmnQEA&_nc_gid=_4JX7DZkTQ90e6oj5seLLQ&_nc_ss=7a22e&_nc_zt=28&oh=00_AQAe1GKG16ki1fTsMhbwf07B2FAD_ICYDIng3vJzYfv1ag&oe=6A55C6BB
DFgKZ6hSFui,https://www.instagram.com/reel/DFgKZ6hSFui/,A @shopee_br salvou meu noivado com as Lojas Oficiais 🌚 E o Alef ainda deu sorte que vai aproveitar a Primeira Liquidação do Ano no app da Shopee nesse 2.2 pra comprar os jogos dele. 😅 São 9 milhões de reais em cupons e frete grátis!! #publi,1738353559,1788909,3,85.88899993896484,clips,https://scontent-poa1-1.cdninstagram.com/o1/v/t2/f2/m367/AQOSHz9jpsWjYT4OZ8xN655C42GBp6Wjq5bgQuspj8EglLwCGwHpEsh8tKW7_0BLpNm56h_Z89gAgvfni7mvBV1R2Ixm7-RaPiqtTU4.mp4?_nc_cat=110&_nc_sid=5e9851&_nc_ht=scontent-poa1-1.cdninstagram.com&_nc_ohc=zH2paJ69zD4Q7kNvwHsJc8n&efg=eyJ2ZW5jb2RlX3RhZyI6Inhwdl9wcm9ncmVzc2l2ZS5JTlNUQUdSQU0uQ0xJUFMuQzMuNzIwLmRhc2hfYmFzZWxpbmVfMV92MSIsInhwdl9hc3NldF9pZCI6MTc1MzAxMjgxMTkwODc4NCwiYXNzZXRfYWdlX2RheXMiOjUyMywidmlfdXNlY2FzZV9pZCI6MTAwOTksImR1cmF0aW9uX3MiOjg1LCJ1cmxnZW5fc291cmNlIjoid3d3In0%3D&ccb=17-1&vs=1c3cf2a8a8691b36&_nc_vs=HBksFQIYQGlnX2VwaGVtZXJhbC82NzQzQzBGMzhEQTdDODE0MDQ3MTg3NTg1NTJEMTQ4OV92aWRlb19kYXNoaW5pdC5tcDQVAALIARIAFQIYRmlnX3hwdl9yZWVsc19wZXJtYW5lbnRfc3JfcHJvZC82MDc2MzA4NjE5NzE3OThfNzQzMTc2MTYzODI5Mjc3NjY0NC5tcDQVAgLIARIAKAAYABsCiAd1c2Vfb2lsATEScHJvZ3Jlc3NpdmVfcmVjaXBlATEVAAAm4JqGn-OWnQYVAigCQzMsF0BVeCDEm6XjGBJkYXNoX2Jhc2VsaW5lXzFfdjERAHX-B2XmnQEA&_nc_gid=_4JX7DZkTQ90e6oj5seLLQ&_nc_ss=7a22e&_nc_zt=28&oh=00_AQByFnPjOlfn_ICUpPQNXjtrumvpPIQu5_8uOfI3CQJ3NA&oe=6A55E507
DFYb1fESPK9,https://www.instagram.com/reel/DFYb1fESPK9/,"Sinceramente? Eu tô superfã da @shopee_br 🧡 Eles acertam nas estratégias de conteúdo e eu encontro tudo para as decorações dos meus vídeos, com vários cupons de desconto. No seu lugar eu correria no aplicativo deles pra aproveitar também! #publi",1738094323,5386298,3,89.9749984741211,clips,https://scontent-poa1-1.cdninstagram.com/o1/v/t2/f2/m367/AQNpwFMYM1FcP4ee3vl_ctU3W9PydAvUT7YKObJ0_JZ_tuWYF13nHJtg2O4B8GVvDPhnLMuEUrgUuj4T6H0s-wuWEx3PBD7LYkbur8E.mp4?_nc_cat=110&_nc_sid=5e9851&_nc_ht=scontent-poa1-1.cdninstagram.com&_nc_ohc=eJ0_ltdADbUQ7kNvwEjLJqJ&efg=eyJ2ZW5jb2RlX3RhZyI6Inhwdl9wcm9ncmVzc2l2ZS5JTlNUQUdSQU0uQ0xJUFMuQzMuNzIwLmRhc2hfYmFzZWxpbmVfMV92MSIsInhwdl9hc3NldF9pZCI6NDAxNjE5OTY2MTk4MjU1OCwiYXNzZXRfYWdlX2RheXMiOjUyNiwidmlfdXNlY2FzZV9pZCI6MTAwOTksImR1cmF0aW9uX3MiOjg5LCJ1cmxnZW5fc291cmNlIjoid3d3In0%3D&ccb=17-1&vs=58f20a4488321a5d&_nc_vs=HBksFQIYQGlnX2VwaGVtZXJhbC9GQzQ2RTNENUZEOTI2MDEwQTM1NTY2Qjk1MThEMkQ4Ml92aWRlb19kYXNoaW5pdC5tcDQVAALIARIAFQIYR2lnX3hwdl9yZWVsc19wZXJtYW5lbnRfc3JfcHJvZC8xOTYyMjc0NzMwOTMxNzc2Xzc3MTk2ODk2MTEwNTI4MTkxNTYubXA0FQICyAESACgAGAAbAogHdXNlX29pbAExEnByb2dyZXNzaXZlX3JlY2lwZQExFQAAJrzNmKPLraIOFQIoAkMzLBdAVn3S8an75xgSZGFzaF9iYXNlbGluZV8xX3YxEQB1_gdl5p0BAA&_nc_gid=_4JX7DZkTQ90e6oj5seLLQ&_nc_ss=7a22e&_nc_zt=28&oh=00_AQCYcEpBwC02OHFEInYfwczK3qzVmzKORnwgRuIc8jWRqQ&oe=6A55C103
DFV8Je8ys5J,https://www.instagram.com/reel/DFV8Je8ys5J/,"A @jhennykeller é muito boa de obra, mas contando história ela é realmente genial - e aqui vão 3 conceitos de storytelling que ela usa pra dominar essa internet! 👷‍♀️🧡",1738010877,1378980,83160,88.3499984741211,clips,https://scontent-poa1-1.cdninstagram.com/o1/v/t16/f2/m86/AQO7hpauCWFg45WsEi_-9gdqMdGwZLpg3nK1OTMV15z-Kmi7tmumn93tPTAag4yxDhcU4yFGkgt7mc81myGzBpzEIAKUGxgim1dz_wY.mp4?stp=dst-mp4&efg=eyJxZV9ncm91cHMiOiJbXCJpZ193ZWJfZGVsaXZlcnlfdnRzX290ZlwiXSIsInZlbmNvZGVfdGFnIjoidnRzX3ZvZF91cmxnZW4uY2xpcHMuYzIuMzYwLmJhc2VsaW5lIn0&_nc_cat=101&vs=2757743137838769_1897014909&_nc_vs=HBksFQIYUmlnX3hwdl9yZWVsc19wZXJtYW5lbnRfc3JfcHJvZC9GOTQ1MTdGM0EwMTMxQjczQzhFMjI4NjU2QUEwMUU5QV92aWRlb19kYXNoaW5pdC5tcDQVAALIARIAFQIYR2lnX3hwdl9yZWVsc19wZXJtYW5lbnRfc3JfcHJvZC8xMzQ3MjA2MzA5NjEzNTE0XzYyOTE1Njg5OTI3Nzg2NjY0MDgubXA0FQICyAESACgAGAAbABUAACaI5qbdjomQQBUCKAJDMywXQFYVT987ZFoYEmRhc2hfYmFzZWxpbmVfM192MREAdf4HZeadAQA%3D&ccb=9-4&oh=00_AQB6XIqRpuZl7hMoewvFKFhP-0uabxIMl6WJPKfyzysBnA&oe=6A51C807&_nc_sid=c024bc
DFJVI_2yggy,https://www.instagram.com/reel/DFJVI_2yggy/,"Minha estrutura queridinha validada nos mais aleatórios nichos que você possa imaginar! Testa você também. Pra aprender mais sobre roteiro comigo, basta escrever HISTÓRIA nos comentários:",1737587703,789768,73983,89.9749984741211,clips,https://scontent-poa1-1.cdninstagram.com/o1/v/t2/f2/m367/AQPXi9ulXCc5U8HYkFBFVMID4QOdLrm-KJnEgpCb7V_Arl-B2uXkKif3MxnEAItgblSrEeKAY7Z56_6-MLWpbwHgiDR2VeR_m8qXUiI.mp4?_nc_cat=102&_nc_sid=5e9851&_nc_ht=scontent-poa1-1.cdninstagram.com&_nc_ohc=0Auf_kn5t-wQ7kNvwHqXptc&efg=eyJ2ZW5jb2RlX3RhZyI6Inhwdl9wcm9ncmVzc2l2ZS5JTlNUQUdSQU0uQ0xJUFMuQzMuNjA4LmRhc2hfYmFzZWxpbmVfMV92MSIsInhwdl9hc3NldF9pZCI6NDY4ODU0MDE5NDIxMTE2LCJhc3NldF9hZ2VfZGF5cyI6NTMyLCJ2aV91c2VjYXNlX2lkIjoxMDA5OSwiZHVyYXRpb25fcyI6ODksInVybGdlbl9zb3VyY2UiOiJ3d3cifQ%3D%3D&ccb=17-1&vs=df9be990a85a8cf1&_nc_vs=HBksFQIYQGlnX2VwaGVtZXJhbC82QzQ5NkFFREUwQkRCMzIxMTg2RTA0MDlGQTE0NUVCN192aWRlb19kYXNoaW5pdC5tcDQVAALIARIAFQIYRmlnX3hwdl9yZWVsc19wZXJtYW5lbnRfc3JfcHJvZC81NzQ4MzcwNzIwMzY3NzlfMzExNzIzMjYyMDc2NDk3NDc2OC5tcDQVAgLIARIAKAAYABsCiAd1c2Vfb2lsATEScHJvZ3Jlc3NpdmVfcmVjaXBlATEVAAAm-M671PKa1QEVAigCQzMsF0BWfU_fO2RaGBJkYXNoX2Jhc2VsaW5lXzFfdjERAHX-B2XmnQEA&_nc_gid=TslgDp3vzLs7h-AymNdJWw&_nc_ss=7a22e&_nc_zt=28&oh=00_AQATgVwJ0bBR72VS9AlkeUqgL6KlGOoQ8wHS57HR2MydiA&oe=6A55CCDF
DFGBngXx3R0,https://www.instagram.com/reel/DFGBngXx3R0/,Você não tá atrasado para o que é SEU. ✨ E lembra que respirar 4x faz bem de vez em quando rs,1737476827,285607,11854,89.302001953125,clips,https://scontent-poa1-1.cdninstagram.com/o1/v/t2/f2/m367/AQN1x5C3yI3YmLJ-Tj5M_cLx59uyB8tEINfXIJfMwTxR28gQNb-_HqhPwQ92nRVebIcYmV6ahCzHmiK-ymXaaFmZktfuc-HtpWBsCK8.mp4?_nc_cat=105&_nc_sid=5e9851&_nc_ht=scontent-poa1-1.cdninstagram.com&_nc_ohc=dSCpu4hdEbgQ7kNvwF-4oOp&efg=eyJ2ZW5jb2RlX3RhZyI6Inhwdl9wcm9ncmVzc2l2ZS5JTlNUQUdSQU0uQ0xJUFMuQzMuNzIwLmRhc2hfYmFzZWxpbmVfMV92MSIsInhwdl9hc3NldF9pZCI6NjMxMTU2MDk5MzM0NjM5LCJhc3NldF9hZ2VfZGF5cyI6NTM0LCJ2aV91c2VjYXNlX2lkIjoxMDA5OSwiZHVyYXRpb25fcyI6ODksInVybGdlbl9zb3VyY2UiOiJ3d3cifQ%3D%3D&ccb=17-1&vs=db9b624bdd651ad4&_nc_vs=HBksFQIYQGlnX2VwaGVtZXJhbC81RjRGQzNGQTVCNUQ0NUEzODQyOEIyMkJBQTAyRkU5NV92aWRlb19kYXNoaW5pdC5tcDQVAALIARIAFQIYR2lnX3hwdl9yZWVsc19wZXJtYW5lbnRfc3JfcHJvZC8xMjcwNzkwMDQ0MTc4NzM4XzQwODA0MzU1ODgyNDA5MzUwOTEubXA0FQICyAESACgAGAAbAogHdXNlX29pbAExEnByb2dyZXNzaXZlX3JlY2lwZQExFQAAJt6HyrGPgp8CFQIoAkMzLBdAVlKfvnbItBgSZGFzaF9iYXNlbGluZV8xX3YxEQB1_gdl5p0BAA&_nc_gid=TslgDp3vzLs7h-AymNdJWw&_nc_ss=7a22e&_nc_zt=28&oh=00_AQDOr_tSFq0FZgMczkBXaSbNqKRWHNns21WiSI60k0tCrw&oe=6A55B7CE
DFEA2O1Shr2,https://www.instagram.com/reel/DFEA2O1Shr2/,3 anos é pouco! Respira fundo e continua. 🤍,1737409067,822520,18339,66.8949966430664,clips,https://scontent-poa1-1.cdninstagram.com/o1/v/t2/f2/m367/AQMpNjArFeCKINW95BfHst5fhQyxRo40lWVVXo4-yYjM61a6EQNfWKYJffvsV1UtuXK4BGHvfBBNw2Tc3wYUB6cQWjNwYNIRCQw7Df4.mp4?_nc_cat=102&_nc_sid=5e9851&_nc_ht=scontent-poa1-1.cdninstagram.com&_nc_ohc=LGiYz21PaqgQ7kNvwEBW_U9&efg=eyJ2ZW5jb2RlX3RhZyI6Inhwdl9wcm9ncmVzc2l2ZS5JTlNUQUdSQU0uQ0xJUFMuQzMuNzIwLmRhc2hfYmFzZWxpbmVfMV92MSIsInhwdl9hc3NldF9pZCI6OTYwNjI5ODg1NTIzOTg5LCJhc3NldF9hZ2VfZGF5cyI6NTM0LCJ2aV91c2VjYXNlX2lkIjoxMDA5OSwiZHVyYXRpb25fcyI6NjYsInVybGdlbl9zb3VyY2UiOiJ3d3cifQ%3D%3D&ccb=17-1&vs=a3888ea2270b4c2d&_nc_vs=HBksFQIYQGlnX2VwaGVtZXJhbC9CNzQwMjAyNTYwOUFERUI1MEFDRDEzNDU5QTE5MTg4RF92aWRlb19kYXNoaW5pdC5tcDQVAALIARIAFQIYRmlnX3hwdl9yZWVsc19wZXJtYW5lbnRfc3JfcHJvZC81ODIxNDMxMjgwNTE2NDhfNDM4NjE1NDgwNzU2ODM0MzgxNC5tcDQVAgLIARIAKAAYABsCiAd1c2Vfb2lsATEScHJvZ3Jlc3NpdmVfcmVjaXBlATEVAAAmquCysYLstAMVAigCQzMsF0BQuAAAAAAAGBJkYXNoX2Jhc2VsaW5lXzFfdjERAHX-B2XmnQEA&_nc_gid=TslgDp3vzLs7h-AymNdJWw&_nc_ss=7a22e&_nc_zt=28&oh=00_AQD9bt0JTcAicylok3zttSUdXXsfPNnN3-8hqEgCh_AeuQ&oe=6A55B83F
DFBn2doSUED,https://www.instagram.com/reel/DFBn2doSUED/,"Em fevereiro do ano passado eu era sedentária e não corria 500 metros, e janeiro desse ano acabo de completar minha segunda meia maratona (21km)!! Comece agora e se agradeça daqui 1 ano. ✨ Imaginar é prever o futuro! 🔮",1737328929,171539,6331,80.73400115966797,clips,https://scontent-poa1-1.cdninstagram.com/o1/v/t2/f2/m367/AQM05bK16w5g8KzCbuTH7jYnjNNh8VPg6WAtC5ERGqk1lCY5QjwwPbhyFgYfWVhu4RgfcK06AFRbaVDAe98n8kr438f3y5fXHFgMbYc.mp4?_nc_cat=106&_nc_sid=5e9851&_nc_ht=scontent-poa1-1.cdninstagram.com&_nc_ohc=VAIK6q0bj9kQ7kNvwFdGek0&efg=eyJ2ZW5jb2RlX3RhZyI6Inhwdl9wcm9ncmVzc2l2ZS5JTlNUQUdSQU0uQ0xJUFMuQzMuNzIwLmRhc2hfYmFzZWxpbmVfMV92MSIsInhwdl9hc3NldF9pZCI6OTA0Mjc2NzAxODc5MjA2LCJhc3NldF9hZ2VfZGF5cyI6NTM1LCJ2aV91c2VjYXNlX2lkIjoxMDA5OSwiZHVyYXRpb25fcyI6ODAsInVybGdlbl9zb3VyY2UiOiJ3d3cifQ%3D%3D&ccb=17-1&vs=9f7cb6a334494760&_nc_vs=HBksFQIYQGlnX2VwaGVtZXJhbC8yMjQwQTUzM0ExNEE3MEIxNjRBRUJFNTI2Qjc3MTBBQ192aWRlb19kYXNoaW5pdC5tcDQVAALIARIAFQIYR2lnX3hwdl9yZWVsc19wZXJtYW5lbnRfc3JfcHJvZC8xMTY3NDEwMTg4MDgzNzM5XzIwOTE0MDE3NzY2NDQ0NTc1ODgubXA0FQICyAESACgAGAAbAogHdXNlX29pbAExEnByb2dyZXNzaXZlX3JlY2lwZQExFQAAJszuwLnqm5sDFQIoAkMzLBdAVC7peNT99BgSZGFzaF9iYXNlbGluZV8xX3YxEQB1_gdl5p0BAA&_nc_gid=TslgDp3vzLs7h-AymNdJWw&_nc_ss=7a22e&_nc_zt=28&oh=00_AQB_t4c_cGwCTaQ9dB2d4F1I_h9dRTwCQEVyXhtzRM6xvQ&oe=6A55C5FF
DE8EMibSevc,https://www.instagram.com/reel/DE8EMibSevc/,"Está quase completando um mês que eu não como açúcar, acreditem se quiser, o maior tempo que eu já fiquei sem açúcar na minha vida. A meta é 365 dias. Como pretendo fazer isso? MUDANDO O PERSONAGEM, não forçando o hábito.",1737143449,96193,3984,69.30999755859375,clips,https://scontent-poa1-1.cdninstagram.com/o1/v/t2/f2/m367/AQNEeCSJF68hEtumPsqrOJmarhqPBWOJ3M-txial-yBN1UlctTJKP5QM1Tkb16xOu6rScNjdfr8M40CgTu-Hnn3pUBHu-oMXfIUrH2I.mp4?_nc_cat=110&_nc_sid=5e9851&_nc_ht=scontent-poa1-1.cdninstagram.com&_nc_ohc=6y6SWPwKXJAQ7kNvwGwTHcp&efg=eyJ2ZW5jb2RlX3RhZyI6Inhwdl9wcm9ncmVzc2l2ZS5JTlNUQUdSQU0uQ0xJUFMuQzMuNzIwLmRhc2hfYmFzZWxpbmVfMV92MSIsInhwdl9hc3NldF9pZCI6MTM4MjA1MjIwMzIwOTU1NiwiYXNzZXRfYWdlX2RheXMiOjUzOCwidmlfdXNlY2FzZV9pZCI6MTAwOTksImR1cmF0aW9uX3MiOjY5LCJ1cmxnZW5fc291cmNlIjoid3d3In0%3D&ccb=17-1&vs=d6ffdb513b6043bd&_nc_vs=HBksFQIYQGlnX2VwaGVtZXJhbC9EODQ4NTk1RTZEQzhDREI1NzIwNDAxNDgwQzAyRTBBRl92aWRlb19kYXNoaW5pdC5tcDQVAALIARIAFQIYRmlnX3hwdl9yZWVsc19wZXJtYW5lbnRfc3JfcHJvZC85MDU2ODQ0NzA0MzgwOTI2XzQ4MjQ4NDI4MjM2NTkyMzk5OS5tcDQVAgLIARIAKAAYABsCiAd1c2Vfb2lsATEScHJvZ3Jlc3NpdmVfcmVjaXBlATEVAAAmqI2RqoO-9AQVAigCQzMsF0BRUp--dsi0GBJkYXNoX2Jhc2VsaW5lXzFfdjERAHX-B2XmnQEA&_nc_gid=TslgDp3vzLs7h-AymNdJWw&_nc_ss=7a22e&_nc_zt=28&oh=00_AQAzGqTEydtqjxc5x9XvZGICsEeR6o87iAgCOZleoALu1A&oe=6A55D8FF
DE2dGn1BNZy,https://www.instagram.com/reel/DE2dGn1BNZy/,"Não tem como fugir, se você não focar na QUANTIDADE você nunca saberá como fazer algo com QUALIDADE. Posta rápido e melhora no próximo!",1736954160,105653,3675,70.7959976196289,clips,https://scontent-poa1-1.cdninstagram.com/o1/v/t2/f2/m367/AQOjqbLGYG_nSYyBKfCuiXPkWxf7uT26urztY1L4F9Yr79ewbX4F9odWN3IITptfBS3LTN0TYNNa9q_wrvrOINHeVH3cTF51rI3lXLw.mp4?_nc_cat=109&_nc_sid=5e9851&_nc_ht=scontent-poa1-1.cdninstagram.com&_nc_ohc=N6n1n5G1lBUQ7kNvwEHZGs7&efg=eyJ2ZW5jb2RlX3RhZyI6Inhwdl9wcm9ncmVzc2l2ZS5JTlNUQUdSQU0uQ0xJUFMuQzMuNzIwLmRhc2hfYmFzZWxpbmVfMV92MSIsInhwdl9hc3NldF9pZCI6ODM3NjgyODc1MTIwMjMyLCJhc3NldF9hZ2VfZGF5cyI6NTQwLCJ2aV91c2VjYXNlX2lkIjoxMDA5OSwiZHVyYXRpb25fcyI6NzAsInVybGdlbl9zb3VyY2UiOiJ3d3cifQ%3D%3D&ccb=17-1&vs=25f68420f3847753&_nc_vs=HBksFQIYQGlnX2VwaGVtZXJhbC9GMTRCOTQ2RDg0NTVGRTkzRkI2QkM4QzJEQzNBQjU4MF92aWRlb19kYXNoaW5pdC5tcDQVAALIARIAFQIYR2lnX3hwdl9yZWVsc19wZXJtYW5lbnRfc3JfcHJvZC8xNjcxMTg3MTEwNDEyMDc3XzIwNjgzMDcxMjUxNjU3Mzk5NzYubXA0FQICyAESACgAGAAbAogHdXNlX29pbAExEnByb2dyZXNzaXZlX3JlY2lwZQExFQAAJtDppePH9_wCFQIoAkMzLBdAUbKfvnbItBgSZGFzaF9iYXNlbGluZV8xX3YxEQB1_gdl5p0BAA&_nc_gid=TslgDp3vzLs7h-AymNdJWw&_nc_ss=7a22e&_nc_zt=28&oh=00_AQB5v1ggUhELSSfNHAZcwa6JI5z3TbWdJdqH3SKBjrqa3A&oe=6A55D0C2
DExWtUWxoUL,https://www.instagram.com/reel/DExWtUWxoUL/,"Estudar os princípios que chamam atenção da mente humana. 🧠 Visualizar como os maiores criadores do país usam esses princípios. 👀 Aplicar pra caramba com a ideia de posta rápido e melhora no próximo. 🎬 Esse foi o passo a passo que eu usei pra chegar até aqui e continuo usando pra ir pro próximo nível. Dentro do curso vídeos que colam eu tenho o suprassumo de tudo que aprendi pra você Estudar, as minhas melhores referência Visualizar e uma diária de motivação pra você Aplicar. Escreva EVA nos comentários pra fazer parte.",1736783065,729170,19116,81.96399688720703,clips,https://scontent-poa1-1.cdninstagram.com/o1/v/t2/f2/m367/AQNu6hzKQX8iIfUdtlUpNr3MQuRYdu03TfnBUqyF4jHke5eSFOOLwjqXr9AgRkRKO3fFRJJVROJTEL9SmDuLYogLHLkLmoA9JoXuAsk.mp4?_nc_cat=102&_nc_sid=5e9851&_nc_ht=scontent-poa1-1.cdninstagram.com&_nc_ohc=6dcjYg03xakQ7kNvwG8oKJJ&efg=eyJ2ZW5jb2RlX3RhZyI6Inhwdl9wcm9ncmVzc2l2ZS5JTlNUQUdSQU0uQ0xJUFMuQzMuNzIwLmRhc2hfYmFzZWxpbmVfMV92MSIsInhwdl9hc3NldF9pZCI6MTI5MTA1MzAyMTk0NDM2NCwiYXNzZXRfYWdlX2RheXMiOjU0MiwidmlfdXNlY2FzZV9pZCI6MTAwOTksImR1cmF0aW9uX3MiOjgxLCJ1cmxnZW5fc291cmNlIjoid3d3In0%3D&ccb=17-1&vs=b6e6ecb221f2f97d&_nc_vs=HBksFQIYQGlnX2VwaGVtZXJhbC85MTRFNDdDNDJEMzM2RTkxNDZBRkVCQzMyNTQ5MTA4NF92aWRlb19kYXNoaW5pdC5tcDQVAALIARIAFQIYRmlnX3hwdl9yZWVsc19wZXJtYW5lbnRfc3JfcHJvZC80ODM2NDI0ODEwODYzMDJfNTQxNjY5MDEyMTY2MzQwNTY4OC5tcDQVAgLIARIAKAAYABsCiAd1c2Vfb2lsATEScHJvZ3Jlc3NpdmVfcmVjaXBlATEVAAAm2OiSzJaNywQVAigCQzMsF0BUfU_fO2RaGBJkYXNoX2Jhc2VsaW5lXzFfdjERAHX-B2XmnQEA&_nc_gid=TslgDp3vzLs7h-AymNdJWw&_nc_ss=7a22e&_nc_zt=28&oh=00_AQAuVmCTHHeINeyUmGcoz_2grtr34RiOhmMIAsOBh3Atzg&oe=6A55BED3
DEuvOGRR88I,https://www.instagram.com/reel/DEuvOGRR88I/,"Até ele já entendeu: você precisa encontrar seu Formato Criativo, aquele que vai explodir seu negócio na internet! E não tem como fugir, até encontrar, o caminho é testar pra caramba!",1736695354,924408,15834,51.59299850463867,clips,https://scontent-poa1-1.cdninstagram.com/o1/v/t2/f2/m367/AQPoPCxLryBoU0225_vtDd56fPMGwbpBpcHi7-0_ZuZ4jmUaTr9A949fuGLifgVR9eClYsxZZywxW7YsbOCd15TgW0Qbtwstvp5AemQ.mp4?_nc_cat=109&_nc_sid=5e9851&_nc_ht=scontent-poa1-1.cdninstagram.com&_nc_ohc=2CyAPf-xDO4Q7kNvwFUjsAU&efg=eyJ2ZW5jb2RlX3RhZyI6Inhwdl9wcm9ncmVzc2l2ZS5JTlNUQUdSQU0uQ0xJUFMuQzMuNzIwLmRhc2hfYmFzZWxpbmVfMV92MSIsInhwdl9hc3NldF9pZCI6MTE0NzE0MjU0MDExNDg4NywiYXNzZXRfYWdlX2RheXMiOjU0MywidmlfdXNlY2FzZV9pZCI6MTAwOTksImR1cmF0aW9uX3MiOjUxLCJ1cmxnZW5fc291cmNlIjoid3d3In0%3D&ccb=17-1&vs=3cc93aa7b36f6823&_nc_vs=HBksFQIYQGlnX2VwaGVtZXJhbC9BMzQzNEE0ODkwQjJFNzg0NkUxOTY2NDExRkQ3NkY4MF92aWRlb19kYXNoaW5pdC5tcDQVAALIARIAFQIYR2lnX3hwdl9yZWVsc19wZXJtYW5lbnRfc3JfcHJvZC8xMzQzMDU4NzYwMDQzOTc0Xzg2NzkyMzM5NDk5Nzg0MDA2MTAubXA0FQICyAESACgAGAAbAogHdXNlX29pbAExEnByb2dyZXNzaXZlX3JlY2lwZQExFQAAJo7v4fm91IkEFQIoAkMzLBdAScqfvnbItBgSZGFzaF9iYXNlbGluZV8xX3YxEQB1_gdl5p0BAA&_nc_gid=TslgDp3vzLs7h-AymNdJWw&_nc_ss=7a22e&_nc_zt=28&oh=00_AQCHU7IldykJiM3j9CgpIfbKcNMljqTbU8OfUdOsYAqonQ&oe=6A55CB9E
DEnDrIXRwG1,https://www.instagram.com/reel/DEnDrIXRwG1/,"Hoje eu já gastei muito em equipamentos pra gravar meus vídeos, mas eu não precisei de nada disso pra começar a ter grandes resultados - e você também não precisa. Basta encontrar os equipamentos certos na @shopee_br e aprender a usar do jeito certo comigooo. 🧡🤝 Produtos mostrados no vídeo: • Ring Light LED profissional 🔍 ID: BYV-XUC-AFU • Iluminador Bastão Tubo de Led 🔍ID: CMG-KNY-UDC • Smart TV 50 4K 🔍ID: CHB-GGT-LSS",1736437559,6004181,65116,88.76799774169922,clips,https://scontent-poa1-1.cdninstagram.com/o1/v/t2/f2/m367/AQNBf4eq2uaVBTD2Xuhgo2zeeEPSlBHu1Cuzd0oYgW2Sd2mxsKmBrGsmDbEN9kxO-jZsPKUCA5ojxeYmCTNjW7FVJArEUtgnC9fe9ww.mp4?_nc_cat=101&_nc_sid=5e9851&_nc_ht=scontent-poa1-1.cdninstagram.com&_nc_ohc=SlSptae-jBQQ7kNvwEuOUXx&efg=eyJ2ZW5jb2RlX3RhZyI6Inhwdl9wcm9ncmVzc2l2ZS5JTlNUQUdSQU0uQ0xJUFMuQzMuNzIwLmRhc2hfYmFzZWxpbmVfMV92MSIsInhwdl9hc3NldF9pZCI6NTU0NDc3MjA0MDkxNTU5LCJhc3NldF9hZ2VfZGF5cyI6NTQ2LCJ2aV91c2VjYXNlX2lkIjoxMDA5OSwiZHVyYXRpb25fcyI6ODgsInVybGdlbl9zb3VyY2UiOiJ3d3cifQ%3D%3D&ccb=17-1&vs=760bcd97741641ce&_nc_vs=HBksFQIYQGlnX2VwaGVtZXJhbC82NjRFMkNCRTcwOTZBQzczQzBFMkNFRkREQkUzMERBMl92aWRlb19kYXNoaW5pdC5tcDQVAALIARIAFQIYRmlnX3hwdl9yZWVsc19wZXJtYW5lbnRfc3JfcHJvZC80ODQwOTc3MzQ3MTk4MTlfODg0ODgxMDg4ODA2OTE4ODExOS5tcDQVAgLIARIAKAAYABsCiAd1c2Vfb2lsATEScHJvZ3Jlc3NpdmVfcmVjaXBlATEVAAAmzsrJjOmS_AEVAigCQzMsF0BWMQYk3S8bGBJkYXNoX2Jhc2VsaW5lXzFfdjERAHX-B2XmnQEA&_nc_gid=TslgDp3vzLs7h-AymNdJWw&_nc_ss=7a22e&_nc_zt=28&oh=00_AQCOSBJA-V2fSoh0WakvahMq0WKvf3BqT7StRo_0AJPE3Q&oe=6A55E5A6
DElIlC7Sg0l,https://www.instagram.com/reel/DElIlC7Sg0l/,"O @rafaelgratta é a prova que você não precisa seguir as regrinhas pra dar certo na internet, precisa seguir princípios.",1736373219,2797559,152939,89.76599884033203,clips,https://scontent-poa1-1.cdninstagram.com/o1/v/t2/f2/m367/AQMPuMQVIVC479-oK52OT0MtNJYtIKgFWiOpYP3Jc_Zibg2WXR_nX9HwA7Lb3Z_Ax56HekQ2vzRmvQx4vGUZgTmQdUy8nKdVlX4Vihk.mp4?_nc_cat=109&_nc_sid=5e9851&_nc_ht=scontent-poa1-1.cdninstagram.com&_nc_ohc=XR-kc33QRnoQ7kNvwHg2p1a&efg=eyJ2ZW5jb2RlX3RhZyI6Inhwdl9wcm9ncmVzc2l2ZS5JTlNUQUdSQU0uQ0xJUFMuQzMuNzIwLmRhc2hfYmFzZWxpbmVfMV92MSIsInhwdl9hc3NldF9pZCI6NDYwNjk2NzEzNTgwNTc4LCJhc3NldF9hZ2VfZGF5cyI6NTQ2LCJ2aV91c2VjYXNlX2lkIjoxMDA5OSwiZHVyYXRpb25fcyI6ODksInVybGdlbl9zb3VyY2UiOiJ3d3cifQ%3D%3D&ccb=17-1&vs=fef1ca1674549a95&_nc_vs=HBksFQIYQGlnX2VwaGVtZXJhbC8yMDQwQUFBQzdDNTIyREI2QURDRjNFMzAzQzNGNTNBQl92aWRlb19kYXNoaW5pdC5tcDQVAALIARIAFQIYRmlnX3hwdl9yZWVsc19wZXJtYW5lbnRfc3JfcHJvZC81Nzc2NDk4MTE3MTczMjZfODE5MTIyNTYwNzYzODMxNDQ4Ni5tcDQVAgLIARIAKAAYABsCiAd1c2Vfb2lsATEScHJvZ3Jlc3NpdmVfcmVjaXBlATEVAAAmxMCy_4nA0QEVAigCQzMsF0BWcAAAAAAAGBJkYXNoX2Jhc2VsaW5lXzFfdjERAHX-B2XmnQEA&_nc_gid=TslgDp3vzLs7h-AymNdJWw&_nc_ss=7a22e&_nc_zt=28&oh=00_AQDRV82t7MpggW7bs33MTOqFDMvGJdQV6DexCG7Dq3g4cQ&oe=6A55D1A2
DEf-q2wS2bA,https://www.instagram.com/reel/DEf-q2wS2bA/,Em 2025 eu tenho uma única intenção: me tornar meu EU DO FUTURO ✨ e quero te incentivar a fazer o mesmo! Bora?,1736200266,115051,4798,89.58100128173828,clips,https://scontent-poa1-1.cdninstagram.com/o1/v/t2/f2/m367/AQNC4RptFi4WpCrwyQ_EvQ6uOkK_NrLousWWlKQW4K81G0MGYmdvhgvLCUBab1G2FpiP2iQnC5uCZFtoPLXIwNqqjNW6To2I7By7lJw.mp4?_nc_cat=103&_nc_sid=5e9851&_nc_ht=scontent-poa1-1.cdninstagram.com&_nc_ohc=hjG4dZllU0YQ7kNvwHPc_Cw&efg=eyJ2ZW5jb2RlX3RhZyI6Inhwdl9wcm9ncmVzc2l2ZS5JTlNUQUdSQU0uQ0xJUFMuQzMuNzIwLmRhc2hfYmFzZWxpbmVfMV92MSIsInhwdl9hc3NldF9pZCI6OTU0ODYyMTU2MDc2ODQ3LCJhc3NldF9hZ2VfZGF5cyI6NTQ4LCJ2aV91c2VjYXNlX2lkIjoxMDA5OSwiZHVyYXRpb25fcyI6ODksInVybGdlbl9zb3VyY2UiOiJ3d3cifQ%3D%3D&ccb=17-1&vs=24234ef9f751acbf&_nc_vs=HBksFQIYQGlnX2VwaGVtZXJhbC9GNjQ3MDRDRTE2MzEwNTAyNDM3MzRGOUZBQjlFRkQ4Nl92aWRlb19kYXNoaW5pdC5tcDQVAALIARIAFQIYRmlnX3hwdl9yZWVsc19wZXJtYW5lbnRfc3JfcHJvZC8xMjg2Nzg2ODAyNTM2NDc2XzEyODA2Nzc2MTA1NDUzMTI2Mi5tcDQVAgLIARIAKAAYABsCiAd1c2Vfb2lsATEScHJvZ3Jlc3NpdmVfcmVjaXBlATEVAAAm3tz6uaWcsgMVAigCQzMsF0BWYp--dsi0GBJkYXNoX2Jhc2VsaW5lXzFfdjERAHX-B2XmnQEA&_nc_gid=TslgDp3vzLs7h-AymNdJWw&_nc_ss=7a22e&_nc_zt=28&oh=00_AQC6RXyju7qE5TuYvPPFtMfDrSk8rfFT5pKAnSJQmlajzA&oe=6A55E7C0
DDfGbIPvhPk,https://www.instagram.com/reel/DDfGbIPvhPk/,"Se ela começou sem dinheiro e com medo do que iam pensar, é possível para você também! ⭐⁠ ⁠ Conheça a história que levou a creator @hanahfranklin a transformar momentos desafiadores em uma trajetória de sucesso no digital.⁠ ⁠ Ela se tornou referência na criação de conteúdo, tem mais de 16 mil alunos, e agora conta com a @hotmart! 🔥",1734022942,144167,3506,89.80000305175781,clips,https://scontent-poa1-1.cdninstagram.com/o1/v/t2/f2/m367/AQMj973LFMQFQKTcaXb7g2fjDT3rx1AxaXc2ex4SyAjYTQ6RNSZ3ef6is_p45x_LjgFQlKL6qnLqUQAurJXn-Pz9rwwWBNB22MszSFQ.mp4?_nc_cat=106&_nc_sid=5e9851&_nc_ht=scontent-poa1-1.cdninstagram.com&_nc_ohc=QvcRk2fZNYIQ7kNvwFcDO2O&efg=eyJ2ZW5jb2RlX3RhZyI6Inhwdl9wcm9ncmVzc2l2ZS5JTlNUQUdSQU0uQ0xJUFMuQzMuNzIwLmRhc2hfYmFzZWxpbmVfMV92MSIsInhwdl9hc3NldF9pZCI6NTY1NzYwODY5NDExMTY0LCJhc3NldF9hZ2VfZGF5cyI6NTc0LCJ2aV91c2VjYXNlX2lkIjoxMDA5OSwiZHVyYXRpb25fcyI6ODksInVybGdlbl9zb3VyY2UiOiJ3d3cifQ%3D%3D&ccb=17-1&vs=16c6182f1203fa77&_nc_vs=HBksFQIYQGlnX2VwaGVtZXJhbC9BMjQzNTEyMzQzNkVBNkNCOTdEMDg4NDlBMTg2RTM5OV92aWRlb19kYXNoaW5pdC5tcDQVAALIARIAFQIYR2lnX3hwdl9yZWVsc19wZXJtYW5lbnRfc3JfcHJvZC80MDIwMjAwNzM4MjY1MjM3XzEyNTgyNDU2MjY0NzI4NDQzNDcubXA0FQICyAESACgAGAAbAogHdXNlX29pbAExEnByb2dyZXNzaXZlX3JlY2lwZQExFQAAJrilsfrOo4ECFQIoAkMzLBdAVnMzMzMzMxgSZGFzaF9iYXNlbGluZV8xX3YxEQB1_gdl5p0BAA&_nc_gid=TslgDp3vzLs7h-AymNdJWw&_nc_ss=7a22e&_nc_zt=28&oh=00_AQCN1M995-Yk6cGO8bHgjrXEqTd0N_-CI0L0TUiLBVg_Vg&oe=6A55DF2B
DCiAYANSQPb,https://www.instagram.com/reel/DCiAYANSQPb/,Se você quer dominar o jeito certo de criar conteúdo é só clicar no link da minha bio. PS: As vagas encerram nessa quarta feira.,1731973051,191655,4876,103.37300109863281,clips,https://scontent-poa1-1.cdninstagram.com/o1/v/t2/f2/m367/AQNH3TZa8m6JunO3xpEk73mK9C1WfbErfipmbHlzN5LK8cZaf8Fxr6ytpKE_IWurexJBvdquMluE-U0pKekTgY6KyWET0bF11B0JM9o.mp4?_nc_cat=106&_nc_sid=5e9851&_nc_ht=scontent-poa1-1.cdninstagram.com&_nc_ohc=ZiyBlEnWXrMQ7kNvwH9mLgJ&efg=eyJ2ZW5jb2RlX3RhZyI6Inhwdl9wcm9ncmVzc2l2ZS5JTlNUQUdSQU0uQ0xJUFMuQzMuNzIwLmRhc2hfYmFzZWxpbmVfMV92MSIsInhwdl9hc3NldF9pZCI6NTc4NDk3Nzc0NjQ2OTE5LCJhc3NldF9hZ2VfZGF5cyI6NTk3LCJ2aV91c2VjYXNlX2lkIjoxMDA5OSwiZHVyYXRpb25fcyI6MTAzLCJ1cmxnZW5fc291cmNlIjoid3d3In0%3D&ccb=17-1&vs=1f1cc44ada535860&_nc_vs=HBksFQIYQGlnX2VwaGVtZXJhbC9BMjRGRjNDQTYzQTYwNEZCNUZGRUZDNzQ2RjVFQUNCNF92aWRlb19kYXNoaW5pdC5tcDQVAALIARIAFQIYR2lnX3hwdl9yZWVsc19wZXJtYW5lbnRfc3JfcHJvZC8xMjk4OTkwMjY0ODQ5MDM1XzYyNDY0MTY1NjAxNzU0NDA1MDkubXA0FQICyAESACgAGAAbAogHdXNlX29pbAExEnByb2dyZXNzaXZlX3JlY2lwZQExFQAAJo7a46WAiYcCFQIoAkMzLBdAWdaXjU_fOxgSZGFzaF9iYXNlbGluZV8xX3YxEQB1_gdl5p0BAA&_nc_gid=Ywjur_ysOlXuxwdiSKM-uQ&_nc_zt=28&_nc_ss=7a22e&oh=00_AQBuk2W9vwvGnU1qLHEuuq8wxX1imUDqRZGdjWsME27Ujw&oe=6A55D497
DCUESYDRaBZ,https://www.instagram.com/reel/DCUESYDRaBZ/,"Simplicidade é um SUPERPODER! Eu já amava o conteúdo dela, e agora que sei pouco sobre como as coisas funcionam nos bastidores, amo ainda mais 🧡",1731505345,1279440,26502,78.2030029296875,clips,https://scontent-poa1-1.cdninstagram.com/o1/v/t2/f2/m367/AQPgqnWCFe1rdCWC_kzx6KztbP0x7WOEwFxC6Nq2iKgbo_TJ7-QBzWTsN6BbrMa-SzaLsYzwfT4h8BULHpGwYjVnrau0OroNzOcEeJw.mp4?_nc_cat=100&_nc_sid=5e9851&_nc_ht=scontent-poa1-1.cdninstagram.com&_nc_ohc=lQ_eAdopOwQQ7kNvwHZtlW_&efg=eyJ2ZW5jb2RlX3RhZyI6Inhwdl9wcm9ncmVzc2l2ZS5JTlNUQUdSQU0uQ0xJUFMuQzMuNzIwLmRhc2hfYmFzZWxpbmVfMV92MSIsInhwdl9hc3NldF9pZCI6MTU5NjA0MTQyNDYyMTQ3OSwiYXNzZXRfYWdlX2RheXMiOjYwMywidmlfdXNlY2FzZV9pZCI6MTAwOTksImR1cmF0aW9uX3MiOjc4LCJ1cmxnZW5fc291cmNlIjoid3d3In0%3D&ccb=17-1&vs=433d0c4b599f44fc&_nc_vs=HBksFQIYQGlnX2VwaGVtZXJhbC83NjQzQkUwMzFCRUVFNkFEMjM4OUQzODlDREY4QTk5RV92aWRlb19kYXNoaW5pdC5tcDQVAALIARIAFQIYR2lnX3hwdl9yZWVsc19wZXJtYW5lbnRfc3JfcHJvZC8xMzIzMTE5OTY4ODQ4NzgyXzMxMzM0MDc3NzE2ODUzNTAyMTgubXA0FQICyAESACgAGAAbAogHdXNlX29pbAExEnByb2dyZXNzaXZlX3JlY2lwZQExFQAAJs6-yqLr5dUFFQIoAkMzLBdAU4-dsi0OVhgSZGFzaF9iYXNlbGluZV8xX3YxEQB1_gdl5p0BAA&_nc_gid=Ywjur_ysOlXuxwdiSKM-uQ&_nc_ss=7a22e&_nc_zt=28&oh=00_AQAntW05936mMOdnWrwhsxWDb7Q4UCOLsazErBvoV2vafg&oe=6A55CCA5
DCNSl0VyZIv,https://www.instagram.com/reel/DCNSl0VyZIv/,"Ta perdido? Eu quero te ajudar a se encontrar. Escreva, “eu sou CDF” nos comentários.",1731277867,321879,7182,77.19999694824219,clips,https://scontent-poa1-1.cdninstagram.com/o1/v/t2/f2/m86/AQOqp2Zri6tYBfx9oe8j_Fwtu_3TF5OHtdb-FYuCQhZvy611njZMV2zFgidJvxfhZYEps84Qsy3qYIF2uxLdBURbPlqAZR0G4wkeQUs.mp4?_nc_cat=104&_nc_sid=5e9851&_nc_ht=scontent-poa1-1.cdninstagram.com&_nc_ohc=JPDivXN2NOUQ7kNvwEB5L9n&efg=eyJ2ZW5jb2RlX3RhZyI6Inhwdl9wcm9ncmVzc2l2ZS5JTlNUQUdSQU0uQ0xJUFMuQzMuMzYwLmRhc2hfYmFzZWxpbmVfM192MSIsInhwdl9hc3NldF9pZCI6OTg2NzgwODk2Nzk5NzI1LCJhc3NldF9hZ2VfZGF5cyI6NjA1LCJ2aV91c2VjYXNlX2lkIjoxMDA5OSwiZHVyYXRpb25fcyI6NzcsInVybGdlbl9zb3VyY2UiOiJ3d3cifQ%3D%3D&ccb=17-1&vs=61b0843b08051cc9&_nc_vs=HBksFQIYUmlnX3hwdl9yZWVsc19wZXJtYW5lbnRfc3JfcHJvZC9GMzRCREYwRDU5NzM4NTQ0M0JCMTcyQjNGREFGMUE5RV92aWRlb19kYXNoaW5pdC5tcDQVAALIARIAFQIYR2lnX3hwdl9yZWVsc19wZXJtYW5lbnRfc3JfcHJvZC8xMDY4NjExNDAxMjQ0MTAzXzY4MDg5OTEyNzczOTMzMTMxMjQubXA0FQICyAESACgAGAAbAogHdXNlX29pbAExEnByb2dyZXNzaXZlX3JlY2lwZQExFQAAJtqvmc2a3sADFQIoAkMzLBdAU07peNT99BgSZGFzaF9iYXNlbGluZV8zX3YxEQB1_gdl5p0BAA&_nc_gid=Ywjur_ysOlXuxwdiSKM-uQ&_nc_ss=7a22e&_nc_zt=28&oh=00_AQB_6eE8zaXCGg-FVC2W8y7z6cx_IKwha4NjC01LufgZBw&oe=6A51C001
DB8t4YjRaJA,https://www.instagram.com/reel/DB8t4YjRaJA/,A brincadeira vai continuar. 🤍 Hoje às 19h16 vou entregar meu máximo e conto com seu máximo também!,1730722011,160154,5852,111.91799926757812,clips,https://scontent-poa1-1.cdninstagram.com/o1/v/t2/f2/m367/AQMEahv9YoZ9NbGKLO0Yntc-L7mcmXPA80vFRMhmXwbkTC5HVO-m_m0ETocloXQKLEXQa9fuPYypiXKTPg3_9QH8Q-DbyQHBUFoeQK8.mp4?_nc_cat=100&_nc_sid=5e9851&_nc_ht=scontent-poa1-1.cdninstagram.com&_nc_ohc=cc-KzwqsGxcQ7kNvwF8iVB8&efg=eyJ2ZW5jb2RlX3RhZyI6Inhwdl9wcm9ncmVzc2l2ZS5JTlNUQUdSQU0uQ0xJUFMuQzMuNzIwLmRhc2hfYmFzZWxpbmVfMV92MSIsInhwdl9hc3NldF9pZCI6NjAxNTYyOTU1NTQxMTcxLCJhc3NldF9hZ2VfZGF5cyI6NjEyLCJ2aV91c2VjYXNlX2lkIjoxMDA5OSwiZHVyYXRpb25fcyI6MTExLCJ1cmxnZW5fc291cmNlIjoid3d3In0%3D&ccb=17-1&vs=8c9be5a3712a19d8&_nc_vs=HBksFQIYQGlnX2VwaGVtZXJhbC8yRDRGQjg2Q0EyOUVERTI1NjQ5QkYxMUVCOTBFNzk5OF92aWRlb19kYXNoaW5pdC5tcDQVAALIARIAFQIYR2lnX3hwdl9yZWVsc19wZXJtYW5lbnRfc3JfcHJvZC8xMDc5MTY4MDE2ODQ3MTQ0Xzg3NTAxMDgwOTk2ODQ1MzkzMjkubXA0FQICyAESACgAGAAbAogHdXNlX29pbAExEnByb2dyZXNzaXZlX3JlY2lwZQExFQAAJuaqs6TJx5ECFQIoAkMzLBdAW_nKwIMSbxgSZGFzaF9iYXNlbGluZV8xX3YxEQB1_gdl5p0BAA&_nc_gid=Ywjur_ysOlXuxwdiSKM-uQ&_nc_ss=7a22e&_nc_zt=28&oh=00_AQBjNDNgv7hkGkwOHVnnk1kxVY8lp8diA0ktn5xkPzqnAg&oe=6A55C011
DBzLW2xSqtd,https://www.instagram.com/reel/DBzLW2xSqtd/,"Confesso que eu também já tentei usar o tal do Funil de Conteúdo, mas falhei miseravelmente até entender que o problema não era EU e sim a estratégia que estava usando. Se você quer largar essas ideias ultrapassadas e entender como os maiores do mercado criam conteúdo é só escrever “Intenção de Comando” nos comentários.",1730401773,133805,5634,88.23100280761719,clips,https://scontent-poa1-1.cdninstagram.com/o1/v/t2/f2/m367/AQMWYnn1OWp3Vj-Jel7DS-OkG_oaxQVubN-HNzTv_2b1Gt7LQxLq0RBQH4ST00Ss2qCGxqPZvVAMAOqZKGzcHgPMw5qFMJWhARYCM2w.mp4?_nc_cat=101&_nc_sid=5e9851&_nc_ht=scontent-poa1-1.cdninstagram.com&_nc_ohc=quwVBJDBmaAQ7kNvwFBhTe7&efg=eyJ2ZW5jb2RlX3RhZyI6Inhwdl9wcm9ncmVzc2l2ZS5JTlNUQUdSQU0uQ0xJUFMuQzMuNzIwLmRhc2hfYmFzZWxpbmVfMV92MSIsInhwdl9hc3NldF9pZCI6MTE3MTAyNjQzODA5NjM3MywiYXNzZXRfYWdlX2RheXMiOjYxNiwidmlfdXNlY2FzZV9pZCI6MTAwOTksImR1cmF0aW9uX3MiOjg4LCJ1cmxnZW5fc291cmNlIjoid3d3In0%3D&ccb=17-1&vs=26b58b537b003f23&_nc_vs=HBksFQIYQGlnX2VwaGVtZXJhbC81QjQ2OEE1MUNEMjU4NUVGM0FDMUMzOEJDRjMwNDI4Q192aWRlb19kYXNoaW5pdC5tcDQVAALIARIAFQIYRmlnX3hwdl9yZWVsc19wZXJtYW5lbnRfc3JfcHJvZC8xMjg4MjQzOTgyMTgzNTIzXzk5NTAyMjYyNjI4NDAxNTIxOC5tcDQVAgLIARIAKAAYABsCiAd1c2Vfb2lsATEScHJvZ3Jlc3NpdmVfcmVjaXBlATEVAAAm6pfs7drClAQVAigCQzMsF0BWDMzMzMzNGBJkYXNoX2Jhc2VsaW5lXzFfdjERAHX-B2XmnQEA&_nc_gid=Ywjur_ysOlXuxwdiSKM-uQ&_nc_ss=7a22e&_nc_zt=28&oh=00_AQC8kZnjtXRNlkHYxxfWH_s91bZQ3zN3W5VP-VZFrN87oQ&oe=6A55D2FE
DBxBkQVyNI0,https://www.instagram.com/reel/DBxBkQVyNI0/,"Você se sente inseguro porque acredita que deveria começar perfeito, quando na real NINGUÉM começa assim. Tire o foco das métricas erradas e coloque o foco em ficar melhor todos os dias… Se você estiver na direção certa o sucesso vai ser inevitável. Agora se você quer garantir que está na direção certa escreva “dia de sorte” nos comentários.",1730329561,89204,4046,82.10399627685547,clips,https://scontent-poa1-1.cdninstagram.com/o1/v/t2/f2/m367/AQOXTLD7ESoMupD9eHxaAfIJEe1NfenrnGqvN4EI3ng9s0LkO4SvlgtxFiqG4MEv2uc10Ye1FdU3QQtc5kA63IhfOpaIM3S9A8BPjF8.mp4?_nc_cat=105&_nc_sid=5e9851&_nc_ht=scontent-poa1-1.cdninstagram.com&_nc_ohc=b5PZGRfrWPQQ7kNvwGBxp4n&efg=eyJ2ZW5jb2RlX3RhZyI6Inhwdl9wcm9ncmVzc2l2ZS5JTlNUQUdSQU0uQ0xJUFMuQzMuNzIwLmRhc2hfYmFzZWxpbmVfMV92MSIsInhwdl9hc3NldF9pZCI6MTIxODk2MTM0NTg2NTY2NSwiYXNzZXRfYWdlX2RheXMiOjYxNiwidmlfdXNlY2FzZV9pZCI6MTAwOTksImR1cmF0aW9uX3MiOjgyLCJ1cmxnZW5fc291cmNlIjoid3d3In0%3D&ccb=17-1&vs=2e66e2d6ae9e19eb&_nc_vs=HBksFQIYQGlnX2VwaGVtZXJhbC9GMzQxQ0NBQURFODk2MTkxMDM3N0U4QUIwODM0OUVCMF92aWRlb19kYXNoaW5pdC5tcDQVAALIARIAFQIYRmlnX3hwdl9yZWVsc19wZXJtYW5lbnRfc3JfcHJvZC81ODg5MTQxMjAyMzA3OTZfNzc0NzExOTM4MDEzMDQ5MzE1OC5tcDQVAgLIARIAKAAYABsCiAd1c2Vfb2lsATEScHJvZ3Jlc3NpdmVfcmVjaXBlATEVAAAmgp-f4PGoqgQVAigCQzMsF0BUhT987ZFoGBJkYXNoX2Jhc2VsaW5lXzFfdjERAHX-B2XmnQEA&_nc_gid=Ywjur_ysOlXuxwdiSKM-uQ&_nc_ss=7a22e&_nc_zt=28&oh=00_AQDp3tQcIdFAFofb2dsze9wGyc7gyxvebTkNAOfRwpCGXQ&oe=6A55C086
DBrOHCAv6uA,https://www.instagram.com/reel/DBrOHCAv6uA/,Pronto pra aprender a montar o seu perfil de forma autêntica e viciante? Segunda-Feira começa a maratona Vender sem ser chato. Pra participar escreva LEGO nos comentários.,1730135049,89999,3787,70.69999694824219,clips,https://scontent-poa1-1.cdninstagram.com/o1/v/t2/f2/m367/AQMv9zArq_03hBSR4KKdm2Xzuv5yP_0wW7mzwGDeGNy7kt_lFcj5fkPSvHW8Us09xbtVkOP4X2-70X3i_sNTGB3Fe1FGBxhqQKLWoGg.mp4?_nc_cat=111&_nc_sid=5e9851&_nc_ht=scontent-poa1-1.cdninstagram.com&_nc_ohc=lKaI0tbnX1QQ7kNvwFdfOlG&efg=eyJ2ZW5jb2RlX3RhZyI6Inhwdl9wcm9ncmVzc2l2ZS5JTlNUQUdSQU0uQ0xJUFMuQzMuNzIwLmRhc2hfYmFzZWxpbmVfMV92MSIsInhwdl9hc3NldF9pZCI6OTM3MDQ4NzY0OTU2NjEyLCJhc3NldF9hZ2VfZGF5cyI6NjE5LCJ2aV91c2VjYXNlX2lkIjoxMDA5OSwiZHVyYXRpb25fcyI6NzAsInVybGdlbl9zb3VyY2UiOiJ3d3cifQ%3D%3D&ccb=17-1&vs=4528b0866d9f545d&_nc_vs=HBksFQIYQGlnX2VwaGVtZXJhbC83QzQ1QTc1OEUyNTYxMzk3OTM1MzMwMzBGNkFENEM5N192aWRlb19kYXNoaW5pdC5tcDQVAALIARIAFQIYRmlnX3hwdl9yZWVsc19wZXJtYW5lbnRfc3JfcHJvZC85MTE5NDk1NTAzNjAxNTFfNjExMzUyOTg1MzA2MDI0OTE0OC5tcDQVAgLIARIAKAAYABsCiAd1c2Vfb2lsATEScHJvZ3Jlc3NpdmVfcmVjaXBlATEVAAAmiP-trLWPqgMVAigCQzMsF0BRrMzMzMzNGBJkYXNoX2Jhc2VsaW5lXzFfdjERAHX-B2XmnQEA&_nc_gid=Ywjur_ysOlXuxwdiSKM-uQ&_nc_ss=7a22e&_nc_zt=28&oh=00_AQDr3mk-yj7qN4Lgl5n5gGVi0U_JPMnVsF1jqiMXpQ2GAw&oe=6A55D340
DBodcv2xZnm,https://www.instagram.com/reel/DBodcv2xZnm/,Imaginar é prever o futuro 🔮,1730042046,100343,4948,89.74299621582031,clips,https://scontent-poa1-1.cdninstagram.com/o1/v/t2/f2/m367/AQNhzOT_hLN2RilzGNsQdeB_nWQHeiMqLKmfdd6OO8uCPDR3N6-OVHTSGvVWmpwNohcKVnK_l5b7Z2xs8YKD_0WK3kb1LOMvwQVWq4A.mp4?_nc_cat=105&_nc_sid=5e9851&_nc_ht=scontent-poa1-1.cdninstagram.com&_nc_ohc=8IB-zZ6Ui-0Q7kNvwGutDRx&efg=eyJ2ZW5jb2RlX3RhZyI6Inhwdl9wcm9ncmVzc2l2ZS5JTlNUQUdSQU0uQ0xJUFMuQzMuNzIwLmRhc2hfYmFzZWxpbmVfMV92MSIsInhwdl9hc3NldF9pZCI6ODQyODEwOTQxNDAwMzg5LCJhc3NldF9hZ2VfZGF5cyI6NjIwLCJ2aV91c2VjYXNlX2lkIjoxMDA5OSwiZHVyYXRpb25fcyI6ODksInVybGdlbl9zb3VyY2UiOiJ3d3cifQ%3D%3D&ccb=17-1&vs=9a9964089d810f27&_nc_vs=HBksFQIYQGlnX2VwaGVtZXJhbC84RTRBM0JGNDc2N0U5NjQ4MTNCRDZGRUQwMDlFMDA4MF92aWRlb19kYXNoaW5pdC5tcDQVAALIARIAFQIYR2lnX3hwdl9yZWVsc19wZXJtYW5lbnRfc3JfcHJvZC8xNTc1OTgzNzM3MTI3NjYzXzg1MjM3MjU1OTQxNzUwNTcyNTYubXA0FQICyAESACgAGAAbAogHdXNlX29pbAExEnByb2dyZXNzaXZlX3JlY2lwZQExFQAAJoqVs-yGov8CFQIoAkMzLBdAVmzMzMzMzRgSZGFzaF9iYXNlbGluZV8xX3YxEQB1_gdl5p0BAA&_nc_gid=Ywjur_ysOlXuxwdiSKM-uQ&_nc_ss=7a22e&_nc_zt=28&oh=00_AQCxPE_wmQRILHJAKu5c2U4NNGp_HXH_2C6HNCrEtr5faw&oe=6A55C4CA
DBjcfH8P_db,https://www.instagram.com/reel/DBjcfH8P_db/,"Eu queria ser burra assim 🌚 Ahh e se você quiser aprender a criar narrativas autênticas e viciantes comigo, eu vou te mostrar como eu faço no meu evento gratuito de 8 dias, o link tá na bio!",1729873868,2046905,241751,62.465999603271484,clips,https://scontent-poa1-1.cdninstagram.com/o1/v/t2/f2/m367/AQOdW5iUyT5C6q5SQOpBLENjApuUz2emxgZQ2GPwN-b7y8Kl82474GRjqCSXIP1ViPsl-UwCD9DMWJrVgOZr1AqVz6PbqvXpFybAzZA.mp4?_nc_cat=101&_nc_sid=5e9851&_nc_ht=scontent-poa1-1.cdninstagram.com&_nc_ohc=3cvBoSchgnEQ7kNvwFozN7y&efg=eyJ2ZW5jb2RlX3RhZyI6Inhwdl9wcm9ncmVzc2l2ZS5JTlNUQUdSQU0uQ0xJUFMuQzMuNzIwLmRhc2hfYmFzZWxpbmVfMV92MSIsInhwdl9hc3NldF9pZCI6OTM3Mzk2NDg4MjAzODA3LCJhc3NldF9hZ2VfZGF5cyI6NjIyLCJ2aV91c2VjYXNlX2lkIjoxMDA5OSwiZHVyYXRpb25fcyI6NjIsInVybGdlbl9zb3VyY2UiOiJ3d3cifQ%3D%3D&ccb=17-1&vs=5cef7b8956b62f43&_nc_vs=HBksFQIYQGlnX2VwaGVtZXJhbC84MDRCMjRBQThGMTc4QkMyNkQyQzlBQ0FFMkZFMDg4Q192aWRlb19kYXNoaW5pdC5tcDQVAALIARIAFQIYRmlnX3hwdl9yZWVsc19wZXJtYW5lbnRfc3JfcHJvZC81Njg4NDA5MDIxNzE1ODdfNTkwMTkyNjUzNTU4NDI3NjczNy5tcDQVAgLIARIAKAAYABsCiAd1c2Vfb2lsATEScHJvZ3Jlc3NpdmVfcmVjaXBlATEVAAAmvriLi9SjqgMVAigCQzMsF0BPO6XjU_fPGBJkYXNoX2Jhc2VsaW5lXzFfdjERAHX-B2XmnQEA&_nc_gid=Ywjur_ysOlXuxwdiSKM-uQ&_nc_ss=7a22e&_nc_zt=28&oh=00_AQCHMuy0IK69L4T_l4o1xi7HHhw8GGN9aP0KWLOabw3GxA&oe=6A55B9EE
DBgzODRx_Xo,https://www.instagram.com/reel/DBgzODRx_Xo/,"Existe uma narrativa que é sua e está adormecida em você, nessa maratona eu vou te ajudar a despertar narrativa e transformar a tua história em impacto e dinheiro. Vem comigo? Escreva “NARRATIVA” nos comentários.",1729785179,884748,57711,74.43299865722656,clips,https://scontent-poa1-1.cdninstagram.com/o1/v/t2/f2/m367/AQOJxSmyG_u7U-ID1YSuLj3AwcmiuLUPO5DjMV0DP30PjaGUpnznrCU9h7R_6cK0Up44_sjoOUwrUHUXcXqYW0DjDzFh3Bb0_oRVbAU.mp4?_nc_cat=105&_nc_sid=5e9851&_nc_ht=scontent-poa1-1.cdninstagram.com&_nc_ohc=cB-N6ASABS4Q7kNvwH4ojhc&efg=eyJ2ZW5jb2RlX3RhZyI6Inhwdl9wcm9ncmVzc2l2ZS5JTlNUQUdSQU0uQ0xJUFMuQzMuNzIwLmRhc2hfYmFzZWxpbmVfMV92MSIsInhwdl9hc3NldF9pZCI6MTc4ODY4NDUzODYwNzQwNSwiYXNzZXRfYWdlX2RheXMiOjYyMywidmlfdXNlY2FzZV9pZCI6MTAwOTksImR1cmF0aW9uX3MiOjc0LCJ1cmxnZW5fc291cmNlIjoid3d3In0%3D&ccb=17-1&vs=46db0ef1175977e8&_nc_vs=HBksFQIYQGlnX2VwaGVtZXJhbC80RjQ1NjM2OTY1QkE4Rjg1RkUyNjg3NDBGM0I2MDFBRl92aWRlb19kYXNoaW5pdC5tcDQVAALIARIAFQIYRmlnX3hwdl9yZWVsc19wZXJtYW5lbnRfc3JfcHJvZC84NjI2MjYyMzIzMTk1NzFfNjUwNjY2NTEwMzQ1NjAyMzgyOS5tcDQVAgLIARIAKAAYABsCiAd1c2Vfb2lsATEScHJvZ3Jlc3NpdmVfcmVjaXBlATEVAAAm2tzPqJKzrQYVAigCQzMsF0BSm7ZFocrBGBJkYXNoX2Jhc2VsaW5lXzFfdjERAHX-B2XmnQEA&_nc_gid=Ywjur_ysOlXuxwdiSKM-uQ&_nc_ss=7a22e&_nc_zt=28&oh=00_AQDc7H56ygeWNCGE7jf4o4yURw5S-qVYfN14BT-2t_KGfg&oe=6A55BDC6
DBeGcLyxsbm,https://www.instagram.com/reel/DBeGcLyxsbm/,"Dá pra vender sem vender, gerar desejo visceral sem empurrar, fazer os clientes irem até você, sem precisar correr atrás deles. Se você quer aprender a plantar a ideia certa na mente do seu público, se inscreva na maratona “Vender sem ser chato”. Clica no link da minha bio!",1729694587,520946,9334,88.30000305175781,clips,https://scontent-poa1-1.cdninstagram.com/o1/v/t2/f2/m86/AQMl_6Mon_llQJtI_c2690JfxspaBkx3_4DGJl9OmsLxtXHgb2sVB_hygF4C_NWkYtTWf8aDsub8Ti3Pe5b_rQ7a6-HE8KmQFFyOr5g.mp4?_nc_cat=100&_nc_sid=5e9851&_nc_ht=scontent-poa1-1.cdninstagram.com&_nc_ohc=ocfw90HcpHAQ7kNvwG-4qkq&efg=eyJ2ZW5jb2RlX3RhZyI6Inhwdl9wcm9ncmVzc2l2ZS5JTlNUQUdSQU0uQ0xJUFMuQzMuMzYwLmRhc2hfYmFzZWxpbmVfM192MSIsInhwdl9hc3NldF9pZCI6NzQzNTU0MDUxMjg4NjkyLCJhc3NldF9hZ2VfZGF5cyI6NjI0LCJ2aV91c2VjYXNlX2lkIjoxMDA5OSwiZHVyYXRpb25fcyI6ODgsInVybGdlbl9zb3VyY2UiOiJ3d3cifQ%3D%3D&ccb=17-1&vs=da699439e1011db6&_nc_vs=HBksFQIYUmlnX3hwdl9yZWVsc19wZXJtYW5lbnRfc3JfcHJvZC8wQTRENjk2RkMwQUNDQTcyMENDMTFGQTVGNkIxQjE5Ml92aWRlb19kYXNoaW5pdC5tcDQVAALIARIAFQIYR2lnX3hwdl9yZWVsc19wZXJtYW5lbnRfc3JfcHJvZC8xMTg0MTk3MzAyODgwODg3XzgyNTA2ODQzMzE4MzYxNjY0MjcubXA0FQICyAESACgAGAAbAogHdXNlX29pbAExEnByb2dyZXNzaXZlX3JlY2lwZQExFQAAJui5ybHFkNICFQIoAkMzLBdAVhMzMzMzMxgSZGFzaF9iYXNlbGluZV8zX3YxEQB1_gdl5p0BAA&_nc_gid=Ywjur_ysOlXuxwdiSKM-uQ&_nc_ss=7a22e&_nc_zt=28&oh=00_AQCFGUXM0MFCzCAhuIN3RTlyy6hSD-e0Tx4pCR032NfBzA&oe=6A51C519
DBbn3qMxTKq,https://www.instagram.com/reel/DBbn3qMxTKq/,"Esquece todo o resto e foca nessas 3 coisas: você, seu público e seu produto. Simples. Pra entender como aplicar na prática, esteja comigo na Maratona: Vender Sem Ser Chato!",1729611359,403411,32546,87.36599731445312,clips,https://scontent-poa1-1.cdninstagram.com/o1/v/t2/f2/m86/AQNFyXYlrmHM8eUY7cAo7lVGW-CqIqRt84e-fDA5eKpetfutaFu1VexL9yBN3IxoIgD8h61_tSrm0pI9oSylVHXF7gaheLynKnmJzAs.mp4?_nc_cat=103&_nc_sid=5e9851&_nc_ht=scontent-poa1-1.cdninstagram.com&_nc_ohc=Rk0b5NcyvBUQ7kNvwE-dBOC&efg=eyJ2ZW5jb2RlX3RhZyI6Inhwdl9wcm9ncmVzc2l2ZS5JTlNUQUdSQU0uQ0xJUFMuQzMuMzYwLmRhc2hfYmFzZWxpbmVfM192MSIsInhwdl9hc3NldF9pZCI6MTgwODE4MDU2NjYxOTI1NSwiYXNzZXRfYWdlX2RheXMiOjYyNSwidmlfdXNlY2FzZV9pZCI6MTAwOTksImR1cmF0aW9uX3MiOjg3LCJ1cmxnZW5fc291cmNlIjoid3d3In0%3D&ccb=17-1&vs=e76c8f66b4c9d984&_nc_vs=HBksFQIYUmlnX3hwdl9yZWVsc19wZXJtYW5lbnRfc3JfcHJvZC82RDQ4OTU5NjMzRjkxMzEzNkIzRDM5OUYwQTBBQzhCNV92aWRlb19kYXNoaW5pdC5tcDQVAALIARIAFQIYR2lnX3hwdl9yZWVsc19wZXJtYW5lbnRfc3JfcHJvZC8xNzMzNDAxMDM0MTIyNzM4XzM2NjA0MzgxMzExOTIwMTE3OTUubXA0FQICyAESACgAGAAbAogHdXNlX29pbAExEnByb2dyZXNzaXZlX3JlY2lwZQExFQAAJu7R54X7obYGFQIoAkMzLBdAVddsi0OVgRgSZGFzaF9iYXNlbGluZV8zX3YxEQB1_gdl5p0BAA&_nc_gid=Ywjur_ysOlXuxwdiSKM-uQ&_nc_ss=7a22e&_nc_zt=28&oh=00_AQAp8sL2fpW8RQ99LBnxDYWGZ1HHv9GBQEO2ZfkduWrSVQ&oe=6A51D8A4
DBZAm7ZxD85,https://www.instagram.com/reel/DBZAm7ZxD85/,Da pra fazer gol e jogar bonito ao mesmo tempo - bater meta se divertindo! Dia 4 tem a Maratona: Vender Sem Ser Chato! Bora?,1729523734,715740,44500,86.13300323486328,clips,https://scontent-poa1-1.cdninstagram.com/o1/v/t2/f2/m86/AQNF8a4xqdwfWfgEk13o2iScmhKOb-zTpYX7ak_qwg7AVKsBcfSnEpsa0znPcehJybGekrTnonNvzIbb1FcBWIZxfXAmuDYn8WpN2kM.mp4?_nc_cat=104&_nc_sid=5e9851&_nc_ht=scontent-poa1-1.cdninstagram.com&_nc_ohc=nuFCRcyQh3wQ7kNvwHfcuA3&efg=eyJ2ZW5jb2RlX3RhZyI6Inhwdl9wcm9ncmVzc2l2ZS5JTlNUQUdSQU0uQ0xJUFMuQzMuMzYwLmRhc2hfYmFzZWxpbmVfM192MSIsInhwdl9hc3NldF9pZCI6MTc4OTQ2ODEyMTg4NTk1MCwiYXNzZXRfYWdlX2RheXMiOjYyNiwidmlfdXNlY2FzZV9pZCI6MTAwOTksImR1cmF0aW9uX3MiOjg2LCJ1cmxnZW5fc291cmNlIjoid3d3In0%3D&ccb=17-1&vs=56e95580cb878290&_nc_vs=HBksFQIYUmlnX3hwdl9yZWVsc19wZXJtYW5lbnRfc3JfcHJvZC84OTRCNTdFRjk4QkI3NkRBRkYyMDU5OTBCREM5RDg5QV92aWRlb19kYXNoaW5pdC5tcDQVAALIARIAFQIYR2lnX3hwdl9yZWVsc19wZXJtYW5lbnRfc3JfcHJvZC8xMzUyMTM5NTQ5NDg0OTEyXzg0MzE5MjI0MTQ4ODk5OTM2OTMubXA0FQICyAESACgAGAAbAogHdXNlX29pbAExEnByb2dyZXNzaXZlX3JlY2lwZQExFQAAJvyz77vg4K0GFQIoAkMzLBdAVYiDEm6XjRgSZGFzaF9iYXNlbGluZV8zX3YxEQB1_gdl5p0BAA&_nc_gid=jEt7puGenol8cHHc9rI-DA&_nc_ss=7a22e&_nc_zt=28&oh=00_AQA7s3lsMPneWqx0SbWTdl_YNDS5QSXwsFRrcW9bdrIbCQ&oe=6A51E201
DBWjV6lvkH1,https://www.instagram.com/reel/DBWjV6lvkH1/,Isso é um sinal.,1729441329,749780,35776,89.6510009765625,clips,https://scontent-poa1-1.cdninstagram.com/o1/v/t2/f2/m367/AQP4E1FJ__VGPOF_a5O7C6VRCPpH9DJW900R3ZEC3Turc8vGV_486mk3PO0nCVBs-BbM4gqu8YCQ0XN2AFoPMV6zul1jRGtqzplw1g4.mp4?_nc_cat=106&_nc_sid=5e9851&_nc_ht=scontent-poa1-1.cdninstagram.com&_nc_ohc=mXwSu9369SIQ7kNvwGydhRG&efg=eyJ2ZW5jb2RlX3RhZyI6Inhwdl9wcm9ncmVzc2l2ZS5JTlNUQUdSQU0uQ0xJUFMuQzMuNzIwLmRhc2hfYmFzZWxpbmVfMV92MSIsInhwdl9hc3NldF9pZCI6MTk1ODk1Mjg4MTI0Nzg2NCwiYXNzZXRfYWdlX2RheXMiOjYyNywidmlfdXNlY2FzZV9pZCI6MTAwOTksImR1cmF0aW9uX3MiOjg5LCJ1cmxnZW5fc291cmNlIjoid3d3In0%3D&ccb=17-1&vs=6465c9b86c914389&_nc_vs=HBksFQIYQGlnX2VwaGVtZXJhbC8xNjQzNkQxQTcxRENCMzEwOTRBNjk2RDU5NEQ4Qjc4M192aWRlb19kYXNoaW5pdC5tcDQVAALIARIAFQIYRmlnX3hwdl9yZWVsc19wZXJtYW5lbnRfc3JfcHJvZC81MjYyNTIxNDAzMzcxODFfMTYzODQwMTU0ODA4OTc0ODA2NC5tcDQVAgLIARIAKAAYABsCiAd1c2Vfb2lsATEScHJvZ3Jlc3NpdmVfcmVjaXBlATEVAAAm8NnyqYjq-gYVAigCQzMsF0BWZ3ztkWhzGBJkYXNoX2Jhc2VsaW5lXzFfdjERAHX-B2XmnQEA&_nc_gid=jEt7puGenol8cHHc9rI-DA&_nc_ss=7a22e&_nc_zt=28&oh=00_AQC70UPdDhCqrmXup3nroa6RhKgl-6tECKBJo9v0JqXJ0g&oe=6A55E583
DBRQFQhx0eW,https://www.instagram.com/reel/DBRQFQhx0eW/,"Ousada, intencional e cdf são 3 características da @tay.ldantas e da maioria das pessoas que de alguma forma impactaram o mundo. 🤍 Espero que essa história te desperte pra essa nova onda que tá rolando!",1729264150,1086859,25266,86.19000244140625,clips,https://scontent-poa1-1.cdninstagram.com/o1/v/t2/f2/m367/AQOcj77xJDtDj6SxfwIz0T8O3ysTmxcffLAw5_KcJLU7IJWyvuagUquUQF6644uS7k7bihkTXyFC2yR_MzrYwWBu1F3vdmGC9BGLotY.mp4?_nc_cat=111&_nc_sid=5e9851&_nc_ht=scontent-poa1-1.cdninstagram.com&_nc_ohc=-EHgPdeXHHsQ7kNvwEY7p63&efg=eyJ2ZW5jb2RlX3RhZyI6Inhwdl9wcm9ncmVzc2l2ZS5JTlNUQUdSQU0uQ0xJUFMuQzMuNzIwLmRhc2hfYmFzZWxpbmVfMV92MSIsInhwdl9hc3NldF9pZCI6NTU5NTE4Nzc2NDQ5OTE1LCJhc3NldF9hZ2VfZGF5cyI6NjI5LCJ2aV91c2VjYXNlX2lkIjoxMDA5OSwiZHVyYXRpb25fcyI6ODYsInVybGdlbl9zb3VyY2UiOiJ3d3cifQ%3D%3D&ccb=17-1&vs=3fd60524c8b264b3&_nc_vs=HBksFQIYQGlnX2VwaGVtZXJhbC9GQzQ3QUVDOEU4RTRBNDkxRjlFRDdGRkIyNkIxODY4N192aWRlb19kYXNoaW5pdC5tcDQVAALIARIAFQIYRmlnX3hwdl9yZWVsc19wZXJtYW5lbnRfc3JfcHJvZC80MDAxNTk0MTMxNDYyMTJfNjQ1OTE2NzcyNzkxNTMxODExOC5tcDQVAgLIARIAKAAYABsCiAd1c2Vfb2lsATEScHJvZ3Jlc3NpdmVfcmVjaXBlATEVAAAm9u3S3qO4_gEVAigCQzMsF0BVii0OVgQZGBJkYXNoX2Jhc2VsaW5lXzFfdjERAHX-B2XmnQEA&_nc_gid=jEt7puGenol8cHHc9rI-DA&_nc_ss=7a22e&_nc_zt=28&oh=00_AQD3EFMQJqWQYp2Sjbt4sZkAp68WSZsfOINLs3jX1FsC3Q&oe=6A55BD8C
DBO3M8gPzw5,https://www.instagram.com/reel/DBO3M8gPzw5/,Criatividade é enxergar o ângulo que melhor conecta os assuntos que você quer falar com um conteúdo do seu nicho! Vamos exercitar esse olhar durante uma aula inteira comigo?Bora? Escreve CUBO MÁGICO!,1729199971,703401,74710,81.19999694824219,clips,https://scontent-poa1-1.cdninstagram.com/o1/v/t2/f2/m86/AQNt4OXua6lOg9GLlLqmIrFw5FPIj2FIrrd8_0CsmHng_SPYHmnHDdPSWto7W55S3olW3yClcl8pXadnhK-nyxK4vpxCNkx2VSTq6Gs.mp4?_nc_cat=111&_nc_sid=5e9851&_nc_ht=scontent-poa1-1.cdninstagram.com&_nc_ohc=VoLPFYbTQgMQ7kNvwEDgfPS&efg=eyJ2ZW5jb2RlX3RhZyI6Inhwdl9wcm9ncmVzc2l2ZS5JTlNUQUdSQU0uQ0xJUFMuQzMuMzYwLmRhc2hfYmFzZWxpbmVfM192MSIsInhwdl9hc3NldF9pZCI6NDcxNTk5OTQyNTgwNTM0LCJhc3NldF9hZ2VfZGF5cyI6NjMwLCJ2aV91c2VjYXNlX2lkIjoxMDA5OSwiZHVyYXRpb25fcyI6ODEsInVybGdlbl9zb3VyY2UiOiJ3d3cifQ%3D%3D&ccb=17-1&vs=5793ddc29ba41306&_nc_vs=HBksFQIYUmlnX3hwdl9yZWVsc19wZXJtYW5lbnRfc3JfcHJvZC8yMzQ1NTJBQkFFRDgxQkIyMzJCQjJGNDdDNUI0NjY5Nl92aWRlb19kYXNoaW5pdC5tcDQVAALIARIAFQIYR2lnX3hwdl9yZWVsc19wZXJtYW5lbnRfc3JfcHJvZC8xNTAzNjIxMzczNjc1NjM3Xzg5ODM3Mjg3NzgxODY3ODA1NjYubXA0FQICyAESACgAGAAbAogHdXNlX29pbAExEnByb2dyZXNzaXZlX3JlY2lwZQExFQAAJuzk7bDdutYBFQIoAkMzLBdAVEzMzMzMzRgSZGFzaF9iYXNlbGluZV8zX3YxEQB1_gdl5p0BAA&_nc_gid=jEt7puGenol8cHHc9rI-DA&_nc_ss=7a22e&_nc_zt=28&oh=00_AQDQ-W0JS14ZCAeuRDk271isBIWL7y7b1efxJYgGjo65lw&oe=6A51EF88
DBM3w_CyPH_,https://www.instagram.com/reel/DBM3w_CyPH_/,"Nem isso nem aquilo, apenas eu - e indico que você faça o mesmo! Começou o projeto mais divertido da minha vida até o momento, nos próximos dias eu vou te mostrar na prática que dá pra vender sem ser chato, com a verdade e com leveza. 🤍 Bora comigo? 🧀 Escreva “Queijo Minas” nos comentários:",1729116910,170985,6802,90.0999984741211,clips,https://scontent-poa1-1.cdninstagram.com/o1/v/t2/f2/m367/AQOsWzIEedOtphPmKNIzd7MkfkW3tZ_gBtOqkkKPE-NVbWJou1ptzmFDQ0CEea2sh3rfB41G_gE_gOoOUAK_2HRYZKptD-oBcM9qm_k.mp4?_nc_cat=101&_nc_sid=5e9851&_nc_ht=scontent-poa1-1.cdninstagram.com&_nc_ohc=f8Hbs-X8E_oQ7kNvwFxglMM&efg=eyJ2ZW5jb2RlX3RhZyI6Inhwdl9wcm9ncmVzc2l2ZS5JTlNUQUdSQU0uQ0xJUFMuQzMuNzIwLmRhc2hfYmFzZWxpbmVfMV92MSIsInhwdl9hc3NldF9pZCI6NTM3MTI0MzQ1NzI2MzgzLCJhc3NldF9hZ2VfZGF5cyI6NjMwLCJ2aV91c2VjYXNlX2lkIjoxMDA5OSwiZHVyYXRpb25fcyI6OTAsInVybGdlbl9zb3VyY2UiOiJ3d3cifQ%3D%3D&ccb=17-1&vs=4f9fba68a6d7164c&_nc_vs=HBksFQIYQGlnX2VwaGVtZXJhbC85RDQzMjgyOTkyMTEyQzY1REM5RTVDRUY3QjkzRjk5OV92aWRlb19kYXNoaW5pdC5tcDQVAALIARIAFQIYR2lnX3hwdl9yZWVsc19wZXJtYW5lbnRfc3JfcHJvZC8xNzk1OTc2OTI3ODEzMzg3XzYzNjQ0NDE0MTQ0MDI2ODAzNDIubXA0FQICyAESACgAGAAbAogHdXNlX29pbAExEnByb2dyZXNzaXZlX3JlY2lwZQExFQAAJt6Wnp3goPQBFQIoAkMzLBdAVoZmZmZmZhgSZGFzaF9iYXNlbGluZV8xX3YxEQB1_gdl5p0BAA&_nc_gid=jEt7puGenol8cHHc9rI-DA&_nc_ss=7a22e&_nc_zt=28&oh=00_AQD0TzDxeR3JRVGPyiS25znhk4q0vW1yJ9YrtloeXdCBsA&oe=6A55D37A
DBJXppTPKY4,https://www.instagram.com/reel/DBJXppTPKY4/,Como seria uma campanha de vendas 100% às claras? A partir de amanhã nós vamos descobrir. 🖤 Verdade is the new blazer.,1728999296,94363,2522,70.9000015258789,clips,https://scontent-poa1-1.cdninstagram.com/o1/v/t2/f2/m367/AQP-HXzszCO5ln7b8x3eAb0-u4tA2jZFA32kzhH2wW8UtypJL3wNwNg7MI1v0Ou4WHM-wsHcTBwzOIS-AoCEeZKYxEFIO5eRve__Jjg.mp4?_nc_cat=105&_nc_sid=5e9851&_nc_ht=scontent-poa1-1.cdninstagram.com&_nc_ohc=aXX6U1cz6McQ7kNvwFiPGpW&efg=eyJ2ZW5jb2RlX3RhZyI6Inhwdl9wcm9ncmVzc2l2ZS5JTlNUQUdSQU0uQ0xJUFMuQzMuNzIwLmRhc2hfYmFzZWxpbmVfMV92MSIsInhwdl9hc3NldF9pZCI6MTc1Mjc2Nzg1MTc5NDEyOCwiYXNzZXRfYWdlX2RheXMiOjYzMiwidmlfdXNlY2FzZV9pZCI6MTAwOTksImR1cmF0aW9uX3MiOjcwLCJ1cmxnZW5fc291cmNlIjoid3d3In0%3D&ccb=17-1&vs=1184c19bf088277&_nc_vs=HBksFQIYQGlnX2VwaGVtZXJhbC9EODQyREQ1QUExNDMxRjY2Q0IyQTI5NzNFNEMwNTQ5MF92aWRlb19kYXNoaW5pdC5tcDQVAALIARIAFQIYR2lnX3hwdl9yZWVsc19wZXJtYW5lbnRfc3JfcHJvZC8xNTg5NTkyNjIxOTQxNjYwXzIxMzA0MzI4NjM1MzQzNDM5MDAubXA0FQICyAESACgAGAAbAogHdXNlX29pbAExEnByb2dyZXNzaXZlX3JlY2lwZQExFQAAJqC78JLCiJ0GFQIoAkMzLBdAUbmZmZmZmhgSZGFzaF9iYXNlbGluZV8xX3YxEQB1_gdl5p0BAA&_nc_gid=jEt7puGenol8cHHc9rI-DA&_nc_ss=7a22e&_nc_zt=28&oh=00_AQAJYIG4aPy8pCj45fS_3giHORnkbHNojou5m_Oax7oRfA&oe=6A55B9F2
DBB2R_3vbiq,https://www.instagram.com/reel/DBB2R_3vbiq/,Da minha criança pra sua… 🖍️🤍🔮,1728746533,96918,4333,119.90599822998047,clips,https://scontent-poa1-1.cdninstagram.com/o1/v/t2/f2/m367/AQPcWgCekShSFm1QcXUxYIt_J_8zX9tR40CD6uZhImqpYXRHx5i6gQ05RL_jJDVRgxQpNGx2QI6KoL45M5iFecPex5ErELy7JjKB1Kg.mp4?_nc_cat=110&_nc_sid=5e9851&_nc_ht=scontent-poa1-1.cdninstagram.com&_nc_ohc=4tMUoHW2uxYQ7kNvwGOBKtU&efg=eyJ2ZW5jb2RlX3RhZyI6Inhwdl9wcm9ncmVzc2l2ZS5JTlNUQUdSQU0uQ0xJUFMuQzMuNzIwLmRhc2hfYmFzZWxpbmVfMV92MSIsInhwdl9hc3NldF9pZCI6OTE1MzEwMjg5OTg2Mjg0LCJhc3NldF9hZ2VfZGF5cyI6NjM1LCJ2aV91c2VjYXNlX2lkIjoxMDA5OSwiZHVyYXRpb25fcyI6MTE5LCJ1cmxnZW5fc291cmNlIjoid3d3In0%3D&ccb=17-1&vs=c9cc49cc8f503a8a&_nc_vs=HBksFQIYQGlnX2VwaGVtZXJhbC81NTQzNjUzOUMzRDg1OTQ5ODY3QjgxOTI1RUUzOUM4MV92aWRlb19kYXNoaW5pdC5tcDQVAALIARIAFQIYR2lnX3hwdl9yZWVsc19wZXJtYW5lbnRfc3JfcHJvZC8xMDcyOTcxMjE0NTEyNzg2XzM1NzY2Mjc2NTM5OTU3NDI0MjAubXA0FQICyAESACgAGAAbAogHdXNlX29pbAExEnByb2dyZXNzaXZlX3JlY2lwZQExFQAAJtiLjYuJnqADFQIoAkMzLBdAXfmZmZmZmhgSZGFzaF9iYXNlbGluZV8xX3YxEQB1_gdl5p0BAA&_nc_gid=jEt7puGenol8cHHc9rI-DA&_nc_ss=7a22e&_nc_zt=28&oh=00_AQB9KD-WIhLgUyPSPtl1fTUYMwrc_45MZ7BI9s_SNHLWfA&oe=6A55B23B
DA8nxveRE5O,https://www.instagram.com/reel/DA8nxveRE5O/,Sente que ninguém te vê ou que cansaram de te ouvir? É porque cansaram mesmo. Cansaram de escutar você falando das mesmas coisas chatas de sempre. Coisas que seu nicho te obriga a falar. A solução é simples: pare de se en-caixar e crie sua própria caixa! 📦 A partir do dia 16 de outubro eu vou te mostrar como sair do seu nicho pra se tornar você o seu próprio nicho.,1728571471,377684,19858,86.66600036621094,clips,https://scontent-poa1-1.cdninstagram.com/o1/v/t2/f2/m367/AQNDqf7lO0KGQEjXAwfb4D7F7VaT5WzdiBLViBhiWAZ9lIWfbIUJ5lFREsx8ZmBGBlYYV-WE6EDA8LzHgfb5Y4Xo2lPuLNg1Ka1vxII.mp4?_nc_cat=106&_nc_sid=5e9851&_nc_ht=scontent-poa1-1.cdninstagram.com&_nc_ohc=a_vJimAo5YAQ7kNvwHI7jdr&efg=eyJ2ZW5jb2RlX3RhZyI6Inhwdl9wcm9ncmVzc2l2ZS5JTlNUQUdSQU0uQ0xJUFMuQzMuNzIwLmRhc2hfYmFzZWxpbmVfMV92MSIsInhwdl9hc3NldF9pZCI6OTI4MDU3NzQ1ODA3MDY2LCJhc3NldF9hZ2VfZGF5cyI6NjM3LCJ2aV91c2VjYXNlX2lkIjoxMDA5OSwiZHVyYXRpb25fcyI6ODYsInVybGdlbl9zb3VyY2UiOiJ3d3cifQ%3D%3D&ccb=17-1&vs=5aa03a8a7c9be6c&_nc_vs=HBksFQIYQGlnX2VwaGVtZXJhbC80OTRFNTlBNEZEODY3N0UzNTUxREQyRkU1OUY1MjhBNV92aWRlb19kYXNoaW5pdC5tcDQVAALIARIAFQIYQ2lnX3hwdl9yZWVsc19wZXJtYW5lbnRfc3JfcHJvZC81NDcyODM2OTQzMzU5MzBfNzAyMjYxMjU0ODM4OTYyOS5tcDQVAgLIARIAKAAYABsCiAd1c2Vfb2lsATEScHJvZ3Jlc3NpdmVfcmVjaXBlATEVAAAmtNuohImEpgMVAigCQzMsF0BVqp--dsi0GBJkYXNoX2Jhc2VsaW5lXzFfdjERAHX-B2XmnQEA&_nc_gid=jEt7puGenol8cHHc9rI-DA&_nc_ss=7a22e&_nc_zt=28&oh=00_AQAsqs5xkyeGBrHpYV14UgJa2nkYtwYPN5XiQqDq3RL7bg&oe=6A55B69B
DA4MEybyN8v,https://www.instagram.com/reel/DA4MEybyN8v/,COMEÇOU A BRINCADEIRA! Dia 16 vocês vão entender tudo.,1728422746,119648,3823,79.50299835205078,clips,https://scontent-poa1-1.cdninstagram.com/o1/v/t2/f2/m367/AQOPq8O3Q060qZd5AKwFW7pPj5cwoQHbIjKv--MWsfdPv1W-mrfrSG2A8_MhSD_toKVA8d3NeDmN_S8KAGhA0LXU7BVbFUbkWPdw-Bw.mp4?_nc_cat=107&_nc_sid=5e9851&_nc_ht=scontent-poa1-1.cdninstagram.com&_nc_ohc=cnxs7-z-ItwQ7kNvwFyRUvp&efg=eyJ2ZW5jb2RlX3RhZyI6Inhwdl9wcm9ncmVzc2l2ZS5JTlNUQUdSQU0uQ0xJUFMuQzMuNzIwLmRhc2hfYmFzZWxpbmVfMV92MSIsInhwdl9hc3NldF9pZCI6MTA0NDU3NTY0NDA2MTM2NywiYXNzZXRfYWdlX2RheXMiOjYzOCwidmlfdXNlY2FzZV9pZCI6MTAwOTksImR1cmF0aW9uX3MiOjc5LCJ1cmxnZW5fc291cmNlIjoid3d3In0%3D&ccb=17-1&vs=671115c9ad17251d&_nc_vs=HBksFQIYQGlnX2VwaGVtZXJhbC80RDQxNjQ2MTM0NjZDNURFQkE1MjhCRUVBRkU5NEVCN192aWRlb19kYXNoaW5pdC5tcDQVAALIARIAFQIYR2lnX3hwdl9yZWVsc19wZXJtYW5lbnRfc3JfcHJvZC8xMjI4MTEzODk4NTEwMjAxXzIxNDA4NTk5NzY5NjA3MjA0NDEubXA0FQICyAESACgAGAAbAogHdXNlX29pbAExEnByb2dyZXNzaXZlX3JlY2lwZQExFQAAJu66pIOngtsDFQIoAkMzLBdAU-AAAAAAABgSZGFzaF9iYXNlbGluZV8xX3YxEQB1_gdl5p0BAA&_nc_gid=jEt7puGenol8cHHc9rI-DA&_nc_ss=7a22e&_nc_zt=28&oh=00_AQA26TYH0r4Zesf_uiSdJwH0oNwpFf_4jFxDKEI4prJQuQ&oe=6A55DDFC
DAqo9vdvZ6k,https://www.instagram.com/reel/DAqo9vdvZ6k/,"VÍDEOS QUE COLAM é o nome dele! 🧲 Um nome simples e autoexplicativo do que ensinamos lá dentro: roteiro, atuação, gravação e edição. Ponta a ponta para criar vídeos viciantes - tipo esse que você acabou d e ver. 🤤 A primeira pessoa que comentou esse nome e ganhou nosso vitalício foi a @meryramires_terapeuta, parabéns e muito obrigada pela sugestão - seja bem-vinda à nossa comunidade! 🏆",1727967942,693997,23049,84.35600280761719,clips,https://scontent-poa1-1.cdninstagram.com/o1/v/t2/f2/m367/AQO7V1IVYVXj3euIN6tF9pQo_QnDakRNRv0ZMFAg9GrU-BMEzhAVqKsNH6oHOnO1viLO_ijBcxfRzZka2_AQrGmqHhK7J3JhJPVmlGY.mp4?_nc_cat=104&_nc_sid=5e9851&_nc_ht=scontent-poa1-1.cdninstagram.com&_nc_ohc=w75VyQplt2MQ7kNvwGmhHyH&efg=eyJ2ZW5jb2RlX3RhZyI6Inhwdl9wcm9ncmVzc2l2ZS5JTlNUQUdSQU0uQ0xJUFMuQzMuNzIwLmRhc2hfYmFzZWxpbmVfMV92MSIsInhwdl9hc3NldF9pZCI6NDY5NzE3ODA5NDI2MjY0LCJhc3NldF9hZ2VfZGF5cyI6NjQ0LCJ2aV91c2VjYXNlX2lkIjoxMDA5OSwiZHVyYXRpb25fcyI6ODQsInVybGdlbl9zb3VyY2UiOiJ3d3cifQ%3D%3D&ccb=17-1&vs=33be785fe6a6b87&_nc_vs=HBksFQIYQGlnX2VwaGVtZXJhbC9EQzQ3ODE1NUQ3NjIyM0Y5NjkwN0QxOUYxN0FENDA4NV92aWRlb19kYXNoaW5pdC5tcDQVAALIARIAFQIYR2lnX3hwdl9yZWVsc19wZXJtYW5lbnRfc3JfcHJvZC8xMjA1ODkyMTMwNjIwOTg2XzMyMzM3Mjc0MDU1MzEwNDg4NjgubXA0FQICyAESACgAGAAbAogHdXNlX29pbAExEnByb2dyZXNzaXZlX3JlY2lwZQExFQAAJrC957KWzdUBFQIoAkMzLBdAVRVP3ztkWhgSZGFzaF9iYXNlbGluZV8xX3YxEQB1_gdl5p0BAA&_nc_gid=jEt7puGenol8cHHc9rI-DA&_nc_ss=7a22e&_nc_zt=28&oh=00_AQD4M2Bso7y5yqURmILbh_kuqSmvdQtKuf8MOIaygRDaGA&oe=6A55B329
DAjOwL-yH6_,https://www.instagram.com/reel/DAjOwL-yH6_/,O Futuro é dos OUSADOS. Ousadia é saber quem você é e não temer mostrar pro mundo. Ousadia é tudo ou nada. Ousadia é persistir até alcançar. Ousadia é ocupar seu lugar nos palcos do mundo! 🎥: @jao.storch,1727719350,89003,3732,50.77399826049805,clips,https://scontent-poa1-1.cdninstagram.com/o1/v/t2/f2/m367/AQNmV3wwPnNsiyXGCf9wRap0FQa3HaZccjI1AwMpuK_l31b0zGLu-BCrKxZM7Og8Tt7FEuB8heEuV31fbVUaVaO7Al_6-dOLA3U0MA4.mp4?_nc_cat=105&_nc_sid=5e9851&_nc_ht=scontent-poa1-1.cdninstagram.com&_nc_ohc=lDV5PPNB3L8Q7kNvwE2wRQY&efg=eyJ2ZW5jb2RlX3RhZyI6Inhwdl9wcm9ncmVzc2l2ZS5JTlNUQUdSQU0uQ0xJUFMuQzMuNzIwLmRhc2hfYmFzZWxpbmVfMV92MSIsInhwdl9hc3NldF9pZCI6MTA1MDM4NzE3MDExMTUzNCwiYXNzZXRfYWdlX2RheXMiOjY0NywidmlfdXNlY2FzZV9pZCI6MTAwOTksImR1cmF0aW9uX3MiOjUwLCJ1cmxnZW5fc291cmNlIjoid3d3In0%3D&ccb=17-1&vs=f0d1884589ea2314&_nc_vs=HBksFQIYQGlnX2VwaGVtZXJhbC9DMjRDNUI1QjIyRjlCREU1REIwNTAzNzVBQTFFQzRCOF92aWRlb19kYXNoaW5pdC5tcDQVAALIARIAFQIYR2lnX3hwdl9yZWVsc19wZXJtYW5lbnRfc3JfcHJvZC8xMjc2MDA2NjUwNDc5MDIxXzIzODc4MTcyNzg3MjQ3NTg0MjMubXA0FQICyAESACgAGAAbAogHdXNlX29pbAExEnByb2dyZXNzaXZlX3JlY2lwZQExFQAAJtzAtaLK1N0DFQIoAkMzLBdASWMSbpeNUBgSZGFzaF9iYXNlbGluZV8xX3YxEQB1_gdl5p0BAA&_nc_gid=jEt7puGenol8cHHc9rI-DA&_nc_ss=7a22e&_nc_zt=28&oh=00_AQDDSy6iXJUJk1OLEHTuX28qvHl6b0I8AbZWnRuCbyHzOQ&oe=6A55D77A
DAbdofwvWEW,https://www.instagram.com/reel/DAbdofwvWEW/,"É claro que eu traria uma das mentes MAIS CRIATIVAS do digital para o Encontro, né? ❤️‍🔥 A @hanahfranklin nos presenteou com uma palestra recheada de técnicas, narrativas, sentimento e muita criatividade. No ano passado, ela estava nos bastidores. Esse ano, ela subiu aos palcos do Encontro. Hanah revelou para as CEOs que uma boa narrativa entrega pequenas sementes que, ao final, aumentam a consciência do público. Como fazer isso? Só as CEOs descobriram esse segredo. Obrigado por compartilhar suas técnicas de OURO com a gente, Hanah 🍷",1727458517,102141,2814,78.9530029296875,clips,https://scontent-poa1-1.cdninstagram.com/o1/v/t2/f2/m367/AQM6NMlkebI-R4Da04pucWtpZ_uyiqkYlR_oxNSNB2wvzOz41uhy1IjTjF4UgFjjLHoDzuj5WNt4ndkx2IbG8RqrHVFyo6_SpM5dT9g.mp4?_nc_cat=108&_nc_sid=5e9851&_nc_ht=scontent-poa1-1.cdninstagram.com&_nc_ohc=fr1t3sQhCOsQ7kNvwGZtZsN&efg=eyJ2ZW5jb2RlX3RhZyI6Inhwdl9wcm9ncmVzc2l2ZS5JTlNUQUdSQU0uQ0xJUFMuQzMuNzIwLmRhc2hfYmFzZWxpbmVfMV92MSIsInhwdl9hc3NldF9pZCI6NTEzOTM5MzU0NTk2MDE3LCJhc3NldF9hZ2VfZGF5cyI6NjUwLCJ2aV91c2VjYXNlX2lkIjoxMDA5OSwiZHVyYXRpb25fcyI6NzgsInVybGdlbl9zb3VyY2UiOiJ3d3cifQ%3D%3D&ccb=17-1&vs=eb816c560e963071&_nc_vs=HBksFQIYQGlnX2VwaGVtZXJhbC8zQTQ1OENFQ0YxNTU0MDBDM0EwRENDMjNFQUNCOTVCMl92aWRlb19kYXNoaW5pdC5tcDQVAALIARIAFQIYRmlnX3hwdl9yZWVsc19wZXJtYW5lbnRfc3JfcHJvZC81NDA1MDY0NDE5MDU5MTBfMzA5ODEwMjIwNDc3MTI2NDcyMi5tcDQVAgLIARIAKAAYABsCiAd1c2Vfb2lsATEScHJvZ3Jlc3NpdmVfcmVjaXBlATEVAAAm4srVyprb6QEVAigCQzMsF0BTvP3ztkWiGBJkYXNoX2Jhc2VsaW5lXzFfdjERAHX-B2XmnQEA&_nc_gid=jEt7puGenol8cHHc9rI-DA&_nc_ss=7a22e&_nc_zt=28&oh=00_AQDc9evmr5uCFnxpBad6VwFNisoyAGeJcxW6qoNNwdfYgw&oe=6A55B451
DAJJIZ-RE0F,https://www.instagram.com/reel/DAJJIZ-RE0F/,"Quem quer aprender a controlar a energia que existe no CONTEÚDO e transformar em DINHEIRO? Tô afim de mergulhar nesse tema com vocês! 💰 obs: o nome do produto já foi escolhido, mas dessa vez não quero passar o boi na frente das carroças. rs Em breve revelo o ganhador do concurso! 🏆",1726843989,147880,6201,78.375,clips,https://scontent-poa1-1.cdninstagram.com/o1/v/t2/f2/m367/AQMsvr1_xI-NomZkAuyl94p9k39IS6YSfiKqhlaudp73wI1XBKNpNzv9yre9o936tDugTO-6EPvO3M8HpHqp5cHtLF7FJgzLwQ11scQ.mp4?_nc_cat=101&_nc_sid=5e9851&_nc_ht=scontent-poa1-1.cdninstagram.com&_nc_ohc=0pqZty5kAAwQ7kNvwGPfVLq&efg=eyJ2ZW5jb2RlX3RhZyI6Inhwdl9wcm9ncmVzc2l2ZS5JTlNUQUdSQU0uQ0xJUFMuQzMuNzIwLmRhc2hfYmFzZWxpbmVfMV92MSIsInhwdl9hc3NldF9pZCI6NDUwNTEyMjYxMzM4MDM0LCJhc3NldF9hZ2VfZGF5cyI6NjU3LCJ2aV91c2VjYXNlX2lkIjoxMDA5OSwiZHVyYXRpb25fcyI6NzgsInVybGdlbl9zb3VyY2UiOiJ3d3cifQ%3D%3D&ccb=17-1&vs=beffe0496a6df1f8&_nc_vs=HBksFQIYQGlnX2VwaGVtZXJhbC85ODQ0OUU0NkU5QTcwQTRCOUQ1OTA2MTQxQzU0MzVBNl92aWRlb19kYXNoaW5pdC5tcDQVAALIARIAFQIYRWlnX3hwdl9yZWVsc19wZXJtYW5lbnRfc3JfcHJvZC80NTMwNzE1NDA2MjI3NjJfNTE3NDkyNjc5NTAxNjk4Mjg4Lm1wNBUCAsgBEgAoABgAGwKIB3VzZV9vaWwBMRJwcm9ncmVzc2l2ZV9yZWNpcGUBMRUAACbkzu70oe_MARUCKAJDMywXQFOYAAAAAAAYEmRhc2hfYmFzZWxpbmVfMV92MREAdf4HZeadAQA&_nc_gid=Wms1CRYpCcjeZgAbtAV1ew&_nc_ss=7a22e&_nc_zt=28&oh=00_AQBYuFSKnngY26Q4WqXYQ8vK85Wj99sazVd9w68ot8OxSQ&oe=6A55D11E
C_vJFdJx9Xf,https://www.instagram.com/reel/C_vJFdJx9Xf/,"Eu ouvi vitalício? 👀 Nunca imaginei isso acontecer comigo, mas já que aconteceu, vamos MUDAR PRA MELHOR! Me ajuda que eu também te ajudo! 🗣️ Mas atenção: Esse concurso é uma HANOCRACIA, ou seja, quando eu escolher o ganhador não quero encheção de saco. ✨",1725971656,2006897,77368,89.23200225830078,clips,https://scontent-poa1-1.cdninstagram.com/o1/v/t2/f2/m367/AQP_32NPYl6156IP42LSLwQW1wjQFXBBkV7QaVAExvTy5wNBHp4teDo5rAuBk-8ttTyL2CEG-mBapHxReMbm1MvCrbyOr7gKnrmP4VM.mp4?_nc_cat=107&_nc_sid=5e9851&_nc_ht=scontent-poa1-1.cdninstagram.com&_nc_ohc=rz1mn9d9ArkQ7kNvwEugmEj&efg=eyJ2ZW5jb2RlX3RhZyI6Inhwdl9wcm9ncmVzc2l2ZS5JTlNUQUdSQU0uQ0xJUFMuQzMuNzIwLmRhc2hfYmFzZWxpbmVfMV92MSIsInhwdl9hc3NldF9pZCI6MTkyNDYzOTQ2NDcwMzc1OSwiYXNzZXRfYWdlX2RheXMiOjY2NywidmlfdXNlY2FzZV9pZCI6MTAwOTksImR1cmF0aW9uX3MiOjg5LCJ1cmxnZW5fc291cmNlIjoid3d3In0%3D&ccb=17-1&vs=73e9f40db18dad83&_nc_vs=HBksFQIYQGlnX2VwaGVtZXJhbC8yMjQ2MEZDQUJGRDBEREM3RTJDQkI0QTQ5RkYxQzBCQl92aWRlb19kYXNoaW5pdC5tcDQVAALIARIAFQIYRmlnX3hwdl9yZWVsc19wZXJtYW5lbnRfc3JfcHJvZC80OTg3NTc1NTYyNzQzNjFfNDE5OTUyNjM0NzgzNjQyNTU3My5tcDQVAgLIARIAKAAYABsCiAd1c2Vfb2lsATEScHJvZ3Jlc3NpdmVfcmVjaXBlATEVAAAmnpzqueGc6wYVAigCQzMsF0BWTU_fO2RaGBJkYXNoX2Jhc2VsaW5lXzFfdjERAHX-B2XmnQEA&_nc_gid=Wms1CRYpCcjeZgAbtAV1ew&_nc_ss=7a22e&_nc_zt=28&oh=00_AQDBHUmpDS1IqgqyyRAlccMaKkfj-A_1tDPq0foNizAIKg&oe=6A55E1EC
C_jY3BfS7Vu,https://www.instagram.com/reel/C_jY3BfS7Vu/,Insegurança > Estudar > Praticar > Se sentir Seguro - Não inverta a ordem 😌,1725577025,113789,4182,54.42599868774414,clips,https://scontent-poa1-1.cdninstagram.com/o1/v/t2/f2/m367/AQO0MM5aXPEz5qg7zrEi47uvFhEzBuOwlnUf0c4aF1aScfM4D8vAi0Kzr5WM2TgsASTiJITAw9OS5J17ZRbcZeX_TgdwAnCYyEEoYIk.mp4?_nc_cat=108&_nc_sid=5e9851&_nc_ht=scontent-poa1-1.cdninstagram.com&_nc_ohc=ZkBP2SsHvugQ7kNvwECpffx&efg=eyJ2ZW5jb2RlX3RhZyI6Inhwdl9wcm9ncmVzc2l2ZS5JTlNUQUdSQU0uQ0xJUFMuQzMuNzIwLmRhc2hfYmFzZWxpbmVfMV92MSIsInhwdl9hc3NldF9pZCI6OTI4NzA1MjM1NzYxMjU3LCJhc3NldF9hZ2VfZGF5cyI6NjcxLCJ2aV91c2VjYXNlX2lkIjoxMDA5OSwiZHVyYXRpb25fcyI6NTQsInVybGdlbl9zb3VyY2UiOiJ3d3cifQ%3D%3D&ccb=17-1&vs=a5784570b24a206a&_nc_vs=HBksFQIYQGlnX2VwaGVtZXJhbC9BRjQ0QzUzRjNFMzY4QzVDOTA1NDRENkM3NjAxNjhCQ192aWRlb19kYXNoaW5pdC5tcDQVAALIARIAFQIYR2lnX3hwdl9yZWVsc19wZXJtYW5lbnRfc3JfcHJvZC8xMDEzMzc4ODMwNTcyMDA1XzM2MTczNTI2NjA0NDYxODcyNzIubXA0FQICyAESACgAGAAbAogHdXNlX29pbAExEnByb2dyZXNzaXZlX3JlY2lwZQExFQAAJtLh7ZrhqaYDFQIoAkMzLBdASzU_fO2RaBgSZGFzaF9iYXNlbGluZV8xX3YxEQB1_gdl5p0BAA&_nc_gid=Wms1CRYpCcjeZgAbtAV1ew&_nc_ss=7a22e&_nc_zt=28&oh=00_AQAcAj3--bbkypC8EJzZ-TD7BoEaB1eVHXgm6jebdEQuYQ&oe=6A55B26D
C_fpjTdRSrC,https://www.instagram.com/reel/C_fpjTdRSrC/,Ele é a prova que você não precisa ser um super ator pra crescer nas redes sociais - você precisa ser autêntico! O @dr.ricardokores encontrou seu jeitinho de criar conteúdo e eu quero te ajudar a achar o SEU! Bora? Hoje 19:16 vou te mostrar como fazer isso na aula Roube como a Hanah. Pra participar basta escrever FURTOS:,1725451562,309724,13078,89.20899963378906,clips,https://scontent-poa1-1.cdninstagram.com/o1/v/t2/f2/m367/AQPjEJADcqgmcUrP0cGBN0AfNyyZ_ovexYKUrsBhAA2MPHW7ErUyX-XN-if4BupqgSJ8aUGkenPZ1RxmmgYFicLVhCrdnMf39IxZfyo.mp4?_nc_cat=102&_nc_sid=5e9851&_nc_ht=scontent-poa1-1.cdninstagram.com&_nc_ohc=XPZ5IwazSCAQ7kNvwGbROY2&efg=eyJ2ZW5jb2RlX3RhZyI6Inhwdl9wcm9ncmVzc2l2ZS5JTlNUQUdSQU0uQ0xJUFMuQzMuNzIwLmRhc2hfYmFzZWxpbmVfMV92MSIsInhwdl9hc3NldF9pZCI6MTAwNDQ5NTQyMTQxMTAwNywiYXNzZXRfYWdlX2RheXMiOjY3MywidmlfdXNlY2FzZV9pZCI6MTAwOTksImR1cmF0aW9uX3MiOjg5LCJ1cmxnZW5fc291cmNlIjoid3d3In0%3D&ccb=17-1&vs=8366918db741cd67&_nc_vs=HBksFQIYQGlnX2VwaGVtZXJhbC9BRTRBM0E3QzdGNUJEOTUxMkIxQjUzNkFFODdCNzVCNl92aWRlb19kYXNoaW5pdC5tcDQVAALIARIAFQIYR2lnX3hwdl9yZWVsc19wZXJtYW5lbnRfc3JfcHJvZC8xODcyNjQ0NTAzMjEwMjc4XzczNjE2NzU4MjcyODMwMzc4NDYubXA0FQICyAESACgAGAAbAogHdXNlX29pbAExEnByb2dyZXNzaXZlX3JlY2lwZQExFQAAJv66rIyq5cgDFQIoAkMzLBdAVk1P3ztkWhgSZGFzaF9iYXNlbGluZV8xX3YxEQB1_gdl5p0BAA&_nc_gid=Wms1CRYpCcjeZgAbtAV1ew&_nc_ss=7a22e&_nc_zt=28&oh=00_AQDUYSrPAythhbMdR5LYCw3f5vcvBQFnYTLPl51h-AOfrg&oe=6A55BE17
C_a8BRNxQSg,https://www.instagram.com/reel/C_a8BRNxQSg/,"Foi analisando os melhores criadores do mundo que eu descobri o meu jeito de dar certo. Então sim, podemos dizer que muito da minha evolução pode ser dedicada a @marikrugerb que me ensinou demaissss sem saber. 🩷 E graças a essa aula você vai poder aprender também, na próxima quarta-feira eu vou te mostrar quais são os pontos que eu analiso pra aprender com os melhores criadores do país. Dia 4 às 19h16. Pra participar escreva “Roube como a Hanah”:",1725294174,374380,27921,89.60399627685547,clips,https://scontent-poa1-1.cdninstagram.com/o1/v/t2/f2/m367/AQO7Ov0D0A0mILkB00uEXLsVfBym_bUBly0DGrj6VbCTHNba8kaIvWKNFK4dcJvPMmhkONTAl4Ox5YNRL1VRVlztRmeptD3bXG0omrQ.mp4?_nc_cat=109&_nc_sid=5e9851&_nc_ht=scontent-poa1-1.cdninstagram.com&_nc_ohc=8AvY7DVdE8AQ7kNvwFis1np&efg=eyJ2ZW5jb2RlX3RhZyI6Inhwdl9wcm9ncmVzc2l2ZS5JTlNUQUdSQU0uQ0xJUFMuQzMuNzIwLmRhc2hfYmFzZWxpbmVfMV92MSIsInhwdl9hc3NldF9pZCI6Mjg1NTg5MzY2NDU2ODk1MiwiYXNzZXRfYWdlX2RheXMiOjY3NSwidmlfdXNlY2FzZV9pZCI6MTAwOTksImR1cmF0aW9uX3MiOjg5LCJ1cmxnZW5fc291cmNlIjoid3d3In0%3D&ccb=17-1&vs=cfd4651dec1ab2af&_nc_vs=HBksFQIYQGlnX2VwaGVtZXJhbC9FMzRBN0Y5MEJERDhGQTM2QzVBNDU2OTREODhDRUI5MF92aWRlb19kYXNoaW5pdC5tcDQVAALIARIAFQIYR2lnX3hwdl9yZWVsc19wZXJtYW5lbnRfc3JfcHJvZC8xNTI3ODg0NTU4MTIwNTU4XzEzODUzNTUyODYwNTgzMTQxMDYubXA0FQICyAESACgAGAAbAogHdXNlX29pbAExEnByb2dyZXNzaXZlX3JlY2lwZQExFQAAJvDZpPbx2pIKFQIoAkMzLBdAVmVP3ztkWhgSZGFzaF9iYXNlbGluZV8xX3YxEQB1_gdl5p0BAA&_nc_gid=Wms1CRYpCcjeZgAbtAV1ew&_nc_ss=7a22e&_nc_zt=28&oh=00_AQBYDv-vc6mks5GwtVKeWK-OGt3G2cuRL-QTI43sDDX05A&oe=6A55C556
C_VnKo1RWLw,https://www.instagram.com/reel/C_VnKo1RWLw/,"Nos últimos meses eu tenho percebido uma onda de mini-cópias dos maiores criadores de conteúdo do país. Uma triste realidade, já que o segredo pra dar certo na internet é encontrar O SEU JEITO de criar Reels Criativos. 🖌️🖼️ Quando você encontra o seu jeito criar conteúdo vira brincadeira de criança, fica divertido, leve, viral. Então quer dizer que eu não posso pegar referências, Hanah? Não, só quer dizer que você precisa fazer isso do jeito certo! Chega de roubar O ARTISTA. Roube Como um Artista. ROUBE COMO A HANAH - Aula gratuita dia 04/09. 🎨 Pra participar escreva “Furtos”:",1725115167,547293,16208,78.70800018310547,clips,https://scontent-poa1-1.cdninstagram.com/o1/v/t2/f2/m367/AQOu1663hGlgifDIG5pSHBZQ50HIgkCVs4tYYzN_kk19XCseOttJSUfFYY7X4VzU6uTJPZ46l7q5CQRwdLfQfRyOYld462yprZzjxMY.mp4?_nc_cat=111&_nc_sid=5e9851&_nc_ht=scontent-poa1-1.cdninstagram.com&_nc_ohc=sJOroKYacdIQ7kNvwEmz5V0&efg=eyJ2ZW5jb2RlX3RhZyI6Inhwdl9wcm9ncmVzc2l2ZS5JTlNUQUdSQU0uQ0xJUFMuQzMuNzIwLmRhc2hfYmFzZWxpbmVfMV92MSIsInhwdl9hc3NldF9pZCI6MzMzOTI4NDQ2MzgyNTA2LCJhc3NldF9hZ2VfZGF5cyI6Njc3LCJ2aV91c2VjYXNlX2lkIjoxMDA5OSwiZHVyYXRpb25fcyI6NzgsInVybGdlbl9zb3VyY2UiOiJ3d3cifQ%3D%3D&ccb=17-1&vs=4e0d0debcc25e99a&_nc_vs=HBksFQIYQGlnX2VwaGVtZXJhbC9DRTQzM0QwNkI2N0Y0OUVGN0Q5N0JBMDZFNjU2RDFBM192aWRlb19kYXNoaW5pdC5tcDQVAALIARIAFQIYRmlnX3hwdl9yZWVsc19wZXJtYW5lbnRfc3JfcHJvZC84OTUyOTQ1MDU3NzYzNzBfNzk0NDAyMzIyMjUwNjgwNTAzNi5tcDQVAgLIARIAKAAYABsCiAd1c2Vfb2lsATEScHJvZ3Jlc3NpdmVfcmVjaXBlATEVAAAm1Mbq5pjtlwEVAigCQzMsF0BTrU_fO2RaGBJkYXNoX2Jhc2VsaW5lXzFfdjERAHX-B2XmnQEA&_nc_gid=Wms1CRYpCcjeZgAbtAV1ew&_nc_ss=7a22e&_nc_zt=28&oh=00_AQAG2JwTU7tJD14v_pEjbMrCe1ICGsyBuf6cYaTmay2Q7w&oe=6A55B48C
C_RQq7OS3V5,https://www.instagram.com/reel/C_RQq7OS3V5/,"Simplicidade é um dos princípios básicos da criação de conteúdo, afinal, se as pessoas não te entenderem, vai ser impossível elas prestarem atenção em você. 👁️‍🗨️",1724968870,139559,5373,50.66600036621094,clips,https://scontent-poa1-1.cdninstagram.com/o1/v/t2/f2/m367/AQMCMRvr3e_kQrkfLlzg1XCM12zCsZQReCzeGrdRWa7YSQ64jodb1SpbA6Jhtgr2Y8BrR_N8ZdG5Dd5KF4eb8zcsfkTSSx0GBdgHN5o.mp4?_nc_cat=103&_nc_sid=5e9851&_nc_ht=scontent-poa1-1.cdninstagram.com&_nc_ohc=4xHUQi_oUegQ7kNvwH4gAQL&efg=eyJ2ZW5jb2RlX3RhZyI6Inhwdl9wcm9ncmVzc2l2ZS5JTlNUQUdSQU0uQ0xJUFMuQzMuNzIwLmRhc2hfYmFzZWxpbmVfMV92MSIsInhwdl9hc3NldF9pZCI6MTIzNzM2MjIyNDI4MjIyOCwiYXNzZXRfYWdlX2RheXMiOjY3OCwidmlfdXNlY2FzZV9pZCI6MTAwOTksImR1cmF0aW9uX3MiOjUwLCJ1cmxnZW5fc291cmNlIjoid3d3In0%3D&ccb=17-1&vs=4a757d36f43aa082&_nc_vs=HBksFQIYQGlnX2VwaGVtZXJhbC8zODQ1ODMyRjA4Mjk2REJFNEU2Q0I2RDdCMEUyQTk4RV92aWRlb19kYXNoaW5pdC5tcDQVAALIARIAFQIYR2lnX3hwdl9yZWVsc19wZXJtYW5lbnRfc3JfcHJvZC8xNDgzODUwMTcyMjU2NDIwXzQzMzc3NzE0OTc5OTMxNjUyMjcubXA0FQICyAESACgAGAAbAogHdXNlX29pbAExEnByb2dyZXNzaXZlX3JlY2lwZQExFQAAJujpsf3617IEFQIoAkMzLBdASVU_fO2RaBgSZGFzaF9iYXNlbGluZV8xX3YxEQB1_gdl5p0BAA&_nc_gid=Wms1CRYpCcjeZgAbtAV1ew&_nc_ss=7a22e&_nc_zt=28&oh=00_AQAUchqjcdwkcZ_LVErRRhNKYmLAIjPozaH5wcYeZoz_XA&oe=6A55D0C8
C_OtomXSmMq,https://www.instagram.com/reel/C_OtomXSmMq/,Dica de relacionamento e de criação de conteúdo: MUDEM.,1724883409,1853647,167665,73.93000030517578,clips,https://scontent-poa1-1.cdninstagram.com/o1/v/t2/f2/m367/AQODM2vSCZm2rPIiLyWtXUuwjK0JlIGTYzYB8bT57gjpnVL3HsTtx1VfqPCgmeYiqlQicjXkDuxtKQwSgdDPYIAmpP32NHKGT3wOfCo.mp4?_nc_cat=100&_nc_sid=5e9851&_nc_ht=scontent-poa1-1.cdninstagram.com&_nc_ohc=wpul1fk1HfkQ7kNvwFrr2Ak&efg=eyJ2ZW5jb2RlX3RhZyI6Inhwdl9wcm9ncmVzc2l2ZS5JTlNUQUdSQU0uQ0xJUFMuQzMuNzIwLmRhc2hfYmFzZWxpbmVfMV92MSIsInhwdl9hc3NldF9pZCI6NzgxMzgzOTg3Mjc0OTU1LCJhc3NldF9hZ2VfZGF5cyI6Njc5LCJ2aV91c2VjYXNlX2lkIjoxMDA5OSwiZHVyYXRpb25fcyI6NzMsInVybGdlbl9zb3VyY2UiOiJ3d3cifQ%3D%3D&ccb=17-1&vs=924cb5530e8e6cde&_nc_vs=HBksFQIYQGlnX2VwaGVtZXJhbC9FODQ1NUY1RkM0M0Y2NUVCQTc0OURENDk0RjIxMEFCN192aWRlb19kYXNoaW5pdC5tcDQVAALIARIAFQIYR2lnX3hwdl9yZWVsc19wZXJtYW5lbnRfc3JfcHJvZC8xMjM3ODE1ODA3MjIyNjM3XzkxNDQxMTQ4NzUwMDcyNTI5ODMubXA0FQICyAESACgAGAAbAogHdXNlX29pbAExEnByb2dyZXNzaXZlX3JlY2lwZQExFQAAJpaT9a_EquMCFQIoAkMzLBdAUnqfvnbItBgSZGFzaF9iYXNlbGluZV8xX3YxEQB1_gdl5p0BAA&_nc_gid=Wms1CRYpCcjeZgAbtAV1ew&_nc_ss=7a22e&_nc_zt=28&oh=00_AQBLDHQhU48QJClPybq9TtNiioqd21W6NxFOi7wBGhbWiA&oe=6A55B811
C_LZXbGxiRq,https://www.instagram.com/reel/C_LZXbGxiRq/,"GRÁVIDAS? Ainda não... mas você precisa admitir que sabemos chamar sua atenção através das nossas narrativas! É por isso que a @hanahfranklin vai estar no PALCO do Encontro Nacional de CEOs compartilhando COMO contar histórias envolventes que vendem no digital. 🔥 Se você está precisando de uma dose de Storytelling, Criatividade e Estratégia, eu sugiro que você não fique de fora. 93% dos lugares já estão RESERVADOS e essa pode ser sua última oportunidade de estar lá com a gente nos dias 27 e 28 de setembro. Agora deixe seu palpite aqui: qual baby vem primeiro - o CEO ou o criador do futuro? 👶",1724772129,312128,8025,74.51499938964844,clips,https://scontent-poa1-1.cdninstagram.com/o1/v/t2/f2/m367/AQN7BFSAmZfW0cvGkK6I6hMlRk9CPAJLqCnCGiw3Ma3hEY4_7C2YOMTU0vNREGcFj8Y4rtaRiBGtnyKvBhADD5RAvtXQUhyNV8nng1U.mp4?_nc_cat=100&_nc_sid=5e9851&_nc_ht=scontent-poa1-1.cdninstagram.com&_nc_ohc=D2_mRNf1_LkQ7kNvwGcJL-4&efg=eyJ2ZW5jb2RlX3RhZyI6Inhwdl9wcm9ncmVzc2l2ZS5JTlNUQUdSQU0uQ0xJUFMuQzMuNzIwLmRhc2hfYmFzZWxpbmVfMV92MSIsInhwdl9hc3NldF9pZCI6ODM4ODk4MzYxNzIwMzUxLCJhc3NldF9hZ2VfZGF5cyI6NjgxLCJ2aV91c2VjYXNlX2lkIjoxMDA5OSwiZHVyYXRpb25fcyI6NzQsInVybGdlbl9zb3VyY2UiOiJ3d3cifQ%3D%3D&ccb=17-1&vs=21fae85ce8fcc49f&_nc_vs=HBksFQIYQGlnX2VwaGVtZXJhbC8zNDQ4OTg3OTZENDY4MkU0MEQwNUMzOEE0MkIzOEU4Q192aWRlb19kYXNoaW5pdC5tcDQVAALIARIAFQIYR2lnX3hwdl9yZWVsc19wZXJtYW5lbnRfc3JfcHJvZC8xNjcxMjc0NzcwMzI4NDE3XzM3MzIxOTQ4NzczMTIzNDMxNDcubXA0FQICyAESACgAGAAbAogHdXNlX29pbAExEnByb2dyZXNzaXZlX3JlY2lwZQExFQAAJr740u2nvv0CFQIoAkMzLBdAUqD1wo9cKRgSZGFzaF9iYXNlbGluZV8xX3YxEQB1_gdl5p0BAA&_nc_gid=Wms1CRYpCcjeZgAbtAV1ew&_nc_ss=7a22e&_nc_zt=28&oh=00_AQDLApalNHhzy2CyBxmhXu2aB-DoWVQrFvgJYIiZwcRkYA&oe=6A55D9C1
C_JrTzTSIaz,https://www.instagram.com/reel/C_JrTzTSIaz/,"Você já sabe falar natural! 🗣️ Quando gravar se pergunte “como eu falaria isso com alguém que eu confio?”. Se ainda precisar ajuda, escreva ATUAÇÃO e conheça o módulo de atuação inteiro por dentro!",1724714607,200250,10917,73.97699737548828,clips,https://scontent-poa1-1.cdninstagram.com/o1/v/t2/f2/m367/AQO0aY-Ipmdhs8M7J8_gW0bzl3O05nl19QPsp4xUISPVdPnp8pbln-1uG7Y5C3Ihcfp17vgS-yiUr-Z_mGNvbpUUmET4tLHFJ-zuQVs.mp4?_nc_cat=110&_nc_sid=5e9851&_nc_ht=scontent-poa1-1.cdninstagram.com&_nc_ohc=a31VochBPXgQ7kNvwEXwQ1E&efg=eyJ2ZW5jb2RlX3RhZyI6Inhwdl9wcm9ncmVzc2l2ZS5JTlNUQUdSQU0uQ0xJUFMuQzMuNzIwLmRhc2hfYmFzZWxpbmVfMV92MSIsInhwdl9hc3NldF9pZCI6Mjc3Nzk4ODY3MjM1NzY2NCwiYXNzZXRfYWdlX2RheXMiOjY4MSwidmlfdXNlY2FzZV9pZCI6MTAwOTksImR1cmF0aW9uX3MiOjczLCJ1cmxnZW5fc291cmNlIjoid3d3In0%3D&ccb=17-1&vs=84f1c2ebe8564035&_nc_vs=HBksFQIYQGlnX2VwaGVtZXJhbC84ODQ2N0MxNDI2M0JGMUIzREZEOUVGNzFCMjJFOTU5Nl92aWRlb19kYXNoaW5pdC5tcDQVAALIARIAFQIYR2lnX3hwdl9yZWVsc19wZXJtYW5lbnRfc3JfcHJvZC84MjkyODc1NTk0MTQyMjYyXzM1NTQ4MjQzNTc5OTI3NzYzMjEubXA0FQICyAESACgAGAAbAogHdXNlX29pbAExEnByb2dyZXNzaXZlX3JlY2lwZQExFQAAJsCUjMCcpO8JFQIoAkMzLBdAUn1P3ztkWhgSZGFzaF9iYXNlbGluZV8xX3YxEQB1_gdl5p0BAA&_nc_gid=Wms1CRYpCcjeZgAbtAV1ew&_nc_ss=7a22e&_nc_zt=28&oh=00_AQBPANfA7N6F32vrdqlJ-TpBRIsAqN1yMrDsPKlZvCcrTQ&oe=6A55E3BF
C-0JT9Jx0Ny,https://www.instagram.com/reel/C-0JT9Jx0Ny/,"🍎 Normalize enxergar criatividade como “recompensa” da aplicação de um método, e sua criação de conteúdo vai fluir como nunca!",1723992019,124151,5419,83.91500091552734,clips,https://scontent-poa1-1.cdninstagram.com/o1/v/t2/f2/m367/AQMvqluFa7mLBkNoirOxHttjjhE1HhXwP-GqgmDzS-oDa2JzNxEcFd90qhmpK00Ntv_sCsZZQTzsCnmAGl9VwL1OFkxcsO9MuvrYqPM.mp4?_nc_cat=105&_nc_sid=5e9851&_nc_ht=scontent-poa1-1.cdninstagram.com&_nc_ohc=9i9VJ_uqAtYQ7kNvwFR_jat&efg=eyJ2ZW5jb2RlX3RhZyI6Inhwdl9wcm9ncmVzc2l2ZS5JTlNUQUdSQU0uQ0xJUFMuQzMuNzIwLmRhc2hfYmFzZWxpbmVfMV92MSIsInhwdl9hc3NldF9pZCI6MTU0NzI5OTY2OTE5Mjc1NywiYXNzZXRfYWdlX2RheXMiOjY5MCwidmlfdXNlY2FzZV9pZCI6MTAwOTksImR1cmF0aW9uX3MiOjgzLCJ1cmxnZW5fc291cmNlIjoid3d3In0%3D&ccb=17-1&vs=43f545e042393c0a&_nc_vs=HBksFQIYQGlnX2VwaGVtZXJhbC9DODQ1OUFFREI0MDRGN0FFMjUzODlDM0MwODEzRUNCOF92aWRlb19kYXNoaW5pdC5tcDQVAALIARIAFQIYRmlnX3hwdl9yZWVsc19wZXJtYW5lbnRfc3JfcHJvZC8zODYyMzcxMjQyMDU1MTRfODQ5NDAwNjc4ODgyMjMwMDk0Ny5tcDQVAgLIARIAKAAYABsCiAd1c2Vfb2lsATEScHJvZ3Jlc3NpdmVfcmVjaXBlATEVAAAm6sCl8tjQvwUVAigCQzMsF0BU-i0OVgQZGBJkYXNoX2Jhc2VsaW5lXzFfdjERAHX-B2XmnQEA&_nc_gid=Wms1CRYpCcjeZgAbtAV1ew&_nc_ss=7a22e&_nc_zt=28&oh=00_AQAkMVgKI4XrLfx9oDkYIEIOHZGVClzqv_ilupqnS3_mew&oe=6A55B852
C-wFrolNX-V,https://www.instagram.com/reel/C-wFrolNX-V/,"Você é livre. Então não perca sua paz por ninguém, não deixe seus sonhos por ninguém.",1723855776,95563,4078,61.08300018310547,clips,https://scontent-poa1-1.cdninstagram.com/o1/v/t2/f2/m367/AQNomUmSw1yJTCdPBQLX9Sd9C5485WOVuhd_7hmRNoFLyzcbUMGYXzIG0qhN92n7evAQg295UKzysPwUPvRwzjccS11ItuRCT2YUBHk.mp4?_nc_cat=105&_nc_sid=5e9851&_nc_ht=scontent-poa1-1.cdninstagram.com&_nc_ohc=eF882v25uosQ7kNvwHg3TjS&efg=eyJ2ZW5jb2RlX3RhZyI6Inhwdl9wcm9ncmVzc2l2ZS5JTlNUQUdSQU0uQ0xJUFMuQzMuNzIwLmRhc2hfYmFzZWxpbmVfMV92MSIsInhwdl9hc3NldF9pZCI6ODg4Njk5OTAzMjc5MjcwLCJhc3NldF9hZ2VfZGF5cyI6NjkxLCJ2aV91c2VjYXNlX2lkIjoxMDA5OSwiZHVyYXRpb25fcyI6NjEsInVybGdlbl9zb3VyY2UiOiJ3d3cifQ%3D%3D&ccb=17-1&vs=fcf119a7de3b8eff&_nc_vs=HBksFQIYQGlnX2VwaGVtZXJhbC84ODQ1NTg0M0M1MUNBMTQ1NzY3QTZEMzBFOEE4MDE4Ml92aWRlb19kYXNoaW5pdC5tcDQVAALIARIAFQIYR2lnX3hwdl9yZWVsc19wZXJtYW5lbnRfc3JfcHJvZC8xMDQxNzQ0ODI0MDE2OTE0Xzg5NjY0NjUxODk0ODI2MzM1NzEubXA0FQICyAESACgAGAAbAogHdXNlX29pbAExEnByb2dyZXNzaXZlX3JlY2lwZQExFQAAJsyC4KCSkZQDFQIoAkMzLBdAToqfvnbItBgSZGFzaF9iYXNlbGluZV8xX3YxEQB1_gdl5p0BAA&_nc_gid=Wms1CRYpCcjeZgAbtAV1ew&_nc_ss=7a22e&_nc_zt=28&oh=00_AQAFfztSQidkuqYk3Eipla3NH1bZeMYl1fBhI2GDK_V7Zg&oe=6A55B55A
C-P_QPHpK5Q,https://www.instagram.com/reel/C-P_QPHpK5Q/,"O ruivo da @hanahfranklin foi intencional? 👀 Posicionamento é tão além da imagem… e quanto antes vc entender isso, melhor! E agora quero q você responda aqui: o seu posicionamento tá de acordo com o que você quer transmitir? E de acordo com quem você é?",1722779437,216246,7772,121.22100067138672,clips,https://scontent-poa1-1.cdninstagram.com/o1/v/t2/f2/m367/AQOSin6bvOjZsoIEpkn2qkzkvAb2Sr8y0ueKOUEzKO7EdAkbqyljlA2TIH5b29sSpfm7k4LnViQpeIDTJ7FdAk7OhJSmfP1DKdl5wck.mp4?_nc_cat=103&_nc_sid=5e9851&_nc_ht=scontent-poa1-1.cdninstagram.com&_nc_ohc=B4ZuRz1HGbsQ7kNvwEcLtVE&efg=eyJ2ZW5jb2RlX3RhZyI6Inhwdl9wcm9ncmVzc2l2ZS5JTlNUQUdSQU0uQ0xJUFMuQzMuNzIwLmRhc2hfYmFzZWxpbmVfMV92MSIsInhwdl9hc3NldF9pZCI6MTI1NzYyMjk4ODU1NzUzOCwiYXNzZXRfYWdlX2RheXMiOjcwNCwidmlfdXNlY2FzZV9pZCI6MTAwOTksImR1cmF0aW9uX3MiOjEyMSwidXJsZ2VuX3NvdXJjZSI6Ind3dyJ9&ccb=17-1&vs=8d05d9ac23dca44f&_nc_vs=HBksFQIYQGlnX2VwaGVtZXJhbC8yNDRDREVBRTg5MDVBRkUxREE0QTVEQkJBQjRBQTg5Q192aWRlb19kYXNoaW5pdC5tcDQVAALIARIAFQIYR2lnX3hwdl9yZWVsc19wZXJtYW5lbnRfc3JfcHJvZC8xNDQyNjc5NTg2MzU5Mjk2Xzg0MzE0MDA4ODA2OTg0MzQ5MTkubXA0FQICyAESACgAGAAbAogHdXNlX29pbAExEnByb2dyZXNzaXZlX3JlY2lwZQExFQAAJsSz9Lel87sEFQIoAkMzLBdAXk4k3S8aoBgSZGFzaF9iYXNlbGluZV8xX3YxEQB1_gdl5p0BAA&_nc_gid=Y93XiEyD0-3b-vPux2RxzQ&_nc_ss=7a22e&_nc_zt=28&oh=00_AQCNeS4TGxwtfZLWGfD35ANZxYfEPAos6oCMUrjjnNgBxg&oe=6A55E064
C-EBxxrSGs_,https://www.instagram.com/reel/C-EBxxrSGs_/,"A missão da minha vida é te fazer sentir que seu lugar é no palco. Se você sente, comenta: EU SINTO! Que o resto eu te ajudo buscar! 🎥: @jao.storch",1722377162,170980,9804,43.652000427246094,clips,https://scontent-poa1-1.cdninstagram.com/o1/v/t2/f2/m367/AQNS18AAmlTTW8VC0Q-uEwbcYxd7AF-1Yn9oXUGyaEZqmSpxm2y4ZScwjNEDTezAv5zIzF6lD_y-jPBKBWmiXtgixquL4d61yy_-qcc.mp4?_nc_cat=107&_nc_sid=5e9851&_nc_ht=scontent-poa1-1.cdninstagram.com&_nc_ohc=ZQQ8BPN-a60Q7kNvwF7Ya5A&efg=eyJ2ZW5jb2RlX3RhZyI6Inhwdl9wcm9ncmVzc2l2ZS5JTlNUQUdSQU0uQ0xJUFMuQzMuNzIwLmRhc2hfYmFzZWxpbmVfMV92MSIsInhwdl9hc3NldF9pZCI6NTAyODc1Mzc1NjAyMjAzLCJhc3NldF9hZ2VfZGF5cyI6NzA4LCJ2aV91c2VjYXNlX2lkIjoxMDA5OSwiZHVyYXRpb25fcyI6NDMsInVybGdlbl9zb3VyY2UiOiJ3d3cifQ%3D%3D&ccb=17-1&vs=c673ee485f028620&_nc_vs=HBksFQIYQGlnX2VwaGVtZXJhbC9EMDQwMTA2QjFFQTkxMzhFMUMzQkZGRTc0NkYzMkI4M192aWRlb19kYXNoaW5pdC5tcDQVAALIARIAFQIYR2lnX3hwdl9yZWVsc19wZXJtYW5lbnRfc3JfcHJvZC8xMDYyNzg0NTU1NTYzNzA5Xzc4Mzc1ODE3OTEyNjI3NTA1MjAubXA0FQICyAESACgAGAAbAogHdXNlX29pbAExEnByb2dyZXNzaXZlX3JlY2lwZQExFQAAJraoiMKZ1-QBFQIoAkMzLBdARdEGJN0vGxgSZGFzaF9iYXNlbGluZV8xX3YxEQB1_gdl5p0BAA&_nc_gid=Y93XiEyD0-3b-vPux2RxzQ&_nc_ss=7a22e&_nc_zt=28&oh=00_AQDxiZk6zDzvKNrOnTpMK20gAQ1IDqYP5UIwB5S1gz1bHQ&oe=6A55B694
C98N5nuSpB7,https://www.instagram.com/reel/C98N5nuSpB7/,"Vlog cobrindo 2 eventos gigantes no mesmo fim de semana! De quem foi essa ideia? Essa pessoa merece um aumento! 😂 Apesar do caos, a criação vale a pena, e claro, o time sustenta!",1722115482,171564,6135,88.72100067138672,clips,https://scontent-poa1-1.cdninstagram.com/o1/v/t2/f2/m367/AQP5D6k36GVVuRm1jRcYp0j9cUA1ph5-m_w5nFKV-UQ0qudImT_epiYZRwXE3J5pAi7timruP1W8ijRQJ2uaREhuiB9k-LEsu8hAJf8.mp4?_nc_cat=110&_nc_sid=5e9851&_nc_ht=scontent-poa1-1.cdninstagram.com&_nc_ohc=8uqN_k3ddRYQ7kNvwFZD2F1&efg=eyJ2ZW5jb2RlX3RhZyI6Inhwdl9wcm9ncmVzc2l2ZS5JTlNUQUdSQU0uQ0xJUFMuQzMuNzIwLmRhc2hfYmFzZWxpbmVfMV92MSIsInhwdl9hc3NldF9pZCI6MTcwMTQwMTI1NDAyOTI0OSwiYXNzZXRfYWdlX2RheXMiOjcxMSwidmlfdXNlY2FzZV9pZCI6MTAwOTksImR1cmF0aW9uX3MiOjg4LCJ1cmxnZW5fc291cmNlIjoid3d3In0%3D&ccb=17-1&vs=e4ddcc35cdb0df2e&_nc_vs=HBksFQIYQGlnX2VwaGVtZXJhbC85RjQ5QjU4Mjg1NDU4QzMxODhGNDkyRUU2NDIxMjlCMF92aWRlb19kYXNoaW5pdC5tcDQVAALIARIAFQIYRmlnX3hwdl9yZWVsc19wZXJtYW5lbnRfc3JfcHJvZC83OTcwNTc1MDI0NTMwMThfNjI2NTUxMTE0NDY1MzI5OTc1NS5tcDQVAgLIARIAKAAYABsCiAd1c2Vfb2lsATEScHJvZ3Jlc3NpdmVfcmVjaXBlATEVAAAmgp_vlcvahQYVAigCQzMsF0BWLMzMzMzNGBJkYXNoX2Jhc2VsaW5lXzFfdjERAHX-B2XmnQEA&_nc_gid=Y93XiEyD0-3b-vPux2RxzQ&_nc_ss=7a22e&_nc_zt=28&oh=00_AQBqjIhVLz1_G9yxYPsVcCQlXBmYx2liMkUUiUBE4mSBKg&oe=6A55D20F
C95hcuIBy_v,https://www.instagram.com/reel/C95hcuIBy_v/,Networking para quem não quer fazer networking.,1722024688,148655,5631,57.30500030517578,clips,https://scontent-poa1-1.cdninstagram.com/o1/v/t2/f2/m367/AQMvJHre_6daJk0j1F3ZgaFiPljPmXN8jN4KwQg7np7YqIr67Wjo-PgVD8t2jqyECyQ8ypjThpp0ar9JuR---kfHCzE9SxDtV1kRuhM.mp4?_nc_cat=103&_nc_sid=5e9851&_nc_ht=scontent-poa1-1.cdninstagram.com&_nc_ohc=NjYDr30PwnkQ7kNvwGVteFb&efg=eyJ2ZW5jb2RlX3RhZyI6Inhwdl9wcm9ncmVzc2l2ZS5JTlNUQUdSQU0uQ0xJUFMuQzMuNzIwLmRhc2hfYmFzZWxpbmVfMV92MSIsInhwdl9hc3NldF9pZCI6MTQwODg3MjQwNjQ2MDYwNywiYXNzZXRfYWdlX2RheXMiOjcxMiwidmlfdXNlY2FzZV9pZCI6MTAwOTksImR1cmF0aW9uX3MiOjU3LCJ1cmxnZW5fc291cmNlIjoid3d3In0%3D&ccb=17-1&vs=63c9ca2ec1284b8f&_nc_vs=HBksFQIYQGlnX2VwaGVtZXJhbC84ODQyNzREQkRFNDRBOTI4QTdFRkJENEMwMjBDRjJBQV92aWRlb19kYXNoaW5pdC5tcDQVAALIARIAFQIYRmlnX3hwdl9yZWVsc19wZXJtYW5lbnRfc3JfcHJvZC81NjAxMDMzMzk4ODY0MTlfNzcxOTkyNjY5NTUzODg3ODM4Ny5tcDQVAgLIARIAKAAYABsCiAd1c2Vfb2lsATEScHJvZ3Jlc3NpdmVfcmVjaXBlATEVAAAm_qKRtZXXgAUVAigCQzMsF0BMogxJul41GBJkYXNoX2Jhc2VsaW5lXzFfdjERAHX-B2XmnQEA&_nc_gid=Y93XiEyD0-3b-vPux2RxzQ&_nc_ss=7a22e&_nc_zt=28&oh=00_AQBBy0a9BTNFNOe7nzM_FUX8xqJbHAyNdYKeV3P9aJuNOg&oe=6A55DCA4
C9nu6VNBh9x,https://www.instagram.com/reel/C9nu6VNBh9x/,"Se você vai crescer 10 anos em 3 dias eu não sei, mas um fato é que esse evento marcou o ponto inicial da minha grande virada! Ano passado fui na plateia e agora volto como palestrante! 🎙️ E eu não vejo a hora de compartilhar com você como que tudo isso aconteceu! Te vejo lá?",1721428018,243785,7739,79.697998046875,clips,https://scontent-poa1-1.cdninstagram.com/o1/v/t2/f2/m367/AQNWRjtS7eeIO0ujMW_GpXTh5oT3L4pd6mJt1j0lyRwrUd3Pke7NL6Pv0itE4kJ7bsvL-qpW3GoDPaAPiEB44mOwJUt_mUDcw72n7N0.mp4?_nc_cat=110&_nc_sid=5e9851&_nc_ht=scontent-poa1-1.cdninstagram.com&_nc_ohc=SQ24CjYlkbYQ7kNvwEV8Frf&efg=eyJ2ZW5jb2RlX3RhZyI6Inhwdl9wcm9ncmVzc2l2ZS5JTlNUQUdSQU0uQ0xJUFMuQzMuNzIwLmRhc2hfYmFzZWxpbmVfMV92MSIsInhwdl9hc3NldF9pZCI6MTI0OTg5NDM4NjM3ODMxNywiYXNzZXRfYWdlX2RheXMiOjcxOSwidmlfdXNlY2FzZV9pZCI6MTAwOTksImR1cmF0aW9uX3MiOjc5LCJ1cmxnZW5fc291cmNlIjoid3d3In0%3D&ccb=17-1&vs=8475a29c5ac6f53a&_nc_vs=HBksFQIYQGlnX2VwaGVtZXJhbC8zQTQxNDRERjBBNTI5Q0IxMDVCQzRFN0E0NjBCMkQ5NF92aWRlb19kYXNoaW5pdC5tcDQVAALIARIAFQIYR2lnX3hwdl9yZWVsc19wZXJtYW5lbnRfc3JfcHJvZC8xMTQxMzEyNTkzODI2ODYzXzM0NTQ2MzE0MDE4OTgxNzQwODAubXA0FQICyAESACgAGAAbAogHdXNlX29pbAExEnByb2dyZXNzaXZlX3JlY2lwZQExFQAAJpqZwe62sbgEFQIoAkMzLBdAU-ysCDEm6RgSZGFzaF9iYXNlbGluZV8xX3YxEQB1_gdl5p0BAA&_nc_gid=Y93XiEyD0-3b-vPux2RxzQ&_nc_ss=7a22e&_nc_zt=28&oh=00_AQCdvcnSevZYv6cVnsUUcsYJA6rAzosd8XCV_plcz-Yzvw&oe=6A55B893
C9dbPXRhDjA,https://www.instagram.com/reel/C9dbPXRhDjA/,"Pra chamar atenção basta colocar uma 🍉 na cabeça, mas eu quero ver sustentar essa atenção até o final do seu conteúdo! 👀 Pra isso você precisa dominar a atenção sustentada…",1721082236,138218,3934,57.88199996948242,clips,https://scontent-poa1-1.cdninstagram.com/o1/v/t2/f2/m86/AQMOrazAxDofnzlYP6J1lobzVwNE_2KWes6kSPietcnQPVsWBCS0hXjPGEYj3SJV4ZMXUNI0L1rtrVPQOopcV_Gc9w-6HdO3t9hIOrg.mp4?_nc_cat=107&_nc_sid=5e9851&_nc_ht=scontent-poa1-1.cdninstagram.com&_nc_ohc=cnXV0Dtkvf8Q7kNvwHu3pTt&efg=eyJ2ZW5jb2RlX3RhZyI6Inhwdl9wcm9ncmVzc2l2ZS5JTlNUQUdSQU0uQ0xJUFMuQzMuNzIwLmRhc2hfYmFzZWxpbmVfMV92MSIsInhwdl9hc3NldF9pZCI6NzA3NzI0NzU0ODI3ODg4LCJhc3NldF9hZ2VfZGF5cyI6NzIzLCJ2aV91c2VjYXNlX2lkIjoxMDA5OSwiZHVyYXRpb25fcyI6NTcsInVybGdlbl9zb3VyY2UiOiJ3d3cifQ%3D%3D&ccb=17-1&vs=1cf83e6e597e1d83&_nc_vs=HBksFQIYUmlnX3hwdl9yZWVsc19wZXJtYW5lbnRfc3JfcHJvZC85NTQ1NDE3NUVFMjVBNEZEQjFERTIyRkZBNENCMzhBRV92aWRlb19kYXNoaW5pdC5tcDQVAALIARIAFQIYRmlnX3hwdl9yZWVsc19wZXJtYW5lbnRfc3JfcHJvZC8zNTUwNDM0MTQxMjc0NjZfNDM5MzIwMTU2MDI4NTczMzIzOS5tcDQVAgLIARIAKAAYABsCiAd1c2Vfb2lsATEScHJvZ3Jlc3NpdmVfcmVjaXBlATEVAAAm4OnhqYDrwQIVAigCQzMsF0BM8OVgQYk3GBJkYXNoX2Jhc2VsaW5lXzFfdjERAHX-B2XmnQEA&_nc_gid=Y93XiEyD0-3b-vPux2RxzQ&_nc_ss=7a22e&_nc_zt=28&oh=00_AQCYRepGTITcYTumozQUzu22AhbXf21IY_TCtPJvG3Yv7Q&oe=6A51D6F0
C9a8A_qBn_O,https://www.instagram.com/reel/C9a8A_qBn_O/,"Para usar suas referências da forma certa, siga 3 passos: Escrever sem medo, pesquisar pra aprofundar e encontrar um jeito criativo de representar a ideia. ⚡️ Curtiu? Dia 16 vou entregar ainda mais na nossa aula de abertura, se você quer participar, escreva REELS CRIATIVOS:",1720998689,236358,11260,101.625,clips,https://scontent-poa1-1.cdninstagram.com/o1/v/t2/f2/m86/AQM0jTrjTkn1lFPNVuGp2NPpw0u6hm3Vi96izXj46a2B88ilHLt7PehvVvTeNsJ1k0rMCRSPARkVZD28BVd0uD_0vdrBNFtBrgz9VZQ.mp4?_nc_cat=106&_nc_sid=5e9851&_nc_ht=scontent-poa1-1.cdninstagram.com&_nc_ohc=vXsKYNVKvNQQ7kNvwF_fcVE&efg=eyJ2ZW5jb2RlX3RhZyI6Inhwdl9wcm9ncmVzc2l2ZS5JTlNUQUdSQU0uQ0xJUFMuQzMuNzIwLmRhc2hfYmFzZWxpbmVfMV92MSIsInhwdl9hc3NldF9pZCI6MTU3NzMyMjUwMjgyNTU5MSwiYXNzZXRfYWdlX2RheXMiOjcyNCwidmlfdXNlY2FzZV9pZCI6MTAwOTksImR1cmF0aW9uX3MiOjEwMSwidXJsZ2VuX3NvdXJjZSI6Ind3dyJ9&ccb=17-1&vs=d0cd5562214ff724&_nc_vs=HBksFQIYUmlnX3hwdl9yZWVsc19wZXJtYW5lbnRfc3JfcHJvZC80NjRGNUUyRDhDNDI5NDE4NTNDMkQxMTVEMEUzNEY5Ml92aWRlb19kYXNoaW5pdC5tcDQVAALIARIAFQIYRmlnX3hwdl9yZWVsc19wZXJtYW5lbnRfc3JfcHJvZC84MTkyNTI2NTAzNDk2OTBfMzE0NDY4NzY4NTAxMTIwMDQ3OC5tcDQVAgLIARIAKAAYABsCiAd1c2Vfb2lsATEScHJvZ3Jlc3NpdmVfcmVjaXBlATEVAAAm7pnRt6CkzQUVAigCQzMsF0BZaAAAAAAAGBJkYXNoX2Jhc2VsaW5lXzFfdjERAHX-B2XmnQEA&_nc_gid=Y93XiEyD0-3b-vPux2RxzQ&_nc_ss=7a22e&_nc_zt=28&oh=00_AQDd9c4zaNqxCyqOLHxbF7gsl9USQkMPEcvqL-GFHWch9A&oe=6A51DC67
C9TFb9nh8Dg,https://www.instagram.com/reel/C9TFb9nh8Dg/,"Nossa regra “secreta” é nunca usar nossos concorrentes como referência - porque AÍ SIM conseguimos nos destacar no mercado! “De onde eu tiro minhas ideias então?” Simples, olhe pro mundo! Cinema, livros, histórias pessoais e até criadores de outros mercados… Afinal, CRIATIVIDADE é unir coisas aparentemente desconexas e criar algo novo! 🧩",1720735777,351412,18171,69.9489974975586,clips,https://scontent-poa1-1.cdninstagram.com/o1/v/t2/f2/m86/AQMKXeWc9Xmz0q5kvgAysoHYcwuSLLfSMiASMQmjRi5JWSgw8OX_LktCNQ2Dzc4_h1hK0GKao8rsWJN4rpdiRPql7jcTPv5XHaFRNpg.mp4?_nc_cat=104&_nc_sid=5e9851&_nc_ht=scontent-poa1-1.cdninstagram.com&_nc_ohc=H6rwKFyVD80Q7kNvwFzhQ0M&efg=eyJ2ZW5jb2RlX3RhZyI6Inhwdl9wcm9ncmVzc2l2ZS5JTlNUQUdSQU0uQ0xJUFMuQzMuNzIwLmRhc2hfYmFzZWxpbmVfMV92MSIsInhwdl9hc3NldF9pZCI6Mjc3NzgzMDQ3NTcyNzM1NiwiYXNzZXRfYWdlX2RheXMiOjcyNywidmlfdXNlY2FzZV9pZCI6MTAwOTksImR1cmF0aW9uX3MiOjY5LCJ1cmxnZW5fc291cmNlIjoid3d3In0%3D&ccb=17-1&vs=e762356187912fda&_nc_vs=HBksFQIYUmlnX3hwdl9yZWVsc19wZXJtYW5lbnRfc3JfcHJvZC9FMTQzMTZBMDA0NDEzNzFDMDIwRDczRDZCMUEwNTM5MF92aWRlb19kYXNoaW5pdC5tcDQVAALIARIAFQIYR2lnX3hwdl9yZWVsc19wZXJtYW5lbnRfc3JfcHJvZC8xNjMzMzc5MjIzOTAyMDE4XzUzODg4NDQ2NDU4NDI5OTUyOTIubXA0FQICyAESACgAGAAbAogHdXNlX29pbAExEnByb2dyZXNzaXZlX3JlY2lwZQExFQAAJviHhOyBm-8JFQIoAkMzLBdAUXy8an752xgSZGFzaF9iYXNlbGluZV8xX3YxEQB1_gdl5p0BAA&_nc_gid=Y93XiEyD0-3b-vPux2RxzQ&_nc_ss=7a22e&_nc_zt=28&oh=00_AQColoIPC24ov3uL0b-rRXD4CvtZ4Vh4YiQkW6xvQlU2ag&oe=6A51E001
C9SdjfjRHE1,https://www.instagram.com/reel/C9SdjfjRHE1/,"SORTE é o que acontece quando a preparação encontra a oportunidade! 🍀 Se essa “sorte” acontecesse HOJE, você estaria pronto?",1720714250,829304,39854,88.14099884033203,clips,https://scontent-poa1-1.cdninstagram.com/o1/v/t2/f2/m86/AQNgimPqN0ylB7RYf10x75J8KUoI5FzDFpTRg7iNl9APDHHtxkCTnRgncvAQTaHxzdLoJXAq8Onsk2nOvxB8nWRx5HCOSPygeY9gIw8.mp4?_nc_cat=106&_nc_sid=5e9851&_nc_ht=scontent-poa1-1.cdninstagram.com&_nc_ohc=0o4KM2QWyvUQ7kNvwFhMwVu&efg=eyJ2ZW5jb2RlX3RhZyI6Inhwdl9wcm9ncmVzc2l2ZS5JTlNUQUdSQU0uQ0xJUFMuQzMuNzIwLmRhc2hfYmFzZWxpbmVfMV92MSIsInhwdl9hc3NldF9pZCI6MTE2NzY5MDE4MTAyMTgzMywiYXNzZXRfYWdlX2RheXMiOjcyOCwidmlfdXNlY2FzZV9pZCI6MTAwOTksImR1cmF0aW9uX3MiOjg4LCJ1cmxnZW5fc291cmNlIjoid3d3In0%3D&ccb=17-1&vs=aa060841572ba8e6&_nc_vs=HBksFQIYUmlnX3hwdl9yZWVsc19wZXJtYW5lbnRfc3JfcHJvZC9DMzRCNDczNjI2ODc4RDE4NzFFODE2QjQ0MTE0RDI5MV92aWRlb19kYXNoaW5pdC5tcDQVAALIARIAFQIYRWlnX3hwdl9yZWVsc19wZXJtYW5lbnRfc3JfcHJvZC85OTEzNDQzNzkyMDMxODJfNzM2MjAyMjQzODczMTE0MzY1Lm1wNBUCAsgBEgAoABgAGwKIB3VzZV9vaWwBMRJwcm9ncmVzc2l2ZV9yZWNpcGUBMRUAACaSwpTnwYCTBBUCKAJDMywXQFYIAAAAAAAYEmRhc2hfYmFzZWxpbmVfMV92MREAdf4HZeadAQA&_nc_gid=Y93XiEyD0-3b-vPux2RxzQ&_nc_ss=7a22e&_nc_zt=28&oh=00_AQAaxZ2CORjEv8q98mKbH0ogSkJFzVl0_HD-gQef9lJhUQ&oe=6A51CDB3
C9Px6e7RV_P,https://www.instagram.com/reel/C9Px6e7RV_P/,"Pra quem domina a narrativa, o PROBLEMA sempre pode ser a SOLUÇÃO. “Ahhh, mas eu tô com bloqueio criativo pra gravar” - Grave falando sobre isso. “Ahh, mas eu tô com medo de falar em público” - Comece sua palestra brincando com o seu medo. “Ahh, mas bla bla bla….” SHHHH, o problema é a solução! Agora vai lá e faz! ⚡️",1720623971,166497,6552,90,clips,https://scontent-poa1-1.cdninstagram.com/o1/v/t2/f2/m86/AQNe2RW10nTi8HMaMq4LPrdumCD8cN6wH4T29HWWFlx4FfZ2teh6BrZWjaKfRadG7xgn1_1hUo2HVyQTXYD_xws86ZcEmuUyR5Bajxo.mp4?_nc_cat=108&_nc_sid=5e9851&_nc_ht=scontent-poa1-1.cdninstagram.com&_nc_ohc=krosBxZsX8QQ7kNvwEhBdXC&efg=eyJ2ZW5jb2RlX3RhZyI6Inhwdl9wcm9ncmVzc2l2ZS5JTlNUQUdSQU0uQ0xJUFMuQzMuNzIwLmRhc2hfYmFzZWxpbmVfMV92MSIsInhwdl9hc3NldF9pZCI6MTg0NDQwOTQ3Mjc1MTI1NywiYXNzZXRfYWdlX2RheXMiOjcyOSwidmlfdXNlY2FzZV9pZCI6MTAwOTksImR1cmF0aW9uX3MiOjkwLCJ1cmxnZW5fc291cmNlIjoid3d3In0%3D&ccb=17-1&vs=8f6b2b088882271a&_nc_vs=HBksFQIYUmlnX3hwdl9yZWVsc19wZXJtYW5lbnRfc3JfcHJvZC81NDQ3QTI4QTM4RDFCMDU5MjVFREU3MTg2RDc5QzBBMl92aWRlb19kYXNoaW5pdC5tcDQVAALIARIAFQIYRmlnX3hwdl9yZWVsc19wZXJtYW5lbnRfc3JfcHJvZC80NTI5NTExNTA5MzQzOTlfMTc2NzQwODA5NzQzNzk3OTUwMC5tcDQVAgLIARIAKAAYABsCiAd1c2Vfb2lsATEScHJvZ3Jlc3NpdmVfcmVjaXBlATEVAAAmstqMt-HexgYVAigCQzMsF0BWgAAAAAAAGBJkYXNoX2Jhc2VsaW5lXzFfdjERAHX-B2XmnQEA&_nc_gid=Y93XiEyD0-3b-vPux2RxzQ&_nc_ss=7a22e&_nc_zt=28&oh=00_AQBoyQ3i9a67jx6mb0uJcrjPQBeZ0ji4WDaLNNlnqbxq-A&oe=6A51CCC9
C9LilX0P3hS,https://www.instagram.com/reel/C9LilX0P3hS/,Vai dar uma volta no mercado GRINGO de conteúdo e volte sendo a nova referência do mercado! 🤯 Escreva “refs” pra receber minha lista secreta de perfis gringos pra se inspirar:,1720483322,1022793,50722,63.7599983215332,clips,https://scontent-poa1-1.cdninstagram.com/o1/v/t2/f2/m86/AQNfLDr228YrKPM-xvh-u5E650jTNJ_zOsOeRdSnNvHEzR5wGPVhtp4WJezwWQ6Xkw7epPrbHc6a7z9q5ovR5Dphp6246uHAjpinJ7Y.mp4?_nc_cat=103&_nc_sid=5e9851&_nc_ht=scontent-poa1-1.cdninstagram.com&_nc_ohc=P2XjjXoiBfQQ7kNvwHxthAF&efg=eyJ2ZW5jb2RlX3RhZyI6Inhwdl9wcm9ncmVzc2l2ZS5JTlNUQUdSQU0uQ0xJUFMuQzMuNzIwLmRhc2hfYmFzZWxpbmVfMV92MSIsInhwdl9hc3NldF9pZCI6MTE4MzI5Mzk5NjAxMTE0NSwiYXNzZXRfYWdlX2RheXMiOjczMCwidmlfdXNlY2FzZV9pZCI6MTAwOTksImR1cmF0aW9uX3MiOjYzLCJ1cmxnZW5fc291cmNlIjoid3d3In0%3D&ccb=17-1&vs=9c81dd00cb4cd858&_nc_vs=HBksFQIYUmlnX3hwdl9yZWVsc19wZXJtYW5lbnRfc3JfcHJvZC8zMDQwQkJEQUVCNzgxOTlGQjk5RjY3RkNBNDYwMEZBMl92aWRlb19kYXNoaW5pdC5tcDQVAALIARIAFQIYR2lnX3hwdl9yZWVsc19wZXJtYW5lbnRfc3JfcHJvZC8xOTAxODk4MTcwMjU2MzAyXzc1Nzk0NzQwMDExMzgwNDU1OTkubXA0FQICyAESACgAGAAbAogHdXNlX29pbAExEnByb2dyZXNzaXZlX3JlY2lwZQExFQAAJpK64KTjjJoEFQIoAkMzLBdAT-AAAAAAABgSZGFzaF9iYXNlbGluZV8xX3YxEQB1_gdl5p0BAA&_nc_gid=Y93XiEyD0-3b-vPux2RxzQ&_nc_ss=7a22e&_nc_zt=28&oh=00_AQAQhmZmLR3u3HvUq-gjr8iX7WyAV8MVTOrY5_7SpQhdSw&oe=6A51D6D4
C876gdrh65a,https://www.instagram.com/reel/C876gdrh65a/,Menos look. Mais histórias. Menos ostentação. Mais resultado. Autoridade é bem mais sobre autenticidade do que sobre toda essa ideia de imagem! 🥀,1719957453,250610,8433,52.58300018310547,clips,https://scontent-poa1-1.cdninstagram.com/o1/v/t2/f2/m86/AQNIvZk6p3Q4evouHd7Gxcv94NOtZNSqJjfzTdl-bmD55vyWqQRVgpBAhRCl2F7RJzHeYez0pJn-kVgUMyZRGR3A3KYT8KW0ZilBwzw.mp4?_nc_cat=101&_nc_sid=5e9851&_nc_ht=scontent-poa1-1.cdninstagram.com&_nc_ohc=N6dOuG6n3kwQ7kNvwE_4mcU&efg=eyJ2ZW5jb2RlX3RhZyI6Inhwdl9wcm9ncmVzc2l2ZS5JTlNUQUdSQU0uQ0xJUFMuQzMuNzIwLmRhc2hfYmFzZWxpbmVfMV92MSIsInhwdl9hc3NldF9pZCI6MTAyNDQ3NTUzNjA1MTQzNSwiYXNzZXRfYWdlX2RheXMiOjczNiwidmlfdXNlY2FzZV9pZCI6MTAwOTksImR1cmF0aW9uX3MiOjUyLCJ1cmxnZW5fc291cmNlIjoid3d3In0%3D&ccb=17-1&vs=70ee55034905c6b2&_nc_vs=HBksFQIYUmlnX3hwdl9yZWVsc19wZXJtYW5lbnRfc3JfcHJvZC8wQzQ4QUZERTBGQjI4N0YwQzRBNzg4RDBCMTM4OTg4M192aWRlb19kYXNoaW5pdC5tcDQVAALIARIAFQIYR2lnX3hwdl9yZWVsc19wZXJtYW5lbnRfc3JfcHJvZC8xMDUxNTg2MDE5OTQwNzUzXzE0NDM4OTMyOTY3MDI0ODk2NzMubXA0FQICyAESACgAGAAbAogHdXNlX29pbAExEnByb2dyZXNzaXZlX3JlY2lwZQExFQAAJtazwsap8NEDFQIoAkMzLBdASkqfvnbItBgSZGFzaF9iYXNlbGluZV8xX3YxEQB1_gdl5p0BAA&_nc_gid=Y93XiEyD0-3b-vPux2RxzQ&_nc_ss=7a22e&_nc_zt=28&oh=00_AQDzMNiQarjO5Hm6o2niva1Hk5BGoFHnxzOMg4JYHpqKTA&oe=6A51DC92
C85dQ3bBj6m,https://www.instagram.com/reel/C85dQ3bBj6m/,"A gente nunca espera que isso aconteça, e quando acontece, nunca sabemos como dar essa notícia. Por isso eu já quero que você saiba: Contraste de Emoções é um dos elementos de roteiro mais poderosos que você possa usar! 🤸🏻‍♀️🤪 🔀 Se quer dizer A, então comece dizendo B. Isso funciona porque ativamos com o maior gatilho do mundo: a emoção das pessoas.",1719875591,774632,25216,71.81700134277344,clips,https://scontent-poa1-1.cdninstagram.com/o1/v/t2/f2/m86/AQOaiDi1M-jkoEGcPgPnB5pnccLbgKqd4MEAVzvaVwM-6wTmOxCTuLEdU-5UtXCRwVZie0uJ9iCc_WnWmq0G4brM5bt0O-eHc9gKawg.mp4?_nc_cat=103&_nc_sid=5e9851&_nc_ht=scontent-poa1-1.cdninstagram.com&_nc_ohc=NwEoN1Na8MYQ7kNvwEb4NFI&efg=eyJ2ZW5jb2RlX3RhZyI6Inhwdl9wcm9ncmVzc2l2ZS5JTlNUQUdSQU0uQ0xJUFMuQzMuNzIwLmRhc2hfYmFzZWxpbmVfMV92MSIsInhwdl9hc3NldF9pZCI6NDgzMDQ4NjY0MjA4MjMzLCJhc3NldF9hZ2VfZGF5cyI6NzM3LCJ2aV91c2VjYXNlX2lkIjoxMDA5OSwiZHVyYXRpb25fcyI6NzEsInVybGdlbl9zb3VyY2UiOiJ3d3cifQ%3D%3D&ccb=17-1&vs=664a0f4b2cbce91f&_nc_vs=HBksFQIYUmlnX3hwdl9yZWVsc19wZXJtYW5lbnRfc3JfcHJvZC85QzQ0RThFMTVDRkJENjkzQTM4ODBGMTZBMjI1QTNCMl92aWRlb19kYXNoaW5pdC5tcDQVAALIARIAFQIYR2lnX3hwdl9yZWVsc19wZXJtYW5lbnRfc3JfcHJvZC8xMDI1OTUzNzQ4ODc4NTEzXzgzOTI2MTM4NzUwODU3MjY1NTAubXA0FQICyAESACgAGAAbAogHdXNlX29pbAExEnByb2dyZXNzaXZlX3JlY2lwZQExFQAAJtLN0ICR1dsBFQIoAkMzLBdAUfMzMzMzMxgSZGFzaF9iYXNlbGluZV8xX3YxEQB1_gdl5p0BAA&_nc_gid=ijV3JQ506KbwAPPIjry_3A&_nc_ss=7a22e&_nc_zt=28&oh=00_AQAnhnnTL_6q1VNrgc2xFwuc2KMIge6feJ3OG39Ata9n6A&oe=6A51E138
C82evcbR-yC,https://www.instagram.com/reel/C82evcbR-yC/,"A polêmica é de fato uma ótima forma de começar um vídeo, principalmente se outras pessoas se identificarem com o conteúdo. E realmente, por muito tempo eu disse que viralizar de qualquer modo no reels poderiam trazer problemas para o seu perfil, e como combinado vamos te entregar a estrutura ideal para um roteiro de reels. Comece gerando identificação, seja falando algo que as pessoas estão ouvindo ou até mesmo dizer algo que ela vai concordar logo de cara. Depois de gerar identificação, você deve contar uma história, algo que faça as pessoas se envolverem, e que preferencialmente faça as pessoas ficarem curiosas para a conclusão daquele reels. E por fim, você deve entregar um conteúdo de valor, algo que faça as pessoas terem algum tipo de microresultado, e pode ser durante o conteúdo ou pode ser na própria descrição, como essa aqui que você está lendo. Esse é o Método IHC, identificação, história e conteúdo. E agora me diga, esse conteúdo fez sentido pra você? Me conta nos comentários.",1719775072,495991,19503,86.23300170898438,clips,https://scontent-poa1-1.cdninstagram.com/o1/v/t2/f2/m86/AQNgTUFKLZwK6NAJKAPB09lnmvo7KYh6fWdXPdLFh39BkH1STXR2jtG2WXqNR35yQIPDAtqePa6d54VwLGCL-uZKRqC3HopKg_JRexg.mp4?_nc_cat=111&_nc_sid=5e9851&_nc_ht=scontent-poa1-1.cdninstagram.com&_nc_ohc=jmcjttZZrMQQ7kNvwE2XLUt&efg=eyJ2ZW5jb2RlX3RhZyI6Inhwdl9wcm9ncmVzc2l2ZS5JTlNUQUdSQU0uQ0xJUFMuQzMuNzIwLmRhc2hfYmFzZWxpbmVfMV92MSIsInhwdl9hc3NldF9pZCI6OTg3MTU1NTU2NTI3NjU1LCJhc3NldF9hZ2VfZGF5cyI6NzM5LCJ2aV91c2VjYXNlX2lkIjoxMDA5OSwiZHVyYXRpb25fcyI6ODYsInVybGdlbl9zb3VyY2UiOiJ3d3cifQ%3D%3D&ccb=17-1&vs=d94b03c481b98840&_nc_vs=HBksFQIYUmlnX3hwdl9yZWVsc19wZXJtYW5lbnRfc3JfcHJvZC8xOTRBOEU1RkE1N0Y4NDU2MTBFOEM2REE2RTJGQzA5NF92aWRlb19kYXNoaW5pdC5tcDQVAALIARIAFQIYR2lnX3hwdl9yZWVsc19wZXJtYW5lbnRfc3JfcHJvZC8xNTQyMzg4MjE2Njk0ODk5XzgzMTg2NTkzNzE5NTkxODA2MDMubXA0FQICyAESACgAGAAbAogHdXNlX29pbAExEnByb2dyZXNzaXZlX3JlY2lwZQExFQAAJs64x4SC9MADFQIoAkMzLBdAVY7peNT99BgSZGFzaF9iYXNlbGluZV8xX3YxEQB1_gdl5p0BAA&_nc_gid=ijV3JQ506KbwAPPIjry_3A&_nc_ss=7a22e&_nc_zt=28&oh=00_AQDnoAM459Uxlsk_t_a1w7ew37q_tzp602mFnJ0gbc56jg&oe=6A51C364
C8p_taOBK_e,https://www.instagram.com/reel/C8p_taOBK_e/,"Eu não sou do time “falem bem ou falem mal, mas falem de mim” - mas uma coisa é inegável: levar as pessoas do negativo pro positivo funciona na internet, já que rapidinho todo mundo esquece o negativo, e o que fica, é o hype. 🤷🏻‍♀️ Você tem coragem de fazer algo parecido?",1719356168,242702,11565,86.00499725341797,clips,https://scontent-poa1-1.cdninstagram.com/o1/v/t2/f2/m86/AQPOmACqRtFo7ejD6r44iZ4JkkVxcfmrP3Tantoh2HOdkWvna_KJIu-aduwkdXkL0ao7ccBbzW5fy7FPv5uk4tmGTFC_MQ-VP7m_mso.mp4?_nc_cat=108&_nc_sid=5e9851&_nc_ht=scontent-poa1-1.cdninstagram.com&_nc_ohc=w21sYznDYOgQ7kNvwF5sUfu&efg=eyJ2ZW5jb2RlX3RhZyI6Inhwdl9wcm9ncmVzc2l2ZS5JTlNUQUdSQU0uQ0xJUFMuQzMuNzIwLmRhc2hfYmFzZWxpbmVfMV92MSIsInhwdl9hc3NldF9pZCI6NTIxODMyNTkzNTAyMjk0LCJhc3NldF9hZ2VfZGF5cyI6NzQzLCJ2aV91c2VjYXNlX2lkIjoxMDA5OSwiZHVyYXRpb25fcyI6ODYsInVybGdlbl9zb3VyY2UiOiJ3d3cifQ%3D%3D&ccb=17-1&vs=4b8eb1241f33d99e&_nc_vs=HBksFQIYUmlnX3hwdl9yZWVsc19wZXJtYW5lbnRfc3JfcHJvZC9FMTQ1ODMyMkZGMzAwN0M0M0NGREUxQjlGQjA1QUM5QV92aWRlb19kYXNoaW5pdC5tcDQVAALIARIAFQIYR2lnX3hwdl9yZWVsc19wZXJtYW5lbnRfc3JfcHJvZC8yMDE0ODQwMDI1NTc4MzY3XzE5MzQ0MzI1MDQzOTc1ODk0NTgubXA0FQICyAESACgAGAAbAogHdXNlX29pbAExEnByb2dyZXNzaXZlX3JlY2lwZQExFQAAJqzB8eXTpu0BFQIoAkMzLBdAVYAAAAAAABgSZGFzaF9iYXNlbGluZV8xX3YxEQB1_gdl5p0BAA&_nc_gid=ijV3JQ506KbwAPPIjry_3A&_nc_zt=28&_nc_ss=7a22e&oh=00_AQC5zA62nuqM_9uy651Gotbx6Bra2Jzj4cXYX4OKostPZg&oe=6A51C73D
C7weawOsY5v,https://www.instagram.com/reel/C7weawOsY5v/,"Aprenda porque você vai evoluir aprendendo, e não porque vai ganhar algo com isso. 🤯",1717426114,661116,28167,62.111000061035156,clips,https://scontent-poa1-1.cdninstagram.com/o1/v/t2/f2/m82/AQNHOovRn2kIACdk0AIbf4JK-bBe7-FJQd2I4USEweJLLvi831JViS8VrqnmHLpdZLeak0H8X1cTj3R9iuZUY1Vvhah5UK8JooiRD9k.mp4?_nc_cat=102&_nc_sid=5e9851&_nc_ht=scontent-poa1-1.cdninstagram.com&_nc_ohc=WJGKCPz0e-IQ7kNvwH4crYD&efg=eyJ2ZW5jb2RlX3RhZyI6Inhwdl9wcm9ncmVzc2l2ZS5JTlNUQUdSQU0uQ0xJUFMuQzMuNzIwLmRhc2hfYmFzZWxpbmVfMV92MSIsInhwdl9hc3NldF9pZCI6NDQ4NTM0NTIxMTEzNzQzLCJhc3NldF9hZ2VfZGF5cyI6NzY2LCJ2aV91c2VjYXNlX2lkIjoxMDA5OSwiZHVyYXRpb25fcyI6NjIsInVybGdlbl9zb3VyY2UiOiJ3d3cifQ%3D%3D&ccb=17-1&vs=f8067b340741b63b&_nc_vs=HBksFQIYT2lnX3hwdl9yZWVsc19wZXJtYW5lbnRfcHJvZC83QTRBNzc1RERDNkU5NTIzQjhBMUU4NThFMzRERjBCOV92aWRlb19kYXNoaW5pdC5tcDQVAALIARIAFQIYRmlnX3hwdl9yZWVsc19wZXJtYW5lbnRfc3JfcHJvZC80NTIzNTEzOTc0OTAwOTZfMjQ0Njc3OTI1ODQwNDUyNzAyOS5tcDQVAgLIARIAKAAYABsCiAd1c2Vfb2lsATEScHJvZ3Jlc3NpdmVfcmVjaXBlATEVAAAmnrLnzJL8ywEVAigCQzMsF0BPDMzMzMzNGBJkYXNoX2Jhc2VsaW5lXzFfdjERAHX-B2XmnQEA&_nc_gid=ijV3JQ506KbwAPPIjry_3A&_nc_ss=7a22e&_nc_zt=28&oh=00_AQDjMs7LH4LReir6R_A4zYDqVSPxYG0d97GuQ-HEFefNPA&oe=6A51C9AF
C7khRrAt6lG,https://www.instagram.com/reel/C7khRrAt6lG/,"Às vezes intensa, as vezes quase parando - porque não tô competindo com ninguém, tô aqui principalmente pra me divertir! Bora recomeçar?!",1717024976,180571,8252,80.5479965209961,clips,https://scontent-poa1-1.cdninstagram.com/o1/v/t2/f2/m82/AQPYiTFT7d_rSjQ5ilRCxg4GylwiclN7Y-NhgGopkCXuQnkRmcVdYUNxnKV7Vv3X3SyvxvD922ZoOfrZ3-V8UPMV8pUv-C1Ww0YTMVI.mp4?_nc_cat=101&_nc_sid=5e9851&_nc_ht=scontent-poa1-1.cdninstagram.com&_nc_ohc=FmjtO-zDO7YQ7kNvwGQXrZh&efg=eyJ2ZW5jb2RlX3RhZyI6Inhwdl9wcm9ncmVzc2l2ZS5JTlNUQUdSQU0uQ0xJUFMuQzMuNzIwLmRhc2hfYmFzZWxpbmVfMV92MSIsInhwdl9hc3NldF9pZCI6MTY5NDczMTA5NzcyODk3OCwiYXNzZXRfYWdlX2RheXMiOjc3MCwidmlfdXNlY2FzZV9pZCI6MTAwOTksImR1cmF0aW9uX3MiOjgwLCJ1cmxnZW5fc291cmNlIjoid3d3In0%3D&ccb=17-1&vs=325856a410514f3f&_nc_vs=HBksFQIYT2lnX3hwdl9yZWVsc19wZXJtYW5lbnRfcHJvZC9GNjQyQTdBRjAzN0Y2NTJENDZGQTM4QjA0MTFBMUE4MF92aWRlb19kYXNoaW5pdC5tcDQVAALIARIAFQIYRmlnX3hwdl9yZWVsc19wZXJtYW5lbnRfc3JfcHJvZC8xODA3MjgzMjA2NDE5OTcwXzI2MTYyMDYyODc4MDExNzAyNC5tcDQVAgLIARIAKAAYABsCiAd1c2Vfb2lsATEScHJvZ3Jlc3NpdmVfcmVjaXBlATEVAAAmpJ-P0arWggYVAigCQzMsF0BUIp--dsi0GBJkYXNoX2Jhc2VsaW5lXzFfdjERAHX-B2XmnQEA&_nc_gid=ijV3JQ506KbwAPPIjry_3A&_nc_ss=7a22e&_nc_zt=28&oh=00_AQD8RYveokYnihxOuPhRVr_4xqYPnHRcY46QDp6abI7wYQ&oe=6A51C9DE
C7Fb_jWv83x,https://www.instagram.com/reel/C7Fb_jWv83x/,"A nossa Parceira Hanah Franklin (@hanahfranklin), do Criadores do Futuro, tem um recado para você! 📣 Ela compartilha sua experiência com a cultura única da Eduzz, falando sobre o cuidado e a inovação que tornam nossa comunidade tão especial. Além disso, fala sobre a empolgação por estar no palco do Seven Summit, onde vai compartilhar seu conhecimento com toda a Comunidade Eduzz. Faltam poucos dias para o Seven Summit 2024 e estamos ansiosos para ver cada um de vocês vivendo essa experiência inesquecível com a gente! 💛💙",1715981958,129760,2954,90.13300323486328,clips,https://scontent-poa1-1.cdninstagram.com/o1/v/t2/f2/m82/AQMwlGQ_OtZN_Oo9SPcTlchHPBU1fsilTMR_-TMW83QtCcQyfwG-ZCEK3yG8lG5ErP0vFK2PrJ0ZYkk1-LWKHjOzbAq2xEUccCllQYM.mp4?_nc_cat=110&_nc_sid=5e9851&_nc_ht=scontent-poa1-1.cdninstagram.com&_nc_ohc=YaKmcMGOiTEQ7kNvwGpQtgs&efg=eyJ2ZW5jb2RlX3RhZyI6Inhwdl9wcm9ncmVzc2l2ZS5JTlNUQUdSQU0uQ0xJUFMuQzMuNzIwLmRhc2hfYmFzZWxpbmVfMV92MSIsInhwdl9hc3NldF9pZCI6MTg3NTgyMzI3Mjg0NTU0MCwiYXNzZXRfYWdlX2RheXMiOjc4MiwidmlfdXNlY2FzZV9pZCI6MTAwOTksImR1cmF0aW9uX3MiOjkwLCJ1cmxnZW5fc291cmNlIjoid3d3In0%3D&ccb=17-1&vs=94016575cd91d031&_nc_vs=HBksFQIYT2lnX3hwdl9yZWVsc19wZXJtYW5lbnRfcHJvZC80ODRFMUZFNjBBQTNEOTFERDA5NEMyMzkyQzU1M0Y5NV92aWRlb19kYXNoaW5pdC5tcDQVAALIARIAFQIYRmlnX3hwdl9yZWVsc19wZXJtYW5lbnRfc3JfcHJvZC83Njc5MjQzMDIxNDkzMjlfNzc3MTEwMDY5Njc4MTEwOTk4MC5tcDQVAgLIARIAKAAYABsCiAd1c2Vfb2lsATEScHJvZ3Jlc3NpdmVfcmVjaXBlATEVAAAmyIO3vaSD1QYVAigCQzMsF0BWiGJN0vGqGBJkYXNoX2Jhc2VsaW5lXzFfdjERAHX-B2XmnQEA&_nc_gid=ijV3JQ506KbwAPPIjry_3A&_nc_ss=7a22e&_nc_zt=28&oh=00_AQCaYQ89wZco0UuwPAbzhRriPRN3rjH_Zs8jt5sjuNx1Ow&oe=6A51D8F7
C6pJcQhPswP,https://www.instagram.com/reel/C6pJcQhPswP/,"Seus vídeos precisam soar como uma conversa emocionante com seu melhor amigo, por isso, se expresse! E se você quer aprender a fazer isso de forma natural, essa turma ganhou um bônus de Atuação para Reels. 🔔 Bora?",1715032956,167706,5556,89.9000015258789,clips,https://scontent-poa1-1.cdninstagram.com/o1/v/t2/f2/m82/AQMKpcO96NZPbWhB7xyUJVFUP3-6LQaip3pzjkFf3z81sn-gy45_0Ism0DPzvQDvw2wnn-VCr2qqSk6iPY6uHjBYj2NLtYyN1VcggZQ.mp4?_nc_cat=103&_nc_sid=5e9851&_nc_ht=scontent-poa1-1.cdninstagram.com&_nc_ohc=TnRhLNQUob0Q7kNvwHmyGmX&efg=eyJ2ZW5jb2RlX3RhZyI6Inhwdl9wcm9ncmVzc2l2ZS5JTlNUQUdSQU0uQ0xJUFMuQzMuNzIwLmRhc2hfYmFzZWxpbmVfMV92MSIsInhwdl9hc3NldF9pZCI6Mjk2OTA5OTYwMTI5MzUyLCJhc3NldF9hZ2VfZGF5cyI6NzkzLCJ2aV91c2VjYXNlX2lkIjoxMDA5OSwiZHVyYXRpb25fcyI6ODksInVybGdlbl9zb3VyY2UiOiJ3d3cifQ%3D%3D&ccb=17-1&vs=d73fc0a6f0694f19&_nc_vs=HBksFQIYT2lnX3hwdl9yZWVsc19wZXJtYW5lbnRfcHJvZC83MDRFN0VGQkNDMDE3RUREN0E4RkU2NTk0MTg3MzBBQ192aWRlb19kYXNoaW5pdC5tcDQVAALIARIAFQIYOnBhc3N0aHJvdWdoX2V2ZXJzdG9yZS9HRTVaVHhwdWQxSXk1dG9DQUY0cWNZdjZFbjQ1YnFfRUFBQUYVAgLIARIAKAAYABsCiAd1c2Vfb2lsATEScHJvZ3Jlc3NpdmVfcmVjaXBlATEVAAAmkK2hy7eChwEVAigCQzMsF0BWeZmZmZmaGBJkYXNoX2Jhc2VsaW5lXzFfdjERAHX-B2XmnQEA&_nc_gid=ijV3JQ506KbwAPPIjry_3A&_nc_ss=7a22e&_nc_zt=28&oh=00_AQAJZabedK9uyafzSIUqro8zc0xcpXzhRUKNshRZdOkDyg&oe=6A51E04C
C6msQrhL_ce,https://www.instagram.com/reel/C6msQrhL_ce/,Essa é só uma das estruturas que a gente ensina dentro da Criadores do Futuro - o melhor lugar do mercado pra você aprender a escrever roteiros impactantes. Bora? 🔔 Você tem até quinta-feira pra fazer parte!,1714950581,182471,8645,89.125,clips,https://scontent-poa1-1.cdninstagram.com/o1/v/t2/f2/m82/AQOWD068T_Hbsx1BoYuBwfXCHEhTiURVS-Lgl0DB8KnJv7elJ82ybUy5qxiuPN021JVWmkfxN9arIBYHI32kkhxhmAmM2eKSQQZm-10.mp4?_nc_cat=110&_nc_sid=5e9851&_nc_ht=scontent-poa1-1.cdninstagram.com&_nc_ohc=WYLG_e5-hacQ7kNvwEpL_51&efg=eyJ2ZW5jb2RlX3RhZyI6Inhwdl9wcm9ncmVzc2l2ZS5JTlNUQUdSQU0uQ0xJUFMuQzMuNzIwLmRhc2hfYmFzZWxpbmVfMV92MSIsInhwdl9hc3NldF9pZCI6MTE2MDc3MjU2ODQ0MjQyOCwiYXNzZXRfYWdlX2RheXMiOjc5NCwidmlfdXNlY2FzZV9pZCI6MTAwOTksImR1cmF0aW9uX3MiOjg5LCJ1cmxnZW5fc291cmNlIjoid3d3In0%3D&ccb=17-1&vs=9de49b9a5508e253&_nc_vs=HBksFQIYT2lnX3hwdl9yZWVsc19wZXJtYW5lbnRfcHJvZC85NzRDQTQ0QjJDQ0VBMzVEMjIxNTVBNkUyOTU5Q0RCNV92aWRlb19kYXNoaW5pdC5tcDQVAALIARIAFQIYOnBhc3N0aHJvdWdoX2V2ZXJzdG9yZS9HRmhrVnhyUzVScEJMMGNkQVAwdU1UR0x3MFF4YnFfRUFBQUYVAgLIARIAKAAYABsCiAd1c2Vfb2lsATEScHJvZ3Jlc3NpdmVfcmVjaXBlATEVAAAm-Jjbye3tjwQVAigCQzMsF0BWSAAAAAAAGBJkYXNoX2Jhc2VsaW5lXzFfdjERAHX-B2XmnQEA&_nc_gid=ijV3JQ506KbwAPPIjry_3A&_nc_ss=7a22e&_nc_zt=28&oh=00_AQCwJd-eWlsRGa9NWYZtbVPxNt9w9jUmZl2kCmfD_D5gww&oe=6A51CE0B
C6gc3zzL4WG,https://www.instagram.com/reel/C6gc3zzL4WG/,Você tem até quinta-feira pra fazer parte dessa oportunidade e dominar a habilidade mais bem paga do digital. 🔔,1714740917,680334,27078,89.03299713134766,clips,https://scontent-poa1-1.cdninstagram.com/o1/v/t2/f2/m82/AQNApilQYQmLJSS-XQqVP6R1kewbhCT0Nip7jIjHi961jcriv9J5ORGA-OYEuHR0xdN844X51eND7Y4LTkvIgLNsUn2P3BF7M5oSHrA.mp4?_nc_cat=110&_nc_sid=5e9851&_nc_ht=scontent-poa1-1.cdninstagram.com&_nc_ohc=LrcHxblgidgQ7kNvwFg4lGJ&efg=eyJ2ZW5jb2RlX3RhZyI6Inhwdl9wcm9ncmVzc2l2ZS5JTlNUQUdSQU0uQ0xJUFMuQzMuNzIwLmRhc2hfYmFzZWxpbmVfMV92MSIsInhwdl9hc3NldF9pZCI6ODcyNDYwMjQ4MjMzMTIyLCJhc3NldF9hZ2VfZGF5cyI6Nzk3LCJ2aV91c2VjYXNlX2lkIjoxMDA5OSwiZHVyYXRpb25fcyI6ODksInVybGdlbl9zb3VyY2UiOiJ3d3cifQ%3D%3D&ccb=17-1&vs=1eed200c87bc3dcb&_nc_vs=HBksFQIYT2lnX3hwdl9yZWVsc19wZXJtYW5lbnRfcHJvZC9BODQ3RDhCNTcyNTBCMjUyNTUxNTkyNTY5NzVFNDJBQ192aWRlb19kYXNoaW5pdC5tcDQVAALIARIAFQIYOnBhc3N0aHJvdWdoX2V2ZXJzdG9yZS9HTG1KVFJxZnhUQzJmNVlFQURjWFF3WldzS29MYnFfRUFBQUYVAgLIARIAKAAYABsCiAd1c2Vfb2lsATEScHJvZ3Jlc3NpdmVfcmVjaXBlATEVAAAmxNLpsu_fjAMVAigCQzMsF0BWQhysCDEnGBJkYXNoX2Jhc2VsaW5lXzFfdjERAHX-B2XmnQEA&_nc_gid=ijV3JQ506KbwAPPIjry_3A&_nc_ss=7a22e&_nc_zt=28&oh=00_AQDeO-wXfXhC13pU5F9i_Rcynl49x3F7u_YC8HPFZ2xM7g&oe=6A51C1DF
C6cXtyTruzu,https://www.instagram.com/reel/C6cXtyTruzu/,"O fato é que você tem duas opções: ou domina a narrativa ou vai ser dominado por ela. Aprender a contar histórias pra chamar atenção e vender é com toda certeza, a maior e mais bem paga habilidade de 2024, talvez da década. Quer aprender comigo? escreva NARRATIVA nos comentários ou clique no link da bio. lb: @qahtani_speaks",1714604018,640205,21653,75.74199676513672,clips,https://scontent-poa1-1.cdninstagram.com/o1/v/t2/f2/m82/AQN_n3evjSzzXB2OuzPzf0Tf7LH6hh5IOGu-33k6gkVTSVhz1DpU-tZ-2LK2sjBZpZ3lcIrHsnITq0LlL-pYTW6ZZtIypyjjkx4i_RQ.mp4?_nc_cat=105&_nc_sid=5e9851&_nc_ht=scontent-poa1-1.cdninstagram.com&_nc_ohc=nGKfq52Xii0Q7kNvwEXnu7d&efg=eyJ2ZW5jb2RlX3RhZyI6Inhwdl9wcm9ncmVzc2l2ZS5JTlNUQUdSQU0uQ0xJUFMuQzMuNzIwLmRhc2hfYmFzZWxpbmVfMV92MSIsInhwdl9hc3NldF9pZCI6OTgzMTk4NzA5ODY3MTQyLCJhc3NldF9hZ2VfZGF5cyI6Nzk4LCJ2aV91c2VjYXNlX2lkIjoxMDA5OSwiZHVyYXRpb25fcyI6NzUsInVybGdlbl9zb3VyY2UiOiJ3d3cifQ%3D%3D&ccb=17-1&vs=545bbaa8978fd5ec&_nc_vs=HBksFQIYT2lnX3hwdl9yZWVsc19wZXJtYW5lbnRfcHJvZC8yNDRCRTg2ODhBNkY0RDIxMDBCQTMwNjNEQURDMjVCOV92aWRlb19kYXNoaW5pdC5tcDQVAALIARIAFQIYOnBhc3N0aHJvdWdoX2V2ZXJzdG9yZS9HSk5YTFJxM1RvMVJ0S2NDQU5ZbkhLbWZrLTlnYnFfRUFBQUYVAgLIARIAKAAYABsCiAd1c2Vfb2lsATEScHJvZ3Jlc3NpdmVfcmVjaXBlATEVAAAmjIrDndmNvwMVAigCQzMsF0BS73ztkWhzGBJkYXNoX2Jhc2VsaW5lXzFfdjERAHX-B2XmnQEA&_nc_gid=ijV3JQ506KbwAPPIjry_3A&_nc_zt=28&_nc_ss=7a22e&oh=00_AQAT6Iwn1YmUqmoRV5Vfq3at_yu5Dx-P_uFnJSSZcJd5hg&oe=6A51E726
C6ZrKupPz1d,https://www.instagram.com/reel/C6ZrKupPz1d/,"Social Media não precisa ser o escravo do mercado digital. Quer aprender como virar esse jogo? Eu, o Bruno e todo o time queremos te guiar nesse caminho! Bora?",1714513591,362399,4545,97.96600341796875,clips,https://scontent-poa1-1.cdninstagram.com/o1/v/t2/f2/m82/AQNK9Ps9aR_3HMyhmKPrgfWUGFCBTeBneOaJGbhU3p078z_gZqVAB5mk0FfWA3a930_FKgD00uchJ3IsSrzDb186dpiB3OvgIpG1c-o.mp4?_nc_cat=110&_nc_sid=5e9851&_nc_ht=scontent-poa1-1.cdninstagram.com&_nc_ohc=vCydmnoO74kQ7kNvwF1rgLZ&efg=eyJ2ZW5jb2RlX3RhZyI6Inhwdl9wcm9ncmVzc2l2ZS5JTlNUQUdSQU0uQ0xJUFMuQzMuNzIwLmRhc2hfYmFzZWxpbmVfMV92MSIsInhwdl9hc3NldF9pZCI6MzY5NDY2NDg4ODEzNjMzLCJhc3NldF9hZ2VfZGF5cyI6Nzk5LCJ2aV91c2VjYXNlX2lkIjoxMDA5OSwiZHVyYXRpb25fcyI6OTcsInVybGdlbl9zb3VyY2UiOiJ3d3cifQ%3D%3D&ccb=17-1&vs=a216da1ed94014a7&_nc_vs=HBksFQIYT2lnX3hwdl9yZWVsc19wZXJtYW5lbnRfcHJvZC8xMjQ2ODQ1MDQwMDI1NzU3MTQ4MDg3Rjg3NkY3MTg5Ql92aWRlb19kYXNoaW5pdC5tcDQVAALIARIAFQIYOnBhc3N0aHJvdWdoX2V2ZXJzdG9yZS9HQ3ZyUkJxNVFPTlV1OUFFQU5wNVVjOElNZHg1YnFfRUFBQUYVAgLIARIAKAAYABsCiAd1c2Vfb2lsATEScHJvZ3Jlc3NpdmVfcmVjaXBlATEVAAAmguGT7eOBqAEVAigCQzMsF0BYgOVgQYk3GBJkYXNoX2Jhc2VsaW5lXzFfdjERAHX-B2XmnQEA&_nc_gid=ijV3JQ506KbwAPPIjry_3A&_nc_ss=7a22e&_nc_zt=28&oh=00_AQDlLeeem9ypy0zdnobmJ5j8tbU5vPfmeszTaT0Zn7XuLQ&oe=6A51C5C7
C6WaMe8LykA,https://www.instagram.com/reel/C6WaMe8LykA/,"Como assim ele não me amaria se eu fosse uma LAGOSTA? 💔 kkkkkk Pra prender a atenção no seu vídeo, ele precisa ser familiar para as pessoas, e uma das melhores formas de fazer isso é gerando identificação com uma “situação relatável”. 🦞 Se você quer aprender a fazer isso no seu vídeo, vem pra Criadores!",1714404354,189803,4642,33.95000076293945,clips,https://scontent-poa1-1.cdninstagram.com/o1/v/t2/f2/m82/AQPv7GHyMhiCOoh-Ttyrtzic6loalgt2mkx7TbKmhe3bTrsgNyBvMOo3q6twc10ZrTnFHbIbFytSe0Xn5rG3dBTY1AIyQB4ryB1vu6A.mp4?_nc_cat=105&_nc_sid=5e9851&_nc_ht=scontent-poa1-1.cdninstagram.com&_nc_ohc=CuHLGT2xOeQQ7kNvwH3ZZTA&efg=eyJ2ZW5jb2RlX3RhZyI6Inhwdl9wcm9ncmVzc2l2ZS5JTlNUQUdSQU0uQ0xJUFMuQzMuNzIwLmRhc2hfYmFzZWxpbmVfMV92MSIsInhwdl9hc3NldF9pZCI6Mzk2OTU3MzA5OTg2OTM5LCJhc3NldF9hZ2VfZGF5cyI6ODAxLCJ2aV91c2VjYXNlX2lkIjoxMDA5OSwiZHVyYXRpb25fcyI6MzMsInVybGdlbl9zb3VyY2UiOiJ3d3cifQ%3D%3D&ccb=17-1&vs=34206a205659395a&_nc_vs=HBksFQIYT2lnX3hwdl9yZWVsc19wZXJtYW5lbnRfcHJvZC80MzRCQ0ZBNDdFQjVCOTNCMjlDRDM0ODQ2NkU2NjU5M192aWRlb19kYXNoaW5pdC5tcDQVAALIARIAFQIYOnBhc3N0aHJvdWdoX2V2ZXJzdG9yZS9HUGU5SVJxNWhzeXBRUEFhQUNIalVlYWVWTUFKYnFfRUFBQUYVAgLIARIAKAAYABsCiAd1c2Vfb2lsATEScHJvZ3Jlc3NpdmVfcmVjaXBlATEVAAAm9qGft_rBtAEVAigCQzMsF0BA-ZmZmZmaGBJkYXNoX2Jhc2VsaW5lXzFfdjERAHX-B2XmnQEA&_nc_gid=ijV3JQ506KbwAPPIjry_3A&_nc_ss=7a22e&_nc_zt=28&oh=00_AQCOgwHffKo_S8ocakfGDIYSCA-lIi3Mg1Q4EbgG3nDbvg&oe=6A51D066
C6NJENGNizf,https://www.instagram.com/reel/C6NJENGNizf/,"A primeira turma da Criadores do Futuro está aberta! Não é um curso, é implementação. ⚡️ Link da bio!",1714093111,105104,2080,82.20700073242188,clips,https://scontent-poa1-1.cdninstagram.com/o1/v/t2/f2/m82/AQMnHJPMF5nzlcxsgWtMWNdwlEIq2d1Wcd4R3ny6YOslGNKotCDtb-JiSFWAnB_BpIJ8DCPgM11qHOObwrEveB7YHGEzlZjat92zxes.mp4?_nc_cat=104&_nc_sid=5e9851&_nc_ht=scontent-poa1-1.cdninstagram.com&_nc_ohc=hEcUzyjUCcoQ7kNvwEfauz7&efg=eyJ2ZW5jb2RlX3RhZyI6Inhwdl9wcm9ncmVzc2l2ZS5JTlNUQUdSQU0uQ0xJUFMuQzMuNzIwLmRhc2hfYmFzZWxpbmVfMV92MSIsInhwdl9hc3NldF9pZCI6NzM3NDkzODQwOTIyMDY0NCwiYXNzZXRfYWdlX2RheXMiOjgwNCwidmlfdXNlY2FzZV9pZCI6MTAwOTksImR1cmF0aW9uX3MiOjgyLCJ1cmxnZW5fc291cmNlIjoid3d3In0%3D&ccb=17-1&vs=97543b098a1ec39a&_nc_vs=HBksFQIYT2lnX3hwdl9yZWVsc19wZXJtYW5lbnRfcHJvZC9CRjRFNjQxQ0Q3QUIxQTM4RTIxODk4RDc0QzAzQTFBM192aWRlb19kYXNoaW5pdC5tcDQVAALIARIAFQIYOnBhc3N0aHJvdWdoX2V2ZXJzdG9yZS9HQU5ZTFJvZ2NYR2VxR0VHQUp1S3k3ckhnd3BBYnFfRUFBQUYVAgLIARIAKAAYABsCiAd1c2Vfb2lsATEScHJvZ3Jlc3NpdmVfcmVjaXBlATEVAAAmyOj5gfXdmRoVAigCQzMsF0BUjT987ZFoGBJkYXNoX2Jhc2VsaW5lXzFfdjERAHX-B2XmnQEA&_nc_gid=0jUjUhDirzJ7UqRGBrMFuQ&_nc_ss=7a22e&_nc_zt=28&oh=00_AQCbdd_dMvKzJ4KcYdP3M8DCbZJdLD4dNLfZrNtH0l8fnw&oe=6A51E72D
C6KdQ5DtmEZ,https://www.instagram.com/reel/C6KdQ5DtmEZ/,"Elas tomaram a decisão de viver a melhor versão de si mesmas, você tá pronto pra isso? 🔔",1714002925,84908,2885,65.81500244140625,clips,https://scontent-poa1-1.cdninstagram.com/o1/v/t2/f2/m82/AQMa--1Qg456khkETpakM2NecOyPfhi4Tz6ucUviOJ0CZSjTl2w8lJAQw9VNOk9ijF0qTGYhMYhTIpNjeUiJo4qYYKD8ODG4SEChgeo.mp4?_nc_cat=105&_nc_sid=5e9851&_nc_ht=scontent-poa1-1.cdninstagram.com&_nc_ohc=LPpx6yi-W0kQ7kNvwHdBXRx&efg=eyJ2ZW5jb2RlX3RhZyI6Inhwdl9wcm9ncmVzc2l2ZS5JTlNUQUdSQU0uQ0xJUFMuQzMuNzIwLmRhc2hfYmFzZWxpbmVfMV92MSIsInhwdl9hc3NldF9pZCI6MTg2MjgyMDM0MDgxNDA0MCwiYXNzZXRfYWdlX2RheXMiOjgwNSwidmlfdXNlY2FzZV9pZCI6MTAwOTksImR1cmF0aW9uX3MiOjY1LCJ1cmxnZW5fc291cmNlIjoid3d3In0%3D&ccb=17-1&vs=67a73285f547c84c&_nc_vs=HBksFQIYT2lnX3hwdl9yZWVsc19wZXJtYW5lbnRfcHJvZC8zODQ1Q0ZCRTlCRTRFMTE1RTE1RTU5NDJDMkVDMTU5NF92aWRlb19kYXNoaW5pdC5tcDQVAALIARIAFQIYOnBhc3N0aHJvdWdoX2V2ZXJzdG9yZS9HR25fS2hyMDVzejJNaFFhQUcwckZVazJHRWxtYnFfRUFBQUYVAgLIARIAKAAYABsCiAd1c2Vfb2lsATEScHJvZ3Jlc3NpdmVfcmVjaXBlATEVAAAmsMOOi7WOzwYVAigCQzMsF0BQdCj1wo9cGBJkYXNoX2Jhc2VsaW5lXzFfdjERAHX-B2XmnQEA&_nc_gid=0jUjUhDirzJ7UqRGBrMFuQ&_nc_ss=7a22e&_nc_zt=28&oh=00_AQDg4qKsOqO1pWw28bq8EjWiMDoYe7vc79uKhiOZwAyfTg&oe=6A51E286
C6JuGK3rys_,https://www.instagram.com/reel/C6JuGK3rys_/,🐈‍⬛ Já se sentiu preso num loop? Amanhã eu vou te mostrar como romper esse ciclo - você vem? 🔔,1713978226,128541,6183,36.702999114990234,clips,https://scontent-poa1-1.cdninstagram.com/o1/v/t2/f2/m82/AQMwcmXlCaaIKEOQMaP9JsCMGgEG8qCWU8sLqMM_kQiH9OHTIDZLo01on_XQEeCVWrfBK66XPaYsncNTf5fWmtZwB_S77Yt8ZoUXc28.mp4?_nc_cat=103&_nc_sid=5e9851&_nc_ht=scontent-poa1-1.cdninstagram.com&_nc_ohc=ujXAn5O3pScQ7kNvwEyeNp7&efg=eyJ2ZW5jb2RlX3RhZyI6Inhwdl9wcm9ncmVzc2l2ZS5JTlNUQUdSQU0uQ0xJUFMuQzMuNzIwLmRhc2hfYmFzZWxpbmVfMV92MSIsInhwdl9hc3NldF9pZCI6MzYzNzY1MjY2MDY5Njg2LCJhc3NldF9hZ2VfZGF5cyI6ODA2LCJ2aV91c2VjYXNlX2lkIjoxMDA5OSwiZHVyYXRpb25fcyI6MzYsInVybGdlbl9zb3VyY2UiOiJ3d3cifQ%3D%3D&ccb=17-1&vs=3db2bf35c0b7a72c&_nc_vs=HBksFQIYT2lnX3hwdl9yZWVsc19wZXJtYW5lbnRfcHJvZC80RTRDNDY0MTQzQzY3QzY1RDQzMzkxRUM1OTVBQzlBNF92aWRlb19kYXNoaW5pdC5tcDQVAALIARIAFQIYOnBhc3N0aHJvdWdoX2V2ZXJzdG9yZS9HRHJ0TFJycTByYzM5Z1FhQUF4NWlTWUVSQWgxYnFfRUFBQUYVAgLIARIAKAAYABsCiAd1c2Vfb2lsATEScHJvZ3Jlc3NpdmVfcmVjaXBlATEVAAAm7OK5t_a1pQEVAigCQzMsF0BCWfvnbItEGBJkYXNoX2Jhc2VsaW5lXzFfdjERAHX-B2XmnQEA&_nc_gid=0jUjUhDirzJ7UqRGBrMFuQ&_nc_ss=7a22e&_nc_zt=28&oh=00_AQB6wAyCTI1v1eYwDd9X5ErjXot4aNt2yr-QbzzrLkQ6kg&oe=6A51C760
C6JQ6iSLMFk,https://www.instagram.com/reel/C6JQ6iSLMFk/,Aposte no futuro pra fugir do seu presente. É amanhã • o Plano B 🔔,1713962977,513226,4574,21.70800018310547,clips,https://scontent-poa1-1.cdninstagram.com/o1/v/t2/f2/m82/AQMMDYKL7goU4xUqfAEn7fl-bpHtWGAPJGBS3-YN3v7fGLSEPfEGOY7rwzARHutiCIE84ge1srymbZ7GevZOGD3YgeXnYniU7soNhcM.mp4?_nc_cat=111&_nc_sid=5e9851&_nc_ht=scontent-poa1-1.cdninstagram.com&_nc_ohc=CFdG1kWx_P8Q7kNvwF8ac_M&efg=eyJ2ZW5jb2RlX3RhZyI6Inhwdl9wcm9ncmVzc2l2ZS5JTlNUQUdSQU0uQ0xJUFMuQzMuNzIwLmRhc2hfYmFzZWxpbmVfMV92MSIsInhwdl9hc3NldF9pZCI6Nzc4Nzg2NjEzMTI0NDI3OSwiYXNzZXRfYWdlX2RheXMiOjgwNiwidmlfdXNlY2FzZV9pZCI6MTAwOTksImR1cmF0aW9uX3MiOjIxLCJ1cmxnZW5fc291cmNlIjoid3d3In0%3D&ccb=17-1&vs=7eeac57f2aa856a2&_nc_vs=HBksFQIYT2lnX3hwdl9yZWVsc19wZXJtYW5lbnRfcHJvZC9DQTQ0MzZDQUY2NTIxRTJCMThFRUIzRjg0NjlEODNBOV92aWRlb19kYXNoaW5pdC5tcDQVAALIARIAFQIYOnBhc3N0aHJvdWdoX2V2ZXJzdG9yZS9HTHppTUJxTWNiTVpRWEVEQUpuY1pzWGxGcHdpYnFfRUFBQUYVAgLIARIAKAAYABsCiAd1c2Vfb2lsATEScHJvZ3Jlc3NpdmVfcmVjaXBlATEVAAAm7pP9pLzB1RsVAigCQzMsF0A1tT987ZFoGBJkYXNoX2Jhc2VsaW5lXzFfdjERAHX-B2XmnQEA&_nc_gid=0jUjUhDirzJ7UqRGBrMFuQ&_nc_ss=7a22e&_nc_zt=28&oh=00_AQAgpSbbyFUt2TWXuVNlmMt6W3B7MdI1D5did9aIoBSw0g&oe=6A51C4D8
C6H4foVtqpc,https://www.instagram.com/reel/C6H4foVtqpc/,Estamos no fim de mais um Desafio do Criador 🔔❤️ Prontos pro próximo nível?,1713916691,92873,3193,77.07599639892578,clips,https://scontent-poa1-1.cdninstagram.com/o1/v/t2/f2/m82/AQMxhyjkGRKXBRF2PqiqxW_FPDpQZV2r4ufmHdtjprG3_k9fOHRjSpgbV-HDiovRjbLaPj4BNSp4OCz1wo140GRBbz8X2uEzEBstFNU.mp4?_nc_cat=103&_nc_sid=5e9851&_nc_ht=scontent-poa1-1.cdninstagram.com&_nc_ohc=xyubhj-EtLcQ7kNvwFyV-Np&efg=eyJ2ZW5jb2RlX3RhZyI6Inhwdl9wcm9ncmVzc2l2ZS5JTlNUQUdSQU0uQ0xJUFMuQzMuNzIwLmRhc2hfYmFzZWxpbmVfMV92MSIsInhwdl9hc3NldF9pZCI6MTQ4NjcwNDk2ODkzNTU1OSwiYXNzZXRfYWdlX2RheXMiOjgwNiwidmlfdXNlY2FzZV9pZCI6MTAwOTksImR1cmF0aW9uX3MiOjc3LCJ1cmxnZW5fc291cmNlIjoid3d3In0%3D&ccb=17-1&vs=9cbf018a7a30f7f9&_nc_vs=HBksFQIYT2lnX3hwdl9yZWVsc19wZXJtYW5lbnRfcHJvZC9BRTQzQjE2NkNCOEZCQkY4NzhFMTMxOTEwRjlCQzY5Q192aWRlb19kYXNoaW5pdC5tcDQVAALIARIAFQIYOnBhc3N0aHJvdWdoX2V2ZXJzdG9yZS9HRGFVS2hxel9aZ0FpNkVEQUNhUXRBeWRXWmh3YnFfRUFBQUYVAgLIARIAKAAYABsCiAd1c2Vfb2lsATEScHJvZ3Jlc3NpdmVfcmVjaXBlATEVAAAmjqL5mM-JpAUVAigCQzMsF0BTRN0vGp--GBJkYXNoX2Jhc2VsaW5lXzFfdjERAHX-B2XmnQEA&_nc_gid=0jUjUhDirzJ7UqRGBrMFuQ&_nc_ss=7a22e&_nc_zt=28&oh=00_AQDeiu7Eukt87wFSRKv9d6uSM3sigldTEurgXJ1PZb5J7g&oe=6A51C394
C6G-6YKr80z,https://www.instagram.com/reel/C6G-6YKr80z/,"Se você é quem eu penso, vai parecer que esse plano foi feito pra você! 🔔👀 • 25/04 o Plano B",1713886361,70001,2042,80.20500183105469,clips,https://scontent-poa1-1.cdninstagram.com/o1/v/t2/f2/m82/AQOj1Ynej77Y2lsPxOmjPP7gnxSRRuP0pez6DWIsRtQt3DAQ5oSnNFEvKYjdJJ24BLI2SzQZru75G8YDmNtbwmPA_p5uQ_6U3pmHau8.mp4?_nc_cat=106&_nc_sid=5e9851&_nc_ht=scontent-poa1-1.cdninstagram.com&_nc_ohc=HwfL_0xHqOUQ7kNvwG5hc4c&efg=eyJ2ZW5jb2RlX3RhZyI6Inhwdl9wcm9ncmVzc2l2ZS5JTlNUQUdSQU0uQ0xJUFMuQzMuNzIwLmRhc2hfYmFzZWxpbmVfMV92MSIsInhwdl9hc3NldF9pZCI6MTE5MTI5Nzc5MTg4NDAwMCwiYXNzZXRfYWdlX2RheXMiOjgwNywidmlfdXNlY2FzZV9pZCI6MTAwOTksImR1cmF0aW9uX3MiOjgwLCJ1cmxnZW5fc291cmNlIjoid3d3In0%3D&ccb=17-1&vs=affb63720c6c572c&_nc_vs=HBksFQIYT2lnX3hwdl9yZWVsc19wZXJtYW5lbnRfcHJvZC9BQjQ2MkFCRTJCOEJGOTJBRTM2QkQ2QUE4RTAwOTI5Nl92aWRlb19kYXNoaW5pdC5tcDQVAALIARIAFQIYOnBhc3N0aHJvdWdoX2V2ZXJzdG9yZS9HQThKSUJwbzNtZm1pLXdjQUNLZWUxYzg0M01rYnFfRUFBQUYVAgLIARIAKAAYABsCiAd1c2Vfb2lsATEScHJvZ3Jlc3NpdmVfcmVjaXBlATEVAAAmwOunm9TenQQVAigCQzMsF0BUDR64UeuFGBJkYXNoX2Jhc2VsaW5lXzFfdjERAHX-B2XmnQEA&_nc_gid=0jUjUhDirzJ7UqRGBrMFuQ&_nc_ss=7a22e&_nc_zt=28&oh=00_AQDOtKHk_sPbZIh_pGlPhtcry0UlwVk9-HwPkWROdwij2w&oe=6A51C5B3
C6Gysz_LD7h,https://www.instagram.com/reel/C6Gysz_LD7h/,O que você quer ser quando crescer? Eu quero ser EU. Faltam 2 dias • o Plano B 🔔,1713879970,329745,3490,22.766000747680664,clips,https://scontent-poa1-1.cdninstagram.com/o1/v/t2/f2/m82/AQPckOkrT2XXm_L6L6Onr9uzsXbHOX1Ypq1cR-8bc7aqrbzBe6HpS1lBhN1I1qBrOEQ12-PipXRi9v45kaOZJU5mjCzswof3mbB6Urg.mp4?_nc_cat=100&_nc_sid=5e9851&_nc_ht=scontent-poa1-1.cdninstagram.com&_nc_ohc=8iSJYMF7TnEQ7kNvwElnBo0&efg=eyJ2ZW5jb2RlX3RhZyI6Inhwdl9wcm9ncmVzc2l2ZS5JTlNUQUdSQU0uQ0xJUFMuQzMuNzIwLmRhc2hfYmFzZWxpbmVfMV92MSIsInhwdl9hc3NldF9pZCI6MTQ3OTA5MDU2OTYzMjE2MSwiYXNzZXRfYWdlX2RheXMiOjgwNywidmlfdXNlY2FzZV9pZCI6MTAwOTksImR1cmF0aW9uX3MiOjIyLCJ1cmxnZW5fc291cmNlIjoid3d3In0%3D&ccb=17-1&vs=6fd6380c35acabe1&_nc_vs=HBksFQIYT2lnX3hwdl9yZWVsc19wZXJtYW5lbnRfcHJvZC8xQzQwQkNGRUQ3OEM1NEM4M0FCMUExMjM2OTY3NUVCMV92aWRlb19kYXNoaW5pdC5tcDQVAALIARIAFQIYOnBhc3N0aHJvdWdoX2V2ZXJzdG9yZS9HTDAxX3huRG5qQW1NOTREQUc3ekpfbkZCZHhuYnFfRUFBQUYVAgLIARIAKAAYABsCiAd1c2Vfb2lsATEScHJvZ3Jlc3NpdmVfcmVjaXBlATEVAAAmwubyv7POoAUVAigCQzMsF0A2wAAAAAAAGBJkYXNoX2Jhc2VsaW5lXzFfdjERAHX-B2XmnQEA&_nc_gid=0jUjUhDirzJ7UqRGBrMFuQ&_nc_ss=7a22e&_nc_zt=28&oh=00_AQAUTbZ3Fj69AYTiKLoxuaRxk4uIZYMMcLU0IqsXJiZmjw&oe=6A51D859
C6FQ_SjN_Wt,https://www.instagram.com/reel/C6FQ_SjN_Wt/,"Não faz sentido tudo ter mudado, mas não isso. Logo isso… se você está cansado de viver esse plano falido; dia 25 eu vou te mostrar uma nova ideia - escreve Plano B pra participar: 🔔",1713828692,116850,4801,82.33200073242188,clips,https://scontent-poa1-1.cdninstagram.com/o1/v/t2/f2/m82/AQOU0COHTb3i6k5fEAxlYOPQs-hdVUZGhpDrykTGt8EwDII5bnkdHC6bBuZ5KbccpkQD992E74y97Ejx0_E3Mky2STbmb9BGKs2kAmA.mp4?_nc_cat=106&_nc_sid=5e9851&_nc_ht=scontent-poa1-1.cdninstagram.com&_nc_ohc=5_BGiK8uaNwQ7kNvwE19BHw&efg=eyJ2ZW5jb2RlX3RhZyI6Inhwdl9wcm9ncmVzc2l2ZS5JTlNUQUdSQU0uQ0xJUFMuQzMuNzIwLmRhc2hfYmFzZWxpbmVfMV92MSIsInhwdl9hc3NldF9pZCI6NzQzNzQzOTc3ODMwMDU5LCJhc3NldF9hZ2VfZGF5cyI6ODA3LCJ2aV91c2VjYXNlX2lkIjoxMDA5OSwiZHVyYXRpb25fcyI6ODIsInVybGdlbl9zb3VyY2UiOiJ3d3cifQ%3D%3D&ccb=17-1&vs=77bc63ffb70c0204&_nc_vs=HBksFQIYT2lnX3hwdl9yZWVsc19wZXJtYW5lbnRfcHJvZC9ERDQzMTIzMTA0M0I1Q0EzMEUxODYwRUI4QUM5MjY4Nl92aWRlb19kYXNoaW5pdC5tcDQVAALIARIAFQIYOnBhc3N0aHJvdWdoX2V2ZXJzdG9yZS9HT0s4SkJwMzd3SDJHbnNEQUJ3N0FDeDY3TFVRYnFfRUFBQUYVAgLIARIAKAAYABsCiAd1c2Vfb2lsATEScHJvZ3Jlc3NpdmVfcmVjaXBlATEVAAAm1trRucyb0gIVAigCQzMsF0BUlT987ZFoGBJkYXNoX2Jhc2VsaW5lXzFfdjERAHX-B2XmnQEA&_nc_gid=0jUjUhDirzJ7UqRGBrMFuQ&_nc_ss=7a22e&_nc_zt=28&oh=00_AQDH_FiAZwbhdNeFFxAotd91vwjElpTL_91m0LnP5FUkPg&oe=6A51D5B7
C6EOYPtLr3-,https://www.instagram.com/reel/C6EOYPtLr3-/,Criador faz apesar do medo 🔔 o Plano B • Faltam 3 dias.,1713794047,221558,2538,16.465999603271484,clips,https://scontent-poa1-1.cdninstagram.com/o1/v/t2/f2/m82/AQMNLWUM6WLfaX-dwaKz_c0noCW9x6-ktFhm8oppCGNCcZyyF1_ELQyxtQf8P16y6JWmCoQVKmBMwzkzF2ekASAAi0aB2xbPzvxR5-Y.mp4?_nc_cat=100&_nc_sid=5e9851&_nc_ht=scontent-poa1-1.cdninstagram.com&_nc_ohc=o7qrnrLms4EQ7kNvwFtza-Q&efg=eyJ2ZW5jb2RlX3RhZyI6Inhwdl9wcm9ncmVzc2l2ZS5JTlNUQUdSQU0uQ0xJUFMuQzMuNzIwLmRhc2hfYmFzZWxpbmVfMV92MSIsInhwdl9hc3NldF9pZCI6MzcyNDc1MjkyNDQ3ODEzLCJhc3NldF9hZ2VfZGF5cyI6ODA4LCJ2aV91c2VjYXNlX2lkIjoxMDA5OSwiZHVyYXRpb25fcyI6MTYsInVybGdlbl9zb3VyY2UiOiJ3d3cifQ%3D%3D&ccb=17-1&vs=d334216bfc316c82&_nc_vs=HBksFQIYT2lnX3hwdl9yZWVsc19wZXJtYW5lbnRfcHJvZC9ENDREOEM0MzRFODczREI3RkE0QkNDNzIxQkQzNUZBN192aWRlb19kYXNoaW5pdC5tcDQVAALIARIAFQIYOnBhc3N0aHJvdWdoX2V2ZXJzdG9yZS9HQXJSSkJyMjVqNGZXcDhCQUxCWkJoanhMVFFlYnFfRUFBQUYVAgLIARIAKAAYABsCiAd1c2Vfb2lsATEScHJvZ3Jlc3NpdmVfcmVjaXBlATEVAAAmitHzl_WwqQEVAigCQzMsF0Awd0vGp--eGBJkYXNoX2Jhc2VsaW5lXzFfdjERAHX-B2XmnQEA&_nc_gid=0jUjUhDirzJ7UqRGBrMFuQ&_nc_ss=7a22e&_nc_zt=28&oh=00_AQCSPB-KlUpaTwtJkqqA-JSuGTxkVG4LDgX7lQqlgTCnWg&oe=6A51C4CD
C6Cphi2riTB,https://www.instagram.com/reel/C6Cphi2riTB/,"Eu já estive nesse lugar onde nunca conseguia respirar, estava sempre contando moedas e correndo contra o temp - até que desisti do plano que eles tinham pra mim. O Plano A está falido. Dia 25 eu te e trago o Plano B 🔔",1713741018,89420,2496,46.733001708984375,clips,https://scontent-poa1-1.cdninstagram.com/o1/v/t2/f2/m82/AQP2o8ct3eP8wYxQeNwjDfzoYQs0_ulwvOF4JFBwZM6Lg_i7VkLt2IM3TUbExwbg9jt4OOnOCygFZlKgYCo7lSOsJ1Sk2gMctign7d0.mp4?_nc_cat=110&_nc_sid=5e9851&_nc_ht=scontent-poa1-1.cdninstagram.com&_nc_ohc=vXKE4hk4qGEQ7kNvwH2EYaE&efg=eyJ2ZW5jb2RlX3RhZyI6Inhwdl9wcm9ncmVzc2l2ZS5JTlNUQUdSQU0uQ0xJUFMuQzMuNzIwLmRhc2hfYmFzZWxpbmVfMV92MSIsInhwdl9hc3NldF9pZCI6MTAwNTg5MjQ0MTEyNTE4NCwiYXNzZXRfYWdlX2RheXMiOjgwOCwidmlfdXNlY2FzZV9pZCI6MTAwOTksImR1cmF0aW9uX3MiOjQ2LCJ1cmxnZW5fc291cmNlIjoid3d3In0%3D&ccb=17-1&vs=ab8b6e8f31d0b214&_nc_vs=HBksFQIYT2lnX3hwdl9yZWVsc19wZXJtYW5lbnRfcHJvZC8wOTQ4RkFDQkMyOTNFRDM1Mjg4OTJCNkVCNkY2NjY5Ml92aWRlb19kYXNoaW5pdC5tcDQVAALIARIAFQIYOnBhc3N0aHJvdWdoX2V2ZXJzdG9yZS9HQllqSUJyYWhOVFVNbHNEQUo4MFdRbU43dHBlYnFfRUFBQUYVAgLIARIAKAAYABsCiAd1c2Vfb2lsATEScHJvZ3Jlc3NpdmVfcmVjaXBlATEVAAAmgMWV2tK2yQMVAigCQzMsF0BHXdLxqfvnGBJkYXNoX2Jhc2VsaW5lXzFfdjERAHX-B2XmnQEA&_nc_gid=0jUjUhDirzJ7UqRGBrMFuQ&_nc_ss=7a22e&_nc_zt=28&oh=00_AQCcZfvbs3rl0cvPlspI3ZCyX6urWrpXPLzkMI-KHCrj9g&oe=6A51DC23
C6BsK4HLHAp,https://www.instagram.com/reel/C6BsK4HLHAp/,primeiro você muda e o mundo acompanha seu movimento - Faltam 4 dias. 🪴🦋🔔🙂‍↔️,1713708896,270477,3944,10.300000190734863,clips,https://scontent-poa1-1.cdninstagram.com/o1/v/t2/f2/m82/AQOA-RzmQdTGOHe2M4_QEvWYYpYxWJliREFMtP88gl3x0HRnaMP3hVRjoCsX21sxY4o9s61gsyTr0fq0Y0uNuEo_P9TYlkCPdMntq2A.mp4?_nc_cat=105&_nc_sid=5e9851&_nc_ht=scontent-poa1-1.cdninstagram.com&_nc_ohc=GmkCm-Ge43kQ7kNvwHtzmCW&efg=eyJ2ZW5jb2RlX3RhZyI6Inhwdl9wcm9ncmVzc2l2ZS5JTlNUQUdSQU0uQ0xJUFMuQzMuNzIwLmRhc2hfYmFzZWxpbmVfMV92MSIsInhwdl9hc3NldF9pZCI6Nzk1MDM3NjUyNjg5NzA3LCJhc3NldF9hZ2VfZGF5cyI6ODA5LCJ2aV91c2VjYXNlX2lkIjoxMDA5OSwiZHVyYXRpb25fcyI6MTAsInVybGdlbl9zb3VyY2UiOiJ3d3cifQ%3D%3D&ccb=17-1&vs=ac9c528551b7c1a2&_nc_vs=HBksFQIYT2lnX3hwdl9yZWVsc19wZXJtYW5lbnRfcHJvZC9EMDQ5NUMzRUVFRTY0MDVFRUIwNDQ4M0JFMDg1QzI4QV92aWRlb19kYXNoaW5pdC5tcDQVAALIARIAFQIYOnBhc3N0aHJvdWdoX2V2ZXJzdG9yZS9HRFJaTFJxQVdMVzVWZHNDQU4xdWc5MlctdGM5YnFfRUFBQUYVAgLIARIAKAAYABsCiAd1c2Vfb2lsATEScHJvZ3Jlc3NpdmVfcmVjaXBlATEVAAAm1oz5jaTF6QIVAigCQzMsF0AkmZmZmZmaGBJkYXNoX2Jhc2VsaW5lXzFfdjERAHX-B2XmnQEA&_nc_gid=0jUjUhDirzJ7UqRGBrMFuQ&_nc_ss=7a22e&_nc_zt=28&oh=00_AQAv0cikmFWEymIezS0pp46Iir0mDNW9bMBgg8TMxD9ILA&oe=6A51E662
C6ACiGtPBAa,https://www.instagram.com/reel/C6ACiGtPBAa/,Já parou pra pensar que seus maiores traumas de hoje podem ter sido criado na época da escola? Você já tentou o Plano A e não funcionou. 🔔 25/04 o Plano B.,1713653656,72106,2721,90.00599670410156,clips,https://scontent-poa1-1.cdninstagram.com/o1/v/t2/f2/m82/AQOaH7tBQAQ7Gr9GP9LM5xMwarbDWk54pPgW3Sb_kc1d_8SMai19BONeXCoXozOPS7mAeKxHG1N6q0y2JI2r850iqvcbO18OY1nRYEw.mp4?_nc_cat=104&_nc_sid=5e9851&_nc_ht=scontent-poa1-1.cdninstagram.com&_nc_ohc=_eN3N4V5hT4Q7kNvwEqeLN_&efg=eyJ2ZW5jb2RlX3RhZyI6Inhwdl9wcm9ncmVzc2l2ZS5JTlNUQUdSQU0uQ0xJUFMuQzMuNzIwLmRhc2hfYmFzZWxpbmVfMV92MSIsInhwdl9hc3NldF9pZCI6NzgwMTIzODg3NDE0NDc3LCJhc3NldF9hZ2VfZGF5cyI6ODA5LCJ2aV91c2VjYXNlX2lkIjoxMDA5OSwiZHVyYXRpb25fcyI6ODksInVybGdlbl9zb3VyY2UiOiJ3d3cifQ%3D%3D&ccb=17-1&vs=4203e99724f02522&_nc_vs=HBksFQIYT2lnX3hwdl9yZWVsc19wZXJtYW5lbnRfcHJvZC83NTRDRDIwQzYwQUNENTkyMTUzNDE5RTNBMjA1QjA5Ql92aWRlb19kYXNoaW5pdC5tcDQVAALIARIAFQIYOnBhc3N0aHJvdWdoX2V2ZXJzdG9yZS9HSzRxRlJxY19uektyQmNCQU5pSDd3WkJOOWRFYnFfRUFBQUYVAgLIARIAKAAYABsCiAd1c2Vfb2lsATEScHJvZ3Jlc3NpdmVfcmVjaXBlATEVAAAmmrOF85fh4gIVAigCQzMsF0BWgGJN0vGqGBJkYXNoX2Jhc2VsaW5lXzFfdjERAHX-B2XmnQEA&_nc_gid=0jUjUhDirzJ7UqRGBrMFuQ&_nc_ss=7a22e&_nc_zt=28&oh=00_AQAU16jVuNkhgjxUw-7I6OkpNT34nuYKcdNgIl1UsrPwyw&oe=6A51EA79
C5-_l-FLLCY,https://www.instagram.com/reel/C5-_l-FLLCY/,"Quando tudo parece improvável, a gente acelera. Dia 25, o Plano B.",1713618575,216629,2138,29.033000946044922,clips,https://scontent-poa1-1.cdninstagram.com/o1/v/t2/f2/m82/AQPiqmE1Xa1Aa7Q_5-ajxMQH5YmUEvqW_duYMAz5Z5ELGGFvTnRri_3EbFg_mqNX5EQiu4F3yi1Mfr-__1pvq8WvI77MGaKeTuQA33U.mp4?_nc_cat=100&_nc_sid=5e9851&_nc_ht=scontent-poa1-1.cdninstagram.com&_nc_ohc=0YWMSAOudPYQ7kNvwFBteWo&efg=eyJ2ZW5jb2RlX3RhZyI6Inhwdl9wcm9ncmVzc2l2ZS5JTlNUQUdSQU0uQ0xJUFMuQzMuNzIwLmRhc2hfYmFzZWxpbmVfMV92MSIsInhwdl9hc3NldF9pZCI6NDE4MzY5OTUwOTA0NzQ1LCJhc3NldF9hZ2VfZGF5cyI6ODEwLCJ2aV91c2VjYXNlX2lkIjoxMDA5OSwiZHVyYXRpb25fcyI6MjksInVybGdlbl9zb3VyY2UiOiJ3d3cifQ%3D%3D&ccb=17-1&vs=2877d9b86166f219&_nc_vs=HBksFQIYT2lnX3hwdl9yZWVsc19wZXJtYW5lbnRfcHJvZC81MjRFNzg1RUM4NUUwNDQ0RUQwN0FCNkM3NDIwRkU4Ql92aWRlb19kYXNoaW5pdC5tcDQVAALIARIAFQIYOnBhc3N0aHJvdWdoX2V2ZXJzdG9yZS9HS0lUSUJyeWxGZnJFS0FDQU4yV1l1VzZfUVVmYnFfRUFBQUYVAgLIARIAKAAYABsCiAd1c2Vfb2lsATEScHJvZ3Jlc3NpdmVfcmVjaXBlATEVAAAm0sb3hKugvgEVAigCQzMsF0A9CHKwIMScGBJkYXNoX2Jhc2VsaW5lXzFfdjERAHX-B2XmnQEA&_nc_gid=MY8T11Q7vp0dBf5PfAkawQ&_nc_ss=7a22e&_nc_zt=28&oh=00_AQDmBxEmjpGy_0ZM17ekWfl3NKSbqM57-_ehMpPb356Mqw&oe=6A51E965
C59TyEfP3nA,https://www.instagram.com/reel/C59TyEfP3nA/,"Essas foram as mudanças que implementei e mudaram tudo: diferenciação, formato criativo, storytelling e movimento. Quer saber como aplicar também? Te vejo dia 25 no PLANO B 🔔",1713561865,168097,7923,90.02200317382812,clips,https://scontent-poa1-1.cdninstagram.com/o1/v/t2/f2/m82/AQMFerrZLeKKOauarNpxmLYrMlX0R874ve1kuoJ3tWunSwtiTudWi1X2g4KTEHBjBkdoDsm5RmXMIbvQBQnVqFPyt-hhlTu6fxNxHa0.mp4?_nc_cat=103&_nc_sid=5e9851&_nc_ht=scontent-poa1-1.cdninstagram.com&_nc_ohc=fNFCW2ppUk0Q7kNvwFTDwPh&efg=eyJ2ZW5jb2RlX3RhZyI6Inhwdl9wcm9ncmVzc2l2ZS5JTlNUQUdSQU0uQ0xJUFMuQzMuNzIwLmRhc2hfYmFzZWxpbmVfMV92MSIsInhwdl9hc3NldF9pZCI6MTE3NTEyMTMyMDMzMjU1NiwiYXNzZXRfYWdlX2RheXMiOjgxMCwidmlfdXNlY2FzZV9pZCI6MTAwOTksImR1cmF0aW9uX3MiOjkwLCJ1cmxnZW5fc291cmNlIjoid3d3In0%3D&ccb=17-1&vs=6d1d7a3d6c35727c&_nc_vs=HBksFQIYT2lnX3hwdl9yZWVsc19wZXJtYW5lbnRfcHJvZC9FMjRDNjY4QzA1RDRBRjQ4Q0I1MDY3RkY1ODM1MDM5NV92aWRlb19kYXNoaW5pdC5tcDQVAALIARIAFQIYOnBhc3N0aHJvdWdoX2V2ZXJzdG9yZS9HUHJQS3hyWWFTbVFHTmdBQUpMZFlBdEF0Y3hiYnFfRUFBQUYVAgLIARIAKAAYABsCiAd1c2Vfb2lsATEScHJvZ3Jlc3NpdmVfcmVjaXBlATEVAAAmmLTujYixlgQVAigCQzMsF0BWgGJN0vGqGBJkYXNoX2Jhc2VsaW5lXzFfdjERAHX-B2XmnQEA&_nc_gid=MY8T11Q7vp0dBf5PfAkawQ&_nc_ss=7a22e&_nc_zt=28&oh=00_AQDMsNPA4lvsyZMsLeMiSu1ia1gTVNth19S62Dv5bSchyQ&oe=6A51DB50
C56CenXr73O,https://www.instagram.com/reel/C56CenXr73O/,"Há pouco mais de 1 ano eu tive certeza que era um fracasso total - abri o carrinho e não vendeu NADA. Mas logo em seguida entendi na prática a “CURVA S”: hoje você pode estar se sentindo um lixo, mas quando você tem coragem de continuar, em breve estará no topo! Quer aprender mais sobre como tudo isso funciona? Escreve PLANO B e estar com a gente dia 25 🔔",1713452303,129306,6162,78.87000274658203,clips,https://scontent-poa1-1.cdninstagram.com/o1/v/t2/f2/m82/AQOrLOLNjmR5CQg0wlyCKjXiKLH6TlIUXTdFUWmBURU1KfIahW1TMfwuGSoek8g7THchJFXNvy3CSAxeFo7Kxg4Z7xIHcgXGw90w4T4.mp4?_nc_cat=110&_nc_sid=5e9851&_nc_ht=scontent-poa1-1.cdninstagram.com&_nc_ohc=t0rLJcIh9OkQ7kNvwGnM1Or&efg=eyJ2ZW5jb2RlX3RhZyI6Inhwdl9wcm9ncmVzc2l2ZS5JTlNUQUdSQU0uQ0xJUFMuQzMuNzIwLmRhc2hfYmFzZWxpbmVfMV92MSIsInhwdl9hc3NldF9pZCI6ODQ2OTAwMTYwODEzMzcwLCJhc3NldF9hZ2VfZGF5cyI6ODEyLCJ2aV91c2VjYXNlX2lkIjoxMDA5OSwiZHVyYXRpb25fcyI6NzgsInVybGdlbl9zb3VyY2UiOiJ3d3cifQ%3D%3D&ccb=17-1&vs=4e686ea2cdc601a8&_nc_vs=HBksFQIYT2lnX3hwdl9yZWVsc19wZXJtYW5lbnRfcHJvZC9BODRBNzVEN0U3OEYwNzA0QjkzMzE4NkE2NjY3ODFCOV92aWRlb19kYXNoaW5pdC5tcDQVAALIARIAFQIYOnBhc3N0aHJvdWdoX2V2ZXJzdG9yZS9HSXVFSVJxQWVLWlpmckFDQUxBR1BBVjc4M0poYnFfRUFBQUYVAgLIARIAKAAYABsCiAd1c2Vfb2lsATEScHJvZ3Jlc3NpdmVfcmVjaXBlATEVAAAm9OT284mQgQMVAigCQzMsF0BTt64UeuFIGBJkYXNoX2Jhc2VsaW5lXzFfdjERAHX-B2XmnQEA&_nc_gid=MY8T11Q7vp0dBf5PfAkawQ&_nc_ss=7a22e&_nc_zt=28&oh=00_AQCeJVJXGJWaRqkUR4lrP2vUhk1DS8idZrLnPr-cB75pMg&oe=6A51CECB
C534fDQPoAr,https://www.instagram.com/reel/C534fDQPoAr/,"Quando sentimos, agimos. Essa senhora (e você) sabem, histórias são capazes de despertar emoções! 👀 Pra descobrir como usar storytelling no seu conteúdo, esteja comigo dia 25/04, no Plano B 🔔",1713379896,178756,10076,78.16100311279297,clips,https://scontent-poa1-1.cdninstagram.com/o1/v/t2/f2/m82/AQNr7SxmK358NP80CtI-GBucNHAWwO--hZp0BradGYK2f8O0qR3lRsGo9iSLANvFaIgVJFhrZWdGjxO1jyaf56ebrF93r3s8Yn5re3o.mp4?_nc_cat=102&_nc_sid=5e9851&_nc_ht=scontent-poa1-1.cdninstagram.com&_nc_ohc=DNqWiVwe_3QQ7kNvwHz2Jr1&efg=eyJ2ZW5jb2RlX3RhZyI6Inhwdl9wcm9ncmVzc2l2ZS5JTlNUQUdSQU0uQ0xJUFMuQzMuNzIwLmRhc2hfYmFzZWxpbmVfMV92MSIsInhwdl9hc3NldF9pZCI6NDM3NTc1NDE1NTM0NTgwLCJhc3NldF9hZ2VfZGF5cyI6ODEzLCJ2aV91c2VjYXNlX2lkIjoxMDA5OSwiZHVyYXRpb25fcyI6NzgsInVybGdlbl9zb3VyY2UiOiJ3d3cifQ%3D%3D&ccb=17-1&vs=5a90b2cf8a2434e1&_nc_vs=HBksFQIYT2lnX3hwdl9yZWVsc19wZXJtYW5lbnRfcHJvZC84RDQ1MDgzODVFQzIzN0REQjVFRjJBMzg0RTgzOEE5MV92aWRlb19kYXNoaW5pdC5tcDQVAALIARIAFQIYOnBhc3N0aHJvdWdoX2V2ZXJzdG9yZS9HQ0R2RkJwbmYtNzM1NXdDQUNid3hKeEV3VXA0YnFfRUFBQUYVAgLIARIAKAAYABsCiAd1c2Vfb2lsATEScHJvZ3Jlc3NpdmVfcmVjaXBlATEVAAAm6M-k857-xgEVAigCQzMsF0BTik3S8an8GBJkYXNoX2Jhc2VsaW5lXzFfdjERAHX-B2XmnQEA&_nc_gid=MY8T11Q7vp0dBf5PfAkawQ&_nc_zt=28&_nc_ss=7a22e&oh=00_AQA7MGdvyewYqyQHoDJDv7vqhEfGEe5sw8CjSgL3aY2oEw&oe=6A51DEEF
C513X1NthkA,https://www.instagram.com/reel/C513X1NthkA/,"Eu sempre sonhei com coisas grandes, mas era o completo oposto disso. Só fui capaz de vencer isso porque me propus a dar um passo de cada vez… E assim, hoje estou pronta pra encarar o palco gigantesco do Seven Summit, da @eduzzoficial 💙 E fico ainda mais feliz de compartilhar isso com vocês! 🔔",1713312303,81838,3195,100.22899627685547,clips,https://scontent-poa1-1.cdninstagram.com/o1/v/t2/f2/m82/AQPB5A0235NSZzDsDX7smTIOLiEfokza9ZQeaIVZkE3Edw6FxPa4VtE2qPg7hZ6yBxF5pwPxqs7OxMbK-bXfS6B07wzevWN4uEXcgCg.mp4?_nc_cat=111&_nc_sid=5e9851&_nc_ht=scontent-poa1-1.cdninstagram.com&_nc_ohc=aG05belcHr4Q7kNvwGCctev&efg=eyJ2ZW5jb2RlX3RhZyI6Inhwdl9wcm9ncmVzc2l2ZS5JTlNUQUdSQU0uQ0xJUFMuQzMuNzIwLmRhc2hfYmFzZWxpbmVfMV92MSIsInhwdl9hc3NldF9pZCI6MzExMTIxMjQ4Njg0OTUyLCJhc3NldF9hZ2VfZGF5cyI6ODEzLCJ2aV91c2VjYXNlX2lkIjoxMDA5OSwiZHVyYXRpb25fcyI6MTAwLCJ1cmxnZW5fc291cmNlIjoid3d3In0%3D&ccb=17-1&vs=c5da2e537cce2ed2&_nc_vs=HBksFQIYT2lnX3hwdl9yZWVsc19wZXJtYW5lbnRfcHJvZC9DMjQzNzE3NTJEN0JFMDIzOTMxQTcyMTM2MUNGMjU4OF92aWRlb19kYXNoaW5pdC5tcDQVAALIARIAFQIYOnBhc3N0aHJvdWdoX2V2ZXJzdG9yZS9HSDFPS0JxMG5CYWs0WE1EQUxMal9jcmwxRE5JYnFfRUFBQUYVAgLIARIAKAAYABsCiAd1c2Vfb2lsATEScHJvZ3Jlc3NpdmVfcmVjaXBlATEVAAAmsK6U-NG9jQEVAigCQzMsF0BZDqfvnbItGBJkYXNoX2Jhc2VsaW5lXzFfdjERAHX-B2XmnQEA&_nc_gid=MY8T11Q7vp0dBf5PfAkawQ&_nc_ss=7a22e&_nc_zt=28&oh=00_AQAPqrXtkZtyhg9bPBbgCHOKhmogoGxt2bLjF7SbT0fE7A&oe=6A51E438
C5zSGTOt4Vg,https://www.instagram.com/reel/C5zSGTOt4Vg/,"Pra mim, o Nauta tá no top 5 dos melhores criadores do país! 💥 Ele criou um formato que funciona, e ainda conectou toda sua história: humor, música e uma baita mensagem por trás. Por isso eu resolvi convidar o cara pra dar uma aula no nosso desafio, e por incrível que pareça - ELE ACEITOOOOOU 🥹 Amanhã, terça feira, às 19h16, estaremos ao vivo! Pra participar escreva @nautamc nos comentários:",1713225428,268203,12569,78.49500274658203,clips,https://scontent-poa1-1.cdninstagram.com/o1/v/t2/f2/m82/AQOZea7xx3T9FWi6ZdCGiolrpG5cUt-yRmzWsL2zs-etOAyGwKJX3j9sY6lV_XtT8kX2z__q0VeKVCDSV6Q918Ah0LfkdvctRxJohfI.mp4?_nc_cat=106&_nc_sid=5e9851&_nc_ht=scontent-poa1-1.cdninstagram.com&_nc_ohc=04h4Ht5XV2UQ7kNvwG68Xov&efg=eyJ2ZW5jb2RlX3RhZyI6Inhwdl9wcm9ncmVzc2l2ZS5JTlNUQUdSQU0uQ0xJUFMuQzMuNzIwLmRhc2hfYmFzZWxpbmVfMV92MSIsInhwdl9hc3NldF9pZCI6NDAxOTExNTkyNjI0MDEwLCJhc3NldF9hZ2VfZGF5cyI6ODE0LCJ2aV91c2VjYXNlX2lkIjoxMDA5OSwiZHVyYXRpb25fcyI6NzgsInVybGdlbl9zb3VyY2UiOiJ3d3cifQ%3D%3D&ccb=17-1&vs=f055a4b7fd9d3546&_nc_vs=HBksFQIYT2lnX3hwdl9yZWVsc19wZXJtYW5lbnRfcHJvZC82NDQ2NDc5MTE2QjlFMzA5NTg1Qjg4NkJFMjcwOTE5OF92aWRlb19kYXNoaW5pdC5tcDQVAALIARIAFQIYOnBhc3N0aHJvdWdoX2V2ZXJzdG9yZS9HRG9sRmhvNnlHcmpoakFCQU1wX0VuODA0cXhPYnFfRUFBQUYVAgLIARIAKAAYABsCiAd1c2Vfb2lsATEScHJvZ3Jlc3NpdmVfcmVjaXBlATEVAAAmlP6s26ritgEVAigCQzMsF0BTn64UeuFIGBJkYXNoX2Jhc2VsaW5lXzFfdjERAHX-B2XmnQEA&_nc_gid=MY8T11Q7vp0dBf5PfAkawQ&_nc_ss=7a22e&_nc_zt=28&oh=00_AQDJTeuSVGRXbXx4uNLXxHnW0jl_G0ldcU1nuk844zQa_w&oe=6A51CF13
C5yQHpjLUog,https://www.instagram.com/reel/C5yQHpjLUog/,"Para criar um vídeo de vendas que funciona, use STORYTELLING ADS - o primeiro passo é não ser chato! O segundo é usar esses 3 pilares que vão guiar as pessoas até seu produto de forma natural. 1) Um início inovador pra prender a atenção. 2) Uma pegada natural pra não soar apelativo. 3) Um gatilho mental pra apontar pra venda. Mas claro, o gatilho precisa ser REAL - assim como o curso de edição por 32$ que vai parar de vender amanhã, se eu fosse você, aproveitava! 🔔 Pra ter acesso a essa oferta única, escreva PAPEL HIGIÊNICO:",1713191098,187711,7838,86.41899871826172,clips,https://scontent-poa1-1.cdninstagram.com/o1/v/t2/f2/m82/AQPqI5xS4dqaXGmRrTpsi__BFafk1LrFV9LjVI-7AvPc9a8SioZbVJPGWC9-dJlJzaqx0H1BhVnoBdDcLK15M2hPUE_IkzLOLH8Wk30.mp4?_nc_cat=109&_nc_sid=5e9851&_nc_ht=scontent-poa1-1.cdninstagram.com&_nc_ohc=yNeyx4bbzAoQ7kNvwG9j0ed&efg=eyJ2ZW5jb2RlX3RhZyI6Inhwdl9wcm9ncmVzc2l2ZS5JTlNUQUdSQU0uQ0xJUFMuQzMuNzIwLmRhc2hfYmFzZWxpbmVfMV92MSIsInhwdl9hc3NldF9pZCI6NDM2Mjk3NTU1NDY5MTA2LCJhc3NldF9hZ2VfZGF5cyI6ODE1LCJ2aV91c2VjYXNlX2lkIjoxMDA5OSwiZHVyYXRpb25fcyI6ODYsInVybGdlbl9zb3VyY2UiOiJ3d3cifQ%3D%3D&ccb=17-1&vs=16541e3eec257eff&_nc_vs=HBksFQIYT2lnX3hwdl9yZWVsc19wZXJtYW5lbnRfcHJvZC81MjQxODJFQzI2MzU4ODc5MjFENjExMEQwNjQ3OUM4NF92aWRlb19kYXNoaW5pdC5tcDQVAALIARIAFQIYOnBhc3N0aHJvdWdoX2V2ZXJzdG9yZS9HRXJuSVJwdDlhSlBpeDhOQU1yTlJEa2xOS0V5YnFfRUFBQUYVAgLIARIAKAAYABsCiAd1c2Vfb2lsATEScHJvZ3Jlc3NpdmVfcmVjaXBlATEVAAAm5Iz7jO6zxgEVAigCQzMsF0BVmtDlYEGJGBJkYXNoX2Jhc2VsaW5lXzFfdjERAHX-B2XmnQEA&_nc_gid=MY8T11Q7vp0dBf5PfAkawQ&_nc_ss=7a22e&_nc_zt=28&oh=00_AQAjFCfgj-Wa9tWtMxMu0XqVFUMtEmWkUPtZdYQd1xPAAA&oe=6A51CEE6
C5rfQd0LsTR,https://www.instagram.com/reel/C5rfQd0LsTR/,"Sucesso é pra quem tem coragem de construir muros. E relaxa, apesar de você não poder agradar a todos - você nem precisa. Eu, pelo exemplo, falo pra quem sabe que palavrões ajudam na didática! 😂 Aceita o desafio? 🔔 Escreva FODASE pra participar:",1712964730,145232,5014,85.66600036621094,clips,https://scontent-poa1-1.cdninstagram.com/o1/v/t2/f2/m82/AQOBB6QYTBN5LZGkdTdS_5iPvucmGWfayWbnvRfGFXStrypHjoSJN9j_99KhzsSOU90_lhwfkrhuNiX2BkK-3tYXWmGD8RwI910ro_k.mp4?_nc_cat=100&_nc_sid=5e9851&_nc_ht=scontent-poa1-1.cdninstagram.com&_nc_ohc=azWX03G5MyQQ7kNvwFExhsp&efg=eyJ2ZW5jb2RlX3RhZyI6Inhwdl9wcm9ncmVzc2l2ZS5JTlNUQUdSQU0uQ0xJUFMuQzMuNzIwLmRhc2hfYmFzZWxpbmVfMV92MSIsInhwdl9hc3NldF9pZCI6OTQxMTU1ODcwOTgzOTgzLCJhc3NldF9hZ2VfZGF5cyI6ODE3LCJ2aV91c2VjYXNlX2lkIjoxMDA5OSwiZHVyYXRpb25fcyI6ODUsInVybGdlbl9zb3VyY2UiOiJ3d3cifQ%3D%3D&ccb=17-1&vs=fc50a20f9e7c3e38&_nc_vs=HBksFQIYT2lnX3hwdl9yZWVsc19wZXJtYW5lbnRfcHJvZC8wNzQ4RjgxODUzQ0IxNzE5NzUwMkU2NTM0M0E2MDc5OF92aWRlb19kYXNoaW5pdC5tcDQVAALIARIAFQIYOnBhc3N0aHJvdWdoX2V2ZXJzdG9yZS9HUDBRRWhxV29rQjZTMXdEQUVOaUI4RHRfVU12YnFfRUFBQUYVAgLIARIAKAAYABsCiAd1c2Vfb2lsATEScHJvZ3Jlc3NpdmVfcmVjaXBlATEVAAAm3pzy1b3-qwMVAigCQzMsF0BVap--dsi0GBJkYXNoX2Jhc2VsaW5lXzFfdjERAHX-B2XmnQEA&_nc_gid=MY8T11Q7vp0dBf5PfAkawQ&_nc_ss=7a22e&_nc_zt=28&oh=00_AQAeormRmr8I0w5ryvSKZ4kvdaiUrs4wzwsWRiRDjcKMMw&oe=6A51C50D
C5mQit8P0Sz,https://www.instagram.com/reel/C5mQit8P0Sz/,"A Estrutura IHC te força a fazer o seu roteiro chamar atenção, gerar conexão e transformar a venda em algo natural. Quando você posiciona o seu produto como MORAL DA HISTÓRIA, a mente humana naturalmente vai sentir que aquilo que você quer vender faz sentido. Em resumo, essa é a fórmula perfeita para você ensinar e convencer alguém a alguma coisa. Escreve Plano B se você aceita o desafio! 🔔",1712790250,1196660,63432,88.93299865722656,clips,https://scontent-poa1-1.cdninstagram.com/o1/v/t2/f2/m82/AQOP8tSDwNpDIAhtsES1cikJpV_x4jo9CPSac8RF340ZeLhgUt8HWsqvwOh1ETEUj3XzKXKLhDKUY8jEdmBsITcWCLariJddQKlqgJk.mp4?_nc_cat=102&_nc_sid=5e9851&_nc_ht=scontent-poa1-1.cdninstagram.com&_nc_ohc=9LiE0BBHBaUQ7kNvwFXyvqM&efg=eyJ2ZW5jb2RlX3RhZyI6Inhwdl9wcm9ncmVzc2l2ZS5JTlNUQUdSQU0uQ0xJUFMuQzMuNzIwLmRhc2hfYmFzZWxpbmVfMV92MSIsInhwdl9hc3NldF9pZCI6MTA4ODA3NjI4ODkxODY1MSwiYXNzZXRfYWdlX2RheXMiOjgxOSwidmlfdXNlY2FzZV9pZCI6MTAwOTksImR1cmF0aW9uX3MiOjg4LCJ1cmxnZW5fc291cmNlIjoid3d3In0%3D&ccb=17-1&vs=484655bbd506ace1&_nc_vs=HBksFQIYT2lnX3hwdl9yZWVsc19wZXJtYW5lbnRfcHJvZC9ENjQ2QkExRjg3RTI3NzFBNEVEMDUwMDlDOEQ2RTZCMl92aWRlb19kYXNoaW5pdC5tcDQVAALIARIAFQIYOnBhc3N0aHJvdWdoX2V2ZXJzdG9yZS9HS1JpX3huWUtYV01YeTBGQUxhbm5qTFBoNngwYnFfRUFBQUYVAgLIARIAKAAYABsCiAd1c2Vfb2lsATEScHJvZ3Jlc3NpdmVfcmVjaXBlATEVAAAm9pGEi7Dm7gMVAigCQzMsF0BWOwIMSbpeGBJkYXNoX2Jhc2VsaW5lXzFfdjERAHX-B2XmnQEA&_nc_gid=MY8T11Q7vp0dBf5PfAkawQ&_nc_ss=7a22e&_nc_zt=28&oh=00_AQAdtCMDe_PQGBm-6YI9xVoVhisOGIP-C3y6KazqpUHmrw&oe=6A51C283
C5jw2elrbs7,https://www.instagram.com/reel/C5jw2elrbs7/,"Não é que eu não prestava pro Plano A, ele que não se encaixava em mim. Por muito tempo eu me senti culpada por isso, por muito tempo eu segui a cartilha por obrigação. Mas tudo mudou quando eu tive coragem de dizer não pro PLANO A, o plano que os outros tinham pra mim e criei o PLANO B. O Plano que eu decidi viver. No dia 25 eu vou te apresentar o plano pra que você faça o mesmo e viva a vida nos teus termos. 🔔 Prontos? Escreva PLANO B nos comentários e dia 25 a gente se encontra.",1712704709,116383,5769,87.33699798583984,clips,https://scontent-poa1-1.cdninstagram.com/o1/v/t2/f2/m82/AQMAnqf21N430Tmu95Wpi18jKDwFpYLecKRRyDz1Bui4ehrNn9LJekC0hD5Z_2o9kqEUakIiu99u2wRBbM2K4tJOLTAMtqnc5AqaCG8.mp4?_nc_cat=110&_nc_sid=5e9851&_nc_ht=scontent-poa1-1.cdninstagram.com&_nc_ohc=n-1e7f1Dt7cQ7kNvwH459FY&efg=eyJ2ZW5jb2RlX3RhZyI6Inhwdl9wcm9ncmVzc2l2ZS5JTlNUQUdSQU0uQ0xJUFMuQzMuNzIwLmRhc2hfYmFzZWxpbmVfMV92MSIsInhwdl9hc3NldF9pZCI6MzcyMjU3ODAxMTQwMTkzMiwiYXNzZXRfYWdlX2RheXMiOjgyMCwidmlfdXNlY2FzZV9pZCI6MTAwOTksImR1cmF0aW9uX3MiOjg3LCJ1cmxnZW5fc291cmNlIjoid3d3In0%3D&ccb=17-1&vs=bfd1ebde201cce3e&_nc_vs=HBksFQIYT2lnX3hwdl9yZWVsc19wZXJtYW5lbnRfcHJvZC85QTRBOUY5QkM1OTY4QzlFNDQ1REExNDMyQjk4NEZBMl92aWRlb19kYXNoaW5pdC5tcDQVAALIARIAFQIYOnBhc3N0aHJvdWdoX2V2ZXJzdG9yZS9HSWZwQUJxSVA2cjVpazRKQU9ibFpIbk0xZmczYnFfRUFBQUYVAgLIARIAKAAYABsCiAd1c2Vfb2lsATEScHJvZ3Jlc3NpdmVfcmVjaXBlATEVAAAmmLulwMfqnA0VAigCQzMsF0BV1ZFocrAhGBJkYXNoX2Jhc2VsaW5lXzFfdjERAHX-B2XmnQEA&_nc_gid=MY8T11Q7vp0dBf5PfAkawQ&_nc_ss=7a22e&_nc_zt=28&oh=00_AQCMFaEFVy-YppeMp0J5irdcqH9wKkBii4gRJk7bWQVWpA&oe=6A51CFCB
C5i0FJjLwEB,https://www.instagram.com/reel/C5i0FJjLwEB/,"Pode reparar, prestamos mais atenção quando temos estímulos visuais dentro do vídeo. 🍅 É claro que segurar um maracujá não vai te fazer viralizar, mas ao entender como a mente funciona, podemos usar os princípios ao nosso favor. Escreve MARTELO pra aceitar o desafio. 🔔",1712673746,208984,11626,68.56800079345703,clips,https://scontent-poa1-1.cdninstagram.com/o1/v/t2/f2/m82/AQOdoSFJChu6239vzqaM4EY7yMaj5v0IzC1wH8Sc-bOEwMBd_5qozIXrpAxRPsxnq5JwIqIcwQb7QVq_87zkH746KCVB7AcjQu5D_ik.mp4?_nc_cat=110&_nc_sid=5e9851&_nc_ht=scontent-poa1-1.cdninstagram.com&_nc_ohc=hYzrWQBFtugQ7kNvwGfxCPx&efg=eyJ2ZW5jb2RlX3RhZyI6Inhwdl9wcm9ncmVzc2l2ZS5JTlNUQUdSQU0uQ0xJUFMuQzMuNzIwLmRhc2hfYmFzZWxpbmVfMV92MSIsInhwdl9hc3NldF9pZCI6MzUzOTE5NjgzNjM5MTAwNSwiYXNzZXRfYWdlX2RheXMiOjgyMSwidmlfdXNlY2FzZV9pZCI6MTAwOTksImR1cmF0aW9uX3MiOjY4LCJ1cmxnZW5fc291cmNlIjoid3d3In0%3D&ccb=17-1&vs=cce049041c66723f&_nc_vs=HBksFQIYT2lnX3hwdl9yZWVsc19wZXJtYW5lbnRfcHJvZC8yNTQyMTBDQ0ZCQ0ZDOTA2NTg5ODVFMzk2ODI3MjE4QV92aWRlb19kYXNoaW5pdC5tcDQVAALIARIAFQIYOnBhc3N0aHJvdWdoX2V2ZXJzdG9yZS9HS3ZlX2hscHhCdGZpZGNEQUxaR0xnUU9YbXBPYnFfRUFBQUYVAgLIARIAKAAYABsCiAd1c2Vfb2lsATEScHJvZ3Jlc3NpdmVfcmVjaXBlATEVAAAmuqHJo6-4yQwVAigCQzMsF0BRJFocrAgxGBJkYXNoX2Jhc2VsaW5lXzFfdjERAHX-B2XmnQEA&_nc_gid=MY8T11Q7vp0dBf5PfAkawQ&_nc_ss=7a22e&_nc_zt=28&oh=00_AQCDCl1_eJjIAGNmw9j4ep6OlGXB_a7dA03s71p4zO00jA&oe=6A51C807
C5hFFUnLCzN,https://www.instagram.com/reel/C5hFFUnLCzN/,"Se um já é bom, dois é sensacional! Unir forças com outro criador de conteúdo que fala de um assunto complementar ao seu tem muitas vantagens para ambas as partes. Mais conexão. Mais engajamento. Mais história pra contar! Por isso, Collab Criativa é a carta do desafio de hoje. 🔔 Escreve seu nicho pra encontrar sua dupla, e escreve COLLAB pra aceitar o desafio!",1712615395,269295,13066,69.61100006103516,clips,https://scontent-poa1-1.cdninstagram.com/o1/v/t2/f2/m82/AQOw4TNFYfysAO_SZE8RmUthJoM0eyLddmLzJMc6GCA-oMxyPURHZOQTd66FSgpvZyInwFBr001eeEFjCMAYj9cRup04ePWHGqyfi1M.mp4?_nc_cat=100&_nc_sid=5e9851&_nc_ht=scontent-poa1-1.cdninstagram.com&_nc_ohc=8RP6T7Eu7_8Q7kNvwF8hQxr&efg=eyJ2ZW5jb2RlX3RhZyI6Inhwdl9wcm9ncmVzc2l2ZS5JTlNUQUdSQU0uQ0xJUFMuQzMuNzIwLmRhc2hfYmFzZWxpbmVfMV92MSIsInhwdl9hc3NldF9pZCI6ODA3MDI3NTE0NjIwODI0LCJhc3NldF9hZ2VfZGF5cyI6ODIxLCJ2aV91c2VjYXNlX2lkIjoxMDA5OSwiZHVyYXRpb25fcyI6NjksInVybGdlbl9zb3VyY2UiOiJ3d3cifQ%3D%3D&ccb=17-1&vs=3024c22529293548&_nc_vs=HBksFQIYT2lnX3hwdl9yZWVsc19wZXJtYW5lbnRfcHJvZC8wRTQyMUE4NkQ0OTRDNjk5N0U2OEM5MUYzMDg5NDI5RV92aWRlb19kYXNoaW5pdC5tcDQVAALIARIAFQIYOnBhc3N0aHJvdWdoX2V2ZXJzdG9yZS9HT0s1QVJyLURIRU9OLVVFQUQwTWxPYnB0ZDlVYnFfRUFBQUYVAgLIARIAKAAYABsCiAd1c2Vfb2lsATEScHJvZ3Jlc3NpdmVfcmVjaXBlATEVAAAmsO6pxZf_7gIVAigCQzMsF0BRZxqfvnbJGBJkYXNoX2Jhc2VsaW5lXzFfdjERAHX-B2XmnQEA&_nc_gid=MY8T11Q7vp0dBf5PfAkawQ&_nc_ss=7a22e&_nc_zt=28&oh=00_AQDvUrkVaeOVRwWeLwezWhnCgk9Z97gjbOETVj8iKNqMmg&oe=6A51CE39
C5erTWUrYK8,https://www.instagram.com/reel/C5erTWUrYK8/,"Ahh se fosse pra falar o que eu realmente penso…. A carta de SARCASMO te ajuda a transformar haters em conteúdo, olha que beleza! 🥰 🔔 Pra ter outras ideias de conteúdo criativo, escreve SARCASMO:",1712534048,89073,3534,80.87200164794922,clips,https://scontent-poa1-1.cdninstagram.com/o1/v/t2/f2/m82/AQMZmB5YnnR4vbDqc6AarSBff2zRAhjsFU5CTljorcx0OXi_VX1otRXxdV5YWwlR7EcXh0cfBZuShP3NjyUsdcSYhwvkcEqLlYWCz54.mp4?_nc_cat=107&_nc_sid=5e9851&_nc_ht=scontent-poa1-1.cdninstagram.com&_nc_ohc=ffzFSn5NT9MQ7kNvwHUhUIh&efg=eyJ2ZW5jb2RlX3RhZyI6Inhwdl9wcm9ncmVzc2l2ZS5JTlNUQUdSQU0uQ0xJUFMuQzMuNzIwLmRhc2hfYmFzZWxpbmVfMV92MSIsInhwdl9hc3NldF9pZCI6MTk4NzAzNzQ3MTY5MjcyOCwiYXNzZXRfYWdlX2RheXMiOjgyMiwidmlfdXNlY2FzZV9pZCI6MTAwOTksImR1cmF0aW9uX3MiOjgwLCJ1cmxnZW5fc291cmNlIjoid3d3In0%3D&ccb=17-1&vs=f4707be83f3e8a7f&_nc_vs=HBksFQIYT2lnX3hwdl9yZWVsc19wZXJtYW5lbnRfcHJvZC9GMzQ4RjlBNDdCMTdBNDY2NDlCRUU0NUU3MTkyMzc5Nl92aWRlb19kYXNoaW5pdC5tcDQVAALIARIAFQIYOnBhc3N0aHJvdWdoX2V2ZXJzdG9yZS9HUGV4QUJyRGNYWG93azBEQURRanA3emRqWDBLYnFfRUFBQUYVAgLIARIAKAAYABsCiAd1c2Vfb2lsATEScHJvZ3Jlc3NpdmVfcmVjaXBlATEVAAAm8N6-6ubMhwcVAigCQzMsF0BUN87ZFocrGBJkYXNoX2Jhc2VsaW5lXzFfdjERAHX-B2XmnQEA&_nc_gid=XZK4290Ir0ExBd7CEkPPfw&_nc_ss=7a22e&_nc_zt=28&oh=00_AQBjsmGKjnxLUjmKA2C0uXflLElx-uJ5dGsVhve0iWHNtw&oe=6A51D098
C5eLY4cPg6i,https://www.instagram.com/reel/C5eLY4cPg6i/,"Se você não tem nem uma parede branca em casa, não se preocupe! Sua cidade é o melhor e mais barato cenário que você pode ter. 🌳🌺 🔔 Pra ter mais referências, escreve CIDADE:",1712517129,148168,5882,78.3280029296875,clips,https://scontent-poa1-1.cdninstagram.com/o1/v/t2/f2/m82/AQO7TFcHm4y56I0NbKYGmx0FJ97nw96T4U-z0vsjKJOBznTqWuRvbt1W6lh7LZH0Z4myZYfR4oQ3QMH2aVhzeMH0fJ5wZHYP-73Szvs.mp4?_nc_cat=111&_nc_sid=5e9851&_nc_ht=scontent-poa1-1.cdninstagram.com&_nc_ohc=FwVRAa4ZkwUQ7kNvwF_liYI&efg=eyJ2ZW5jb2RlX3RhZyI6Inhwdl9wcm9ncmVzc2l2ZS5JTlNUQUdSQU0uQ0xJUFMuQzMuNzIwLmRhc2hfYmFzZWxpbmVfMV92MSIsInhwdl9hc3NldF9pZCI6MTY0NzMyODU2MjcwNjM2MSwiYXNzZXRfYWdlX2RheXMiOjgyMywidmlfdXNlY2FzZV9pZCI6MTAwOTksImR1cmF0aW9uX3MiOjc4LCJ1cmxnZW5fc291cmNlIjoid3d3In0%3D&ccb=17-1&vs=6eb500db5ff1f68b&_nc_vs=HBksFQIYT2lnX3hwdl9yZWVsc19wZXJtYW5lbnRfcHJvZC9BNjRFMTdDMTlEMUZBODcxQjg1Rjk4MURDMzQwODg5Rl92aWRlb19kYXNoaW5pdC5tcDQVAALIARIAFQIYOnBhc3N0aHJvdWdoX2V2ZXJzdG9yZS9HSDcxREJxSVRLakpKMEVGQUR6cEVPazVFczhTYnFfRUFBQUYVAgLIARIAKAAYABsCiAd1c2Vfb2lsATEScHJvZ3Jlc3NpdmVfcmVjaXBlATEVAAAm8t73nJKP7QUVAigCQzMsF0BTlP3ztkWiGBJkYXNoX2Jhc2VsaW5lXzFfdjERAHX-B2XmnQEA&_nc_gid=XZK4290Ir0ExBd7CEkPPfw&_nc_ss=7a22e&_nc_zt=28&oh=00_AQD_B9Sv8_o_SgMcCT2IPpr2ZIi06Oopd0h-25exV8_3Iw&oe=6A51BFE0
C5b-ilCvfFr,https://www.instagram.com/reel/C5b-ilCvfFr/,"Esse é o segredo das páginas de fofoca pra serem tão engajadas nas redes sociais: Teoria da Lacuna da Curiosidade. 🔔 Se você quer um banco ideias pra aplicar, escreva CURIOSIDADE:",1712443721,106776,4928,70.19499969482422,clips,https://scontent-poa1-1.cdninstagram.com/o1/v/t2/f2/m82/AQOyzpSHn1bgzmplsBMtGP4cHxjc7HUNdImAXUTOViNWWDZsQMBmhewrwsJx7C2nDY6s7UgoHJNv4jIHVrmjdEBObiUdns9ZLTdVmFI.mp4?_nc_cat=102&_nc_sid=5e9851&_nc_ht=scontent-poa1-1.cdninstagram.com&_nc_ohc=RXNvCKgcnaoQ7kNvwEnjiVi&efg=eyJ2ZW5jb2RlX3RhZyI6Inhwdl9wcm9ncmVzc2l2ZS5JTlNUQUdSQU0uQ0xJUFMuQzMuNzIwLmRhc2hfYmFzZWxpbmVfMV92MSIsInhwdl9hc3NldF9pZCI6NDQ0MDc2NjI4MDgzNjQxLCJhc3NldF9hZ2VfZGF5cyI6ODIzLCJ2aV91c2VjYXNlX2lkIjoxMDA5OSwiZHVyYXRpb25fcyI6NzAsInVybGdlbl9zb3VyY2UiOiJ3d3cifQ%3D%3D&ccb=17-1&vs=24240fb46d7af408&_nc_vs=HBksFQIYT2lnX3hwdl9yZWVsc19wZXJtYW5lbnRfcHJvZC83MTQ2REQ2ODFENzkwNjJGN0FFMjBGNjY3MzE1RUJBOF92aWRlb19kYXNoaW5pdC5tcDQVAALIARIAFQIYOnBhc3N0aHJvdWdoX2V2ZXJzdG9yZS9HT3lSX1JsSGkwMzUyWFFiQUwyRklTcE1Hc2xoYnFfRUFBQUYVAgLIARIAKAAYABsCiAd1c2Vfb2lsATEScHJvZ3Jlc3NpdmVfcmVjaXBlATEVAAAm8o7c2tT4yQEVAigCQzMsF0BRjHrhR64UGBJkYXNoX2Jhc2VsaW5lXzFfdjERAHX-B2XmnQEA&_nc_gid=XZK4290Ir0ExBd7CEkPPfw&_nc_ss=7a22e&_nc_zt=28&oh=00_AQB1OlbEsjaLHza2XEN8g0HXYaDQTBLBMUYndMkibnk90g&oe=6A51E3DB
C5ZZYYGrB_N,https://www.instagram.com/reel/C5ZZYYGrB_N/,"Xôxa, capenga, anêmica, frágil e inconsistente kkk Um descanso merecido, e uma criadora pronta pra próxima fase do desafio! O VLOG é um formato que funciona desde sempre e é super simples de fazer. Deixei no trello algumas ideias que vão te ajudar a criar um vlog que funciona. 🔔 Comente “Vlog” pra aceitar o desafio:",1712361802,110671,4017,89.76599884033203,clips,https://scontent-poa1-1.cdninstagram.com/o1/v/t2/f2/m82/AQPa_FGhlGlSjxrKJeks6DhQuswBH_4NV8gWJY1DedyFpwshON5j4A73R3TqlwYH1zkD46lrwmoCMQiYB-efFWsHpwnGoLred0Hqli4.mp4?_nc_cat=100&_nc_sid=5e9851&_nc_ht=scontent-poa1-1.cdninstagram.com&_nc_ohc=QuAHAFqWdL4Q7kNvwHPU6U3&efg=eyJ2ZW5jb2RlX3RhZyI6Inhwdl9wcm9ncmVzc2l2ZS5JTlNUQUdSQU0uQ0xJUFMuQzMuNzIwLmRhc2hfYmFzZWxpbmVfMV92MSIsInhwdl9hc3NldF9pZCI6ODAzNzUyODU4NDM2ODQwLCJhc3NldF9hZ2VfZGF5cyI6ODI0LCJ2aV91c2VjYXNlX2lkIjoxMDA5OSwiZHVyYXRpb25fcyI6ODksInVybGdlbl9zb3VyY2UiOiJ3d3cifQ%3D%3D&ccb=17-1&vs=6fb5584310803d14&_nc_vs=HBksFQIYT2lnX3hwdl9yZWVsc19wZXJtYW5lbnRfcHJvZC9CRjRBMzIzRTQ3QTRCOUJCQkVDQUEwNzIzNEJCQjBBN192aWRlb19kYXNoaW5pdC5tcDQVAALIARIAFQIYOnBhc3N0aHJvdWdoX2V2ZXJzdG9yZS9HQVZyOWhrZHJlZkM0MFVCQUVDTEtUTXlLZVoxYnFfRUFBQUYVAgLIARIAKAAYABsCiAd1c2Vfb2lsATEScHJvZ3Jlc3NpdmVfcmVjaXBlATEVAAAm0JPqucnA7QIVAigCQzMsF0BWcAAAAAAAGBJkYXNoX2Jhc2VsaW5lXzFfdjERAHX-B2XmnQEA&_nc_gid=XZK4290Ir0ExBd7CEkPPfw&_nc_ss=7a22e&_nc_zt=28&oh=00_AQDTR9yDPX36PjmFtKu6km0A60NEv9vcLy7mvJwyim2vUQ&oe=6A51DBD9
C5UVDlmr6g7,https://www.instagram.com/reel/C5UVDlmr6g7/,"Quem aí nunca se relacionou? Difícil achar alguém… por isso, observamos que RELACIONAMENTO é um Tema Interessante, já que se relaciona com a maior parte das pessoas. Mas não é só ele…. morte, autoconhecimento, traumas… 🔔 Se você aceita o desafio, escreve Tema Interessante:",1712186785,97604,3057,88.3270034790039,clips,https://scontent-poa1-1.cdninstagram.com/o1/v/t2/f2/m82/AQO2y0dV1sCGxHPlnBVJc8PZC4SzubyU2wOVbDOszH9Tng9KKhXEi7EoMGg7LEp9DHv3X8UyMl1hVbZld8yHLGVM9LgDUc9HtcUaqnw.mp4?_nc_cat=108&_nc_sid=5e9851&_nc_ht=scontent-poa1-1.cdninstagram.com&_nc_ohc=NICW_6oWN6MQ7kNvwGp7Ry7&efg=eyJ2ZW5jb2RlX3RhZyI6Inhwdl9wcm9ncmVzc2l2ZS5JTlNUQUdSQU0uQ0xJUFMuQzMuNzIwLmRhc2hfYmFzZWxpbmVfMV92MSIsInhwdl9hc3NldF9pZCI6ODYwMjcxNTY5NDc0MTMxLCJhc3NldF9hZ2VfZGF5cyI6ODI2LCJ2aV91c2VjYXNlX2lkIjoxMDA5OSwiZHVyYXRpb25fcyI6ODgsInVybGdlbl9zb3VyY2UiOiJ3d3cifQ%3D%3D&ccb=17-1&vs=6739b34983b2a913&_nc_vs=HBksFQIYT2lnX3hwdl9yZWVsc19wZXJtYW5lbnRfcHJvZC9FMDQ4REI2NTlERTYzQTMxQTJCMDQ2MTk2NjE4MjNBNV92aWRlb19kYXNoaW5pdC5tcDQVAALIARIAFQIYRmlnX3hwdl9yZWVsc19wZXJtYW5lbnRfc3JfcHJvZC8zOTI0NjY4NjAyNTk3OTRfMjU5MjEwODMzMjQ4NTExNDcyNS5tcDQVAgLIARIAKAAYABsCiAd1c2Vfb2lsATEScHJvZ3Jlc3NpdmVfcmVjaXBlATEVAAAmpsn41LKahwMVAigCQzMsF0BWEzMzMzMzGBJkYXNoX2Jhc2VsaW5lXzFfdjERAHX-B2XmnQEA&_nc_gid=XZK4290Ir0ExBd7CEkPPfw&_nc_ss=7a22e&_nc_zt=28&oh=00_AQAmc77EIb11UDwxKvShtXXruDKu4pFlzt5hIEcYDef_Hg&oe=6A51C4A5
C5RpujZrqQ6,https://www.instagram.com/reel/C5RpujZrqQ6/,"Suas expressões comunicam mais rápido do que aquilo que você fala. Porque não começar a usar a seu favor?! 🗣️ Essa é uma das formas mais fáceis de deixar o seu vídeo visualmente estimulante, envolvente e com forte conexão emocional com a sua audiência. Aceita o desafio? 🔔 Escreve Roteiro Visual:",1712097451,4291457,118052,57.70000076293945,clips,https://scontent-poa1-1.cdninstagram.com/o1/v/t2/f2/m82/AQOvFnFUwfKMH1XvipTPQ5vM0GJqmYDiHW9_qmJa0pEE0JEXW9EYkkOPOkO4OBpXozLYaqx-dCOz4J2A1EaYacLFMmyQ6uAsQn9211A.mp4?_nc_cat=106&_nc_sid=5e9851&_nc_ht=scontent-poa1-1.cdninstagram.com&_nc_ohc=NuzswCp_yGIQ7kNvwGv018-&efg=eyJ2ZW5jb2RlX3RhZyI6Inhwdl9wcm9ncmVzc2l2ZS5JTlNUQUdSQU0uQ0xJUFMuQzMuNzIwLmRhc2hfYmFzZWxpbmVfMV92MSIsInhwdl9hc3NldF9pZCI6MzkyNTE5NjAzNzAzMzAyLCJhc3NldF9hZ2VfZGF5cyI6ODI3LCJ2aV91c2VjYXNlX2lkIjoxMDA5OSwiZHVyYXRpb25fcyI6NTcsInVybGdlbl9zb3VyY2UiOiJ3d3cifQ%3D%3D&ccb=17-1&vs=8625db0b0b4400c&_nc_vs=HBksFQIYT2lnX3hwdl9yZWVsc19wZXJtYW5lbnRfcHJvZC9GRDQ2MUNFQjlBQjgyQTE4NTIyNjUwNzcwQjkxNjdCN192aWRlb19kYXNoaW5pdC5tcDQVAALIARIAFQIYOnBhc3N0aHJvdWdoX2V2ZXJzdG9yZS9HTF9mOUJuQkJRbVhfS1FCQUY3RnoydGUxNFFjYnFfRUFBQUYVAgLIARIAKAAYABsCiAd1c2Vfb2lsATEScHJvZ3Jlc3NpdmVfcmVjaXBlATEVAAAmjLje-NK_sgEVAigCQzMsF0BM3KwIMSbpGBJkYXNoX2Jhc2VsaW5lXzFfdjERAHX-B2XmnQEA&_nc_gid=XZK4290Ir0ExBd7CEkPPfw&_nc_ss=7a22e&_nc_zt=28&oh=00_AQAp2CyN5JUZl-b9vl8Wrbuos7x9MbkMB4G8JQCU1qnvyg&oe=6A51E613
C5PQZy7Lbma,https://www.instagram.com/reel/C5PQZy7Lbma/,"Fale sobre o que as pessoas já querem conversar! 🗣️ Por isso a carta do desafio de hoje faz tanto sentido. Fique de olho nos assuntos em alta e fale sobre eles o mais rápido possível. 🔔 Pra aceitar o desafio, basta escrever TIMING:",1712016611,151010,7588,72.06600189208984,clips,https://scontent-poa1-1.cdninstagram.com/o1/v/t2/f2/m82/AQMpe3xRwf_ExTZNEb0l_oAXLGd2pMtQbicNzmMlMX7r15HUbFp0gSOyfX7AYUsSQ8LbLmwoKfBT9_c73pU_uFaScv_8DBENEeTuCpM.mp4?_nc_cat=104&_nc_sid=5e9851&_nc_ht=scontent-poa1-1.cdninstagram.com&_nc_ohc=dQ_MtNwQh6kQ7kNvwFonFGE&efg=eyJ2ZW5jb2RlX3RhZyI6Inhwdl9wcm9ncmVzc2l2ZS5JTlNUQUdSQU0uQ0xJUFMuQzMuNzIwLmRhc2hfYmFzZWxpbmVfMV92MSIsInhwdl9hc3NldF9pZCI6NDQ2MTAzNjU0NTE5NDI3LCJhc3NldF9hZ2VfZGF5cyI6ODI4LCJ2aV91c2VjYXNlX2lkIjoxMDA5OSwiZHVyYXRpb25fcyI6NzIsInVybGdlbl9zb3VyY2UiOiJ3d3cifQ%3D%3D&ccb=17-1&vs=6fa3c816e4a1e4cb&_nc_vs=HBksFQIYT2lnX3hwdl9yZWVsc19wZXJtYW5lbnRfcHJvZC80MDRGNTc0MEZDNDY4NzcyNURBQ0MwQzhFRDgxOUE4MV92aWRlb19kYXNoaW5pdC5tcDQVAALIARIAFQIYOnBhc3N0aHJvdWdoX2V2ZXJzdG9yZS9HSDZCN1JudGRJZmF2dVlBQUpCb3dmOWRFOTB5YnFfRUFBQUYVAgLIARIAKAAYABsCiAd1c2Vfb2lsATEScHJvZ3Jlc3NpdmVfcmVjaXBlATEVAAAmhsrindPuygEVAigCQzMsF0BSBDlYEGJOGBJkYXNoX2Jhc2VsaW5lXzFfdjERAHX-B2XmnQEA&_nc_gid=XZK4290Ir0ExBd7CEkPPfw&_nc_ss=7a22e&_nc_zt=28&oh=00_AQCwws8h5DWR70wweHpk1i6Ximce-UiqVtobga70-2PFzw&oe=6A51DF49
C5McueRPgwb,https://www.instagram.com/reel/C5McueRPgwb/,"A criatividade é um processo de remixar ideias existentes. Pegar um pouco de um, um pouco de outro e unir com sua própria história! O desafio de hoje é pegar uma referência externa e trazer para seu próximo vídeo. Aceita o desafio? 🔔 Escreve FURTO CRIATIVO pra ter acesso à minha lista de perfis secreta, lá no trello:",1711922365,164698,9149,60.090999603271484,clips,https://scontent-poa1-1.cdninstagram.com/o1/v/t2/f2/m82/AQOlNHFqAT5VDo8jfpGtMSzVS9LWJTgGh9d1urmzPMytNK7NwrPZ1U4U7cu-SkDkfRnZJu3xniOlHINxCZR7Ir6KQkLKhopuIrEkzE4.mp4?_nc_cat=106&_nc_sid=5e9851&_nc_ht=scontent-poa1-1.cdninstagram.com&_nc_ohc=PXH4QMyCtn0Q7kNvwE8n6Ju&efg=eyJ2ZW5jb2RlX3RhZyI6Inhwdl9wcm9ncmVzc2l2ZS5JTlNUQUdSQU0uQ0xJUFMuQzMuNzIwLmRhc2hfYmFzZWxpbmVfMV92MSIsInhwdl9hc3NldF9pZCI6MjQzODExMTU4OTcyMDYwNywiYXNzZXRfYWdlX2RheXMiOjgyOSwidmlfdXNlY2FzZV9pZCI6MTAwOTksImR1cmF0aW9uX3MiOjYwLCJ1cmxnZW5fc291cmNlIjoid3d3In0%3D&ccb=17-1&vs=3131823d97eeb223&_nc_vs=HBksFQIYT2lnX3hwdl9yZWVsc19wZXJtYW5lbnRfcHJvZC82NzQ1MkQ5MjUyNUE5MjgzQUU4MjNGMThFNEEwNTJCRF92aWRlb19kYXNoaW5pdC5tcDQVAALIARIAFQIYOnBhc3N0aHJvdWdoX2V2ZXJzdG9yZS9HS3VuNnhsb2lOZUE5VllCQUlLbjhfZENJcTAtYnFfRUFBQUYVAgLIARIAKAAYABsCiAd1c2Vfb2lsATEScHJvZ3Jlc3NpdmVfcmVjaXBlATEVAAAmvojT8-Lc1AgVAigCQzMsF0BOCp--dsi0GBJkYXNoX2Jhc2VsaW5lXzFfdjERAHX-B2XmnQEA&_nc_gid=XZK4290Ir0ExBd7CEkPPfw&_nc_ss=7a22e&_nc_zt=28&oh=00_AQDQPW6qL9kf_5lByV3dcxzXOcY65dWLnW3JvJd9XGG5mw&oe=6A51C4D3
C5J-sUyv40z,https://www.instagram.com/reel/C5J-sUyv40z/,"Estrutura de Roteiro foi uma pecinha que mudou tudo! 🧩 Nossa mente interpreta as informações com começo, meio e fim. Então escrever seus vídeos com essa estrutura vai fazer as pessoas naturalmente se interessarem mais pelo o que você está falando. 🔔 Aceita o desafio? Escreve ROTEIRO pra participar:",1711839946,3320152,69613,79.34100341796875,clips,https://scontent-poa1-1.cdninstagram.com/o1/v/t2/f2/m82/AQPJ8r2tZ44Tmmm73l5YPPEglqWmrwoK8OX6ihvm5eFhxq9WMBaKDVoRpjb1__FZ6_CCNgdXMLbxBBob91Qp9uv5a1WwPAAWLu9zfDU.mp4?_nc_cat=106&_nc_sid=5e9851&_nc_ht=scontent-poa1-1.cdninstagram.com&_nc_ohc=vi_DZVpEG0UQ7kNvwG_z-ce&efg=eyJ2ZW5jb2RlX3RhZyI6Inhwdl9wcm9ncmVzc2l2ZS5JTlNUQUdSQU0uQ0xJUFMuQzMuNzIwLmRhc2hfYmFzZWxpbmVfMV92MSIsInhwdl9hc3NldF9pZCI6NDUxODU2NDA3MjM5OTQ5LCJhc3NldF9hZ2VfZGF5cyI6ODMwLCJ2aV91c2VjYXNlX2lkIjoxMDA5OSwiZHVyYXRpb25fcyI6NzksInVybGdlbl9zb3VyY2UiOiJ3d3cifQ%3D%3D&ccb=17-1&vs=c3a215bc8973f17c&_nc_vs=HBksFQIYT2lnX3hwdl9yZWVsc19wZXJtYW5lbnRfcHJvZC9DQzQ3NkNFRUUzREQ1OEU2MThBM0UxRjY3OURBQzZBMl92aWRlb19kYXNoaW5pdC5tcDQVAALIARIAFQIYOnBhc3N0aHJvdWdoX2V2ZXJzdG9yZS9HTmdmNXhsVkVpT2RnUlFFQUk5NTBpS1lKVVkwYnFfRUFBQUYVAgLIARIAKAAYABsCiAd1c2Vfb2lsATEScHJvZ3Jlc3NpdmVfcmVjaXBlATEVAAAmmvSkysC9zQEVAigCQzMsF0BT1U_fO2RaGBJkYXNoX2Jhc2VsaW5lXzFfdjERAHX-B2XmnQEA&_nc_gid=XZK4290Ir0ExBd7CEkPPfw&_nc_ss=7a22e&_nc_zt=28&oh=00_AQAJz78dzfU67c7qqWMw5LFfSVwh0gztypiThJ1FA06RgA&oe=6A51CFF7
C5GnqQHLCgl,https://www.instagram.com/reel/C5GnqQHLCgl/,"Hoje você é uma visita no meu dia de gravação! A dica mais valiosa que as pessoas não sabem, é como usar o Google Docs ao seu favor. 👀 1. Método de gravação “frase a frase”: Eu leio uma frase no Doc, olho pra câmera e gravo ela. Se não ficou bom, eu regravo. 2. Eu uso a função “adicionar comentários” no Doc pra descrever as cenas do meu roteiro. Assim fica muito mais simples na hora de gravar. 🔔 Pra testar no seu vídeo, basta escrever DOC:",1711726999,3340408,62691,77.04199981689453,clips,https://scontent-poa1-1.cdninstagram.com/o1/v/t2/f2/m82/AQOacSTXBmYZexlo2UcxarIInd9RRwSPCEQgYdiDLYUNHlTRVPHWKuYUz0iNc6mgGx-0ND5zMDAslhGHXp2hr29g1dzwSj6AIymr0_0.mp4?_nc_cat=101&_nc_sid=5e9851&_nc_ht=scontent-poa1-1.cdninstagram.com&_nc_ohc=U7E9AAnPncsQ7kNvwEmyBrP&efg=eyJ2ZW5jb2RlX3RhZyI6Inhwdl9wcm9ncmVzc2l2ZS5JTlNUQUdSQU0uQ0xJUFMuQzMuNzIwLmRhc2hfYmFzZWxpbmVfMV92MSIsInhwdl9hc3NldF9pZCI6OTYwODkyODg4MzYyMjkyLCJhc3NldF9hZ2VfZGF5cyI6ODMyLCJ2aV91c2VjYXNlX2lkIjoxMDA5OSwiZHVyYXRpb25fcyI6NzcsInVybGdlbl9zb3VyY2UiOiJ3d3cifQ%3D%3D&ccb=17-1&vs=9d7e8ad446779261&_nc_vs=HBksFQIYT2lnX3hwdl9yZWVsc19wZXJtYW5lbnRfcHJvZC85RDQ4MTY3QjEyOTQzRjYwQzRDNTc0MjNBQTEyNzA5N192aWRlb19kYXNoaW5pdC5tcDQVAALIARIAFQIYOnBhc3N0aHJvdWdoX2V2ZXJzdG9yZS9HTjFuNnhtTU9SSHZVSWdHQU5pc252VGk2RFlPYnFfRUFBQUYVAgLIARIAKAAYABsCiAd1c2Vfb2lsATEScHJvZ3Jlc3NpdmVfcmVjaXBlATEVAAAm6LS59Kn7tAMVAigCQzMsF0BTQp--dsi0GBJkYXNoX2Jhc2VsaW5lXzFfdjERAHX-B2XmnQEA&_nc_gid=XZK4290Ir0ExBd7CEkPPfw&_nc_ss=7a22e&_nc_zt=28&oh=00_AQA9Ap36KoLSbuJwAiEVpNI2mhgQe6sRtVr5xazWCatlrQ&oe=6A51E656
C5CVDAkrLhU,https://www.instagram.com/reel/C5CVDAkrLhU/,"Alguém explica? 🙄 Eu explico! 😏 Enxergar ele como babaca está nos olhos de quem vê, e eu só vejo intencionalidade - os números do seu perfil confirmam isso! O desafio de hoje, é tão estratégico quanto ele! Sabendo que o mundo é percebido através do contraste, quando você fala mal de alguém pra depois falar bem, o seu vídeo fica muito mais interessante! Aceita o desafio? 🔔 Escreve @gutogalamba 🤍",1711583013,2528558,38208,102.63300323486328,clips,https://scontent-poa1-1.cdninstagram.com/o1/v/t2/f2/m82/AQMOMlrAckFMMmZoXRxK7gops2gKVgXzcl67rXY_SV9ZdKcWQs0Cm51DGg2edcMdijkItNifl0JV9k3J_wNKpukpNUDXJPQ32otP1v4.mp4?_nc_cat=102&_nc_sid=5e9851&_nc_ht=scontent-poa1-1.cdninstagram.com&_nc_ohc=ctmCujhIkgsQ7kNvwELuxNk&efg=eyJ2ZW5jb2RlX3RhZyI6Inhwdl9wcm9ncmVzc2l2ZS5JTlNUQUdSQU0uQ0xJUFMuQzMuNzIwLmRhc2hfYmFzZWxpbmVfMV92MSIsInhwdl9hc3NldF9pZCI6MTc1ODU0MDg2MTMwMzMzOCwiYXNzZXRfYWdlX2RheXMiOjgzMywidmlfdXNlY2FzZV9pZCI6MTAwOTksImR1cmF0aW9uX3MiOjEwMiwidXJsZ2VuX3NvdXJjZSI6Ind3dyJ9&ccb=17-1&vs=87185bf82380bad6&_nc_vs=HBksFQIYT2lnX3hwdl9yZWVsc19wZXJtYW5lbnRfcHJvZC85RTQ2MEQ1Qjc5RDg0MzQ3ODgwNTE0NjAwRDZBODZBMF92aWRlb19kYXNoaW5pdC5tcDQVAALIARIAFQIYOnBhc3N0aHJvdWdoX2V2ZXJzdG9yZS9HT1JPNkJsMTlHVm03bDREQUVwcHRLcUd3S0lfYnFfRUFBQUYVAgLIARIAKAAYABsCiAd1c2Vfb2lsATEScHJvZ3Jlc3NpdmVfcmVjaXBlATEVAAAm1KjjtcbYnwYVAigCQzMsF0BZqAAAAAAAGBJkYXNoX2Jhc2VsaW5lXzFfdjERAHX-B2XmnQEA&_nc_gid=XZK4290Ir0ExBd7CEkPPfw&_nc_ss=7a22e&_nc_zt=28&oh=00_AQA47WyJrJDKwCur2v18tWYpry4WqX2sbfsfcK7CP1celA&oe=6A51D40F
C5BTgJrr6Bx,https://www.instagram.com/reel/C5BTgJrr6Bx/,"Assim como ângulos, brincar com a PROFUNDIDADE nos seus vídeos é uma maneira simples e trazer diferenciação e retenção pra você! Aceita o desafio de testar no próximo conteúdo? 🔔 Então escreve PROFUNDIDADE pra participar:",1711548353,225197,14924,67.70800018310547,clips,https://scontent-poa1-1.cdninstagram.com/o1/v/t2/f2/m82/AQNNDc5o5XH53MNtwGzF8WoGRAEkV94Le_Va_RgKLKc83xJuaY3AdQM7iASjRcBgYNtRVx79BiYaQeNEHW0Bqi5GUji17qHotUUQzJw.mp4?_nc_cat=110&_nc_sid=5e9851&_nc_ht=scontent-poa1-1.cdninstagram.com&_nc_ohc=vIwlqZ422pkQ7kNvwFcG7p9&efg=eyJ2ZW5jb2RlX3RhZyI6Inhwdl9wcm9ncmVzc2l2ZS5JTlNUQUdSQU0uQ0xJUFMuQzMuNzIwLmRhc2hfYmFzZWxpbmVfMV92MSIsInhwdl9hc3NldF9pZCI6MjAxMTU1ODU0NTkxMjEyMiwiYXNzZXRfYWdlX2RheXMiOjgzNCwidmlfdXNlY2FzZV9pZCI6MTAwOTksImR1cmF0aW9uX3MiOjY3LCJ1cmxnZW5fc291cmNlIjoid3d3In0%3D&ccb=17-1&vs=b3522317b14b934&_nc_vs=HBksFQIYT2lnX3hwdl9yZWVsc19wZXJtYW5lbnRfcHJvZC82RTRGOEFDQzZBREE0OEFFQ0UyOEVBN0MxRTc2QUZBNl92aWRlb19kYXNoaW5pdC5tcDQVAALIARIAFQIYOnBhc3N0aHJvdWdoX2V2ZXJzdG9yZS9HR0lNNVJsenZhc1laUGtEQUhyV1FUOVBSQ1JLYnFfRUFBQUYVAgLIARIAKAAYABsCiAd1c2Vfb2lsATEScHJvZ3Jlc3NpdmVfcmVjaXBlATEVAAAm9MSXiY_gkgcVAigCQzMsF0BQ7U_fO2RaGBJkYXNoX2Jhc2VsaW5lXzFfdjERAHX-B2XmnQEA&_nc_gid=XZK4290Ir0ExBd7CEkPPfw&_nc_ss=7a22e&_nc_zt=28&oh=00_AQATpdzhxcyYmWmJVXxkNIhzLnTtl3Plwe-QLvFfE3MIyQ&oe=6A51D627
C4-zLjELCam,https://www.instagram.com/reel/C4-zLjELCam/,"SEM NOÇÃO. Um absurdo. Isso precisa parar. Não faz o menor sentido vocês quererem reinventar a roda! Roubem um pouco de mim, um pouco de um gringo, um pouco do seu concorrente e por fim, coloque sua personalidade! 🤗 Roubar de 1 é cópia. Roubar de vários é inspiração. 🔔 Quem é aluno já sabe roubar com diferenciação! Escreva ARTISTA pra aprender a se diferenciar:",1711465091,125912,5852,90.00599670410156,clips,https://scontent-poa1-1.cdninstagram.com/o1/v/t2/f2/m82/AQPY5Zdj2eN2omkodmXGhFdCO6_XwEm3uFwohCRXK9nWD-meYZthqUoX4BdRiOWIE3d3k-dKhca0_ap-NQGNIrHZSaS9BgXZuV6qcgs.mp4?_nc_cat=103&_nc_sid=5e9851&_nc_ht=scontent-poa1-1.cdninstagram.com&_nc_ohc=WFD1T-X-A1UQ7kNvwGtzjAb&efg=eyJ2ZW5jb2RlX3RhZyI6Inhwdl9wcm9ncmVzc2l2ZS5JTlNUQUdSQU0uQ0xJUFMuQzIuNzIwLmRhc2hfYmFzZWxpbmVfMV92MSIsInhwdl9hc3NldF9pZCI6MTQyMDYzOTQxODgyNjI5NywiYXNzZXRfYWdlX2RheXMiOjgzNSwidmlfdXNlY2FzZV9pZCI6MTAwOTksImR1cmF0aW9uX3MiOjg5LCJ1cmxnZW5fc291cmNlIjoid3d3In0%3D&ccb=17-1&vs=37da4b0991f8c6c0&_nc_vs=HBksFQIYT2lnX3hwdl9yZWVsc19wZXJtYW5lbnRfcHJvZC9FOTRBRDkwN0IwNkY1NkE5Qjg4QUEzNzYwODQ1NzU4Rl92aWRlb19kYXNoaW5pdC5tcDQVAALIARIAFQIYOnBhc3N0aHJvdWdoX2V2ZXJzdG9yZS9HTWZhNEJra09QUDNGWXdCQUFrMEo1T3FIa0loYnFfRUFBQUYVAgLIARIAKAAYABsCiAd1c2Vfb2lsATEScHJvZ3Jlc3NpdmVfcmVjaXBlATEVAAAm8vjNvoyEhgUVAigCQzIsF0BWgGJN0vGqGBJkYXNoX2Jhc2VsaW5lXzFfdjERAHX-B2XmnQEA&_nc_gid=YnyRdzXTjBNyEP-H23mPMg&_nc_ss=7a22e&_nc_zt=28&oh=00_AQDlUaCtajzBbwr90LNr8jF4VkWkf7gV9k82W_ghOrRn2Q&oe=6A51E33C
C49SCyZNItM,https://www.instagram.com/reel/C49SCyZNItM/,Desculpa o desabafo… eu precisava falar! 😮‍💨 E você? O que você tem pra desabafar também? Aceita o desafio? 🔔 Escreva DESABAFO:,1711413518,71243,2785,78.25,clips,https://scontent-poa1-1.cdninstagram.com/o1/v/t2/f2/m82/AQOveU2BfsEomUrH7y02VwoipXfu-gokwtD9kD0rlbKSfqliARoNxwKWoffMki8eQv0Yq1KWSs3bRnePGOKOyalUgvb_048y26eaLKA.mp4?_nc_cat=102&_nc_sid=5e9851&_nc_ht=scontent-poa1-1.cdninstagram.com&_nc_ohc=xSn7WjbFQ6sQ7kNvwEFAfoQ&efg=eyJ2ZW5jb2RlX3RhZyI6Inhwdl9wcm9ncmVzc2l2ZS5JTlNUQUdSQU0uQ0xJUFMuQzIuNzIwLmRhc2hfYmFzZWxpbmVfMV92MSIsInhwdl9hc3NldF9pZCI6MTA2MzYxNjUwNDcyNDIwOCwiYXNzZXRfYWdlX2RheXMiOjgzNSwidmlfdXNlY2FzZV9pZCI6MTAwOTksImR1cmF0aW9uX3MiOjc4LCJ1cmxnZW5fc291cmNlIjoid3d3In0%3D&ccb=17-1&vs=e45fc54eb4c77258&_nc_vs=HBksFQIYT2lnX3hwdl9yZWVsc19wZXJtYW5lbnRfcHJvZC85RjRGMTNEQ0RCMEFDNEM5QkU5RDQ5MjhBQjNGRTZCRl92aWRlb19kYXNoaW5pdC5tcDQVAALIARIAFQIYOnBhc3N0aHJvdWdoX2V2ZXJzdG9yZS9HQTJwNWhrVnpzUFdrdE1DQUtNRklhWDNWSFliYnFfRUFBQUYVAgLIARIAKAAYABsCiAd1c2Vfb2lsATEScHJvZ3Jlc3NpdmVfcmVjaXBlATEVAAAm4OuHv9DW4wMVAigCQzIsF0BTkAAAAAAAGBJkYXNoX2Jhc2VsaW5lXzFfdjERAHX-B2XmnQEA&_nc_gid=YnyRdzXTjBNyEP-H23mPMg&_nc_ss=7a22e&_nc_zt=28&oh=00_AQCR3bOza13Vf33OdmjaqAhmRhaDyAul7ohbpd1TNqnIFw&oe=6A51C22F
C46ojU-LDuW,https://www.instagram.com/reel/C46ojU-LDuW/,"Não são equipamentos caros que vai te trazer vídeos melhores. Um ring light, um LED colorido e uma TV, era tudo que eu usava na maior parte da minha jornada. Aceita o desafio? 🔔 Escreve AMBIENTAÇÃO pra ter novas referências de como aplicar já no seu próximo vídeo:",1711324669,3001414,108164,77.66899871826172,clips,https://scontent-poa1-1.cdninstagram.com/o1/v/t2/f2/m82/AQOPa7YinTyM484hz2I-K3p0fxvmMo0rveLzULPfR8g27xKfE4CXhJplK2Tlu901A8e4alARPC9yI4ihbHKWPNfLPlS05xzYiywi_as.mp4?_nc_cat=105&_nc_sid=5e9851&_nc_ht=scontent-poa1-1.cdninstagram.com&_nc_ohc=KDwdhjnqRAYQ7kNvwEUtrSj&efg=eyJ2ZW5jb2RlX3RhZyI6Inhwdl9wcm9ncmVzc2l2ZS5JTlNUQUdSQU0uQ0xJUFMuQzIuNzIwLmRhc2hfYmFzZWxpbmVfMV92MSIsInhwdl9hc3NldF9pZCI6NDExNzk2NTI0Nzg3MTUwLCJhc3NldF9hZ2VfZGF5cyI6ODM2LCJ2aV91c2VjYXNlX2lkIjoxMDA5OSwiZHVyYXRpb25fcyI6NzcsInVybGdlbl9zb3VyY2UiOiJ3d3cifQ%3D%3D&ccb=17-1&vs=74154b926482a6e2&_nc_vs=HBksFQIYT2lnX3hwdl9yZWVsc19wZXJtYW5lbnRfcHJvZC9ENjQxQTNCQjJCQTMxNDVGRTQxNkRBOTRDNDUxRTNBOF92aWRlb19kYXNoaW5pdC5tcDQVAALIARIAFQIYOnBhc3N0aHJvdWdoX2V2ZXJzdG9yZS9HRGRaNGhrVkxoWGlud1VCQU1hY05qTkFZazhOYnFfRUFBQUYVAgLIARIAKAAYABsCiAd1c2Vfb2lsATEScHJvZ3Jlc3NpdmVfcmVjaXBlATEVAAAmnJejmduhuwEVAigCQzIsF0BTap--dsi0GBJkYXNoX2Jhc2VsaW5lXzFfdjERAHX-B2XmnQEA&_nc_gid=YnyRdzXTjBNyEP-H23mPMg&_nc_ss=7a22e&_nc_zt=28&oh=00_AQAuQpOWwOtuoVpuzwyzYee9dPoO_Xyt7rJyfTT7NVx6Dw&oe=6A51EA7E
C46fZLKPyqF,https://www.instagram.com/reel/C46fZLKPyqF/,"Sim. Eu tô entregando um curso de edição por 32 reais para você destravar de vez durante o desafio. 🔔 E pra mostrar que você consegue ter vídeos excelentes, como os meus, durante essa semana OS VÍDEOS DO DESAFIO serão gravados e editados 100% pelo o celular. Comente @brunoadsons para ter acesso.",1711319746,714301,12411,82.54499816894531,clips,https://scontent-poa1-1.cdninstagram.com/o1/v/t2/f2/m82/AQPSDxmn6tS8ICq8iHAm6-437adbm97cRaZDZ5iCDMlpVKOaCuGD7tXGVfylj3tuQGr7-akyDmsK4fvGqzbLqsXrQS5LfiCUJn1ojlY.mp4?_nc_cat=105&_nc_sid=5e9851&_nc_ht=scontent-poa1-1.cdninstagram.com&_nc_ohc=likB9WqlFXMQ7kNvwGI6VO5&efg=eyJ2ZW5jb2RlX3RhZyI6Inhwdl9wcm9ncmVzc2l2ZS5JTlNUQUdSQU0uQ0xJUFMuQzIuNzIwLmRhc2hfYmFzZWxpbmVfMV92MSIsInhwdl9hc3NldF9pZCI6MjY3MTAxMzI5Nzg1NDM5LCJhc3NldF9hZ2VfZGF5cyI6ODM2LCJ2aV91c2VjYXNlX2lkIjoxMDA5OSwiZHVyYXRpb25fcyI6ODIsInVybGdlbl9zb3VyY2UiOiJ3d3cifQ%3D%3D&ccb=17-1&vs=468fae6635ea3cd0&_nc_vs=HBksFQIYT2lnX3hwdl9yZWVsc19wZXJtYW5lbnRfcHJvZC9FMTQyMzM0REFBNkNGM0JGOTEyRTUxNTRDQ0EzMThBRF92aWRlb19kYXNoaW5pdC5tcDQVAALIARIAFQIYOnBhc3N0aHJvdWdoX2V2ZXJzdG9yZS9HTkZXNHhsLUtwd1paRjBCQUV2endBaVc2bm9TYnFfRUFBQUYVAgLIARIAKAAYABsCiAd1c2Vfb2lsATEScHJvZ3Jlc3NpdmVfcmVjaXBlATEVAAAmvomM_qu7eRUCKAJDMiwXQFSij1wo9cMYEmRhc2hfYmFzZWxpbmVfMV92MREAdf4HZeadAQA&_nc_gid=YnyRdzXTjBNyEP-H23mPMg&_nc_ss=7a22e&_nc_zt=28&oh=00_AQCZZfJ55n567EsI1BMFrW9YAUJ-lJZCRuIDoSE38-BsWA&oe=6A51E5FA
C41ShW8PsWa,https://www.instagram.com/reel/C41ShW8PsWa/,"Do anonimato à referência. Nunca foi sorte; foi intenção, inconformismo e método. 🔔",1711146070,90546,3734,86.58599853515625,clips,https://scontent-poa1-1.cdninstagram.com/o1/v/t2/f2/m82/AQPxplZ_9lot8NBzYNoVyw4TIOvUNRNlFKBIwx3t_DNK9Un1RX-TQfdEiD8tmrASAl6UaIerplxUsjo-SzjkN41fCLweeWJoojPsu0g.mp4?_nc_cat=108&_nc_sid=5e9851&_nc_ht=scontent-poa1-1.cdninstagram.com&_nc_ohc=EmDA8ETgwooQ7kNvwFc68ck&efg=eyJ2ZW5jb2RlX3RhZyI6Inhwdl9wcm9ncmVzc2l2ZS5JTlNUQUdSQU0uQ0xJUFMuQzIuNzIwLmRhc2hfYmFzZWxpbmVfMV92MSIsInhwdl9hc3NldF9pZCI6NDQ0MDg3NzE4MDQyNTAwLCJhc3NldF9hZ2VfZGF5cyI6ODM4LCJ2aV91c2VjYXNlX2lkIjoxMDA5OSwiZHVyYXRpb25fcyI6ODYsInVybGdlbl9zb3VyY2UiOiJ3d3cifQ%3D%3D&ccb=17-1&vs=82d7feccf0a56369&_nc_vs=HBksFQIYT2lnX3hwdl9yZWVsc19wZXJtYW5lbnRfcHJvZC9BRDRDNzMxNDIwMUE1RTI2MkYxM0JGQTVFRUVDOUNCMV92aWRlb19kYXNoaW5pdC5tcDQVAALIARIAFQIYOnBhc3N0aHJvdWdoX2V2ZXJzdG9yZS9HRS02NFJuVmlIUUc3ejRGQU1kLUw0bkIwUkJ6YnFfRUFBQUYVAgLIARIAKAAYABsCiAd1c2Vfb2lsATEScHJvZ3Jlc3NpdmVfcmVjaXBlATEVAAAmiO72qqf5yQEVAigCQzIsF0BVpYEGJN0vGBJkYXNoX2Jhc2VsaW5lXzFfdjERAHX-B2XmnQEA&_nc_gid=YnyRdzXTjBNyEP-H23mPMg&_nc_ss=7a22e&_nc_zt=28&oh=00_AQDRW6R87y4CUWcJ1eo7xxNJHAbqJWsj9iP8ufQcyQvyMw&oe=6A51C47D
C4vSWK-LHHg,https://www.instagram.com/reel/C4vSWK-LHHg/,"Tá se sentindo atrasado e quer sair dessa situação? 🔔 VAMOS ACELERAR JUNTOS! Começando de HOJE até sábado o desafio está pausado para a gente resgatar quem mais precisa, quem está travado. 3x por dia estaremos ao vivo no Discord com aulas que te colocarão em movimento oficialmente. Aceita o desafio? 🔔 Escreve IMERSÃO e vem pro Discord!",1710943996,67702,1891,81.41400146484375,clips,https://scontent-poa1-1.cdninstagram.com/o1/v/t2/f2/m82/AQMZ437y5EBnbrzJ-AEqNY_NaUugp_T2IrkWySCUdYlPzt2v1yFbAJgren5kqCDycvv9yHlsYl72YpM8UmdLYjim_ujh1elWWo5uDkc.mp4?_nc_cat=105&_nc_sid=5e9851&_nc_ht=scontent-poa1-1.cdninstagram.com&_nc_ohc=bohAmoiWRMIQ7kNvwHFxjwS&efg=eyJ2ZW5jb2RlX3RhZyI6Inhwdl9wcm9ncmVzc2l2ZS5JTlNUQUdSQU0uQ0xJUFMuQzIuNzIwLmRhc2hfYmFzZWxpbmVfMV92MSIsInhwdl9hc3NldF9pZCI6NzQ2NDc3MzE3NTQ5MjA4LCJhc3NldF9hZ2VfZGF5cyI6ODQxLCJ2aV91c2VjYXNlX2lkIjoxMDA5OSwiZHVyYXRpb25fcyI6ODEsInVybGdlbl9zb3VyY2UiOiJ3d3cifQ%3D%3D&ccb=17-1&vs=f2d5f455c63224f6&_nc_vs=HBksFQIYT2lnX3hwdl9yZWVsc19wZXJtYW5lbnRfcHJvZC9DQzQ1Q0UwREM4NUExRDY2QzZFQUExRDgwRDA3MzI4NF92aWRlb19kYXNoaW5pdC5tcDQVAALIARIAFQIYOnBhc3N0aHJvdWdoX2V2ZXJzdG9yZS9HRGo4M0JuWktLOUpVQ2tCQUhJbkE2LUlzb0Z4YnFfRUFBQUYVAgLIARIAKAAYABsCiAd1c2Vfb2lsATEScHJvZ3Jlc3NpdmVfcmVjaXBlATEVAAAmsLLDtdm60wIVAigCQzIsF0BUWn752yLRGBJkYXNoX2Jhc2VsaW5lXzFfdjERAHX-B2XmnQEA&_nc_gid=YnyRdzXTjBNyEP-H23mPMg&_nc_ss=7a22e&_nc_zt=28&oh=00_AQB64VV2q3ZSLj5fuFwat5jpTbIzkqedTu_nGEICWvVEbw&oe=6A51CFD2
C4tzhUMN-sg,https://www.instagram.com/reel/C4tzhUMN-sg/,"Eu poderia ignorar, mas o “Marcelo” me deu uma ideia melhor: ensinar 2 coisas através do hate. 1) Você também pode conquistar o que quiser começando do zero. 2) Quando você receber uma ofensa, o exponha com esse Formato Criativo! 🔔 Se quiser referências de outras pessoas que usaram, basta comentar MARCELO.",1710894367,886161,17909,77.66899871826172,clips,https://scontent-poa1-1.cdninstagram.com/o1/v/t2/f2/m82/AQOnxgU-8t9F4VdRHazFWcMGxA7yFTA7gXiYYhAuMjLTn1Xt-OXG1jsQqjGlITnpMrdCdUAqAwZqSG5s1PBbDZY0PiBEBkTjnEMxw9g.mp4?_nc_cat=106&_nc_sid=5e9851&_nc_ht=scontent-poa1-1.cdninstagram.com&_nc_ohc=JT04lU4GHuAQ7kNvwHtdTND&efg=eyJ2ZW5jb2RlX3RhZyI6Inhwdl9wcm9ncmVzc2l2ZS5JTlNUQUdSQU0uQ0xJUFMuQzIuNzIwLmRhc2hfYmFzZWxpbmVfMV92MSIsInhwdl9hc3NldF9pZCI6MTE1MTgyNDMwOTA2ODQ3NSwiYXNzZXRfYWdlX2RheXMiOjg0MSwidmlfdXNlY2FzZV9pZCI6MTAwOTksImR1cmF0aW9uX3MiOjc3LCJ1cmxnZW5fc291cmNlIjoid3d3In0%3D&ccb=17-1&vs=9fa4fecd75ba1e67&_nc_vs=HBksFQIYT2lnX3hwdl9yZWVsc19wZXJtYW5lbnRfcHJvZC84OTRCRTE5NkE3OUE3NDFBQkJDQURFNTM1QjQ3MDdBNF92aWRlb19kYXNoaW5pdC5tcDQVAALIARIAFQIYOnBhc3N0aHJvdWdoX2V2ZXJzdG9yZS9HTm1HM3huOWpQOFRxb0VCQUZNTXB2Z3lQY1Y2YnFfRUFBQUYVAgLIARIAKAAYABsCiAd1c2Vfb2lsATEScHJvZ3Jlc3NpdmVfcmVjaXBlATEVAAAm9orJ7P_kiwQVAigCQzIsF0BTbO2RaHKwGBJkYXNoX2Jhc2VsaW5lXzFfdjERAHX-B2XmnQEA&_nc_gid=YnyRdzXTjBNyEP-H23mPMg&_nc_ss=7a22e&_nc_zt=28&oh=00_AQCPxFT7SRY5048jp9FEHOO1PMslwKIT_m0HCceziEorVg&oe=6A51D1D7
C4rPDLlNj0C,https://www.instagram.com/reel/C4rPDLlNj0C/,"A música é o maestro do seu vídeo! Ela prende atenção, emociona e faz sentir com mais clareza o que você quer. Quer aprender a deixar seu vídeo 16x mais interessante com a música certa? 🔔 Escreve MÚSICA pra participar:",1710807997,113437,5568,89.93299865722656,clips,https://scontent-poa1-1.cdninstagram.com/o1/v/t2/f2/m82/AQPZKjur-yTqVsTp7PANkmRxOXa2UQBN8SdirOj8sGQF3UaLgOD3Zz4kSHrLUDq48V_gGDau-zjZejlcBXN1WATQhKNjZVxmZO9cFFQ.mp4?_nc_cat=100&_nc_sid=5e9851&_nc_ht=scontent-poa1-1.cdninstagram.com&_nc_ohc=5UAJTiRJoIQQ7kNvwFlbYYx&efg=eyJ2ZW5jb2RlX3RhZyI6Inhwdl9wcm9ncmVzc2l2ZS5JTlNUQUdSQU0uQ0xJUFMuQzIuNzIwLmRhc2hfYmFzZWxpbmVfMV92MSIsInhwdl9hc3NldF9pZCI6Nzg1MDUyODg2ODg2NTg0LCJhc3NldF9hZ2VfZGF5cyI6ODQyLCJ2aV91c2VjYXNlX2lkIjoxMDA5OSwiZHVyYXRpb25fcyI6ODksInVybGdlbl9zb3VyY2UiOiJ3d3cifQ%3D%3D&ccb=17-1&vs=37f2cec91fd4d1f4&_nc_vs=HBksFQIYT2lnX3hwdl9yZWVsc19wZXJtYW5lbnRfcHJvZC8wMjRCODRGN0U2QTBCOTExOTU0QkE3MDI2NzVDRkM4QV92aWRlb19kYXNoaW5pdC5tcDQVAALIARIAFQIYOnBhc3N0aHJvdWdoX2V2ZXJzdG9yZS9HTC1PM2huS0hWZnlEMVVCQU9yTU52c1B3T1V5YnFfRUFBQUYVAgLIARIAKAAYABsCiAd1c2Vfb2lsATEScHJvZ3Jlc3NpdmVfcmVjaXBlATEVAAAm8KKf54uA5QIVAigCQzIsF0BWfbItDlYEGBJkYXNoX2Jhc2VsaW5lXzFfdjERAHX-B2XmnQEA&_nc_gid=YnyRdzXTjBNyEP-H23mPMg&_nc_ss=7a22e&_nc_zt=28&oh=00_AQAG021bf7DSEGo4yvHrGTTuLWVmGr2_Hmq3_PwJA3rVPA&oe=6A51C589
C4rBkGrLWbC,https://www.instagram.com/reel/C4rBkGrLWbC/,"Alguém sabe explicar COMO um vídeo de 4 minutos tem 1,2 milhões de views no instagram? 🙋‍♀️ Eu explico! Dava pra acontecer uma aula inteira só sobre os roteiros desse gênio - ainda bem que ela já está confirmada (E COM PARTICIPAÇÃO DELE MESMOO 🫠) Pra participar dessa aula, escreva LADEIRA ABAIXO:",1710800711,605825,14641,88.41999816894531,clips,https://scontent-poa1-1.cdninstagram.com/o1/v/t2/f2/m82/AQOszwjbnZgcU9cMBFH3Civua3-UwALbbEjmHAZ1fDyu1tfDLX1y6O4PIeLlrFekMptPOUAadDkn1_Kk3EGvGzqEcTuiRa4yJzeC5yk.mp4?_nc_cat=101&_nc_sid=5e9851&_nc_ht=scontent-poa1-1.cdninstagram.com&_nc_ohc=pGNp1oCH3o8Q7kNvwEuPe_V&efg=eyJ2ZW5jb2RlX3RhZyI6Inhwdl9wcm9ncmVzc2l2ZS5JTlNUQUdSQU0uQ0xJUFMuQzIuNzIwLmRhc2hfYmFzZWxpbmVfMV92MSIsInhwdl9hc3NldF9pZCI6MTQ0NjgwODk1NjIxMjg2OCwiYXNzZXRfYWdlX2RheXMiOjg0MiwidmlfdXNlY2FzZV9pZCI6MTAwOTksImR1cmF0aW9uX3MiOjg4LCJ1cmxnZW5fc291cmNlIjoid3d3In0%3D&ccb=17-1&vs=c0f9085dcde72f24&_nc_vs=HBksFQIYT2lnX3hwdl9yZWVsc19wZXJtYW5lbnRfcHJvZC84MDQyQ0Q2ODhFQjYyMjUyRDJDN0NCRjE3QzE2RjZCNl92aWRlb19kYXNoaW5pdC5tcDQVAALIARIAFQIYOnBhc3N0aHJvdWdoX2V2ZXJzdG9yZS9HTE94M2huVVBZX1ZlVGdCQUFtdm1Wa1ZOTkk0YnFfRUFBQUYVAgLIARIAKAAYABsCiAd1c2Vfb2lsATEScHJvZ3Jlc3NpdmVfcmVjaXBlATEVAAAmiNqk3q73kQUVAigCQzIsF0BWG2RaHKwIGBJkYXNoX2Jhc2VsaW5lXzFfdjERAHX-B2XmnQEA&_nc_gid=YnyRdzXTjBNyEP-H23mPMg&_nc_ss=7a22e&_nc_zt=28&oh=00_AQBmUXF1bh7fT1tu9ymoJ8i8T67yr_LhK-X6J_nf2T5vWw&oe=6A51DED2
C4oaSrgP1lS,https://www.instagram.com/reel/C4oaSrgP1lS/,"Quando você começa o seu vídeo com um tema ou assunto já conhecido pela sua audiência, você cria o pensamento de: “Eu conheço isso, logo, me interessa saber o que essa pessoa vai falar…” Ainda mais se for um FILME que eles amam! 🔔 Aceita o desafio? Então escreve FILME pra participar:",1710713083,120441,4063,88.76799774169922,clips,https://scontent-poa1-1.cdninstagram.com/o1/v/t2/f2/m82/AQPOLHW_0YNAvmsqkY0FTD9QEvdEh_zv5UCp1ZLLPjY181eGERIt0owVj85m5ALQA0BubAD5tlgCPzvjFbfNTYAjR8-inFDu3K89XMA.mp4?_nc_cat=103&_nc_sid=5e9851&_nc_ht=scontent-poa1-1.cdninstagram.com&_nc_ohc=EASHRPpPmokQ7kNvwElYdpg&efg=eyJ2ZW5jb2RlX3RhZyI6Inhwdl9wcm9ncmVzc2l2ZS5JTlNUQUdSQU0uQ0xJUFMuQzIuNzIwLmRhc2hfYmFzZWxpbmVfMV92MSIsInhwdl9hc3NldF9pZCI6MTQ3MjY5NDY2MDEyNDAwOCwiYXNzZXRfYWdlX2RheXMiOjg0MywidmlfdXNlY2FzZV9pZCI6MTAwOTksImR1cmF0aW9uX3MiOjg4LCJ1cmxnZW5fc291cmNlIjoid3d3In0%3D&ccb=17-1&vs=b76fef2efda4b249&_nc_vs=HBksFQIYT2lnX3hwdl9yZWVsc19wZXJtYW5lbnRfcHJvZC9FNzRCRjJEMzA2OTY0RDI1Mzk0MUU2NTM4MEQ2NEZCQl92aWRlb19kYXNoaW5pdC5tcDQVAALIARIAFQIYOnBhc3N0aHJvdWdoX2V2ZXJzdG9yZS9HRDlOc3huSmdYczc2UDBEQUk0Mk5RV0dsMXhFYnFfRUFBQUYVAgLIARIAKAAYABsCiAd1c2Vfb2lsATEScHJvZ3Jlc3NpdmVfcmVjaXBlATEVAAAm0LWioY7anQUVAigCQzIsF0BWMFHrhR64GBJkYXNoX2Jhc2VsaW5lXzFfdjERAHX-B2XmnQEA&_nc_gid=YnyRdzXTjBNyEP-H23mPMg&_nc_ss=7a22e&_nc_zt=28&oh=00_AQAie23Cjv4_QZ-LBnogd3UmvmvowGO4TBvybcPi0HFWyA&oe=6A51E28C
C4mGRbvLUF_,https://www.instagram.com/reel/C4mGRbvLUF_/,Identificação é a palavra da internet! 🔔 Por isso criar um diálogo onde um dos personagens é a própria DOR DO SEU PÚBLICO PERSONIFICADA é extremamente estratégico pra performance do seu conteúdo. Aceita o desafio? Escreva DIÁLOGO pra participar:,1710635586,56171,1991,78.03600311279297,clips,https://scontent-poa1-1.cdninstagram.com/o1/v/t2/f2/m82/AQP8i6zH2_lCxsuiG1ezf5ijCisAIxDuoiGUzeiOggyCZiDQaBoldqYG58tvwBMfzL7czwAy0MVC-LW2q2wbdmK3kE53tfqnceFA2ns.mp4?_nc_cat=101&_nc_sid=5e9851&_nc_ht=scontent-poa1-1.cdninstagram.com&_nc_ohc=1HOX1HOELIwQ7kNvwEUU9Ps&efg=eyJ2ZW5jb2RlX3RhZyI6Inhwdl9wcm9ncmVzc2l2ZS5JTlNUQUdSQU0uQ0xJUFMuQzIuNzIwLmRhc2hfYmFzZWxpbmVfMV92MSIsInhwdl9hc3NldF9pZCI6MjQyNDU5NzkwMTA3NjkxNSwiYXNzZXRfYWdlX2RheXMiOjg0NCwidmlfdXNlY2FzZV9pZCI6MTAwOTksImR1cmF0aW9uX3MiOjc3LCJ1cmxnZW5fc291cmNlIjoid3d3In0%3D&ccb=17-1&vs=3c3cf89cb80bcd4a&_nc_vs=HBksFQIYT2lnX3hwdl9yZWVsc19wZXJtYW5lbnRfcHJvZC84QTRCM0E2QTUzRTUwRUJCRkJFNTYwMEQ4NzFFMENBMF92aWRlb19kYXNoaW5pdC5tcDQVAALIARIAFQIYOnBhc3N0aHJvdWdoX2V2ZXJzdG9yZS9HRkJjMWhscDBZX0NvVFFEQUdsVFRCdXMyMEVqYnFfRUFBQUYVAgLIARIAKAAYABsCiAd1c2Vfb2lsATEScHJvZ3Jlc3NpdmVfcmVjaXBlATEVAAAm5qbviZbKzggVAigCQzIsF0BTgk3S8an8GBJkYXNoX2Jhc2VsaW5lXzFfdjERAHX-B2XmnQEA&_nc_gid=YnyRdzXTjBNyEP-H23mPMg&_nc_ss=7a22e&_nc_zt=28&oh=00_AQC_88IQhPtYPzwDfaIBM4uU9SpCpYO5cYl1r9C5JSmIzg&oe=6A51D4C2
C4jTE3PPe6E,https://www.instagram.com/reel/C4jTE3PPe6E/,"Percebemos o mundo por meio de histórias, e principalmente, a mudança que acontece no decorrer delas. Por isso, um roteiro com início, meio e fim faz com que as pessoas fiquem interessadas em chegar até o final do seu vídeo! 🔔 Escreve ESTRUTURA pra aceitar o desafio!",1710541488,81912,3524,83.56700134277344,clips,https://scontent-poa1-1.cdninstagram.com/o1/v/t2/f2/m82/AQPxxD1ZTTKj_VkqNA8x7DL0grKZUsrgwjyOSjyEOLTKR0VHVNEUcyievx15hm3pmFOZYPndo-Kxb5T7GDpvN0NRFjCeTvV7uJQj-r8.mp4?_nc_cat=109&_nc_sid=5e9851&_nc_ht=scontent-poa1-1.cdninstagram.com&_nc_ohc=FOvJax7h6aQQ7kNvwHK6cjF&efg=eyJ2ZW5jb2RlX3RhZyI6Inhwdl9wcm9ncmVzc2l2ZS5JTlNUQUdSQU0uQ0xJUFMuQzIuNzIwLmRhc2hfYmFzZWxpbmVfMV92MSIsInhwdl9hc3NldF9pZCI6NzI1NzEzMTYzMDY1ODI0LCJhc3NldF9hZ2VfZGF5cyI6ODQ1LCJ2aV91c2VjYXNlX2lkIjoxMDA5OSwiZHVyYXRpb25fcyI6ODMsInVybGdlbl9zb3VyY2UiOiJ3d3cifQ%3D%3D&ccb=17-1&vs=692d75b1de8706ec&_nc_vs=HBksFQIYT2lnX3hwdl9yZWVsc19wZXJtYW5lbnRfcHJvZC9DQTQxMTFEQzhENkMxMzJEMTk1MEIxQjdDNTUxNzI4OV92aWRlb19kYXNoaW5pdC5tcDQVAALIARIAFQIYOnBhc3N0aHJvdWdoX2V2ZXJzdG9yZS9HRmpfc0JrX29pTFNEbG9CQUNCUmVtZlltdE1NYnFfRUFBQUYVAgLIARIAKAAYABsCiAd1c2Vfb2lsATEScHJvZ3Jlc3NpdmVfcmVjaXBlATEVAAAmwOfYtIiCygIVAigCQzIsF0BU5DlYEGJOGBJkYXNoX2Jhc2VsaW5lXzFfdjERAHX-B2XmnQEA&_nc_gid=YnyRdzXTjBNyEP-H23mPMg&_nc_ss=7a22e&_nc_zt=28&oh=00_AQA4Ge-XxZMEWjjIqFvQLjCrKXKp-RgVW8rU762B1jkZKA&oe=6A51D7A2
C4hAhjiNWKT,https://www.instagram.com/reel/C4hAhjiNWKT/,"RITMO! Seu vídeo precisa ter ritmo! Cortes, dinâmica de áudio e ângulos são alguns elementos pra você aplicar no seu próximo conteúdo e deixar ele mais viciante! 🔔💗 Escreva Ritmo para aceitar o desafio:",1710464675,2847841,73784,80.87300109863281,clips,https://scontent-poa1-1.cdninstagram.com/o1/v/t2/f2/m82/AQNbR_WSUE9yCTdaRhY4OWK4KxXU69IMgn0NktkQTcEyYc50X4itoygVlVj0FvnBfZ0ASZtW-DopN9GZCwOSuCbfrHXuLEJRex7sV64.mp4?_nc_cat=110&_nc_sid=5e9851&_nc_ht=scontent-poa1-1.cdninstagram.com&_nc_ohc=ndQS6qflneMQ7kNvwGrVC1t&efg=eyJ2ZW5jb2RlX3RhZyI6Inhwdl9wcm9ncmVzc2l2ZS5JTlNUQUdSQU0uQ0xJUFMuQzMuNzIwLmRhc2hfYmFzZWxpbmVfMV92MSIsInhwdl9hc3NldF9pZCI6MzM3ODIyODk4NzI4NjY5LCJhc3NldF9hZ2VfZGF5cyI6ODQ2LCJ2aV91c2VjYXNlX2lkIjoxMDA5OSwiZHVyYXRpb25fcyI6ODAsInVybGdlbl9zb3VyY2UiOiJ3d3cifQ%3D%3D&ccb=17-1&vs=fe4bf756dbc3b2a5&_nc_vs=HBksFQIYT2lnX3hwdl9yZWVsc19wZXJtYW5lbnRfcHJvZC8zMjRCRTQ0QjhCNzY0RTNDRDAzNzI3QjYyOEJCMUE4Nl92aWRlb19kYXNoaW5pdC5tcDQVAALIARIAFQIYOnBhc3N0aHJvdWdoX2V2ZXJzdG9yZS9HRW1oeGhrNGZUUXF4bUVEQUdYY0MxSFh6Mm9WYnFfRUFBQUYVAgLIARIAKAAYABsCiAd1c2Vfb2lsATEScHJvZ3Jlc3NpdmVfcmVjaXBlATEVAAAmuruB3vDPmQEVAigCQzMsF0BUN2yLQ5WBGBJkYXNoX2Jhc2VsaW5lXzFfdjERAHX-B2XmnQEA&_nc_gid=3Xh4qNKHAejYE3tkUUzOOA&_nc_ss=7a22e&_nc_zt=28&oh=00_AQAw-IfAwEWozj9n-Pu-JR6_p7r0rCGPPhPYEUJJqVLY6g&oe=6A51DA5B
C4eK1qcrGTe,https://www.instagram.com/reel/C4eK1qcrGTe/,"Depois de aceitar esse desafio de hoje, você vai capturar a atenção do seu público com muita facilidade, afinal, a gente para pra ver aquilo que nos interessa. Na prática: pega esses 4 sentimentos que falamos no vídeo, e faça uma lista de pelo menos 10 possíveis pontos de identificação com O SEU PÚBLICO. 🤔 Como meu público se sente? 🤔 Qual situação meu público passa? 🤔 Quem meu público conhece? Aceita o desafio? 🔔 Escreve IDENTIFICAÇÃO:",1710370433,270525,18524,88.6050033569336,clips,https://scontent-poa1-1.cdninstagram.com/o1/v/t2/f2/m82/AQOZ6dc5xZG3TXAodxAexJjR_vyrGt3E8ohQhEST5nk-rJwYmRLHNv43LBbQi7uorTlV61Q6p6NkUWH6n_Oc3yMghgMC3sThjmobIdg.mp4?_nc_cat=109&_nc_sid=5e9851&_nc_ht=scontent-poa1-1.cdninstagram.com&_nc_ohc=wh6RUApDsPYQ7kNvwEYdZfX&efg=eyJ2ZW5jb2RlX3RhZyI6Inhwdl9wcm9ncmVzc2l2ZS5JTlNUQUdSQU0uQ0xJUFMuQzMuNzIwLmRhc2hfYmFzZWxpbmVfMV92MSIsInhwdl9hc3NldF9pZCI6MTU2NTU2NzU1NzU1NDY0MSwiYXNzZXRfYWdlX2RheXMiOjg0NywidmlfdXNlY2FzZV9pZCI6MTAwOTksImR1cmF0aW9uX3MiOjg4LCJ1cmxnZW5fc291cmNlIjoid3d3In0%3D&ccb=17-1&vs=817b3a57797c5994&_nc_vs=HBksFQIYT2lnX3hwdl9yZWVsc19wZXJtYW5lbnRfcHJvZC8yRTQxMjE0Mzc3MjkxNEExN0I1MjMyNTM4QkQ1RTc5Ml92aWRlb19kYXNoaW5pdC5tcDQVAALIARIAFQIYOnBhc3N0aHJvdWdoX2V2ZXJzdG9yZS9HSUYxemhtNncwZGZrWThQQUhPclBUS2poR0VjYnFfRUFBQUYVAgLIARIAKAAYABsCiAd1c2Vfb2lsATEScHJvZ3Jlc3NpdmVfcmVjaXBlATEVAAAmoseeooP4xwUVAigCQzMsF0BWJmZmZmZmGBJkYXNoX2Jhc2VsaW5lXzFfdjERAHX-B2XmnQEA&_nc_gid=3Xh4qNKHAejYE3tkUUzOOA&_nc_ss=7a22e&_nc_zt=28&oh=00_AQD-8jmm2Hfxl8UYfaGL0Cxf_CjvO0xan-M75pGwvsxoNA&oe=6A51EC66
C4bvQWdrMPR,https://www.instagram.com/reel/C4bvQWdrMPR/,"Esse é pra você que quer algo sem interagir com a câmera 📸 Usar vídeos da sua galeria pode te surpreender: o formato é viral, fácil de fazer, e só precisar narrar seu roteiro! Aceita o desafio? Escreva NARRAÇÃO pra participar 🔔",1710287944,87557,4840,90.00599670410156,clips,https://scontent-poa1-1.cdninstagram.com/o1/v/t2/f2/m82/AQOjDquVFhWpXrMf2t5lCSCEDq2rpafMBjhRyzuIz3-DaYxpCMsQE69j_CwC9wOCke7adIoP_f1hn06-hG3KrEcNNZz6ZpxuOgbufMA.mp4?_nc_cat=111&_nc_sid=5e9851&_nc_ht=scontent-poa1-1.cdninstagram.com&_nc_ohc=z6Hc4PH7ULkQ7kNvwHU7OYy&efg=eyJ2ZW5jb2RlX3RhZyI6Inhwdl9wcm9ncmVzc2l2ZS5JTlNUQUdSQU0uQ0xJUFMuQzMuNzIwLmRhc2hfYmFzZWxpbmVfMV92MSIsInhwdl9hc3NldF9pZCI6NjM5NzIyNzkxNjE3MzY0LCJhc3NldF9hZ2VfZGF5cyI6ODQ4LCJ2aV91c2VjYXNlX2lkIjoxMDA5OSwiZHVyYXRpb25fcyI6ODksInVybGdlbl9zb3VyY2UiOiJ3d3cifQ%3D%3D&ccb=17-1&vs=265061245e76658f&_nc_vs=HBksFQIYT2lnX3hwdl9yZWVsc19wZXJtYW5lbnRfcHJvZC8yRTRBOEIxNDk5QTgxQTkzRDI3QjlGNzdDRjg3QzU5Q192aWRlb19kYXNoaW5pdC5tcDQVAALIARIAFQIYOnBhc3N0aHJvdWdoX2V2ZXJzdG9yZS9HRzFjeGhrNEc1ZDlETVVDQUZJNUpPN1Y2bzV3YnFfRUFBQUYVAgLIARIAKAAYABsCiAd1c2Vfb2lsATEScHJvZ3Jlc3NpdmVfcmVjaXBlATEVAAAmqI3-m-L0ogIVAigCQzMsF0BWgGJN0vGqGBJkYXNoX2Jhc2VsaW5lXzFfdjERAHX-B2XmnQEA&_nc_gid=3Xh4qNKHAejYE3tkUUzOOA&_nc_ss=7a22e&_nc_zt=28&oh=00_AQDiThi36-c6XJ5GnrhOlrqH00b8xTkiUG9gmOF03_cEHA&oe=6A51BD14
C4ZHF-wrrLr,https://www.instagram.com/reel/C4ZHF-wrrLr/,"Não somos seres racionais que têm emoções, somos seres emocionais que têm razão. Se o seu vídeo não desperta emoções na sua audiência, muito provavelmente ele não será lembrado por ela. Aceita o desafio? 🔔 Escreva QUERO CAFÉ pra ter várias referências para aplicar:",1710199750,64167,2526,68.56700134277344,clips,https://scontent-poa1-1.cdninstagram.com/o1/v/t2/f2/m82/AQPSpNuOd0YGPXPZKN5nQotc7iw7htIrSANzR35xvB0f0rM91J8j1q0kptax-PTVd5eXE9ZltFehwdekL5Yt-5Ocq5yQep4HOmN-2qs.mp4?_nc_cat=103&_nc_sid=5e9851&_nc_ht=scontent-poa1-1.cdninstagram.com&_nc_ohc=y1BFjjEmVFUQ7kNvwEFfkor&efg=eyJ2ZW5jb2RlX3RhZyI6Inhwdl9wcm9ncmVzc2l2ZS5JTlNUQUdSQU0uQ0xJUFMuQzMuNzIwLmRhc2hfYmFzZWxpbmVfMV92MSIsInhwdl9hc3NldF9pZCI6NzkyNDM4OTcyNzU2OTY1LCJhc3NldF9hZ2VfZGF5cyI6ODQ5LCJ2aV91c2VjYXNlX2lkIjoxMDA5OSwiZHVyYXRpb25fcyI6NjgsInVybGdlbl9zb3VyY2UiOiJ3d3cifQ%3D%3D&ccb=17-1&vs=d4c8cd7a8108b91&_nc_vs=HBksFQIYT2lnX3hwdl9yZWVsc19wZXJtYW5lbnRfcHJvZC84RTREQ0JDMjZENTBCREFBNDg0RTNENjE0RDlBRkVBMF92aWRlb19kYXNoaW5pdC5tcDQVAALIARIAFQIYOnBhc3N0aHJvdWdoX2V2ZXJzdG9yZS9HR2UyeGhtNmVtVE9tSUFEQUJYLS1ZYTZGQUFmYnFfRUFBQUYVAgLIARIAKAAYABsCiAd1c2Vfb2lsATEScHJvZ3Jlc3NpdmVfcmVjaXBlATEVAAAmys_Rt4Ku6AIVAigCQzMsF0BRJDlYEGJOGBJkYXNoX2Jhc2VsaW5lXzFfdjERAHX-B2XmnQEA&_nc_gid=3Xh4qNKHAejYE3tkUUzOOA&_nc_ss=7a22e&_nc_zt=28&oh=00_AQAMjdj-7-j3JLbLj5vdsi6HujZ6peE5-IJR5n3UbOE_5w&oe=6A51D5C8
C4WphYZNfAi,https://www.instagram.com/reel/C4WphYZNfAi/,"Usar a tela verde, além de ser uma maneira mais fácil de ter um fundo para o seu vídeo, caso você não tenha cenário, aumenta os estímulos visuais do que você está falando, deixando o conteúdo do vídeo ainda mais compreensível para a sua audiência! Aceita o desafio? Então escreva VERDE para participar 🔔",1710117072,120955,5299,66.17500305175781,clips,https://scontent-poa1-1.cdninstagram.com/o1/v/t2/f2/m82/AQNR448Sqdc8IOvH9UmC1f5jCfZ-7JNzpUxUIUw5Fo7K2OByp7xjxwKbTVSD4WmDs05iYTmxbcAHPjnLPifFvYLokiZ8_FznpUYk5uc.mp4?_nc_cat=110&_nc_sid=5e9851&_nc_ht=scontent-poa1-1.cdninstagram.com&_nc_ohc=vtzTCeiuOZgQ7kNvwGsw3j8&efg=eyJ2ZW5jb2RlX3RhZyI6Inhwdl9wcm9ncmVzc2l2ZS5JTlNUQUdSQU0uQ0xJUFMuQzMuNzIwLmRhc2hfYmFzZWxpbmVfMV92MSIsInhwdl9hc3NldF9pZCI6OTQ4NjkyMzU2ODY2NTU5LCJhc3NldF9hZ2VfZGF5cyI6ODUwLCJ2aV91c2VjYXNlX2lkIjoxMDA5OSwiZHVyYXRpb25fcyI6NjYsInVybGdlbl9zb3VyY2UiOiJ3d3cifQ%3D%3D&ccb=17-1&vs=171045ba6d729969&_nc_vs=HBksFQIYT2lnX3hwdl9yZWVsc19wZXJtYW5lbnRfcHJvZC84MTQ4OTFBNzhFQ0VDRDUzQzc5RUY3QTQ2NTg1RjdCQl92aWRlb19kYXNoaW5pdC5tcDQVAALIARIAFQIYOnBhc3N0aHJvdWdoX2V2ZXJzdG9yZS9HRXBTeGhuMGJaZXlOOGNNQUhyTXBqd3VZRWhNYnFfRUFBQUYVAgLIARIAKAAYABsCiAd1c2Vfb2lsATEScHJvZ3Jlc3NpdmVfcmVjaXBlATEVAAAm_of17pS1rwMVAigCQzMsF0BQip--dsi0GBJkYXNoX2Jhc2VsaW5lXzFfdjERAHX-B2XmnQEA&_nc_gid=3Xh4qNKHAejYE3tkUUzOOA&_nc_ss=7a22e&_nc_zt=28&oh=00_AQAaPfxf4wC0ujre5YMGvIIv4pOlSOgDtZUBsmdDxBXHKg&oe=6A51F03B
C4UFqIdN2F-,https://www.instagram.com/reel/C4UFqIdN2F-/,A mente humana é viciada em descobrir coisas novas. A busca por novas informações é um instinto fundamental do ser humano. Aceita o desafio? 🔔 Escreva REVELAÇÃO:,1710031146,68461,2827,68.24099731445312,clips,https://scontent-poa1-1.cdninstagram.com/o1/v/t2/f2/m82/AQPBbgfcKnuhvc4miP2XlMB_Y-4snzOqm_z0XnQnWacTY7CoMEitKwyX-AlXJB-1PaEbiqaLrlgET7ANgQZ6v5HBgPlFX1GZ7cmZHQM.mp4?_nc_cat=101&_nc_sid=5e9851&_nc_ht=scontent-poa1-1.cdninstagram.com&_nc_ohc=Na2xlrlQ3YYQ7kNvwEudL0i&efg=eyJ2ZW5jb2RlX3RhZyI6Inhwdl9wcm9ncmVzc2l2ZS5JTlNUQUdSQU0uQ0xJUFMuQzMuNzIwLmRhc2hfYmFzZWxpbmVfMV92MSIsInhwdl9hc3NldF9pZCI6MTA2NTY3NTczNDU0Njk0MSwiYXNzZXRfYWdlX2RheXMiOjg1MSwidmlfdXNlY2FzZV9pZCI6MTAwOTksImR1cmF0aW9uX3MiOjY4LCJ1cmxnZW5fc291cmNlIjoid3d3In0%3D&ccb=17-1&vs=e7fb52afd68d909c&_nc_vs=HBksFQIYT2lnX3hwdl9yZWVsc19wZXJtYW5lbnRfcHJvZC9BNjRCRkQwNzc3NkQ5NDUwQUU4RkJBQUMxRDlBNjQ5OF92aWRlb19kYXNoaW5pdC5tcDQVAALIARIAFQIYOnBhc3N0aHJvdWdoX2V2ZXJzdG9yZS9HQjBudGhrSm1TeU5VVFVGQUIwX1hQT05VT2ROYnFfRUFBQUYVAgLIARIAKAAYABsCiAd1c2Vfb2lsATEScHJvZ3Jlc3NpdmVfcmVjaXBlATEVAAAm-ufT-b7O5AMVAigCQzMsF0BRDul41P30GBJkYXNoX2Jhc2VsaW5lXzFfdjERAHX-B2XmnQEA&_nc_gid=3Xh4qNKHAejYE3tkUUzOOA&_nc_ss=7a22e&_nc_zt=28&oh=00_AQDl2R37kXlGo0TPwE_cFmYBiFNIT9tJlun-WnxPj-HbCQ&oe=6A51C2E6
C4ThFNlO1JN,https://www.instagram.com/reel/C4ThFNlO1JN/,"Quantas coisas você deixou de fazer por medo? @hanahfranklin nossa primeira convidada de hoje quebrou a barreira do medo, subindo pela primeira vez sozinha no palco da dominação mundial! E isso só foi possível por que nós proporcionamos um ambiente seguro e uma comunidade que potencializa as mulheres ❤️",1710012288,83865,1884,42.007999420166016,clips,https://scontent-poa1-1.cdninstagram.com/o1/v/t2/f2/m82/AQNEnJJDIE-hgQQoxAvBbTQOQusGEicYzVBwT6JcoQO0JuLTmuLa90y76eAcHr6MYRsYqDtipC0gzSLN0QPfap7638Ql6XjPHWRfpYg.mp4?_nc_cat=107&_nc_sid=5e9851&_nc_ht=scontent-poa1-1.cdninstagram.com&_nc_ohc=3elsl16hLF8Q7kNvwEQlbgy&efg=eyJ2ZW5jb2RlX3RhZyI6Inhwdl9wcm9ncmVzc2l2ZS5JTlNUQUdSQU0uQ0xJUFMuQzMuNzIwLmRhc2hfYmFzZWxpbmVfMV92MSIsInhwdl9hc3NldF9pZCI6MzcwMTkwMjEyNTIxODQ4LCJhc3NldF9hZ2VfZGF5cyI6ODUyLCJ2aV91c2VjYXNlX2lkIjoxMDA5OSwiZHVyYXRpb25fcyI6NDIsInVybGdlbl9zb3VyY2UiOiJ3d3cifQ%3D%3D&ccb=17-1&vs=fc5a2763596a298b&_nc_vs=HBksFQIYT2lnX3hwdl9yZWVsc19wZXJtYW5lbnRfcHJvZC80NzQ1OTdDMzMzRDY0QjMxQkVFMTBGOUM5RjYyNTRBQ192aWRlb19kYXNoaW5pdC5tcDQVAALIARIAFQIYOnBhc3N0aHJvdWdoX2V2ZXJzdG9yZS9HRnUzRHhrTl84M2dGdDREQUJDUm1RR2ZxX0J5YnFfRUFBQUYVAgLIARIAKAAYABsCiAd1c2Vfb2lsATEScHJvZ3Jlc3NpdmVfcmVjaXBlATEVAAAm8P3ugfSrqAEVAigCQzMsF0BFAQYk3S8bGBJkYXNoX2Jhc2VsaW5lXzFfdjERAHX-B2XmnQEA&_nc_gid=3Xh4qNKHAejYE3tkUUzOOA&_nc_ss=7a22e&_nc_zt=28&oh=00_AQATAvXbv-_I1f6oXVd1KP0uJKFdLD29mYSDhB_U6YU_lQ&oe=6A51CFDC
C4RW1OHrWNS,https://www.instagram.com/reel/C4RW1OHrWNS/,"A câmera representa a visão do seu seguidor no vídeo que você está produzindo, e por isso o movimento dela é como se fosse a imersão dele no conteúdo que você está trazendo. Escreva MOVIMENTO pra aceitar o desafio 🔔",1709939469,1052859,27166,62.15800094604492,clips,https://scontent-poa1-1.cdninstagram.com/o1/v/t2/f2/m82/AQMSwMcrIMb7Xy1p_eDUpRymrKumJiaaTwf4ozc0XF2Y3tMDo-O2VmHgyNyOagYQg8ZM6_OzNCGyOzOoZ5iAGgywvxCSVpcoFJpXl_o.mp4?_nc_cat=109&_nc_sid=5e9851&_nc_ht=scontent-poa1-1.cdninstagram.com&_nc_ohc=SjgojE0yZ2sQ7kNvwEje1TQ&efg=eyJ2ZW5jb2RlX3RhZyI6Inhwdl9wcm9ncmVzc2l2ZS5JTlNUQUdSQU0uQ0xJUFMuQzMuNzIwLmRhc2hfYmFzZWxpbmVfMV92MSIsInhwdl9hc3NldF9pZCI6NDE2NTc3Nzg3NTIzOTU1LCJhc3NldF9hZ2VfZGF5cyI6ODUyLCJ2aV91c2VjYXNlX2lkIjoxMDA5OSwiZHVyYXRpb25fcyI6NjIsInVybGdlbl9zb3VyY2UiOiJ3d3cifQ%3D%3D&ccb=17-1&vs=489d7185a3196999&_nc_vs=HBksFQIYT2lnX3hwdl9yZWVsc19wZXJtYW5lbnRfcHJvZC9DOTRCMDU4MUQzMTFFMEFFODIzMjJBQTI4RDgwRjE5RF92aWRlb19kYXNoaW5pdC5tcDQVAALIARIAFQIYOnBhc3N0aHJvdWdoX2V2ZXJzdG9yZS9HQUR3cFJrWG5aMUNUSUlCQUEyVHF6WjJjMmctYnFfRUFBQUYVAgLIARIAKAAYABsCiAd1c2Vfb2lsATEScHJvZ3Jlc3NpdmVfcmVjaXBlATEVAAAm5s3fsIK4vQEVAigCQzMsF0BPEo9cKPXDGBJkYXNoX2Jhc2VsaW5lXzFfdjERAHX-B2XmnQEA&_nc_gid=3Xh4qNKHAejYE3tkUUzOOA&_nc_ss=7a22e&_nc_zt=28&oh=00_AQA5OB3glCWYzzST4OU-eo_pEH7dfVbj-OEm5-WjLKVPvA&oe=6A51D0CA
C4O18y-rI6R,https://www.instagram.com/reel/C4O18y-rI6R/,"Quando você fala de uma situação real que seu público já viveu, ele naturalmente te da mais atenção! Ao invés de falar de problemas de forma rasa, demonstre o problema acontecendo no dia a dia. Pra testar essa técnica, basta escrever RELATÁVEL 🔔",1709855160,45963,1723,84.13300323486328,clips,https://scontent-poa1-1.cdninstagram.com/o1/v/t2/f2/m82/AQMt2TWrkobMZy8CQ_23ov-F-AlQrB9QUXyyoNRKMrmjftaYhHhCPi8uR5HZs7vEYiA1II-LT4XPRo7UjwX1alMwzMYGMdR5d35pjhg.mp4?_nc_cat=109&_nc_sid=5e9851&_nc_ht=scontent-poa1-1.cdninstagram.com&_nc_ohc=MO1ioax43WoQ7kNvwG4DuTl&efg=eyJ2ZW5jb2RlX3RhZyI6Inhwdl9wcm9ncmVzc2l2ZS5JTlNUQUdSQU0uQ0xJUFMuQzMuNzIwLmRhc2hfYmFzZWxpbmVfMV92MSIsInhwdl9hc3NldF9pZCI6ODA5Njg2MTgwOTg2MzA2LCJhc3NldF9hZ2VfZGF5cyI6ODUzLCJ2aV91c2VjYXNlX2lkIjoxMDA5OSwiZHVyYXRpb25fcyI6ODQsInVybGdlbl9zb3VyY2UiOiJ3d3cifQ%3D%3D&ccb=17-1&vs=876123fe9d1f6b26&_nc_vs=HBksFQIYT2lnX3hwdl9yZWVsc19wZXJtYW5lbnRfcHJvZC82QTQ4QzhCNDk0MzIzRkJDOUVGODk5RUI0NjBCNkM4Rl92aWRlb19kYXNoaW5pdC5tcDQVAALIARIAFQIYOnBhc3N0aHJvdWdoX2V2ZXJzdG9yZS9HQkdydkJrT0ZHaV9ELWtYQVAxSlh3VndYUDVnYnFfRUFBQUYVAgLIARIAKAAYABsCiAd1c2Vfb2lsATEScHJvZ3Jlc3NpdmVfcmVjaXBlATEVAAAmhPeTk_iZ8AIVAigCQzMsF0BVCIMSbpeNGBJkYXNoX2Jhc2VsaW5lXzFfdjERAHX-B2XmnQEA&_nc_gid=3Xh4qNKHAejYE3tkUUzOOA&_nc_ss=7a22e&_nc_zt=28&oh=00_AQClUB7k3NxBC3iOIRFtkNs8UMoFDzDQN3BLNBQqNj9a7A&oe=6A51E7A6
C4MOj3trWfl,https://www.instagram.com/reel/C4MOj3trWfl/,"Na conversa de bar, o seu vídeo soa natural e gostoso de ser assistido, e traz a sensação de você estar tendo um momento de conversa com a sua audiência. Esse formato deixa você mais livre para se expressar e conversar com o seu público em um vídeo. Comente BARZINHO 🍻",1709767524,97360,4671,78.03299713134766,clips,https://scontent-poa1-1.cdninstagram.com/o1/v/t2/f2/m82/AQOL_IqbDjXxp1Pui6vQ-R-ckXnvL2cggutPqCvGxZYtsztExtvlAEVJgeaQM5GMog5K-MJEob6qxqhiH73KIoUgAnaupzW8BQQRwUU.mp4?_nc_cat=111&_nc_sid=5e9851&_nc_ht=scontent-poa1-1.cdninstagram.com&_nc_ohc=Va98U1OwITMQ7kNvwEMuww9&efg=eyJ2ZW5jb2RlX3RhZyI6Inhwdl9wcm9ncmVzc2l2ZS5JTlNUQUdSQU0uQ0xJUFMuQzMuNzIwLmRhc2hfYmFzZWxpbmVfMV92MSIsInhwdl9hc3NldF9pZCI6NDQ5NTIwMjc0MDc4NjU1LCJhc3NldF9hZ2VfZGF5cyI6ODU0LCJ2aV91c2VjYXNlX2lkIjoxMDA5OSwiZHVyYXRpb25fcyI6NzgsInVybGdlbl9zb3VyY2UiOiJ3d3cifQ%3D%3D&ccb=17-1&vs=b683456de04b4fcb&_nc_vs=HBksFQIYT2lnX3hwdl9yZWVsc19wZXJtYW5lbnRfcHJvZC9CMjREMjdDNzBCNUQ4QzhGN0Q1MTRCRDY2QTc1Njc5MV92aWRlb19kYXNoaW5pdC5tcDQVAALIARIAFQIYOnBhc3N0aHJvdWdoX2V2ZXJzdG9yZS9HRE1IdkJrQjE1ZmlzX2NDQU9fRGhaT1NnUUZQYnFfRUFBQUYVAgLIARIAKAAYABsCiAd1c2Vfb2lsATEScHJvZ3Jlc3NpdmVfcmVjaXBlATEVAAAm_u6LhMO1zAEVAigCQzMsF0BThO2RaHKwGBJkYXNoX2Jhc2VsaW5lXzFfdjERAHX-B2XmnQEA&_nc_gid=3Xh4qNKHAejYE3tkUUzOOA&_nc_ss=7a22e&_nc_zt=28&oh=00_AQDhPui9LOKNup2g9__2KgZ8y3fQY0dbLWt83vSCVlodbg&oe=6A51C184
C4JoApOLzl3,https://www.instagram.com/reel/C4JoApOLzl3/,"🎶 Exagerado.. jogado aos seus pés, eu sou mesmo exageradoooo! 🎵 Quando você coloca exagero no seu vídeo, você intensifica a experiência emocional na sua audiência, ou seja, o exagero é uma forma de criar emoções no seu público, deixando seu vídeo na memória. Comente EXAGERO pra participar!",1709680057,75351,3062,90.00599670410156,clips,https://scontent-poa1-1.cdninstagram.com/o1/v/t2/f2/m82/AQOVZeeycJQgbFD7SeSgSQmbym1r-Vp7vdkdjlYjS4gIW7YHILM_B0V3CIGJ78n9z7NPMYsuF4RBrcMkTNTMFBaQLOAdmB5qZEslwkc.mp4?_nc_cat=111&_nc_sid=5e9851&_nc_ht=scontent-poa1-1.cdninstagram.com&_nc_ohc=0Uav8xFib0IQ7kNvwEY3rtN&efg=eyJ2ZW5jb2RlX3RhZyI6Inhwdl9wcm9ncmVzc2l2ZS5JTlNUQUdSQU0uQ0xJUFMuQzMuNzIwLmRhc2hfYmFzZWxpbmVfMV92MSIsInhwdl9hc3NldF9pZCI6MTY1MTgzMjM3MjAxODIwMCwiYXNzZXRfYWdlX2RheXMiOjg1NSwidmlfdXNlY2FzZV9pZCI6MTAwOTksImR1cmF0aW9uX3MiOjg5LCJ1cmxnZW5fc291cmNlIjoid3d3In0%3D&ccb=17-1&vs=6a888280b2a193cc&_nc_vs=HBksFQIYT2lnX3hwdl9yZWVsc19wZXJtYW5lbnRfcHJvZC83OTRCMzVFRkExMzE0Q0U5NUQ3MThERUZDN0ZCMDJBM192aWRlb19kYXNoaW5pdC5tcDQVAALIARIAFQIYOnBhc3N0aHJvdWdoX2V2ZXJzdG9yZS9HTUlmdWhtR0kyM0xLVThEQUVTYmpyU3pqSndHYnFfRUFBQUYVAgLIARIAKAAYABsCiAd1c2Vfb2lsATEScHJvZ3Jlc3NpdmVfcmVjaXBlATEVAAAmsPCZnKaV7wUVAigCQzMsF0BWgGJN0vGqGBJkYXNoX2Jhc2VsaW5lXzFfdjERAHX-B2XmnQEA&_nc_gid=3Xh4qNKHAejYE3tkUUzOOA&_nc_ss=7a22e&_nc_zt=28&oh=00_AQCSyq0LoVScNCZka7VbgKOOTyruFDzR71C6t9Wl3QVXPw&oe=6A51CAE0
C4JZeWmvEWt,https://www.instagram.com/reel/C4JZeWmvEWt/,"as 2 ideias que me salvaram desse medo 🔔 e se ecoar em você, me deixa saber! 🤍",1709672459,102620,5520,70.30000305175781,clips,https://scontent-poa1-1.cdninstagram.com/o1/v/t2/f2/m82/AQNLbydAhcQQR5u0dtek75VLA2nKszQZ1-5qiIRxNQZ6fcV5NOQOX1-qYyk_Z4pQk1U5SPyVFLjYzSBP-xEHafv0sWrfpm4gcNJu0os.mp4?_nc_cat=109&_nc_sid=5e9851&_nc_ht=scontent-poa1-1.cdninstagram.com&_nc_ohc=Hb9vGr5LXN8Q7kNvwGpDM_o&efg=eyJ2ZW5jb2RlX3RhZyI6Inhwdl9wcm9ncmVzc2l2ZS5JTlNUQUdSQU0uQ0xJUFMuQzMuNzIwLmRhc2hfYmFzZWxpbmVfMV92MSIsInhwdl9hc3NldF9pZCI6MjE1MTMwMzgxNjkyOTA1LCJhc3NldF9hZ2VfZGF5cyI6ODU1LCJ2aV91c2VjYXNlX2lkIjoxMDA5OSwiZHVyYXRpb25fcyI6NzAsInVybGdlbl9zb3VyY2UiOiJ3d3cifQ%3D%3D&ccb=17-1&vs=418153ad5abb447d&_nc_vs=HBksFQIYT2lnX3hwdl9yZWVsc19wZXJtYW5lbnRfcHJvZC8xRTQ4MDA4NkJBODQ0QkFFMDQ0MjZFQTdCMEU4OTI5MF92aWRlb19kYXNoaW5pdC5tcDQVAALIARIAFQIYOnBhc3N0aHJvdWdoX2V2ZXJzdG9yZS9HSVdRdHhrdXgyVEJ5UXdEQU5BWkF1ekZsZG9SYnFfRUFBQUYVAgLIARIAKAAYABsCiAd1c2Vfb2lsATEScHJvZ3Jlc3NpdmVfcmVjaXBlATEVAAAm0r_Zn57qYRUCKAJDMywXQFGTMzMzMzMYEmRhc2hfYmFzZWxpbmVfMV92MREAdf4HZeadAQA&_nc_gid=3Xh4qNKHAejYE3tkUUzOOA&_nc_ss=7a22e&_nc_zt=28&oh=00_AQBi7smk-o22EwAEMiQKpInfAWAoXXNSNgiDawA-P1PIZQ&oe=6A51F32A
C4HB_sUraK-,https://www.instagram.com/reel/C4HB_sUraK-/,"🤯 Fique mais criativo limitando sua criatividade! Quanto maior a abundância de opções de escolha de uma pessoa, mais ansiosa, estressada e travada ela irá ficar na hora de fazer a escolha final. ‌Nesse caso, sua limitação criativa é A SUA CAMA. 🛏️ É como se você desse um direcionamento para a sua criatividade agir. Escreva CAMA para aceitar o desafio:",1709593235,64129,2370,72.4469985961914,clips,https://scontent-poa1-1.cdninstagram.com/o1/v/t2/f2/m82/AQOoURrLH4C1ot7roRAxMdQuELURxzfPayYBk1PpUyYYYoVRKtqlnTaE1JbcK2Edhj3d6Yp4NsX2XAEdOKQRQpsSfua5UpzcI_lAPQY.mp4?_nc_cat=103&_nc_sid=5e9851&_nc_ht=scontent-poa1-1.cdninstagram.com&_nc_ohc=I94K4jRjCpEQ7kNvwHdd3ES&efg=eyJ2ZW5jb2RlX3RhZyI6Inhwdl9wcm9ncmVzc2l2ZS5JTlNUQUdSQU0uQ0xJUFMuQzMuNzIwLmRhc2hfYmFzZWxpbmVfMV92MSIsInhwdl9hc3NldF9pZCI6MzMwOTY2ODA5OTM0MTM2OCwiYXNzZXRfYWdlX2RheXMiOjg1NiwidmlfdXNlY2FzZV9pZCI6MTAwOTksImR1cmF0aW9uX3MiOjcyLCJ1cmxnZW5fc291cmNlIjoid3d3In0%3D&ccb=17-1&vs=9f4e925ac608b0ee&_nc_vs=HBksFQIYT2lnX3hwdl9yZWVsc19wZXJtYW5lbnRfcHJvZC9FQTRCNDJDNTBFRkQzQTlBMTRGM0Y5RDY0OUEwODdBRl92aWRlb19kYXNoaW5pdC5tcDQVAALIARIAFQIYOnBhc3N0aHJvdWdoX2V2ZXJzdG9yZS9HSzZ6dUJsN0RZZ2FnVXNGQUdUaEp0cXYxYlFxYnFfRUFBQUYVAgLIARIAKAAYABsCiAd1c2Vfb2lsATEScHJvZ3Jlc3NpdmVfcmVjaXBlATEVAAAm8PCV9oSI4QsVAigCQzMsF0BSHJul41P4GBJkYXNoX2Jhc2VsaW5lXzFfdjERAHX-B2XmnQEA&_nc_gid=GNocT-NwbHY2MC1dV4buBw&_nc_ss=7a22e&_nc_zt=28&oh=00_AQDyRDZU4UAzYpoiPfthWZxJaZwarMM1kKjR-DbqJ79HFw&oe=6A51C49C
C4GB-ewrzMJ,https://www.instagram.com/reel/C4GB-ewrzMJ/,"Chegou a hora de CRIAR. Chegou a fase 2. Chegou FORMATO CRIATIVO. 🔔 Topa do desafio? Não perca a aula ao vivo inaugural dessa fase, hoje às 19:16. Escreva Criatividade pra participar:",1709559553,54849,2281,47.422000885009766,clips,https://scontent-poa1-1.cdninstagram.com/o1/v/t2/f2/m82/AQMCuYKsgM5-DyLapIVi3n17hr3gHcNwyS6eH2KtYSQjeg5Xja7KJsoahgaevm3-8u8erIWRXKU7MAEsI-s0PWGHNnlfgYGsnYPLJyk.mp4?_nc_cat=107&_nc_sid=5e9851&_nc_ht=scontent-poa1-1.cdninstagram.com&_nc_ohc=Emw-1A4dUt0Q7kNvwH_Kgpo&efg=eyJ2ZW5jb2RlX3RhZyI6Inhwdl9wcm9ncmVzc2l2ZS5JTlNUQUdSQU0uQ0xJUFMuQzMuNzIwLmRhc2hfYmFzZWxpbmVfMV92MSIsInhwdl9hc3NldF9pZCI6MzQwMTA3NjM3MDE4NDUwNCwiYXNzZXRfYWdlX2RheXMiOjg1NywidmlfdXNlY2FzZV9pZCI6MTAwOTksImR1cmF0aW9uX3MiOjQ3LCJ1cmxnZW5fc291cmNlIjoid3d3In0%3D&ccb=17-1&vs=9752c850c560ea93&_nc_vs=HBksFQIYT2lnX3hwdl9yZWVsc19wZXJtYW5lbnRfcHJvZC9BOTQ1Mjg2OTMwQjA4QTc1Nzk3MzRDQ0QwRTQ2ODZBNF92aWRlb19kYXNoaW5pdC5tcDQVAALIARIAFQIYOnBhc3N0aHJvdWdoX2V2ZXJzdG9yZS9HR05ydHhuWWZkUXJCSllDQUNPVlVDVE9ZMTBuYnFfRUFBQUYVAgLIARIAKAAYABsCiAd1c2Vfb2lsATEScHJvZ3Jlc3NpdmVfcmVjaXBlATEVAAAm8OSwztnQigwVAigCQzMsF0BHtgQYk3S8GBJkYXNoX2Jhc2VsaW5lXzFfdjERAHX-B2XmnQEA&_nc_gid=GNocT-NwbHY2MC1dV4buBw&_nc_ss=7a22e&_nc_zt=28&oh=00_AQA5qEzbesjR-KEKhqMmE4t0sofzE9b-KNJt_jDtMk3EUw&oe=6A51EA34
C4B78pULuUO,https://www.instagram.com/reel/C4B78pULuUO/,"Quando você descobre seu porquê, encontra seu propósito. Quando você descobre seu propósito, encontra sua paixão. Quando você descobre sua paixão, encontra seu poder. - Bob Proctor 🔔 Escreva PROPÓSITO para participar:",1709422040,34323,1052,89.9229965209961,clips,https://scontent-poa1-1.cdninstagram.com/o1/v/t2/f2/m82/AQOvp-3X9Ek9yoCuwyuWeG5YqvtxYotl0LT-WkUWte6DlvVMjdiyqYRuMUvfEL2fVn8J0kq-xKZ3Um_3jUxbZ3c1zder76nlUwco5dc.mp4?_nc_cat=107&_nc_sid=5e9851&_nc_ht=scontent-poa1-1.cdninstagram.com&_nc_ohc=jdxQ7dDLDmYQ7kNvwH_PqQW&efg=eyJ2ZW5jb2RlX3RhZyI6Inhwdl9wcm9ncmVzc2l2ZS5JTlNUQUdSQU0uQ0xJUFMuQzMuNzIwLmRhc2hfYmFzZWxpbmVfMV92MSIsInhwdl9hc3NldF9pZCI6MTQ4NDIzMzkzOTE5NDMyNCwiYXNzZXRfYWdlX2RheXMiOjg1OCwidmlfdXNlY2FzZV9pZCI6MTAwOTksImR1cmF0aW9uX3MiOjg5LCJ1cmxnZW5fc291cmNlIjoid3d3In0%3D&ccb=17-1&vs=f7fd571c1bb16d6e&_nc_vs=HBksFQIYT2lnX3hwdl9yZWVsc19wZXJtYW5lbnRfcHJvZC82OTRCM0Y5MDZFNjVENTc1QTMwODIxNzA1NTIyNzNBNF92aWRlb19kYXNoaW5pdC5tcDQVAALIARIAFQIYOnBhc3N0aHJvdWdoX2V2ZXJzdG9yZS9HTXZjcmhreU85YXFDWGNCQU5wWXduak9fR3hLYnFfRUFBQUYVAgLIARIAKAAYABsCiAd1c2Vfb2lsATEScHJvZ3Jlc3NpdmVfcmVjaXBlATEVAAAmqMesy-T5ogUVAigCQzMsF0BWexJul41QGBJkYXNoX2Jhc2VsaW5lXzFfdjERAHX-B2XmnQEA&_nc_gid=GNocT-NwbHY2MC1dV4buBw&_nc_ss=7a22e&_nc_zt=28&oh=00_AQBW4dhn62G6hONssOwPgKfnqvbQBX87pQamMoEOQekKFA&oe=6A51D2D4
C3_UoxpL-HN,https://www.instagram.com/reel/C3_UoxpL-HN/,"Dentro de nós existe uma versão do passado que pode ter errado muito, e sofrido muito, mas no fundo, ela acertou. A sua versão do passado foi necessária para que hoje você exista, assim como o seu eu do futuro vai existir graças a você hoje. Escrever uma carta para o eu do passado faz você criar um processo de cura e se sentir melhor consigo mesmo e com o seu futuro. Aceita o desafio? 🔔",1709334336,33178,1077,104.97899627685547,clips,https://scontent-poa1-1.cdninstagram.com/o1/v/t2/f2/m82/AQMqc6kzDy_3AukpzMcBB-mM4oS9DGeWF1A-htmGey1exJ9clfUBd6X6butVdPo7fqdPQZrwE-tZijnGIgZdCkx0Znc531L2fmgPhFY.mp4?_nc_cat=101&_nc_sid=5e9851&_nc_ht=scontent-poa1-1.cdninstagram.com&_nc_ohc=BioRjITbcqYQ7kNvwH4GmP3&efg=eyJ2ZW5jb2RlX3RhZyI6Inhwdl9wcm9ncmVzc2l2ZS5JTlNUQUdSQU0uQ0xJUFMuQzMuNzIwLmRhc2hfYmFzZWxpbmVfMV92MSIsInhwdl9hc3NldF9pZCI6MzkwMzc4ODYwNDEwMDgxLCJhc3NldF9hZ2VfZGF5cyI6ODU5LCJ2aV91c2VjYXNlX2lkIjoxMDA5OSwiZHVyYXRpb25fcyI6MTA0LCJ1cmxnZW5fc291cmNlIjoid3d3In0%3D&ccb=17-1&vs=4750c5005bfe4a2e&_nc_vs=HBksFQIYT2lnX3hwdl9yZWVsc19wZXJtYW5lbnRfcHJvZC8wNDQ0MkI0NzVGNTA4OEEyM0E2QzZFRTUxMkU2QUNCRl92aWRlb19kYXNoaW5pdC5tcDQVAALIARIAFQIYOnBhc3N0aHJvdWdoX2V2ZXJzdG9yZS9HQ25Xc0JsOGZ4b2RiWXNHQUlIQkc2WXFFZFVEYnFfRUFBQUYVAgLIARIAKAAYABsCiAd1c2Vfb2lsATEScHJvZ3Jlc3NpdmVfcmVjaXBlATEVAAAmwtPrlIXDsQEVAigCQzMsF0BaPqfvnbItGBJkYXNoX2Jhc2VsaW5lXzFfdjERAHX-B2XmnQEA&_nc_gid=GNocT-NwbHY2MC1dV4buBw&_nc_ss=7a22e&_nc_zt=28&oh=00_AQD6jtglLaDss1ojQbByPOmPf_IMtrCc5vKyuM4Pzyfv7Q&oe=6A51E1FA
C38xHAZrcPx,https://www.instagram.com/reel/C38xHAZrcPx/,"Contar a história certa para a pessoa certa faz a sua audiência entender que o seu produto é a solução que ela procura. 🔔 Mas pra isso, é necessário vender a ideia sem sem chato - e você faz através de uma moral da história. Aceita o desafio?",1709248823,168359,5108,93.43499755859375,clips,https://scontent-poa1-1.cdninstagram.com/o1/v/t2/f2/m82/AQO8rmSjrM2mlPyPoEt90qPu0Y8UNr1a1aZKGjARPESwF296ZczDjwjhqg9-Sn1PF-acVOWso75Dk8-7JDAC2TBB9yHFU-f_Aba41CM.mp4?_nc_cat=102&_nc_sid=5e9851&_nc_ht=scontent-poa1-1.cdninstagram.com&_nc_ohc=37-vrhUXnPUQ7kNvwEsTQVo&efg=eyJ2ZW5jb2RlX3RhZyI6Inhwdl9wcm9ncmVzc2l2ZS5JTlNUQUdSQU0uQ0xJUFMuQzMuNzIwLmRhc2hfYmFzZWxpbmVfMV92MSIsInhwdl9hc3NldF9pZCI6Mzc2MTgxOTcyMDI4MzQyLCJhc3NldF9hZ2VfZGF5cyI6ODYwLCJ2aV91c2VjYXNlX2lkIjoxMDA5OSwiZHVyYXRpb25fcyI6OTMsInVybGdlbl9zb3VyY2UiOiJ3d3cifQ%3D%3D&ccb=17-1&vs=ff628cee57d16a0&_nc_vs=HBksFQIYT2lnX3hwdl9yZWVsc19wZXJtYW5lbnRfcHJvZC80MDQyRkZDOUYwRjY5NzEzOUIxQzE3RkNFNEZFMzhCRF92aWRlb19kYXNoaW5pdC5tcDQVAALIARIAFQIYOnBhc3N0aHJvdWdoX2V2ZXJzdG9yZS9HQVJ6c2hrdjJ0TDBYVW9CQUR4dVBLUFRRdDBpYnFfRUFBQUYVAgLIARIAKAAYABsCiAd1c2Vfb2lsATEScHJvZ3Jlc3NpdmVfcmVjaXBlATEVAAAm7K6CjdaIqwEVAigCQzMsF0BXW0OVgQYlGBJkYXNoX2Jhc2VsaW5lXzFfdjERAHX-B2XmnQEA&_nc_gid=GNocT-NwbHY2MC1dV4buBw&_nc_ss=7a22e&_nc_zt=28&oh=00_AQBTQo7h0Wk2h2qiWzOuw-bAcgl-6rxwmA2hdaGn6v07eg&oe=6A51D86B
C36FOSnP1U0,https://www.instagram.com/reel/C36FOSnP1U0/,"Você é o que está consciente de ser, e enquanto você mantém pensamentos negativos em sua mente, os seus dias serão repletos de acontecimentos negativos. Mas o que acontece se você trocar a negatividade por… gratidão? 💗🙏 E vamos além, ao romantizar coisas simples, somos capazes de enxergar beleza e transbordar ela pro mundo! Escreva GRATIDÃO para participar:",1709158498,50249,1916,88.00399780273438,clips,https://scontent-poa1-1.cdninstagram.com/o1/v/t2/f2/m82/AQOjEVBqMUb53jSS2a-y0nmf-jeItYyAi6brRfW_AaxhqPZ0HiffSinOwxSfftSjnAHeQgXVXJJ_tiBdWNteWlMkcTu8bITskP-MuSE.mp4?_nc_cat=106&_nc_sid=5e9851&_nc_ht=scontent-poa1-1.cdninstagram.com&_nc_ohc=dFCCyDUCDiYQ7kNvwE8gQv0&efg=eyJ2ZW5jb2RlX3RhZyI6Inhwdl9wcm9ncmVzc2l2ZS5JTlNUQUdSQU0uQ0xJUFMuQzMuNzIwLmRhc2hfYmFzZWxpbmVfMV92MSIsInhwdl9hc3NldF9pZCI6MTQ5NTAyMjMzNzc0MjgyNiwiYXNzZXRfYWdlX2RheXMiOjg2MSwidmlfdXNlY2FzZV9pZCI6MTAwOTksImR1cmF0aW9uX3MiOjg3LCJ1cmxnZW5fc291cmNlIjoid3d3In0%3D&ccb=17-1&vs=6803dd8b4afade93&_nc_vs=HBksFQIYT2lnX3hwdl9yZWVsc19wZXJtYW5lbnRfcHJvZC8yQzREQTY3Q0Q5QjQyOTZGNDkwQjBBQjQyMzEyRTBBQ192aWRlb19kYXNoaW5pdC5tcDQVAALIARIAFQIYOnBhc3N0aHJvdWdoX2V2ZXJzdG9yZS9HQ3NjcHhsa2Q5Yy1GMVFCQUJ2WFhRSEtBeHB0YnFfRUFBQUYVAgLIARIAKAAYABsCiAd1c2Vfb2lsATEScHJvZ3Jlc3NpdmVfcmVjaXBlATEVAAAm1N_6teDtpwUVAigCQzMsF0BWAEGJN0vHGBJkYXNoX2Jhc2VsaW5lXzFfdjERAHX-B2XmnQEA&_nc_gid=GNocT-NwbHY2MC1dV4buBw&_nc_ss=7a22e&_nc_zt=28&oh=00_AQAEHxJtWGQj6gtjSjhWqltRXsp68__LuSe10HgfW_55TQ&oe=6A51DFB3
C35JRzMrv75,https://www.instagram.com/reel/C35JRzMrv75/,"HOJE vai ficar pra história! 🤍 Imagina aprender inteligência emocional para criadores de conteúdo com a Psicóloga mais viralizada que existe nesse Instagram?! 🔔 Façam BARULHO pra Iane Ventura o Desafio do Criador de 69 dias. Escreva @ianeventura para participar dessa aula, HOJE dia 28 às 19:16:",1709127548,64285,2276,89.9749984741211,clips,https://scontent-poa1-1.cdninstagram.com/o1/v/t2/f2/m82/AQOjd0MIwzdZc6aw4Yk4Owld5urGtOH-BaPrXe3_6dQHVUq2dQjwsZRp7hRRA1c503Vmec4Gv9f7peIYWvRBSgS4YmOj2jgAxX0qEJ4.mp4?_nc_cat=105&_nc_sid=5e9851&_nc_ht=scontent-poa1-1.cdninstagram.com&_nc_ohc=P48vkKfS0sMQ7kNvwGdHFIs&efg=eyJ2ZW5jb2RlX3RhZyI6Inhwdl9wcm9ncmVzc2l2ZS5JTlNUQUdSQU0uQ0xJUFMuQzMuNzIwLmRhc2hfYmFzZWxpbmVfMV92MSIsInhwdl9hc3NldF9pZCI6NzE4MTE4Mzg3MDc0OTMzLCJhc3NldF9hZ2VfZGF5cyI6ODYyLCJ2aV91c2VjYXNlX2lkIjoxMDA5OSwiZHVyYXRpb25fcyI6ODksInVybGdlbl9zb3VyY2UiOiJ3d3cifQ%3D%3D&ccb=17-1&vs=f72b624b3b12ae41&_nc_vs=HBksFQIYT2lnX3hwdl9yZWVsc19wZXJtYW5lbnRfcHJvZC81MDQxRDI1N0EyNEYxOUQwNzUwNDYxMUVDNkY4RkZBRF92aWRlb19kYXNoaW5pdC5tcDQVAALIARIAFQIYRmlnX3hwdl9yZWVsc19wZXJtYW5lbnRfc3JfcHJvZC8zNjkyNjMyOTM0MzMzNDcyXzY2ODExMDg4NTE3NTA0NzIzNi5tcDQVAgLIARIAKAAYABsCiAd1c2Vfb2lsATEScHJvZ3Jlc3NpdmVfcmVjaXBlATEVAAAm6p3y9f7HxgIVAigCQzMsF0BWfeNT987ZGBJkYXNoX2Jhc2VsaW5lXzFfdjERAHX-B2XmnQEA&_nc_gid=GNocT-NwbHY2MC1dV4buBw&_nc_ss=7a22e&_nc_zt=28&oh=00_AQA8yFF5GJAdTpd1PuJ4lGpmghnfCREGMcxsOp1VzDx-gA&oe=6A51E6B2
C33mF_5riqd,https://www.instagram.com/reel/C33mF_5riqd/,"“A disposição de ser o primeiro a se arriscar e a revelar a sua imperfeição é a chave para a verdadeira conexão humana.” Em um momento digital onde todo mundo se preocupa em mostrar o jatinho próprio e o milhão na conta, as pessoas que contam as histórias dos seus problemas, histórias de superação e se mostram REAIS, se destacam. Escreva ESPERANÇA se você aceita o desafio!",1709075069,233822,3359,102.072998046875,clips,https://scontent-poa1-1.cdninstagram.com/o1/v/t2/f2/m82/AQO_FJK5ABFuzIHvglk0wa5MnUV1YMLTPdIvGAPYuRd3HTpna9KBjwylkPc6XQtcMEGcHBiaHFZYIQPVZwCR0Yu4BMlZeCseJ8_ZgV4.mp4?_nc_cat=105&_nc_sid=5e9851&_nc_ht=scontent-poa1-1.cdninstagram.com&_nc_ohc=23gY6FNl3WMQ7kNvwFlw8wu&efg=eyJ2ZW5jb2RlX3RhZyI6Inhwdl9wcm9ncmVzc2l2ZS5JTlNUQUdSQU0uQ0xJUFMuQzMuNzIwLmRhc2hfYmFzZWxpbmVfMV92MSIsInhwdl9hc3NldF9pZCI6MTEyMTM0NTUzNTcxOTAwNCwiYXNzZXRfYWdlX2RheXMiOjg2MiwidmlfdXNlY2FzZV9pZCI6MTAwOTksImR1cmF0aW9uX3MiOjEwMiwidXJsZ2VuX3NvdXJjZSI6Ind3dyJ9&ccb=17-1&vs=d4b9f0857e2b8ec3&_nc_vs=HBksFQIYT2lnX3hwdl9yZWVsc19wZXJtYW5lbnRfcHJvZC8xOTQ0MDVGNEQ1NjBEODlBNjU2Qzk2NjY2RTBDMkM5NF92aWRlb19kYXNoaW5pdC5tcDQVAALIARIAFQIYOnBhc3N0aHJvdWdoX2V2ZXJzdG9yZS9HS2FacGhsSTZZSVdwQnRjQUdCalNNSFdtUU55YnFfRUFBQUYVAgLIARIAKAAYABsCiAd1c2Vfb2lsATEScHJvZ3Jlc3NpdmVfcmVjaXBlATEVAAAmuNmdpfP2_QMVAigCQzMsF0BZhDlYEGJOGBJkYXNoX2Jhc2VsaW5lXzFfdjERAHX-B2XmnQEA&_nc_gid=GNocT-NwbHY2MC1dV4buBw&_nc_ss=7a22e&_nc_zt=28&oh=00_AQBbFEAACcBysfOEUsor1ZZ612HSP_AZll7uYfneNVQr8g&oe=6A51C386
C31De4mLjCa,https://www.instagram.com/reel/C31De4mLjCa/,"A internet está LOTADA de noticias ruins a todo momento, que nós sejamos a parte boa desse lugar. 💗 “Quem dá o que tem, merece receber o que precisa.” - Essa frase não é nossa, mas de Sêneca, um dos maiores filósofos que o mundo já viu. Além disso, imagina a força de uma comunidade inteira realizando doações para ver o mundo melhor!! ISSO É SURREAL! 🔔 Escreva MULTIPLICAÇÃO para participar dessa corrente:",1708989836,81093,3526,82.59100341796875,clips,https://scontent-poa1-1.cdninstagram.com/o1/v/t2/f2/m82/AQMP7cebDeKJrzEt2Ruic181doWOu5T0MNmxt3TBwQ3_GuCDrCuTmu9IX0ScGh-H6xhJOTvvVR-hoe6UlkFHSXXj10TqbhxtgRuEsoY.mp4?_nc_cat=110&_nc_sid=5e9851&_nc_ht=scontent-poa1-1.cdninstagram.com&_nc_ohc=3w8OBatR-CQQ7kNvwHew1LJ&efg=eyJ2ZW5jb2RlX3RhZyI6Inhwdl9wcm9ncmVzc2l2ZS5JTlNUQUdSQU0uQ0xJUFMuQzMuNzIwLmRhc2hfYmFzZWxpbmVfMV92MSIsInhwdl9hc3NldF9pZCI6ODc2NzQ0NjI3NTg1MzMwLCJhc3NldF9hZ2VfZGF5cyI6ODYzLCJ2aV91c2VjYXNlX2lkIjoxMDA5OSwiZHVyYXRpb25fcyI6ODIsInVybGdlbl9zb3VyY2UiOiJ3d3cifQ%3D%3D&ccb=17-1&vs=5412d4fd2811824e&_nc_vs=HBksFQIYT2lnX3hwdl9yZWVsc19wZXJtYW5lbnRfcHJvZC9BNDREMDREMjhEM0Y1M0FEMzAzNzlFRTlFMjA1OEVBNF92aWRlb19kYXNoaW5pdC5tcDQVAALIARIAFQIYOnBhc3N0aHJvdWdoX2V2ZXJzdG9yZS9HSzJ5cGhteFB1UkpoODhEQUpuYk5fdGdIT2dtYnFfRUFBQUYVAgLIARIAKAAYABsCiAd1c2Vfb2lsATEScHJvZ3Jlc3NpdmVfcmVjaXBlATEVAAAm5ISwwaDZjgMVAigCQzMsF0BUpT987ZFoGBJkYXNoX2Jhc2VsaW5lXzFfdjERAHX-B2XmnQEA&_nc_gid=GNocT-NwbHY2MC1dV4buBw&_nc_ss=7a22e&_nc_zt=28&oh=00_AQBjHLHpQ_mycjeGkR4ehbTpJvZbPd49OZFOcYouHRIlIg&oe=6A51DECB
C3yY96DPR84,https://www.instagram.com/reel/C3yY96DPR84/,"“O cérebro humano é programado para adorar histórias. Elas são a maneira mais eficaz de transmitir informações, construir conexões emocionais e inspirar ação em uma audiência.” Quando você convida a sua audiência para participar dessa história, você inspira a sua audiência a agir brutalmente, ao mesmo tempo que cria uma conexão duradoura. A partir de agora não é mais uma relação simples em uma rede social, você e a sua audiência vivem uma história juntos. 🔔 Escreva ESTRUTURA para aplicar no seu próximo roteiro:",1708900547,54136,2014,129.75399780273438,clips,https://scontent-poa1-1.cdninstagram.com/o1/v/t2/f2/m82/AQMVUvu7FKWwhMrsWdYCUU9T9-fx_Y5W3a4BTTEp0mdTYo-_dvM0Eiod6iqlRAH7MVdXPz4C1VQs2plXBJqKqy_jpF0-GcBfm5SUuiQ.mp4?_nc_cat=104&_nc_sid=5e9851&_nc_ht=scontent-poa1-1.cdninstagram.com&_nc_ohc=_7ugrnyQt-oQ7kNvwFJv2Pv&efg=eyJ2ZW5jb2RlX3RhZyI6Inhwdl9wcm9ncmVzc2l2ZS5JTlNUQUdSQU0uQ0xJUFMuQzMuNzIwLmRhc2hfYmFzZWxpbmVfMV92MSIsInhwdl9hc3NldF9pZCI6OTIyOTAxNjY5MTY0MTQyLCJhc3NldF9hZ2VfZGF5cyI6ODY0LCJ2aV91c2VjYXNlX2lkIjoxMDA5OSwiZHVyYXRpb25fcyI6MTI5LCJ1cmxnZW5fc291cmNlIjoid3d3In0%3D&ccb=17-1&vs=3a32e6cf06edba61&_nc_vs=HBksFQIYT2lnX3hwdl9yZWVsc19wZXJtYW5lbnRfcHJvZC8yRjQ0N0ExMjk5QzU1NkU5NzBCNkRDNUZDMkZCQzM5MF92aWRlb19kYXNoaW5pdC5tcDQVAALIARIAFQIYOnBhc3N0aHJvdWdoX2V2ZXJzdG9yZS9HSHJOWWhpWjE5M0g1cm9DQUM0ZWRzOXRMQjhqYnFfRUFBQUYVAgLIARIAKAAYABsCiAd1c2Vfb2lsATEScHJvZ3Jlc3NpdmVfcmVjaXBlATEVAAAm3NG5ovnXowMVAigCQzMsF0BgOCDEm6XjGBJkYXNoX2Jhc2VsaW5lXzFfdjERAHX-B2XmnQEA&_nc_gid=GNocT-NwbHY2MC1dV4buBw&_nc_ss=7a22e&_nc_zt=28&oh=00_AQDdDGt8jO8-c_a-ERTBIfD4LIYckbp7EQl8-4_9VX6ubw&oe=6A51D0B9
C3v3D6MPrfV,https://www.instagram.com/reel/C3v3D6MPrfV/,"Para nós, problema não se apresenta como um obstáculo, mas sim como um CHAMADO. 🤌🎙️ E eu tô muito afim de arrumar problemas! Aceita o desafio? Escreva PROBLEMA:",1708815533,199700,4900,134,clips,https://scontent-poa1-1.cdninstagram.com/o1/v/t2/f2/m82/AQPIg6oGAGPiCz0Y7Rb5Nlh8snSH7skhOwapA8VsNOKmjayedD8aASi423-Xr3C_8iAoeGdAnNqy56_xjCdrNvwEzV7B7BwZquyRYBQ.mp4?_nc_cat=110&_nc_sid=5e9851&_nc_ht=scontent-poa1-1.cdninstagram.com&_nc_ohc=mtEufDJRybIQ7kNvwENlJsG&efg=eyJ2ZW5jb2RlX3RhZyI6Inhwdl9wcm9ncmVzc2l2ZS5JTlNUQUdSQU0uQ0xJUFMuQzMuNzIwLmRhc2hfYmFzZWxpbmVfMV92MSIsInhwdl9hc3NldF9pZCI6NzczNTMwODIwODM4NTU3LCJhc3NldF9hZ2VfZGF5cyI6ODY1LCJ2aV91c2VjYXNlX2lkIjoxMDA5OSwiZHVyYXRpb25fcyI6MTM0LCJ1cmxnZW5fc291cmNlIjoid3d3In0%3D&ccb=17-1&vs=80a7c52e271f9d58&_nc_vs=HBksFQIYT2lnX3hwdl9yZWVsc19wZXJtYW5lbnRfcHJvZC9CMzRFNThEMTk5QUI2NTAwQjczNEUyMDYxRTkwNUY4M192aWRlb19kYXNoaW5pdC5tcDQVAALIARIAFQIYOnBhc3N0aHJvdWdoX2V2ZXJzdG9yZS9HSHN6bVJuZVMtSUR1UlFGQUxWWC1GNUVhMUFhYnFfRUFBQUYVAgLIARIAKAAYABsCiAd1c2Vfb2lsATEScHJvZ3Jlc3NpdmVfcmVjaXBlATEVAAAmupLk3LXh3wIVAigCQzMsF0BgwAAAAAAAGBJkYXNoX2Jhc2VsaW5lXzFfdjERAHX-B2XmnQEA&_nc_gid=GNocT-NwbHY2MC1dV4buBw&_nc_ss=7a22e&_nc_zt=28&oh=00_AQCLhHAP_BGcuY-Ge23ZH_eTUEShwMJWoS7ppBGrqChCMQ&oe=6A51E083
C3tRmeir96M,https://www.instagram.com/reel/C3tRmeir96M/,"Mais forte do que contar a sua história, é contar a história das pessoas que você transformou com o seu trabalho. Mas esse tipo de conteúdo é geralmente muito chato, mesmo que a história de transformação da pessoa seja interessante e algo que o seu público queira viver. Esse formato tira todo o “teor de vendas” do seu depoimento e faz uma conexão emocional com o seu público antes de tentar vender alguma coisa. Escreva CRIATIVO para ter acesso a todas as informações para escrever o seu depoimento com storytelling:",1708728894,177717,5057,95.80400085449219,clips,https://scontent-poa1-1.cdninstagram.com/o1/v/t2/f2/m82/AQNOYlbncDlwzLrL8UJmxntzBC3tc9AV71J-tXdYIInj5z-BrTeehh7WyHr2xArj8IJHMhD58hbO7YkG4lC3_ap2BMg3VNrV_xlM8V0.mp4?_nc_cat=104&_nc_sid=5e9851&_nc_ht=scontent-poa1-1.cdninstagram.com&_nc_ohc=W6zVWet6s3cQ7kNvwFwlYaV&efg=eyJ2ZW5jb2RlX3RhZyI6Inhwdl9wcm9ncmVzc2l2ZS5JTlNUQUdSQU0uQ0xJUFMuQzMuNzIwLmRhc2hfYmFzZWxpbmVfMV92MSIsInhwdl9hc3NldF9pZCI6NjU5MjExNTEyOTIxODMwLCJhc3NldF9hZ2VfZGF5cyI6ODY2LCJ2aV91c2VjYXNlX2lkIjoxMDA5OSwiZHVyYXRpb25fcyI6OTUsInVybGdlbl9zb3VyY2UiOiJ3d3cifQ%3D%3D&ccb=17-1&vs=7e353de89297339a&_nc_vs=HBksFQIYT2lnX3hwdl9yZWVsc19wZXJtYW5lbnRfcHJvZC8wQzQ5NTcxQjlDODU0ODJGNTg5Qzg2M0ExMTM0NzJCNV92aWRlb19kYXNoaW5pdC5tcDQVAALIARIAFQIYOnBhc3N0aHJvdWdoX2V2ZXJzdG9yZS9HSWw0aHhrYUd6UnNMMUlHQUJGb2padUdmWTQ0YnFfRUFBQUYVAgLIARIAKAAYABsCiAd1c2Vfb2lsATEScHJvZ3Jlc3NpdmVfcmVjaXBlATEVAAAmzPv5wJTjqwIVAigCQzMsF0BX83S8an76GBJkYXNoX2Jhc2VsaW5lXzFfdjERAHX-B2XmnQEA&_nc_gid=GNocT-NwbHY2MC1dV4buBw&_nc_ss=7a22e&_nc_zt=28&oh=00_AQCqds_g7mKjb-lnT7JzM0t9tsgdwBH9enVyf97lc2Sp5A&oe=6A51EAED
C3sG4K5OzHj,https://www.instagram.com/reel/C3sG4K5OzHj/,"As coisas quase aconteciam... Mas vocês sabem, viver no quase é sobre postura, atitude e visão! Ou a falta delas. Está na hora de romper essa barreira e realmente enriquecer, realmente ter liberdade, realmente construir um negócio, uma comunidade e claro, escrever sua própria história. É por isso que a @hanahfranklin vai estar no palco da Dominação Mundial contando como ELA ROMPEU O QUASE e te dando o caminho já validado para isso! Em 14 dias viveremos isso JUNTAS! Porque para construir sua própria história, apenas sendo criadores do futuro! 🔔 Digite nos comentários tudo junto MINHACADEIRA, que eu vou te mandar por direct tudo sobre esse evento!",1708689623,102667,2778,60.643001556396484,clips,https://scontent-poa1-1.cdninstagram.com/o1/v/t2/f2/m82/AQPMwUZb7JjcJ_S5DeUB9jkh79NpP5D7DwWcw1lGhgQclEgrGqgOhpqB5dt8xPzVrE7L34nvqTLB-T3duWuS00lGOi07RiFn2x13KnM.mp4?_nc_cat=102&_nc_sid=5e9851&_nc_ht=scontent-poa1-1.cdninstagram.com&_nc_ohc=6eQwWHbw9Q0Q7kNvwF_pOl2&efg=eyJ2ZW5jb2RlX3RhZyI6Inhwdl9wcm9ncmVzc2l2ZS5JTlNUQUdSQU0uQ0xJUFMuQzMuNzIwLmRhc2hfYmFzZWxpbmVfMV92MSIsInhwdl9hc3NldF9pZCI6MTMxNTMxMzM5MzE5Mjk1MiwiYXNzZXRfYWdlX2RheXMiOjg2NywidmlfdXNlY2FzZV9pZCI6MTAwOTksImR1cmF0aW9uX3MiOjYwLCJ1cmxnZW5fc291cmNlIjoid3d3In0%3D&ccb=17-1&vs=4f9d9200646b5184&_nc_vs=HBksFQIYT2lnX3hwdl9yZWVsc19wZXJtYW5lbnRfcHJvZC85RDQ4ODk1RkI3NzgxMzQ4RTRBNDk3REE0RTQ3NTFCMV92aWRlb19kYXNoaW5pdC5tcDQVAALIARIAFQIYOnBhc3N0aHJvdWdoX2V2ZXJzdG9yZS9HQUtzbGhtaElBSkJ0b1FCQUZhMVlsRzFZNlJCYnFfRUFBQUYVAgLIARIAKAAYABsCiAd1c2Vfb2lsATEScHJvZ3Jlc3NpdmVfcmVjaXBlATEVAAAm8L-OuaiR1gQVAigCQzMsF0BOUk3S8an8GBJkYXNoX2Jhc2VsaW5lXzFfdjERAHX-B2XmnQEA&_nc_gid=Um9fNsZT9YMhIOwCOVSaEA&_nc_ss=7a22e&_nc_zt=28&oh=00_AQBQf1EJiZjBDPj_b3TDiqsqiDocg1O4qK_xLREtONubjA&oe=6A51BFB7
C3qvCXrLD6Q,https://www.instagram.com/reel/C3qvCXrLD6Q/,"GUIA DE TOMADA DE DECISÕES 🖼️ É isso que o Quadro dos Sonhos significa pra mim! Quando você estiver em dúvida se vai fazer exercício ou não, você vai olhar para um abdômen trincado grudado na parede, isso ajuda a tomar a decisão certa! rsrsrs Escreve SONHO que te mostro o passo a passo de como eu fiz o meu, lá no trello!",1708643810,78208,3991,112.33599853515625,clips,https://scontent-poa1-1.cdninstagram.com/o1/v/t2/f2/m82/AQMEjMSP-WFqIPN-ndk8kRHgSWvFzxaQ_khxKZbMprJxsg0wkUCKa5Rsgn-4UPjc53vsIKGfZtX8ZBP4VjFj4WreOCY4zsnvzdJoVHE.mp4?_nc_cat=103&_nc_sid=5e9851&_nc_ht=scontent-poa1-1.cdninstagram.com&_nc_ohc=rHTdtoNywAAQ7kNvwGZdz-m&efg=eyJ2ZW5jb2RlX3RhZyI6Inhwdl9wcm9ncmVzc2l2ZS5JTlNUQUdSQU0uQ0xJUFMuQzMuNzIwLmRhc2hfYmFzZWxpbmVfMV92MSIsInhwdl9hc3NldF9pZCI6MTExMjQyMTE1MzEzMzYzOSwiYXNzZXRfYWdlX2RheXMiOjg2NywidmlfdXNlY2FzZV9pZCI6MTAwOTksImR1cmF0aW9uX3MiOjExMiwidXJsZ2VuX3NvdXJjZSI6Ind3dyJ9&ccb=17-1&vs=c45152a1ef043ec3&_nc_vs=HBksFQIYT2lnX3hwdl9yZWVsc19wZXJtYW5lbnRfcHJvZC8yMTQzNjFBMzM1MkMyOUNCMjk5QUM1QzM2MEJBNEM5Nl92aWRlb19kYXNoaW5pdC5tcDQVAALIARIAFQIYOnBhc3N0aHJvdWdoX2V2ZXJzdG9yZS9HUDhuWXhpRF9kd3dobHdaQUpBb2JnTU9zSW9WYnFfRUFBQUYVAgLIARIAKAAYABsCiAd1c2Vfb2lsATEScHJvZ3Jlc3NpdmVfcmVjaXBlATEVAAAmjtHiurfv-QMVAigCQzMsF0BcFU_fO2RaGBJkYXNoX2Jhc2VsaW5lXzFfdjERAHX-B2XmnQEA&_nc_gid=Um9fNsZT9YMhIOwCOVSaEA&_nc_ss=7a22e&_nc_zt=28&oh=00_AQDWDrax-ga8RUifFqWlAx8D9L7HreZCf7CaUvkesJ27Ng&oe=6A51D9B0
C3oGVFePN71,https://www.instagram.com/reel/C3oGVFePN71/,"Livros, filmes, aquele seu amigo maluco, o uber…! São infinitos os lugares dos quais você pode furtar histórias. Dessa vez, roubamos uma história de uma aluna, a querida Ester <3 Mas no card do Trello eu coloquei todas as outras vezes que peguei inspirações do mundo. Aceita o desafio? 🔔 Escreve FURTO para ter referências para inspirar seu próximo vídeo:",1708555236,54377,2387,122.50700378417969,clips,https://scontent-poa1-1.cdninstagram.com/o1/v/t2/f2/m82/AQNOW7veJJObVTuK4WRY1gkTZbzUJ3C5pAq3Dn4oaG499lGiw77cwkCQ2BFUOZQlOV267u09zZ0_f9kGH1MeUQceHsIlu5Ns07AqAaQ.mp4?_nc_cat=110&_nc_sid=5e9851&_nc_ht=scontent-poa1-1.cdninstagram.com&_nc_ohc=k4XRFRtxVloQ7kNvwEzHf_g&efg=eyJ2ZW5jb2RlX3RhZyI6Inhwdl9wcm9ncmVzc2l2ZS5JTlNUQUdSQU0uQ0xJUFMuQzMuNzIwLmRhc2hfYmFzZWxpbmVfMV92MSIsInhwdl9hc3NldF9pZCI6Mzk0OTMwMjk5ODUyMDEwLCJhc3NldF9hZ2VfZGF5cyI6ODY4LCJ2aV91c2VjYXNlX2lkIjoxMDA5OSwiZHVyYXRpb25fcyI6MTIyLCJ1cmxnZW5fc291cmNlIjoid3d3In0%3D&ccb=17-1&vs=9be0f81a102256d4&_nc_vs=HBksFQIYT2lnX3hwdl9yZWVsc19wZXJtYW5lbnRfcHJvZC9CMDQ0REMzOTJDRUE4REE1NThFOUQxQjUwNUFDNTU5Q192aWRlb19kYXNoaW5pdC5tcDQVAALIARIAFQIYOnBhc3N0aHJvdWdoX2V2ZXJzdG9yZS9HT3FPaHhrMEZjT1I5ZlFEQUZsX244MFVFSWtHYnFfRUFBQUYVAgLIARIAKAAYABsCiAd1c2Vfb2lsATEScHJvZ3Jlc3NpdmVfcmVjaXBlATEVAAAm1NPeg_zLswEVAigCQzMsF0Ben87ZFocrGBJkYXNoX2Jhc2VsaW5lXzFfdjERAHX-B2XmnQEA&_nc_gid=Um9fNsZT9YMhIOwCOVSaEA&_nc_ss=7a22e&_nc_zt=28&oh=00_AQDDmidXzporxqHiWTFCKt1VQCC0wr3yTZMaapkdaX-Ppg&oe=6A51D5FF
C3lsA8GN_gs,https://www.instagram.com/reel/C3lsA8GN_gs/,"O desafio de hoje vai silenciar as distrações do mundo e colocar a gente em sintonia com o seu EU DO FUTURO. O Protocolo Monge adota uma filosofia de minimalista, a gente não quer que você tenha um cronograma ENORME de hábitos que vão tomar toda a sua gente. Vamos focar em poucos e no longo prazo. Escreva MONGE para ter acesso ao cronograma de avanço, à meditação e instruções de como colocar isso na sua rotina.",1708474170,60659,2657,106.50800323486328,clips,https://scontent-poa1-1.cdninstagram.com/o1/v/t2/f2/m82/AQMI-PrFjxFJk9L2sZTuJT83Tf7_3hbkR3Ap69Nu8VQ9n52AlvFoJdmPPtISki_hmETSVsBOINZkAy7Gy5T5YBQ34q646FYu-HR8CsM.mp4?_nc_cat=109&_nc_sid=5e9851&_nc_ht=scontent-poa1-1.cdninstagram.com&_nc_ohc=brKnEKTeHpQQ7kNvwH4RxND&efg=eyJ2ZW5jb2RlX3RhZyI6Inhwdl9wcm9ncmVzc2l2ZS5JTlNUQUdSQU0uQ0xJUFMuQzMuNzIwLmRhc2hfYmFzZWxpbmVfMV92MSIsInhwdl9hc3NldF9pZCI6MTYwMTg1NTIyNzAxOTczMiwiYXNzZXRfYWdlX2RheXMiOjg2OSwidmlfdXNlY2FzZV9pZCI6MTAwOTksImR1cmF0aW9uX3MiOjEwNiwidXJsZ2VuX3NvdXJjZSI6Ind3dyJ9&ccb=17-1&vs=f7419652bfd4a6e5&_nc_vs=HBksFQIYT2lnX3hwdl9yZWVsc19wZXJtYW5lbnRfcHJvZC8yODREREJCMzRENTZDOTFBQTJENjhCNjFGMTczQzJCQV92aWRlb19kYXNoaW5pdC5tcDQVAALIARIAFQIYOnBhc3N0aHJvdWdoX2V2ZXJzdG9yZS9HUDhSaVJtaFBRVkdGam9CQUhhcHBITmxxOHRvYnFfRUFBQUYVAgLIARIAKAAYABsCiAd1c2Vfb2lsATEScHJvZ3Jlc3NpdmVfcmVjaXBlATEVAAAmqIfOvJ-42AUVAigCQzMsF0BaoAAAAAAAGBJkYXNoX2Jhc2VsaW5lXzFfdjERAHX-B2XmnQEA&_nc_gid=Um9fNsZT9YMhIOwCOVSaEA&_nc_ss=7a22e&_nc_zt=28&oh=00_AQAeK6iZo8ze5GFQrdZDq6bAvwCxViFNfJ79E-Z--PyHGw&oe=6A51C69A
C3i6EtyvIXE,https://www.instagram.com/reel/C3i6EtyvIXE/,"A mente humana é movida por histórias, prova disso é que existe uma parte do nosso cérebro feita para processar e entender histórias: o Hipocampo. Sabendo disso, você precisa começar a incluir isso nos seus conteúdos. Escreva HISTÓRIA para saber como usar suas histórias! 🔔",1708383271,92664,4551,109.60900115966797,clips,https://scontent-poa1-1.cdninstagram.com/o1/v/t2/f2/m82/AQOrEr9F1xLaU_sXW6W-JAAVyl2r_-vDP0DKN_uPL4Kl28F0rsfYHTfAyl_jro9rEZmVAgUjNEZZBHLKMse92OZ_ACtxIEALttgAeIc.mp4?_nc_cat=107&_nc_sid=5e9851&_nc_ht=scontent-poa1-1.cdninstagram.com&_nc_ohc=LFy32BF21xYQ7kNvwGJUvIC&efg=eyJ2ZW5jb2RlX3RhZyI6Inhwdl9wcm9ncmVzc2l2ZS5JTlNUQUdSQU0uQ0xJUFMuQzMuNzIwLmRhc2hfYmFzZWxpbmVfMV92MSIsInhwdl9hc3NldF9pZCI6NjczNjY2NjE0NzQ0ODg2LCJhc3NldF9hZ2VfZGF5cyI6ODcwLCJ2aV91c2VjYXNlX2lkIjoxMDA5OSwiZHVyYXRpb25fcyI6MTA5LCJ1cmxnZW5fc291cmNlIjoid3d3In0%3D&ccb=17-1&vs=9e209556b2c60b89&_nc_vs=HBksFQIYT2lnX3hwdl9yZWVsc19wZXJtYW5lbnRfcHJvZC8wRTRBRUNEMjJEMTQ3OUNCQUQ2QUQ4NDQyMEQwOEM5OF92aWRlb19kYXNoaW5pdC5tcDQVAALIARIAFQIYOnBhc3N0aHJvdWdoX2V2ZXJzdG9yZS9HR0JraHhscDYxSWFSUVFCQVBDUnEzNWxnaWdBYnFfRUFBQUYVAgLIARIAKAAYABsCiAd1c2Vfb2lsATEScHJvZ3Jlc3NpdmVfcmVjaXBlATEVAAAm7NymtMessgIVAigCQzMsF0BbZvnbItDlGBJkYXNoX2Jhc2VsaW5lXzFfdjERAHX-B2XmnQEA&_nc_gid=Um9fNsZT9YMhIOwCOVSaEA&_nc_ss=7a22e&_nc_zt=28&oh=00_AQC7rVkSnE3Jr8DoWJHOGfxNKzwSQeC5G0D9TLkWJGD2Yg&oe=6A51EC5C
C3iPlWhLTl7,https://www.instagram.com/reel/C3iPlWhLTl7/,"Na aula ao vivo de hoje 19:16 vamos falar sobre propósito de um jeito diferente - e sim, tiraremos todas as dúvidas de vocês! Principais dúvidas: 🔔 Ainda da tempo de começar? Claro! Até quem chegar no dia 32 dará tempo, quem dirá vocês que chegaram agora. 🔔 Como faço pra participar? Escreva AO VIVO aqui ou clique no link da bio e siga as instruções. 🔔 Onde está o Trello? Na descrição do grupo de whatsapp. 🔔 A carta do dia precisa ser postada no mesmo dia que a Hanah? Não, você pode escolher a sua ordem de postagens. 🔔 E sim, a aula de hoje ficará salva. 🔔 Se eu tiver outras dúvidas, como resolvo? Entra no Discord e procura pela Marcela. 🔔 Onde acho o Discord? Na descrição do grupo de whatsapp. 💗 Respira 4x, vejo vcsss ao vivo!",1708358645,53572,1212,57.76599884033203,clips,https://scontent-poa1-1.cdninstagram.com/o1/v/t2/f2/m82/AQMLm63epYIjnBRjAMoGYP6SFlNMeXzikgxLtCU1yJ4B5dhyF3iJEjQA9Rpq-ZppGQJWJN5qRY5U3FAB9Kup0o2N-pkQyIU_KngOLS4.mp4?_nc_cat=111&_nc_sid=5e9851&_nc_ht=scontent-poa1-1.cdninstagram.com&_nc_ohc=HIWIhCMJ3ygQ7kNvwGicD02&efg=eyJ2ZW5jb2RlX3RhZyI6Inhwdl9wcm9ncmVzc2l2ZS5JTlNUQUdSQU0uQ0xJUFMuQzMuNzIwLmRhc2hfYmFzZWxpbmVfMV92MSIsInhwdl9hc3NldF9pZCI6NDI2OTc3ODQ2MzUyNDMxLCJhc3NldF9hZ2VfZGF5cyI6ODcxLCJ2aV91c2VjYXNlX2lkIjoxMDA5OSwiZHVyYXRpb25fcyI6NTcsInVybGdlbl9zb3VyY2UiOiJ3d3cifQ%3D%3D&ccb=17-1&vs=749e0b6bc6a149b8&_nc_vs=HBksFQIYT2lnX3hwdl9yZWVsc19wZXJtYW5lbnRfcHJvZC82MzQ0Qzc0MUNEQzY2RThERjg0ODZDREM0ODY0Rjg4NF92aWRlb19kYXNoaW5pdC5tcDQVAALIARIAFQIYOnBhc3N0aHJvdWdoX2V2ZXJzdG9yZS9HR1lLbGhrcWpmYnJ1V29NQUF4a1VIYVJhQTAtYnFfRUFBQUYVAgLIARIAKAAYABsCiAd1c2Vfb2lsATEScHJvZ3Jlc3NpdmVfcmVjaXBlATEVAAAm3uje7bCVwgEVAigCQzMsF0BM4gxJul41GBJkYXNoX2Jhc2VsaW5lXzFfdjERAHX-B2XmnQEA&_nc_gid=Um9fNsZT9YMhIOwCOVSaEA&_nc_ss=7a22e&_nc_zt=28&oh=00_AQCecsPgZIfh1pwLzGqDS-URGYRH8c5_tsyRuDdKk9BxIQ&oe=6A51E0EC
C3gVv1KPXw3,https://www.instagram.com/reel/C3gVv1KPXw3/,"Se esse desafio é sobre PENSAR, SENTIR e AGIR; a carta de hoje é a base de tudo isso! Com esse hábito do Cinema Mental, você será capaz de mudar de dentro pra fora. Comente CINEMA para entender melhor como aplicar na sua rotina. Ps: quem reparar no erro de ângulos desse vídeo não terá os desejos pro desafio realizados 😒",1708294918,83445,3925,145.52000427246094,clips,https://scontent-poa1-1.cdninstagram.com/o1/v/t2/f2/m82/AQOCpigM0r3FMrFP4GgjNowZ1MM3qnrVkqlFJGeGcY-NQKKb1G9cHs6PLXaBJ1W6I1t0VXQrDjM_Lja2iSJOqALDyd0jtUL5uYDY-Xk.mp4?_nc_cat=109&_nc_sid=5e9851&_nc_ht=scontent-poa1-1.cdninstagram.com&_nc_ohc=3LMG8EMXa_EQ7kNvwGs3TSo&efg=eyJ2ZW5jb2RlX3RhZyI6Inhwdl9wcm9ncmVzc2l2ZS5JTlNUQUdSQU0uQ0xJUFMuQzMuNzIwLmRhc2hfYmFzZWxpbmVfMV92MSIsInhwdl9hc3NldF9pZCI6MzI1NTMxNTA2NzEwOTQzLCJhc3NldF9hZ2VfZGF5cyI6ODcxLCJ2aV91c2VjYXNlX2lkIjoxMDA5OSwiZHVyYXRpb25fcyI6MTQ1LCJ1cmxnZW5fc291cmNlIjoid3d3In0%3D&ccb=17-1&vs=7b6ef397332c5aab&_nc_vs=HBksFQIYT2lnX3hwdl9yZWVsc19wZXJtYW5lbnRfcHJvZC9FQjQxNTNDMjk1ODZGODFENUQ2MDUyRDBBMEY3NEJBNF92aWRlb19kYXNoaW5pdC5tcDQVAALIARIAFQIYOnBhc3N0aHJvdWdoX2V2ZXJzdG9yZS9HS2dBYXhuMHp2VU5EcmtDQU1BSkJRSzU4VUp6YnFfRUFBQUYVAgLIARIAKAAYABsCiAd1c2Vfb2lsATEScHJvZ3Jlc3NpdmVfcmVjaXBlATEVAAAmvuaQ3baElAEVAigCQzMsF0BiMKPXCj1xGBJkYXNoX2Jhc2VsaW5lXzFfdjERAHX-B2XmnQEA&_nc_gid=Um9fNsZT9YMhIOwCOVSaEA&_nc_ss=7a22e&_nc_zt=28&oh=00_AQDyTiFgx34maP0Iz3otJ5APnydsNBW2QtmDXExv7uS2EQ&oe=6A51C8FE
C3fwalRritq,https://www.instagram.com/reel/C3fwalRritq/,"É por ISSO que o Desafio do Criador existe. 🔔 Por 69 dias nos vamos provar que você pode ser o criador, roteirista e ator principal da sua própria história. Aceita o desafio? Segunda Feira às 19h16 teremos o primeiro encontro ao vivo. Pra participar basta escrever DESAFIO nos comentários.",1708275206,62172,1277,79.46600341796875,clips,https://scontent-poa1-1.cdninstagram.com/o1/v/t2/f2/m82/AQMZXX_SxB6yL4nIF6i4lahBUp-k8mnmmKwRlv486BCwkho_d-tJQMdWdFuJ0QxJ-J8CJIfnN0T52v3BNUDxLbB6TuwNUhtpFEpSHkc.mp4?_nc_cat=100&_nc_sid=5e9851&_nc_ht=scontent-poa1-1.cdninstagram.com&_nc_ohc=6dwjl6wkSKgQ7kNvwFD-Gnb&efg=eyJ2ZW5jb2RlX3RhZyI6Inhwdl9wcm9ncmVzc2l2ZS5JTlNUQUdSQU0uQ0xJUFMuQzMuNzIwLmRhc2hfYmFzZWxpbmVfMV92MSIsInhwdl9hc3NldF9pZCI6NzM1NDc5ODcyMTAwMDcwLCJhc3NldF9hZ2VfZGF5cyI6ODcyLCJ2aV91c2VjYXNlX2lkIjoxMDA5OSwiZHVyYXRpb25fcyI6NzksInVybGdlbl9zb3VyY2UiOiJ3d3cifQ%3D%3D&ccb=17-1&vs=ca1a94dca4cf117&_nc_vs=HBksFQIYT2lnX3hwdl9yZWVsc19wZXJtYW5lbnRfcHJvZC8xRjRCM0Y2OTlBRTkwQTc3MTREMjFBMTAxNkI0Q0RCQl92aWRlb19kYXNoaW5pdC5tcDQVAALIARIAFQIYOnBhc3N0aHJvdWdoX2V2ZXJzdG9yZS9HS2hGZnhrOV9MekZJLVlDQUlVenBRYzYwZHhOYnFfRUFBQUYVAgLIARIAKAAYABsCiAd1c2Vfb2lsATEScHJvZ3Jlc3NpdmVfcmVjaXBlATEVAAAmzNugiMi6zgIVAigCQzMsF0BT3dLxqfvnGBJkYXNoX2Jhc2VsaW5lXzFfdjERAHX-B2XmnQEA&_nc_gid=Um9fNsZT9YMhIOwCOVSaEA&_nc_ss=7a22e&_nc_zt=28&oh=00_AQAk6eyODacBC-_VoUI2iw-nbadMDCt6kV0H1ab-AGXOrg&oe=6A51F3B1
C3dzAwSv5jo,https://www.instagram.com/reel/C3dzAwSv5jo/,"Eu amo storytelling porque além de me permitir escrever roteiros melhores, também me ensinou com precisão como os altos e baixos da vida funcionam. O CONFLITO MUDA A VIDA. Sua história cheia de conflitos foram as mais transformadoras, eu aposto! Então agora você está pronto pra usar essa estrutura e escrever seu próximo vídeo com storytelling. Escreve CONFLITO para ter acesso à nossa explicação de como aplicar, no trello do desafio! #DesafiodoCriador69",1708209406,66670,2526,113.69999694824219,clips,https://scontent-poa1-1.cdninstagram.com/o1/v/t2/f2/m82/AQPjkOG78H75JNuWXpNmtM4zXlbFvEunwinS3fTPrpJW_G4Em-zpMJmin3zLlFxnKhfQTo2lYuKXdbP09yQGL2Gc-g9Sy1YANPuO5tw.mp4?_nc_cat=103&_nc_sid=5e9851&_nc_ht=scontent-poa1-1.cdninstagram.com&_nc_ohc=l2xb9NMiD-IQ7kNvwEPlZp8&efg=eyJ2ZW5jb2RlX3RhZyI6Inhwdl9wcm9ncmVzc2l2ZS5JTlNUQUdSQU0uQ0xJUFMuQzMuNzIwLmRhc2hfYmFzZWxpbmVfMV92MSIsInhwdl9hc3NldF9pZCI6MzYxNjIwMDAwMTU5OTU3LCJhc3NldF9hZ2VfZGF5cyI6ODcyLCJ2aV91c2VjYXNlX2lkIjoxMDA5OSwiZHVyYXRpb25fcyI6MTEzLCJ1cmxnZW5fc291cmNlIjoid3d3In0%3D&ccb=17-1&vs=1b3036cec2c35fa0&_nc_vs=HBksFQIYT2lnX3hwdl9yZWVsc19wZXJtYW5lbnRfcHJvZC8xMzQ1M0FBNUNBRTlGNENGMzZBMENGOTY5QzdBQjRCQl92aWRlb19kYXNoaW5pdC5tcDQVAALIARIAFQIYOnBhc3N0aHJvdWdoX2V2ZXJzdG9yZS9HT20zaHhtWkZvcWMzVFlJQUVlRGxxUWxiMlo1YnFfRUFBQUYVAgLIARIAKAAYABsCiAd1c2Vfb2lsATEScHJvZ3Jlc3NpdmVfcmVjaXBlATEVAAAmquO5-oa5pAEVAigCQzMsF0BcbMzMzMzNGBJkYXNoX2Jhc2VsaW5lXzFfdjERAHX-B2XmnQEA&_nc_gid=Um9fNsZT9YMhIOwCOVSaEA&_nc_ss=7a22e&_nc_zt=28&oh=00_AQCzjHy6ySMChcs7oZWSMvzn5TQaXEPbTiWf5OofIgRJYA&oe=6A51DA8C
C3c2-DbLssF,https://www.instagram.com/reel/C3c2-DbLssF/,"Lembre-se: antes de ter o conteúdo que você quer, precisa mudar a história que conta pra si mesmo. 🔔 - Não deixem de entrar no DISCORD pra trocar ideia com a comunidade!",1708178237,66715,2109,120.9000015258789,clips,https://scontent-poa1-1.cdninstagram.com/o1/v/t2/f2/m82/AQOT1QkmIX5pPzM19aTlXiZ0bV7fjvUfT0tofk4xt9TzOHYcnWLTs1nKD1FcQf8Qxq0oZ-t9ERm99iJnJErTORLzCqDYDlK3BO-OMuA.mp4?_nc_cat=110&_nc_sid=5e9851&_nc_ht=scontent-poa1-1.cdninstagram.com&_nc_ohc=_fFnUX1haDsQ7kNvwE__0pa&efg=eyJ2ZW5jb2RlX3RhZyI6Inhwdl9wcm9ncmVzc2l2ZS5JTlNUQUdSQU0uQ0xJUFMuQzMuNzIwLmRhc2hfYmFzZWxpbmVfMV92MSIsInhwdl9hc3NldF9pZCI6MzYyNTc4NDI4NDM1OTU3NiwiYXNzZXRfYWdlX2RheXMiOjg3MywidmlfdXNlY2FzZV9pZCI6MTAwOTksImR1cmF0aW9uX3MiOjEyMCwidXJsZ2VuX3NvdXJjZSI6Ind3dyJ9&ccb=17-1&vs=1fc1a6eae2df41cd&_nc_vs=HBksFQIYT2lnX3hwdl9yZWVsc19wZXJtYW5lbnRfcHJvZC8yMDQwREExQ0QxQzRGMkZGNTc5OUQxOUQ2QUUwNTFCQl92aWRlb19kYXNoaW5pdC5tcDQVAALIARIAFQIYOnBhc3N0aHJvdWdoX2V2ZXJzdG9yZS9HTXo1NWhnTXd3dURsTTBEQUJ0SE5rVzNid2xCYnFfRUFBQUYVAgLIARIAKAAYABsCiAd1c2Vfb2lsATEScHJvZ3Jlc3NpdmVfcmVjaXBlATEVAAAmsK7phLbo8AwVAigCQzMsF0BeOZmZmZmaGBJkYXNoX2Jhc2VsaW5lXzFfdjERAHX-B2XmnQEA&_nc_gid=Um9fNsZT9YMhIOwCOVSaEA&_nc_ss=7a22e&_nc_zt=28&oh=00_AQDa3-XqAGvstovl6RBLaRfHHDRVZAf0J7ZR1pPW1TBBcQ&oe=6A51C7EF
C3bNegcvTMt,https://www.instagram.com/reel/C3bNegcvTMt/,"Essa carta é um SINAL DE FÉ para o seu Eu do Futuro. 🔔 Por isso escolhemos abrir o desafio com ela! Talvez você possa sentir um misto de animação e insegurança com essa ideia, mas saiba que é exatamente por isso que a gente chama de DESAFIO. E ai, topa participar? Escreva FUTURO nos comentários que eu te mostro o caminho. #DesafioDoCriador69",1708122822,237327,8506,153.11000061035156,clips,https://scontent-poa1-1.cdninstagram.com/o1/v/t2/f2/m82/AQNSIw2qarMn6jKFNFkcwrmrNo0jX74JbOEybGQvz-YnHglOEWUyLBeaLJKcI5FKTTnnROJedcvClvoMkK4Sd1LX76G4DckFaG9l8pE.mp4?_nc_cat=109&_nc_sid=5e9851&_nc_ht=scontent-poa1-1.cdninstagram.com&_nc_ohc=vgNiYE6x5oIQ7kNvwHJqJTV&efg=eyJ2ZW5jb2RlX3RhZyI6Inhwdl9wcm9ncmVzc2l2ZS5JTlNUQUdSQU0uQ0xJUFMuQzMuNzIwLmRhc2hfYmFzZWxpbmVfMV92MSIsInhwdl9hc3NldF9pZCI6NDI5MTEwNjEyNzc4Nzc5LCJhc3NldF9hZ2VfZGF5cyI6ODczLCJ2aV91c2VjYXNlX2lkIjoxMDA5OSwiZHVyYXRpb25fcyI6MTUzLCJ1cmxnZW5fc291cmNlIjoid3d3In0%3D&ccb=17-1&vs=fbbfc32396d54584&_nc_vs=HBksFQIYT2lnX3hwdl9yZWVsc19wZXJtYW5lbnRfcHJvZC81NjQ2QkZCMzNDREVFQkE4N0RDNjVDQkM1NjE4NjM5RV92aWRlb19kYXNoaW5pdC5tcDQVAALIARIAFQIYOnBhc3N0aHJvdWdoX2V2ZXJzdG9yZS9HSVBEYVJsSGhsN0xGWElCQUJseGlwVTNiY3RMYnFfRUFBQUYVAgLIARIAKAAYABsCiAd1c2Vfb2lsATEScHJvZ3Jlc3NpdmVfcmVjaXBlATEVAAAmtvymmsORwwEVAigCQzMsF0BjIzMzMzMzGBJkYXNoX2Jhc2VsaW5lXzFfdjERAHX-B2XmnQEA&_nc_gid=Um9fNsZT9YMhIOwCOVSaEA&_nc_ss=7a22e&_nc_zt=28&oh=00_AQBRm7ltZLTR7x5dcOyDpfWImU7RPMM3nfApuZHw6ZpHLg&oe=6A51F05E
C3a9-LSPaO5,https://www.instagram.com/reel/C3a9-LSPaO5/,"Mentiram pra nós, e pior, acreditamos em cada palavra. Por anos nos contaram uma história de medo, fracasso, e insegurança - e repetimos ela em loop até hoje. Chegou a hora de contar uma história diferente. Chegou a hora de criar um novo personagem. Chegou a hora de entrar em movimento em direção ao nosso futuro ideal. 🔔 Escreve CRIADOR nos comentários que eu te mostro o caminho: #DesafiodoCriador69",1708114547,114012,5063,116.86599731445312,clips,https://scontent-poa1-1.cdninstagram.com/o1/v/t2/f2/m82/AQP8lqlo3PBgXs_tk67B2MHfv-O9kV0CCfjlByZizKN6guoSYpYADXX_cBl3evjAuuibkrgyq2Lbo3Jb2Ry_szEqMsvD8DxjOZOWcwM.mp4?_nc_cat=104&_nc_sid=5e9851&_nc_ht=scontent-poa1-1.cdninstagram.com&_nc_ohc=C3Q2UzWurlkQ7kNvwE9BSH-&efg=eyJ2ZW5jb2RlX3RhZyI6Inhwdl9wcm9ncmVzc2l2ZS5JTlNUQUdSQU0uQ0xJUFMuQzMuNzIwLmRhc2hfYmFzZWxpbmVfMV92MSIsInhwdl9hc3NldF9pZCI6NDExMTE0MTExNDQ0ODE5LCJhc3NldF9hZ2VfZGF5cyI6ODczLCJ2aV91c2VjYXNlX2lkIjoxMDA5OSwiZHVyYXRpb25fcyI6MTE2LCJ1cmxnZW5fc291cmNlIjoid3d3In0%3D&ccb=17-1&vs=deed591953b6bb26&_nc_vs=HBksFQIYT2lnX3hwdl9yZWVsc19wZXJtYW5lbnRfcHJvZC9BNTRGOTUzOTA1MDE3RUI5OTEwRTE2NjU1NkE4MzJBRl92aWRlb19kYXNoaW5pdC5tcDQVAALIARIAFQIYOnBhc3N0aHJvdWdoX2V2ZXJzdG9yZS9HTGUyZnhtSjBxZk5kb0FDQUZrWHl4bEhmYmNvYnFfRUFBQUYVAgLIARIAKAAYABsCiAd1c2Vfb2lsATEScHJvZ3Jlc3NpdmVfcmVjaXBlATEVAAAmpp2Z6f75ugEVAigCQzMsF0BdN2yLQ5WBGBJkYXNoX2Jhc2VsaW5lXzFfdjERAHX-B2XmnQEA&_nc_gid=Um9fNsZT9YMhIOwCOVSaEA&_nc_ss=7a22e&_nc_zt=28&oh=00_AQC7jp7lWR_QXIC4bnDfjVm5kJv4I26pMjE7qoIfqI47Lg&oe=6A51E679
C3WErSzPxw2,https://www.instagram.com/reel/C3WErSzPxw2/,Prontos ou não… no dia 16 você vai receber as instruções! 🔔,1707950317,99705,3367,103.0479965209961,clips,https://scontent-poa1-1.cdninstagram.com/o1/v/t2/f2/m82/AQOc3CxriJKAje8MS5xW6ZAfg-N9W97r-wUzbK_jEAzyr6NSpLgWMwSNw36vHomZDOt9PfjZ4ClvN9v4X-JbIkwlA9fbeQzZx7GPIMI.mp4?_nc_cat=111&_nc_sid=5e9851&_nc_ht=scontent-poa1-1.cdninstagram.com&_nc_ohc=mIMbTm6Fr0cQ7kNvwEieZQY&efg=eyJ2ZW5jb2RlX3RhZyI6Inhwdl9wcm9ncmVzc2l2ZS5JTlNUQUdSQU0uQ0xJUFMuQzIuNzIwLmRhc2hfYmFzZWxpbmVfMV92MSIsInhwdl9hc3NldF9pZCI6MjEyMTA0ODY5MTU2NDg2MSwiYXNzZXRfYWdlX2RheXMiOjg3NSwidmlfdXNlY2FzZV9pZCI6MTAwOTksImR1cmF0aW9uX3MiOjEwMywidXJsZ2VuX3NvdXJjZSI6Ind3dyJ9&ccb=17-1&vs=f1c3490d481f002&_nc_vs=HBksFQIYT2lnX3hwdl9yZWVsc19wZXJtYW5lbnRfcHJvZC83MDQ2MTc3QzdFQ0U5NTdFNjdGNkYxRDAzMUZCNUE5NF92aWRlb19kYXNoaW5pdC5tcDQVAALIARIAFQIYOnBhc3N0aHJvdWdoX2V2ZXJzdG9yZS9HUHZRYUJtcmlyR0J6amNCQUZRSEh2VlNXbHdzYnFfRUFBQUYVAgLIARIAKAAYABsCiAd1c2Vfb2lsATEScHJvZ3Jlc3NpdmVfcmVjaXBlATEVAAAm-oT_nKTFxAcVAigCQzIsF0BZwhysCDEnGBJkYXNoX2Jhc2VsaW5lXzFfdjERAHX-B2XmnQEA&_nc_gid=QeL0hT1MRhhmisO4xvKa5Q&_nc_ss=7a22e&_nc_zt=28&oh=00_AQA4k_z_yD5-XwLCzehuDYrrW3yK283bcwrQeO2rQgicVA&oe=6A51E78C
C2a1mXNOE6Z,https://www.instagram.com/reel/C2a1mXNOE6Z/,"Muito cuidado, se você entrar pra criadores, você nunca mais será o mesmo! Uma homenagem da criadores para os criadores do futuro! Criadores participantes: @leticialopescombr @samcostaofficial @taislimaart",1705967325,99084,2500,89.81400299072266,clips,https://scontent-poa1-1.cdninstagram.com/o1/v/t2/f2/m82/AQOnkdv_oepsk7QllCpVhCsq6OHQVjmXmMoH1JUlMFz36diKjEkvE0baELgtKEF2PUoIgipZ47jDiNNhn1p1iwi_p34oqtibvi1wbk8.mp4?_nc_cat=100&_nc_sid=5e9851&_nc_ht=scontent-poa1-1.cdninstagram.com&_nc_ohc=xknj_bA7DuUQ7kNvwFhDgTi&efg=eyJ2ZW5jb2RlX3RhZyI6Inhwdl9wcm9ncmVzc2l2ZS5JTlNUQUdSQU0uQ0xJUFMuQzIuNzIwLmRhc2hfYmFzZWxpbmVfMV92MSIsInhwdl9hc3NldF9pZCI6ODgxMDY2MDA3MzU2MDc5LCJhc3NldF9hZ2VfZGF5cyI6ODk4LCJ2aV91c2VjYXNlX2lkIjoxMDA5OSwiZHVyYXRpb25fcyI6ODksInVybGdlbl9zb3VyY2UiOiJ3d3cifQ%3D%3D&ccb=17-1&vs=24465967a36ee9ab&_nc_vs=HBksFQIYT2lnX3hwdl9yZWVsc19wZXJtYW5lbnRfcHJvZC9BMTQ1NzdGNkJGOEUyQTBGQzMyRTQ1QUZDOTI3ODY5Rl92aWRlb19kYXNoaW5pdC5tcDQVAALIARIAFQIYOnBhc3N0aHJvdWdoX2V2ZXJzdG9yZS9HR1ZZSVJuNnctcllCRUFCQUxZbnRjZ181OWRlYnFfRUFBQUYVAgLIARIAKAAYABsCiAd1c2Vfb2lsATEScHJvZ3Jlc3NpdmVfcmVjaXBlATEVAAAm3oqjpuXUkAMVAigCQzIsF0BWczMzMzMzGBJkYXNoX2Jhc2VsaW5lXzFfdjERAHX-B2XmnQEA&_nc_gid=QeL0hT1MRhhmisO4xvKa5Q&_nc_ss=7a22e&_nc_zt=28&oh=00_AQDStwPIkhJn7iCkfG1xPg72hhSXH2jg9NzgvNMKmo1S7A&oe=6A51D0B5
C2GIWu3Poax,https://www.instagram.com/reel/C2GIWu3Poax/,"Eu e você, como um só, em busca de um único propósito. ♥️ | 🎥: @darlidonizete",1705267941,102599,5501,94.0999984741211,clips,https://scontent-poa1-1.cdninstagram.com/o1/v/t2/f2/m82/AQNo5m8Vow-sLYvm173RosJuznlTz4IKwOigwyAkH6wdknzKFCcGflPsqivAMJU0oYPCLvFI04zReXcsG_u9ntjNUBzDgfle1fa72eE.mp4?_nc_cat=106&_nc_sid=5e9851&_nc_ht=scontent-poa1-1.cdninstagram.com&_nc_ohc=rmbL3BuhVQEQ7kNvwFtGVOL&efg=eyJ2ZW5jb2RlX3RhZyI6Inhwdl9wcm9ncmVzc2l2ZS5JTlNUQUdSQU0uQ0xJUFMuQzIuNzIwLmRhc2hfYmFzZWxpbmVfMV92MSIsInhwdl9hc3NldF9pZCI6NDEyMjAzMjkxMTQzNzIxLCJhc3NldF9hZ2VfZGF5cyI6OTA2LCJ2aV91c2VjYXNlX2lkIjoxMDA5OSwiZHVyYXRpb25fcyI6OTQsInVybGdlbl9zb3VyY2UiOiJ3d3cifQ%3D%3D&ccb=17-1&vs=6cc17c910c01664b&_nc_vs=HBksFQIYT2lnX3hwdl9yZWVsc19wZXJtYW5lbnRfcHJvZC9FNTQ0MEJBNEUwMDk1NjY0NzcxQ0ExMjI2NEYwQTQ5Rl92aWRlb19kYXNoaW5pdC5tcDQVAALIARIAFQIYOnBhc3N0aHJvdWdoX2V2ZXJzdG9yZS9HSGJULXhnU0VISkdzdmtDQUd4ejkzcmtfU1pGYnFfRUFBQUYVAgLIARIAKAAYABsCiAd1c2Vfb2lsATEScHJvZ3Jlc3NpdmVfcmVjaXBlATEVAAAm0rjz67G5uwEVAigCQzIsF0BXhmZmZmZmGBJkYXNoX2Jhc2VsaW5lXzFfdjERAHX-B2XmnQEA&_nc_gid=QeL0hT1MRhhmisO4xvKa5Q&_nc_ss=7a22e&_nc_zt=28&oh=00_AQDKNsDOz4J6jjPMJ7Qw5bvVqGNztv_aH7XjOh6d_T4Bww&oe=6A51ECCB
C2DZDbtvsT5,https://www.instagram.com/reel/C2DZDbtvsT5/,A história sendo escrita no palco com os queridos @hanahfranklin @alefmarqs A continuação da legenda eu deixo com vocês! 🧡🧡🧡,1705176084,155090,3924,40,clips,https://scontent-poa1-1.cdninstagram.com/o1/v/t2/f2/m82/AQPjZlFioNP9IhjqDFoOy3CfIjFKLyPNooFFyJiO9hhuwUsQp17hfENAFfUokC9OLMS1IGkAxkCbi6OeT3itB6J9Z9SBngU51BVUsOM.mp4?_nc_cat=107&_nc_sid=5e9851&_nc_ht=scontent-poa1-1.cdninstagram.com&_nc_ohc=666nHwRSIykQ7kNvwEaPhLC&efg=eyJ2ZW5jb2RlX3RhZyI6Inhwdl9wcm9ncmVzc2l2ZS5JTlNUQUdSQU0uQ0xJUFMuQzIuNzIwLmRhc2hfYmFzZWxpbmVfMV92MSIsInhwdl9hc3NldF9pZCI6ODk0NTk1ODQ5MDcwMzY0LCJhc3NldF9hZ2VfZGF5cyI6OTA3LCJ2aV91c2VjYXNlX2lkIjoxMDA5OSwiZHVyYXRpb25fcyI6NDAsInVybGdlbl9zb3VyY2UiOiJ3d3cifQ%3D%3D&ccb=17-1&vs=e5fad6506f6b08ab&_nc_vs=HBksFQIYT2lnX3hwdl9yZWVsc19wZXJtYW5lbnRfcHJvZC9CQTQzQ0E0OUU5M0YyQTFFOUE5NkVBNEMzRTBGNkFBMF92aWRlb19kYXNoaW5pdC5tcDQVAALIARIAFQIYOnBhc3N0aHJvdWdoX2V2ZXJzdG9yZS9HRmQxQWhuRkt4amRpZ0FCQUhMb3Y5ZG1mLXRvYnFfRUFBQUYVAgLIARIAKAAYABsCiAd1c2Vfb2lsATEScHJvZ3Jlc3NpdmVfcmVjaXBlATEVAAAmuJzpvKrolgMVAigCQzIsF0BEAAAAAAAAGBJkYXNoX2Jhc2VsaW5lXzFfdjERAHX-B2XmnQEA&_nc_gid=QeL0hT1MRhhmisO4xvKa5Q&_nc_ss=7a22e&_nc_zt=28&oh=00_AQB8n1RKxPDnTmtoGYjzct76LrgZ3urrhdhVg-8HBbEdcA&oe=6A51C70C
C2ATxS2r6lS,https://www.instagram.com/reel/C2ATxS2r6lS/,"Isso é o Barulho dos Bons. Isso é Criadores do Futuro. Isso é multiplicação infinita. Isso é O Novo Ciclo. 🖤 E se você é quem eu penso que é, ESSE É O SEU LUGAR.",1705072568,93875,2693,132.4239959716797,clips,https://scontent-poa1-1.cdninstagram.com/o1/v/t2/f2/m82/AQNLO3ZWfiD80ndeLyzUdOv1pITaQrwDRIiWjSs3lhwpQsT7-nkzCr0OBrxjfXGDXQAyJK7DmypHhHRYM8mVV0b6xF4Rw7jnazqlEVo.mp4?_nc_cat=104&_nc_sid=5e9851&_nc_ht=scontent-poa1-1.cdninstagram.com&_nc_ohc=QvOLaqAgRvYQ7kNvwELFRit&efg=eyJ2ZW5jb2RlX3RhZyI6Inhwdl9wcm9ncmVzc2l2ZS5JTlNUQUdSQU0uQ0xJUFMuQzIuNzIwLmRhc2hfYmFzZWxpbmVfMV92MSIsInhwdl9hc3NldF9pZCI6MTcxMTg1ODI1OTMwMDQ1NSwiYXNzZXRfYWdlX2RheXMiOjkwOSwidmlfdXNlY2FzZV9pZCI6MTAwOTksImR1cmF0aW9uX3MiOjEzMiwidXJsZ2VuX3NvdXJjZSI6Ind3dyJ9&ccb=17-1&vs=efeba9a7334fac3e&_nc_vs=HBksFQIYT2lnX3hwdl9yZWVsc19wZXJtYW5lbnRfcHJvZC9DNDRGODc2MEI5NzlBMEE0Q0M1Nzc5OTI3MzYzQzU5MV92aWRlb19kYXNoaW5pdC5tcDQVAALIARIAFQIYOnBhc3N0aHJvdWdoX2V2ZXJzdG9yZS9HRnAxQWhseEd0WGkyc0FDQUV3OVRRRERocnBvYnFfRUFBQUYVAgLIARIAKAAYABsCiAd1c2Vfb2lsATEScHJvZ3Jlc3NpdmVfcmVjaXBlATEVAAAmzsGc96G7igYVAigCQzIsF0BgjZFocrAhGBJkYXNoX2Jhc2VsaW5lXzFfdjERAHX-B2XmnQEA&_nc_gid=QeL0hT1MRhhmisO4xvKa5Q&_nc_ss=7a22e&_nc_zt=28&oh=00_AQA6VJCcw77PgQFUWibw21lydWGW3QTfOa-rSY2QX7261A&oe=6A51BDB1
C1_9rm4O1fm,https://www.instagram.com/reel/C1_9rm4O1fm/,Você está chegando no evento? 👀 A história já começa no caminho. 😂🧡,1705061026,151212,3115,52.733001708984375,clips,https://scontent-poa1-1.cdninstagram.com/o1/v/t2/f2/m82/AQMmgT0LdojeoHITGKl8HAplXaVoHRktq6bp1oBJIOe4DMsOBBDOhG1tg6JUHO1Z9KQ6Cl8nwZUkbOBQ2WB1zeX7fUTAJleeFW0kR2I.mp4?_nc_cat=101&_nc_sid=5e9851&_nc_ht=scontent-poa1-1.cdninstagram.com&_nc_ohc=omVq5hU1WfQQ7kNvwFUpOv0&efg=eyJ2ZW5jb2RlX3RhZyI6Inhwdl9wcm9ncmVzc2l2ZS5JTlNUQUdSQU0uQ0xJUFMuQzIuNzIwLmRhc2hfYmFzZWxpbmVfMV92MSIsInhwdl9hc3NldF9pZCI6MTAzNDAzODE5MDk4ODg4MSwiYXNzZXRfYWdlX2RheXMiOjkwOSwidmlfdXNlY2FzZV9pZCI6MTAwOTksImR1cmF0aW9uX3MiOjUyLCJ1cmxnZW5fc291cmNlIjoid3d3In0%3D&ccb=17-1&vs=2b14d0cd882e3c8f&_nc_vs=HBksFQIYT2lnX3hwdl9yZWVsc19wZXJtYW5lbnRfcHJvZC9DMjRBRjY5REIxNjYxM0NCMUU3RDE3M0Y0ODg5OEJBOV92aWRlb19kYXNoaW5pdC5tcDQVAALIARIAFQIYOnBhc3N0aHJvdWdoX2V2ZXJzdG9yZS9HSFRULXhpbWhGYjhIV0FCQUx5U2N2T1RRRkZHYnFfRUFBQUYVAgLIARIAKAAYABsCiAd1c2Vfb2lsATEScHJvZ3Jlc3NpdmVfcmVjaXBlATEVAAAmovn28Pic1gMVAigCQzIsF0BKXdLxqfvnGBJkYXNoX2Jhc2VsaW5lXzFfdjERAHX-B2XmnQEA&_nc_gid=QeL0hT1MRhhmisO4xvKa5Q&_nc_ss=7a22e&_nc_zt=28&oh=00_AQBBnVd73wuefLiIgdwqfo34eViPDb7pMCGIqvAgnpUTig&oe=6A51E44A
C1VMCLQvw7-,https://www.instagram.com/reel/C1VMCLQvw7-/,"Estamos realizando mais um sonho, time! 🥹Sonho esse que foi materializado graças a forma como enxergamos nossas METAS. Dia 28, às 19:16, vamos entregar uma aula aberta que seria exclusiva dos alunos onde apresentamos esse PLANO DE COCRIAÇÃO PARA 2024. E além desse presente 🎁 ainda vamos entregar uma última e valiosa oportunidade para você entrar para a comunidade Criadores do Futuro ainda em 2023. E se você já for aluno, não deixe de estar ao vivo, temos uma surpresa pra vocês também (mas só pros que estiverem ao vivo!) Obrigada por estarem vibrando com a gente mais uma vez 💗 Nos vemos na EUROPA! ✈️",1703625602,215775,7524,68.81800079345703,clips,https://scontent-poa1-1.cdninstagram.com/o1/v/t2/f2/m82/AQOF7Dj42O7T5AA4ZE-viS6fbdQb2cuFCBVMxTbE_uL9HEjMxTeY8awf_YvzEji0EYtT6GUZlbBFa6rT2lQ25X2YkeULNL12j7LFhXA.mp4?_nc_cat=108&_nc_sid=5e9851&_nc_ht=scontent-poa1-1.cdninstagram.com&_nc_ohc=H3s49qVCrnsQ7kNvwEqaC_g&efg=eyJ2ZW5jb2RlX3RhZyI6Inhwdl9wcm9ncmVzc2l2ZS5JTlNUQUdSQU0uQ0xJUFMuQzIuNzIwLmRhc2hfYmFzZWxpbmVfMV92MSIsInhwdl9hc3NldF9pZCI6MTU1MjE4MjkwODg3Nzk5MSwiYXNzZXRfYWdlX2RheXMiOjkyNSwidmlfdXNlY2FzZV9pZCI6MTAwOTksImR1cmF0aW9uX3MiOjY4LCJ1cmxnZW5fc291cmNlIjoid3d3In0%3D&ccb=17-1&vs=3f0edc30da5e596c&_nc_vs=HBksFQIYT2lnX3hwdl9yZWVsc19wZXJtYW5lbnRfcHJvZC9DOTQ0MDg2RjQ2OUREMDg0MzlERTAxMzM4NUREQjFBN192aWRlb19kYXNoaW5pdC5tcDQVAALIARIAFQIYOnBhc3N0aHJvdWdoX2V2ZXJzdG9yZS9HQ3JidFJqVF9VQ1pDUzhEQUJ4dzU3WFZIMlpVYnFfRUFBQUYVAgLIARIAKAAYABsCiAd1c2Vfb2lsATEScHJvZ3Jlc3NpdmVfcmVjaXBlATEVAAAmzvLH7vfswQUVAigCQzIsF0BRNFocrAgxGBJkYXNoX2Jhc2VsaW5lXzFfdjERAHX-B2XmnQEA&_nc_gid=QeL0hT1MRhhmisO4xvKa5Q&_nc_ss=7a22e&_nc_zt=28&oh=00_AQBiwXsh44KMEiKg2c8csWRu6NjIauDa2aUo_-rzrIkm3w&oe=6A51E069
C1ABNTNrIwQ,https://www.instagram.com/reel/C1ABNTNrIwQ/,"3 passos simples: 1) Definir metas, 2) características de quem você precisa ser pra alcançar elas e 3) visualizar para sentir todos os dias do ano! 💛 Quem viveu o Desafio do Criador em fevereiro sabe a potência disso. ✨",1702915281,103419,4094,117.375,clips,https://scontent-poa1-1.cdninstagram.com/o1/v/t2/f2/m82/AQOaZEJDa4iyH3CdbICIPqHyues6Q0fwjluIK9SN9_7zoAANwoSUkisJZWcXDC0eh6AeTp3LRCRcIMTeZ_B7djpk5xkTR_LmBP3zrDU.mp4?_nc_cat=108&_nc_sid=5e9851&_nc_ht=scontent-poa1-1.cdninstagram.com&_nc_ohc=45RO_lkI0mgQ7kNvwFC4kWw&efg=eyJ2ZW5jb2RlX3RhZyI6Inhwdl9wcm9ncmVzc2l2ZS5JTlNUQUdSQU0uQ0xJUFMuQzIuNzIwLmRhc2hfYmFzZWxpbmVfMV92MSIsInhwdl9hc3NldF9pZCI6NjgyNTg5MjEwNjA5MjY3LCJhc3NldF9hZ2VfZGF5cyI6OTM0LCJ2aV91c2VjYXNlX2lkIjoxMDA5OSwiZHVyYXRpb25fcyI6MTE3LCJ1cmxnZW5fc291cmNlIjoid3d3In0%3D&ccb=17-1&vs=98341a795ea7d5bc&_nc_vs=HBksFQIYT2lnX3hwdl9yZWVsc19wZXJtYW5lbnRfcHJvZC80NzQwQzE3QjVDN0VGQUM3MzUxMTBFMjIzMTU5MzQ5RV92aWRlb19kYXNoaW5pdC5tcDQVAALIARIAFQIYOnBhc3N0aHJvdWdoX2V2ZXJzdG9yZS9HT29Qa3hnUUxOc3F1MWdCQUFyeVhDMzhaQU44YnFfRUFBQUYVAgLIARIAKAAYABsCiAd1c2Vfb2lsATEScHJvZ3Jlc3NpdmVfcmVjaXBlATEVAAAm5pno9vWztgIVAigCQzIsF0BdWAAAAAAAGBJkYXNoX2Jhc2VsaW5lXzFfdjERAHX-B2XmnQEA&_nc_gid=QeL0hT1MRhhmisO4xvKa5Q&_nc_ss=7a22e&_nc_zt=28&oh=00_AQBB5X5MMJ8O0wTdhAmNEd6UvsJxO5mWAexyqQ4xcgEfdg&oe=6A51DEB1
C06zknlrrgB,https://www.instagram.com/reel/C06zknlrrgB/,"O segredo é colocar intenção: Se é pra ser produtivo, seja com disciplina. Se é pra descansar, faça sem culpa. 💛",1702740880,110077,4529,117.5,clips,https://scontent-poa1-1.cdninstagram.com/o1/v/t2/f2/m82/AQPqyIKOLHIj_orVdenDfddJcJ9l5vTTk_kMzQTMc3J06ZYEiXcs3DfBwa0W7MJ61Wdn_WZ-hNRtW1oXNrOYsfScWPpojXUxlUYb3q0.mp4?_nc_cat=107&_nc_sid=5e9851&_nc_ht=scontent-poa1-1.cdninstagram.com&_nc_ohc=EOmdaD-9KWYQ7kNvwF2HAJM&efg=eyJ2ZW5jb2RlX3RhZyI6Inhwdl9wcm9ncmVzc2l2ZS5JTlNUQUdSQU0uQ0xJUFMuQzIuNzIwLmRhc2hfYmFzZWxpbmVfMV92MSIsInhwdl9hc3NldF9pZCI6NzU1NzgyNjg5NzgzOTI5LCJhc3NldF9hZ2VfZGF5cyI6OTM2LCJ2aV91c2VjYXNlX2lkIjoxMDA5OSwiZHVyYXRpb25fcyI6MTE3LCJ1cmxnZW5fc291cmNlIjoid3d3In0%3D&ccb=17-1&vs=370c18ef5f784f0&_nc_vs=HBksFQIYT2lnX3hwdl9yZWVsc19wZXJtYW5lbnRfcHJvZC8xNDRDQjExRUU5RTgwQTAxNjU4Nzg3OEJFQ0U5QTA4Ml92aWRlb19kYXNoaW5pdC5tcDQVAALIARIAFQIYOnBhc3N0aHJvdWdoX2V2ZXJzdG9yZS9HTDVoZ3hocjZFNTl6LVlFQUxpNGRORkt5UnR5YnFfRUFBQUYVAgLIARIAKAAYABsCiAd1c2Vfb2lsATEScHJvZ3Jlc3NpdmVfcmVjaXBlATEVAAAm8oGE7KvY1wIVAigCQzIsF0BdYAAAAAAAGBJkYXNoX2Jhc2VsaW5lXzFfdjERAHX-B2XmnQEA&_nc_gid=QeL0hT1MRhhmisO4xvKa5Q&_nc_ss=7a22e&_nc_zt=28&oh=00_AQAglNuPpky5U49ym9ePQBKQwpHzSLMxxH74XdRWrxUgBg&oe=6A51F378
C0fTkXhrOX8,https://www.instagram.com/reel/C0fTkXhrOX8/,"Se o tema é “princípios que fizeram de 2023 o melhor ano da minha vida”, STORYTELLING com certeza é um dos mais impactantes. Em 2024 vamos continuar construindo e compartilhando histórias, bora? It’s time for Action. ⚡️",1701818172,190871,8758,119.79100036621094,clips,https://scontent-poa1-1.cdninstagram.com/o1/v/t2/f2/m82/AQO_EdhOQBty-xxpVM-KpKolFyLf0neQ2LOxHgDIxBlCiUw25T8FAN_gL8Vm-u8LPLRhc3qs6GM0KZjXDoXXTV7ctW8atlQRE23FYY4.mp4?_nc_cat=103&_nc_sid=5e9851&_nc_ht=scontent-poa1-1.cdninstagram.com&_nc_ohc=Qknb_Qqi-noQ7kNvwHdzGBV&efg=eyJ2ZW5jb2RlX3RhZyI6Inhwdl9wcm9ncmVzc2l2ZS5JTlNUQUdSQU0uQ0xJUFMuQzIuNzIwLmRhc2hfYmFzZWxpbmVfMV92MSIsInhwdl9hc3NldF9pZCI6Mzc5NDkwNTAxNzQyODYxMiwiYXNzZXRfYWdlX2RheXMiOjk0NiwidmlfdXNlY2FzZV9pZCI6MTAwOTksImR1cmF0aW9uX3MiOjExOSwidXJsZ2VuX3NvdXJjZSI6Ind3dyJ9&ccb=17-1&vs=daccd6d12e2ee45b&_nc_vs=HBksFQIYT2lnX3hwdl9yZWVsc19wZXJtYW5lbnRfcHJvZC84RjQ2OUNFMUIzMzAxNDJENDA5MTk4ODVFQkU3M0Q4OV92aWRlb19kYXNoaW5pdC5tcDQVAALIARIAFQIYOnBhc3N0aHJvdWdoX2V2ZXJzdG9yZS9HSzJpU3hoeFdDNjFRMThCQUhxZHRSRFN0ZmhSYnFfRUFBQUYVAgLIARIAKAAYABsCiAd1c2Vfb2lsATEScHJvZ3Jlc3NpdmVfcmVjaXBlATEVAAAmiKqp2MXcvQ0VAigCQzIsF0Bd8p--dsi0GBJkYXNoX2Jhc2VsaW5lXzFfdjERAHX-B2XmnQEA&_nc_gid=QeL0hT1MRhhmisO4xvKa5Q&_nc_ss=7a22e&_nc_zt=28&oh=00_AQCvvBdmP7hk8dmq35cvo6HzPO7Ug6cMGGnBG8fPFU1zyg&oe=6A51F00C
C0aQ-9Ht_fC,https://www.instagram.com/reel/C0aQ-9Ht_fC/,"Tudo que você faz, te prepara para tudo que você vai fazer! ⚡️ Você está se preparando pra que? Vamos dar um pequeno passo pra começar 2024 dando outro ainda maior?",1701648525,126360,6077,114.21700286865234,clips,https://scontent-poa1-1.cdninstagram.com/o1/v/t2/f2/m82/AQNBfkwfkNfrbkoBFrsJgGv6gIL_MQsDXOphzjL2fYnJugNMsK1eHJEw4JakDRFSsIA0k7eS8weqjI6V6XZGtHxeENRDRt2GfISldas.mp4?_nc_cat=110&_nc_sid=5e9851&_nc_ht=scontent-poa1-1.cdninstagram.com&_nc_ohc=l5nTpCdCqHQQ7kNvwFijoHX&efg=eyJ2ZW5jb2RlX3RhZyI6Inhwdl9wcm9ncmVzc2l2ZS5JTlNUQUdSQU0uQ0xJUFMuQzIuNzIwLmRhc2hfYmFzZWxpbmVfMV92MSIsInhwdl9hc3NldF9pZCI6MTU0MzU5NzAzOTc0ODYyOSwiYXNzZXRfYWdlX2RheXMiOjk0OCwidmlfdXNlY2FzZV9pZCI6MTAwOTksImR1cmF0aW9uX3MiOjExNCwidXJsZ2VuX3NvdXJjZSI6Ind3dyJ9&ccb=17-1&vs=c2b7d8fa03eab831&_nc_vs=HBksFQIYT2lnX3hwdl9yZWVsc19wZXJtYW5lbnRfcHJvZC9GOTRGNUZFOURERjYyMzJFQTc2OUFBMTA1Mzg4RTVCNF92aWRlb19kYXNoaW5pdC5tcDQVAALIARIAFQIYOnBhc3N0aHJvdWdoX2V2ZXJzdG9yZS9HRUlJUGhoOEVFVkdzUUFFQVBuZmRZWUtJS0lmYnFfRUFBQUYVAgLIARIAKAAYABsCiAd1c2Vfb2lsATEScHJvZ3Jlc3NpdmVfcmVjaXBlATEVAAAmqpjYk5b5vQUVAigCQzIsF0BcjU_fO2RaGBJkYXNoX2Jhc2VsaW5lXzFfdjERAHX-B2XmnQEA&_nc_gid=QeL0hT1MRhhmisO4xvKa5Q&_nc_ss=7a22e&_nc_zt=28&oh=00_AQCC0jHVGMUECqbpSAYtK8_HUlUAAiLwyRalVmdkGRB9pw&oe=6A51CECF
C0VDkw4LURf,https://www.instagram.com/reel/C0VDkw4LURf/,"Ter um PLANEJAMENTO tornou meu 2023 no melhor ano de todos, e eu sugiro que você coloque em prática também! ⚡️ Esse é o 1º de 8 vídeos que vamos trazer princípios para você fazer de 2024 o melhor ano da sua vida! It’s time for action! 🤍 É bom estar de volta.",1701474216,121669,5643,127.01100158691406,clips,https://scontent-poa1-1.cdninstagram.com/o1/v/t2/f2/m82/AQME-VoAepiDSU3Dy-0n-AgSGawryio23IED96kC2Be74kE3UT-sdiVxLw3OmiooWxjnRY8Yq--ofS8TJaZmAk6_7TuJt7Qjo74J3SY.mp4?_nc_cat=102&_nc_sid=5e9851&_nc_ht=scontent-poa1-1.cdninstagram.com&_nc_ohc=JmeZ_JkdwwsQ7kNvwEGvpiU&efg=eyJ2ZW5jb2RlX3RhZyI6Inhwdl9wcm9ncmVzc2l2ZS5JTlNUQUdSQU0uQ0xJUFMuQzIuNzIwLmRhc2hfYmFzZWxpbmVfMV92MSIsInhwdl9hc3NldF9pZCI6Njc2MDk5NjM0NTA1MDA3LCJhc3NldF9hZ2VfZGF5cyI6OTUwLCJ2aV91c2VjYXNlX2lkIjoxMDA5OSwiZHVyYXRpb25fcyI6MTI3LCJ1cmxnZW5fc291cmNlIjoid3d3In0%3D&ccb=17-1&vs=b196a6e14409bba7&_nc_vs=HBksFQIYT2lnX3hwdl9yZWVsc19wZXJtYW5lbnRfcHJvZC80NTRDNzQ4QjE5MjVFREQ4Nzg2RDdGRTE1M0E5OEE4Q192aWRlb19kYXNoaW5pdC5tcDQVAALIARIAFQIYOnBhc3N0aHJvdWdoX2V2ZXJzdG9yZS9HRVU5T1JpQ0Z2NXRFeDhEQUswMV9MTVdDVGtkYnFfRUFBQUYVAgLIARIAKAAYABsCiAd1c2Vfb2lsATEScHJvZ3Jlc3NpdmVfcmVjaXBlATEVAAAm3pTh6Ja6swIVAigCQzIsF0BfwAAAAAAAGBJkYXNoX2Jhc2VsaW5lXzFfdjERAHX-B2XmnQEA&_nc_gid=QeL0hT1MRhhmisO4xvKa5Q&_nc_ss=7a22e&_nc_zt=28&oh=00_AQAro7xBKFSgsAfYhgvIihY110OkQshRp_u0onhYPwzlmw&oe=6A51DB63
CzZj7yLPmH_,https://www.instagram.com/reel/CzZj7yLPmH_/,Quem compra a passagem errada 2 VEZES? 😒 Pelo menos conseguimos resolver sem perder dinheiro! Pena que você não terá a mesma chance se perder a oportunidade de entrar na Criadores do Futuro HOJE. Te vejo na comunidade? 💗,1699477659,122354,2598,75.26599884033203,clips,https://scontent-poa1-1.cdninstagram.com/o1/v/t2/f2/m82/AQOnyih3VE3Sypj7is4kxGX1S6gnouWyzPNPMNqtsEA372EUR-x5ek4zT8-2g1qBgIBK_xya6iZslSpL8q2WqWt2wo1atk50Y2iq8fM.mp4?_nc_cat=106&_nc_sid=5e9851&_nc_ht=scontent-poa1-1.cdninstagram.com&_nc_ohc=62cL6zqSz6cQ7kNvwG8O_3w&efg=eyJ2ZW5jb2RlX3RhZyI6Inhwdl9wcm9ncmVzc2l2ZS5JTlNUQUdSQU0uQ0xJUFMuQzMuNzIwLmRhc2hfYmFzZWxpbmVfMV92MSIsInhwdl9hc3NldF9pZCI6MTY5NzQwNzUyNDAwNDMyMCwiYXNzZXRfYWdlX2RheXMiOjk3MywidmlfdXNlY2FzZV9pZCI6MTAwOTksImR1cmF0aW9uX3MiOjc1LCJ1cmxnZW5fc291cmNlIjoid3d3In0%3D&ccb=17-1&vs=4fa3f275a2abeaba&_nc_vs=HBksFQIYT2lnX3hwdl9yZWVsc19wZXJtYW5lbnRfcHJvZC80QTQ2REVFNDhEODlDQkE1QjVGQjVFNDYwRTFDQ0JBRV92aWRlb19kYXNoaW5pdC5tcDQVAALIARIAFQIYOnBhc3N0aHJvdWdoX2V2ZXJzdG9yZS9HS2VsekJjdmhWNVVMV0FDQURHQzJ5SVE5MjFpYnFfRUFBQUYVAgLIARIAKAAYABsCiAd1c2Vfb2lsATEScHJvZ3Jlc3NpdmVfcmVjaXBlATEVAAAmwIePyI_ygwYVAigCQzMsF0BS0QYk3S8bGBJkYXNoX2Jhc2VsaW5lXzFfdjERAHX-B2XmnQEA&_nc_gid=DYod2pfGO3mFZ0VnyWazBA&_nc_ss=7a22e&_nc_zt=28&oh=00_AQDiq2abXqZlXJo4vId-LkbmmfkG7_ricJ8rj4ySm4LlXg&oe=6A51DE6B
CzWXKpKr7Dp,https://www.instagram.com/reel/CzWXKpKr7Dp/,"A Criadores não é um curso de Social Media porque é um curso de PRINCÍPIOS DE MARKETING - ou seja, não importa o que você faz: confeitaria, psicologia, advogada, designer ou social media. Com DIFERENCIAÇÃO | FORMATO CRIATIVO | STORYTELLING você tem a multiplicação infinita. 496$ até dia 8 ⚡️ Link na bio.",1699370615,91556,1705,87.5,clips,https://scontent-poa1-1.cdninstagram.com/o1/v/t2/f2/m82/AQP7AepxeC1Qt1Cy5ONEgzGMfpzXEngpLakAqu3e9Udm2531-6JPZV0XawH-Wh8MSgpZoSsSp79cXm9YPceA7AOpqG_NSgsuR9fDVPw.mp4?_nc_cat=104&_nc_sid=5e9851&_nc_ht=scontent-poa1-1.cdninstagram.com&_nc_ohc=qf848y-auooQ7kNvwGITpZ5&efg=eyJ2ZW5jb2RlX3RhZyI6Inhwdl9wcm9ncmVzc2l2ZS5JTlNUQUdSQU0uQ0xJUFMuQzMuNzIwLmRhc2hfYmFzZWxpbmVfMV92MSIsInhwdl9hc3NldF9pZCI6NjU2NjI5MjQ5ODg5MjE0LCJhc3NldF9hZ2VfZGF5cyI6OTc1LCJ2aV91c2VjYXNlX2lkIjoxMDA5OSwiZHVyYXRpb25fcyI6ODcsInVybGdlbl9zb3VyY2UiOiJ3d3cifQ%3D%3D&ccb=17-1&vs=24174ec2a6b5bf8c&_nc_vs=HBksFQIYT2lnX3hwdl9yZWVsc19wZXJtYW5lbnRfcHJvZC80QzQxOEM2OEMzN0E5RDlCRUZCRTZBMzY3QjEwRTI5MF92aWRlb19kYXNoaW5pdC5tcDQVAALIARIAFQIYOnBhc3N0aHJvdWdoX2V2ZXJzdG9yZS9HUG1qekJmSVo5b3o4ZEFNQU44ME5BZ3NCbkpNYnFfRUFBQUYVAgLIARIAKAAYABsCiAd1c2Vfb2lsATEScHJvZ3Jlc3NpdmVfcmVjaXBlATEVAAAm_M6Ck-3MqgIVAigCQzMsF0BV4AAAAAAAGBJkYXNoX2Jhc2VsaW5lXzFfdjERAHX-B2XmnQEA&_nc_gid=DYod2pfGO3mFZ0VnyWazBA&_nc_ss=7a22e&_nc_zt=28&oh=00_AQA3VNaMM1exiLljhv6Fx25EX1AwC4ax71CSbTBiRbgqgQ&oe=6A51E1B5
CzUjH3qrP0l,https://www.instagram.com/reel/CzUjH3qrP0l/,Aceita o desafio? ⚡️ O link está na bio!,1699309790,81314,2005,86.63200378417969,clips,https://scontent-poa1-1.cdninstagram.com/o1/v/t2/f2/m82/AQNMst9qFJNq5I8NrvMMK8loV3Gme7il0_eG0bUqVWBu1MJbF8obQvH5yYUYBH45sL5Ml_R0J0lkjBmkdNnaFrROrmHCWyRDlkY3abw.mp4?_nc_cat=110&_nc_sid=5e9851&_nc_ht=scontent-poa1-1.cdninstagram.com&_nc_ohc=QgXq9rAPV9YQ7kNvwFf1uFJ&efg=eyJ2ZW5jb2RlX3RhZyI6Inhwdl9wcm9ncmVzc2l2ZS5JTlNUQUdSQU0uQ0xJUFMuQzMuNzIwLmRhc2hfYmFzZWxpbmVfMV92MSIsInhwdl9hc3NldF9pZCI6MTEzMDQxNTIwMTI3MjAwMiwiYXNzZXRfYWdlX2RheXMiOjk3NSwidmlfdXNlY2FzZV9pZCI6MTAwOTksImR1cmF0aW9uX3MiOjg2LCJ1cmxnZW5fc291cmNlIjoid3d3In0%3D&ccb=17-1&vs=1bc95038acbf32c&_nc_vs=HBksFQIYT2lnX3hwdl9yZWVsc19wZXJtYW5lbnRfcHJvZC85OTQ0REQ1QTY3Mzg1OUUxRTE3Njg4REIxNzU0RjVCOF92aWRlb19kYXNoaW5pdC5tcDQVAALIARIAFQIYOnBhc3N0aHJvdWdoX2V2ZXJzdG9yZS9HTUxrMEJmOFplYlBYd1VaQUtkeUZ5SjdtcE0tYnFfRUFBQUYVAgLIARIAKAAYABsCiAd1c2Vfb2lsATEScHJvZ3Jlc3NpdmVfcmVjaXBlATEVAAAmhIOqyOmGggQVAigCQzMsF0BVqAAAAAAAGBJkYXNoX2Jhc2VsaW5lXzFfdjERAHX-B2XmnQEA&_nc_gid=DYod2pfGO3mFZ0VnyWazBA&_nc_ss=7a22e&_nc_zt=28&oh=00_AQBZ3nFseR9SBjwXdoIJpihWjjC1kzbLuAhBPfq8GJ8Gyw&oe=6A51D5C7
CzT3MjHLXGW,https://www.instagram.com/reel/CzT3MjHLXGW/,Não é a criatividade que vai tirar sua autoridade. Autoridade vem a partir de resultados e também com a percepção das pessoas quando você abre a boca. Na Criadores do Futuro você aprende a ser autoridade até plantando bananeira se você quiser. 🤸🏻‍♀️,1699286528,77467,1914,64.66600036621094,clips,https://scontent-poa1-1.cdninstagram.com/o1/v/t2/f2/m82/AQMCooWyA_YhJG_JRVWG_TUtTYDzHtmbb0euoxtYdSViHb40a87Mcge4h0Rfb22YhWqyAbrBUh00WT3rxghUakUm0dlW3jSdUUrSsDo.mp4?_nc_cat=100&_nc_sid=5e9851&_nc_ht=scontent-poa1-1.cdninstagram.com&_nc_ohc=FBdUwi2AAfcQ7kNvwFeZdoG&efg=eyJ2ZW5jb2RlX3RhZyI6Inhwdl9wcm9ncmVzc2l2ZS5JTlNUQUdSQU0uQ0xJUFMuQzMuNzIwLmRhc2hfYmFzZWxpbmVfMV92MSIsInhwdl9hc3NldF9pZCI6MjQ2MTgxMTk1MTQzNTA2LCJhc3NldF9hZ2VfZGF5cyI6OTc2LCJ2aV91c2VjYXNlX2lkIjoxMDA5OSwiZHVyYXRpb25fcyI6NjQsInVybGdlbl9zb3VyY2UiOiJ3d3cifQ%3D%3D&ccb=17-1&vs=79d7f839e75c0529&_nc_vs=HBksFQIYT2lnX3hwdl9yZWVsc19wZXJtYW5lbnRfcHJvZC82RjQ2RkVCNzYxMjM2RTBDQ0NEMjVFODY1REFEMjE5M192aWRlb19kYXNoaW5pdC5tcDQVAALIARIAFQIYOnBhc3N0aHJvdWdoX2V2ZXJzdG9yZS9HS0xEelJjTWN4S3NoWElDQUxZS3FQVzVDa1JZYnFfRUFBQUYVAgLIARIAKAAYABsCiAd1c2Vfb2lsATEScHJvZ3Jlc3NpdmVfcmVjaXBlATEVAAAmpOX-6tD5bxUCKAJDMywXQFAqn752yLQYEmRhc2hfYmFzZWxpbmVfMV92MREAdf4HZeadAQA&_nc_gid=DYod2pfGO3mFZ0VnyWazBA&_nc_ss=7a22e&_nc_zt=28&oh=00_AQCM6vG3wD8B_xEaH-dzYryRzsFY5l0Qj9wLwIUn_McO9A&oe=6A51DF9D
CzSH5GerUwj,https://www.instagram.com/reel/CzSH5GerUwj/,"Não importa qual jogo você tá jogando, a carta coringa vai trazer multiplicação infinita pro teu projeto. 🃏 Adoraria dizer que a falta do brinco foi intencional, mas estaria mentindo 🥲",1699228066,116122,3609,103.16600036621094,clips,https://scontent-poa1-1.cdninstagram.com/o1/v/t2/f2/m82/AQNNTNGkRBRiR81Vb6OQyWt3NL8Qu1LWaKIETAJJbCD57NygXay67G9RRkmn5tRa4Pw0z3BM6uyIdPyRvFOnOuRTKAnYUMaywB1eEwA.mp4?_nc_cat=109&_nc_sid=5e9851&_nc_ht=scontent-poa1-1.cdninstagram.com&_nc_ohc=uyqYlHKLkjwQ7kNvwHLPMCO&efg=eyJ2ZW5jb2RlX3RhZyI6Inhwdl9wcm9ncmVzc2l2ZS5JTlNUQUdSQU0uQ0xJUFMuQzMuNzIwLmRhc2hfYmFzZWxpbmVfMV92MSIsInhwdl9hc3NldF9pZCI6MTA2MDc0MjgwODM5NzY0MywiYXNzZXRfYWdlX2RheXMiOjk3NiwidmlfdXNlY2FzZV9pZCI6MTAwOTksImR1cmF0aW9uX3MiOjEwMywidXJsZ2VuX3NvdXJjZSI6Ind3dyJ9&ccb=17-1&vs=f988ad6cee2d5921&_nc_vs=HBksFQIYT2lnX3hwdl9yZWVsc19wZXJtYW5lbnRfcHJvZC8zQzQxOUZDMjc2MkI5Q0ZEM0UwMEI0OEJBRDc0NjI5RV92aWRlb19kYXNoaW5pdC5tcDQVAALIARIAFQIYOnBhc3N0aHJvdWdoX2V2ZXJzdG9yZS9HQU1ielJkOURvbEMyQ1VEQUkyTUxmQ0dKa3BzYnFfRUFBQUYVAgLIARIAKAAYABsCiAd1c2Vfb2lsATEScHJvZ3Jlc3NpdmVfcmVjaXBlATEVAAAmlp3X5K2v4gMVAigCQzMsF0BZyp--dsi0GBJkYXNoX2Jhc2VsaW5lXzFfdjERAHX-B2XmnQEA&_nc_gid=DYod2pfGO3mFZ0VnyWazBA&_nc_ss=7a22e&_nc_zt=28&oh=00_AQBlsNaFkmCSZoQDJvh6ZEb-qDPJo9DXB6kqzX8aVVIbcA&oe=6A51BD86
CzQ-XctrbuR,https://www.instagram.com/reel/CzQ-XctrbuR/,Na Criadores te ensinamos a enxergar roteiro como uma ciência! E dessa forma você coloca todos os ingredientes que um Vídeo que Funciona precisa. Comente CRIADORES e entra pra esse movimento:,1699189385,74518,2313,72.46800231933594,clips,https://scontent-poa1-1.cdninstagram.com/o1/v/t2/f2/m82/AQP0zp0T_QHUgLDasLRKbw9LuwArTg_2DhYnZ8OS_bZsRA6bRPhUdFjURSlum3i-5CYGgtJ3yezCgQxvskw4-NjJxPa84ic5YRxSSyY.mp4?_nc_cat=100&_nc_sid=5e9851&_nc_ht=scontent-poa1-1.cdninstagram.com&_nc_ohc=MGkk4OZk_DIQ7kNvwFISRWU&efg=eyJ2ZW5jb2RlX3RhZyI6Inhwdl9wcm9ncmVzc2l2ZS5JTlNUQUdSQU0uQ0xJUFMuQzMuNzIwLmRhc2hfYmFzZWxpbmVfMV92MSIsInhwdl9hc3NldF9pZCI6ODIxMTA4MDMzMTIzOTg4LCJhc3NldF9hZ2VfZGF5cyI6OTc3LCJ2aV91c2VjYXNlX2lkIjoxMDA5OSwiZHVyYXRpb25fcyI6NzIsInVybGdlbl9zb3VyY2UiOiJ3d3cifQ%3D%3D&ccb=17-1&vs=9c309fb1947bfb96&_nc_vs=HBksFQIYT2lnX3hwdl9yZWVsc19wZXJtYW5lbnRfcHJvZC85QTQ2RjgwRkI0ODA2MEU2MUU3MjNEMUQzQzk4NkY4Q192aWRlb19kYXNoaW5pdC5tcDQVAALIARIAFQIYOnBhc3N0aHJvdWdoX2V2ZXJzdG9yZS9HUEpIeHhleG1RX2s3QlVCQUJKVEk4WXEzeFZIYnFfRUFBQUYVAgLIARIAKAAYABsCiAd1c2Vfb2lsATEScHJvZ3Jlc3NpdmVfcmVjaXBlATEVAAAmqNqXyuOy9QIVAigCQzMsF0BSHU_fO2RaGBJkYXNoX2Jhc2VsaW5lXzFfdjERAHX-B2XmnQEA&_nc_gid=DYod2pfGO3mFZ0VnyWazBA&_nc_ss=7a22e&_nc_zt=28&oh=00_AQD3-prbQ4lQoxeFz4SX20jMjaz0J9f68uzwwEWcQOX8xA&oe=6A51EA91
CzO53mELINr,https://www.instagram.com/reel/CzO53mELINr/,"Eu sei que você é como eu, diferente. - E agora estamos conectadas ⚡️ Aceita meu convite para criarmos o futuro da próxima geração juntos? Comente CRIADORES:",1699119811,74475,1880,83.4739990234375,clips,https://scontent-poa1-1.cdninstagram.com/o1/v/t2/f2/m82/AQMqzfgkc4iMxDeEeRRAWPdkD41LhkTgiHQPDjtDmlcqss8WNmlMhDxBWygiX-7LJNT6DpOobIUbgTA7GmOtv2kyjfIQ9qNID8QTSkU.mp4?_nc_cat=104&_nc_sid=5e9851&_nc_ht=scontent-poa1-1.cdninstagram.com&_nc_ohc=0udg7vLPB1QQ7kNvwFifYv-&efg=eyJ2ZW5jb2RlX3RhZyI6Inhwdl9wcm9ncmVzc2l2ZS5JTlNUQUdSQU0uQ0xJUFMuQzMuNzIwLmRhc2hfYmFzZWxpbmVfMV92MSIsInhwdl9hc3NldF9pZCI6MzM4ODI2OTY1MzYxOTU5LCJhc3NldF9hZ2VfZGF5cyI6OTc4LCJ2aV91c2VjYXNlX2lkIjoxMDA5OSwiZHVyYXRpb25fcyI6ODMsInVybGdlbl9zb3VyY2UiOiJ3d3cifQ%3D%3D&ccb=17-1&vs=15ae932a01029dd1&_nc_vs=HBksFQIYT2lnX3hwdl9yZWVsc19wZXJtYW5lbnRfcHJvZC81RjQ1QkJDQTY2RDQ3MUI0MENEOUEwQUQwOUEzQkQ4Ml92aWRlb19kYXNoaW5pdC5tcDQVAALIARIAFQIYOnBhc3N0aHJvdWdoX2V2ZXJzdG9yZS9HQUJjdkJlTC1OWnpsamtCQUd4OVdUOHg0RXhfYnFfRUFBQUYVAgLIARIAKAAYABsCiAd1c2Vfb2lsATEScHJvZ3Jlc3NpdmVfcmVjaXBlATEVAAAmzpTJzqmKmgEVAigCQzMsF0BU3U_fO2RaGBJkYXNoX2Jhc2VsaW5lXzFfdjERAHX-B2XmnQEA&_nc_gid=DYod2pfGO3mFZ0VnyWazBA&_nc_ss=7a22e&_nc_zt=28&oh=00_AQBuKfc7FA5qNF_r19xhOJG4kFdbZyWCNISMx91yNiVKug&oe=6A51EEA5
CzL5VptrVwI,https://www.instagram.com/reel/CzL5VptrVwI/,"👀 Sim, você não viu errado, ISSO É UM ADS NOSSO. Postei aqui no feed para te lembrar que HOJE às 16h vamos trocar uma ideia profunda sobre Nossa Estratégia de Anúncios campeões lá pelo nosso discord! 💗 Não perde - aproveita e já entra pra comunidade, vamos acelerar por 1 ano juntos!",1699019120,143047,4316,56.5,clips,https://scontent-poa1-1.cdninstagram.com/o1/v/t2/f2/m82/AQOy-77cV80mJM1oPRSvZv25dNbuL4RunHCzndkF4oKytpmVz9c164Z5s0UA5Xsa3iC-tDcQ96C1eh2PsLNTB8CiOxUSzlMQigH1deM.mp4?_nc_cat=108&_nc_sid=5e9851&_nc_ht=scontent-poa1-1.cdninstagram.com&_nc_ohc=GE9_E1cO3yYQ7kNvwGJBV-Z&efg=eyJ2ZW5jb2RlX3RhZyI6Inhwdl9wcm9ncmVzc2l2ZS5JTlNUQUdSQU0uQ0xJUFMuQzMuNzIwLmRhc2hfYmFzZWxpbmVfMV92MSIsInhwdl9hc3NldF9pZCI6MTI4NjkyNDEzNjAzNzU2NiwiYXNzZXRfYWdlX2RheXMiOjk3OSwidmlfdXNlY2FzZV9pZCI6MTAwOTksImR1cmF0aW9uX3MiOjU2LCJ1cmxnZW5fc291cmNlIjoid3d3In0%3D&ccb=17-1&vs=a37db538293e9d6&_nc_vs=HBksFQIYT2lnX3hwdl9yZWVsc19wZXJtYW5lbnRfcHJvZC80NjRCNzE0Nzk2RjVBMTFGMkYzODlDQkQ3OTkxRjQ4Ql92aWRlb19kYXNoaW5pdC5tcDQVAALIARIAFQIYOnBhc3N0aHJvdWdoX2V2ZXJzdG9yZS9HSThHb3hmOUxIZVloWWtEQUpxZkpsUjdUX0JVYnFfRUFBQUYVAgLIARIAKAAYABsCiAd1c2Vfb2lsATEScHJvZ3Jlc3NpdmVfcmVjaXBlATEVAAAm_PLZ_-ucyQQVAigCQzMsF0BMQAAAAAAAGBJkYXNoX2Jhc2VsaW5lXzFfdjERAHX-B2XmnQEA&_nc_gid=DYod2pfGO3mFZ0VnyWazBA&_nc_ss=7a22e&_nc_zt=28&oh=00_AQC692UE9PRH5OvNu_zxorM_ZSbMkBLBi9VVCMEb8i-pJQ&oe=6A51D9A5
CzJa2rCry0H,https://www.instagram.com/reel/CzJa2rCry0H/,Isso não é uma despedida se você tomar sua decisão. Vamos fazer história juntos? Sua última oportunidade de entrar para a Criadores por 496$ ⚡️ Depois do dia 8 cobraremos um valor justo.,1698936192,74779,1653,127.20999908447266,clips,https://scontent-poa1-1.cdninstagram.com/o1/v/t2/f2/m82/AQPC-sE35tw8q9yolwvx46n7NyFZ5W-HB0Zi_WF9GSQDSe6MvUidM1jilv59RoUbVofN0U5GSIn-iYnKx2rrG6p8lb_nTpCxu6QZG08.mp4?_nc_cat=101&_nc_sid=5e9851&_nc_ht=scontent-poa1-1.cdninstagram.com&_nc_ohc=cNl60b6sTXIQ7kNvwEcg58x&efg=eyJ2ZW5jb2RlX3RhZyI6Inhwdl9wcm9ncmVzc2l2ZS5JTlNUQUdSQU0uQ0xJUFMuQzMuNzIwLmRhc2hfYmFzZWxpbmVfMV92MSIsInhwdl9hc3NldF9pZCI6OTk4MTgwNzYxNDczNTE5LCJhc3NldF9hZ2VfZGF5cyI6OTgwLCJ2aV91c2VjYXNlX2lkIjoxMDA5OSwiZHVyYXRpb25fcyI6MTI3LCJ1cmxnZW5fc291cmNlIjoid3d3In0%3D&ccb=17-1&vs=8df83038eb428174&_nc_vs=HBksFQIYT2lnX3hwdl9yZWVsc19wZXJtYW5lbnRfcHJvZC80RTQ1ODY3NzNGOTk3Q0UzMUI5MEJFRTkzQjA5RjY5QV92aWRlb19kYXNoaW5pdC5tcDQVAALIARIAFQIYOnBhc3N0aHJvdWdoX2V2ZXJzdG9yZS9HSWlpb2hlUVN0VTNKX2tNQUFBTTBoQzVJYk1WYnFfRUFBQUYVAgLIARIAKAAYABsCiAd1c2Vfb2lsATEScHJvZ3Jlc3NpdmVfcmVjaXBlATEVAAAm3sesm-L1xQMVAigCQzMsF0BfzXCj1wo9GBJkYXNoX2Jhc2VsaW5lXzFfdjERAHX-B2XmnQEA&_nc_gid=DYod2pfGO3mFZ0VnyWazBA&_nc_ss=7a22e&_nc_zt=28&oh=00_AQC0OtMCpF0Z2ituXlCtFw-5W8ayDJnP1923ge4-pT_UmA&oe=6A51C1DE
CzIBQN7tu4I,https://www.instagram.com/reel/CzIBQN7tu4I/,"Aproveite a oferta especial até dia 8. Dia 9 cobraremos um valor justo, finalmente! ⚡️",1698888986,136372,1325,3.921999931335449,clips,https://scontent-poa1-1.cdninstagram.com/o1/v/t2/f2/m82/AQMSXtFlPm55stUuqIqzPxNfjSu19ZlhkNGNiq5aBqCt9_cf_sCEEAECoRAhUZFs38q0wmx8E6ODDt0PiH_eOC-i7UH7CP6PuPyC8wo.mp4?_nc_cat=101&_nc_sid=5e9851&_nc_ht=scontent-poa1-1.cdninstagram.com&_nc_ohc=q0HgfGqMFAUQ7kNvwHc5U70&efg=eyJ2ZW5jb2RlX3RhZyI6Inhwdl9wcm9ncmVzc2l2ZS5JTlNUQUdSQU0uQ0xJUFMuQzMuNzIwLmRhc2hfYmFzZWxpbmVfMV92MSIsInhwdl9hc3NldF9pZCI6NzM0NTk5NzI1MTQ4MDI0LCJhc3NldF9hZ2VfZGF5cyI6OTgwLCJ2aV91c2VjYXNlX2lkIjoxMDA5OSwiZHVyYXRpb25fcyI6MywidXJsZ2VuX3NvdXJjZSI6Ind3dyJ9&ccb=17-1&vs=4fee2cd86d0a4499&_nc_vs=HBksFQIYT2lnX3hwdl9yZWVsc19wZXJtYW5lbnRfcHJvZC8xMjQ0QTM0NEU0NzcyNUFCQ0JFNzI5QjRGRjJGMTNBRV92aWRlb19kYXNoaW5pdC5tcDQVAALIARIAFQIYOnBhc3N0aHJvdWdoX2V2ZXJzdG9yZS9HRWNEclJjSDFvd2duendEQUlxZFdpNGYtNUJtYnFfRUFBQUYVAgLIARIAKAAYABsCiAd1c2Vfb2lsATEScHJvZ3Jlc3NpdmVfcmVjaXBlATEVAAAm8J3buqqHzgIVAigCQzMsF0APU_fO2RaHGBJkYXNoX2Jhc2VsaW5lXzFfdjERAHX-B2XmnQEA&_nc_gid=DYod2pfGO3mFZ0VnyWazBA&_nc_ss=7a22e&_nc_zt=28&oh=00_AQArSSTaUoOkOceJCyb0uUowailkTsHJ0gfouy5t3DvVUg&oe=6A51BCAE
CzHhRVUPrEO,https://www.instagram.com/reel/CzHhRVUPrEO/,"HOJE 19:16 ao vivo no Youtube ⚡️ (na hora da aula, o link estará na minha bio)",1698872075,73222,1783,24.08300018310547,clips,https://scontent-poa1-1.cdninstagram.com/o1/v/t2/f2/m82/AQNZ99DymX5PVSoBYDLQM6VXPTC9kzqEMCt6dbKGjY8uowGq4OLiFZK6t_LvehqecW6amPMCmPbM8fKpAokcYLGY5ZvXE2eLxzKVAIs.mp4?_nc_cat=109&_nc_sid=5e9851&_nc_ht=scontent-poa1-1.cdninstagram.com&_nc_ohc=PR9ctJI3BhQQ7kNvwFgazLE&efg=eyJ2ZW5jb2RlX3RhZyI6Inhwdl9wcm9ncmVzc2l2ZS5JTlNUQUdSQU0uQ0xJUFMuQzMuNzIwLmRhc2hfYmFzZWxpbmVfMV92MSIsInhwdl9hc3NldF9pZCI6NzE2OTMxNzQzMjY2MDIyLCJhc3NldF9hZ2VfZGF5cyI6OTgwLCJ2aV91c2VjYXNlX2lkIjoxMDA5OSwiZHVyYXRpb25fcyI6MjQsInVybGdlbl9zb3VyY2UiOiJ3d3cifQ%3D%3D&ccb=17-1&vs=bd342ad6b7b6109f&_nc_vs=HBksFQIYT2lnX3hwdl9yZWVsc19wZXJtYW5lbnRfcHJvZC82NTQzMzIwNDBCM0ZBNTU3QTlCRTBENTE4RDVGMUNBNF92aWRlb19kYXNoaW5pdC5tcDQVAALIARIAFQIYOnBhc3N0aHJvdWdoX2V2ZXJzdG9yZS9HSkg2c2hmZm1ld20wMElDQUdjeFRGMnFkUWM2YnFfRUFBQUYVAgLIARIAKAAYABsCiAd1c2Vfb2lsATEScHJvZ3Jlc3NpdmVfcmVjaXBlATEVAAAmzNOV3vWCxgIVAigCQzMsF0A4FT987ZFoGBJkYXNoX2Jhc2VsaW5lXzFfdjERAHX-B2XmnQEA&_nc_gid=DYod2pfGO3mFZ0VnyWazBA&_nc_ss=7a22e&_nc_zt=28&oh=00_AQByBFvxodmf8_QCYTfSqUhCmJkVhE4x4K2iFZP1XBMNSA&oe=6A51BBD6
CzG40ZML-GZ,https://www.instagram.com/reel/CzG40ZML-GZ/,"Mistério é o mecanismo que ativa o gatilho mental mais forte de todos: A curiosidade. Se você domina o gatilho da curiosidade, vai dominar a retenção das pessoas. Quer saber saber como usar a CARTA CORINGA, vem comigo hoje às 19:16.",1698850846,92765,3597,105.2770004272461,clips,https://scontent-poa1-1.cdninstagram.com/o1/v/t2/f2/m82/AQNkp8riK3VcrI9LIyU4QQyoodTR1ThVq-TCMF0Wpl9GmVGFYRZdO3xq9HsM4entBBj-kli8T41obxThTbVJ6eh5hWAh302vZrwxwu4.mp4?_nc_cat=109&_nc_sid=5e9851&_nc_ht=scontent-poa1-1.cdninstagram.com&_nc_ohc=Tc2qBUhjsy0Q7kNvwGVWVo1&efg=eyJ2ZW5jb2RlX3RhZyI6Inhwdl9wcm9ncmVzc2l2ZS5JTlNUQUdSQU0uQ0xJUFMuQzMuNzIwLmRhc2hfYmFzZWxpbmVfMV92MSIsInhwdl9hc3NldF9pZCI6MzU1MTA2NjAzNjQwNjcyLCJhc3NldF9hZ2VfZGF5cyI6OTgxLCJ2aV91c2VjYXNlX2lkIjoxMDA5OSwiZHVyYXRpb25fcyI6MTA1LCJ1cmxnZW5fc291cmNlIjoid3d3In0%3D&ccb=17-1&vs=1faaf607e77877bd&_nc_vs=HBksFQIYT2lnX3hwdl9yZWVsc19wZXJtYW5lbnRfcHJvZC9FQzRCNDI0RjVGOUI2NUNENjQ2RDFGODVBQjk0MTBBOF92aWRlb19kYXNoaW5pdC5tcDQVAALIARIAFQIYOnBhc3N0aHJvdWdoX2V2ZXJzdG9yZS9HTWk3b2hmbkYwbUVFUFFGQUczN2ZqRVdWZWM1YnFfRUFBQUYVAgLIARIAKAAYABsCiAd1c2Vfb2lsATEScHJvZ3Jlc3NpdmVfcmVjaXBlATEVAAAmwJ29r_a9oQEVAigCQzMsF0BaUVgQYk3TGBJkYXNoX2Jhc2VsaW5lXzFfdjERAHX-B2XmnQEA&_nc_gid=DYod2pfGO3mFZ0VnyWazBA&_nc_ss=7a22e&_nc_zt=28&oh=00_AQCdL_NstbjOqFRl68hYLg1JVi-VC41EGDdJVfNntX6LBg&oe=6A51DF86
CzFAqrTPDPx,https://www.instagram.com/reel/CzFAqrTPDPx/,"A Jornada do Heroi não é algo criado pelo homem, ela é percebida pelo homem. Por isso ela funciona tanto, porque a gente acaba se conectando com histórias contadas dentro dessa estrutura. COMENTE CARTA CORINGA 🃏",1698787817,83395,2774,119.5770034790039,clips,https://scontent-poa1-1.cdninstagram.com/o1/v/t2/f2/m82/AQNDdvX1_-NlW_vNX5l1PZIL6ALKyYz2bOLAuDWHdk9vHNjkeFvYYYAekA5vX73IuVQcoxwqRPK-jEYkYF8WXNnxt3_6TFc2e5pUw0s.mp4?_nc_cat=107&_nc_sid=5e9851&_nc_ht=scontent-poa1-1.cdninstagram.com&_nc_ohc=cwpACq-TaSUQ7kNvwE4y78p&efg=eyJ2ZW5jb2RlX3RhZyI6Inhwdl9wcm9ncmVzc2l2ZS5JTlNUQUdSQU0uQ0xJUFMuQzMuNzIwLmRhc2hfYmFzZWxpbmVfMV92MSIsInhwdl9hc3NldF9pZCI6MTA1OTEyMzEzMjE2OTgxNiwiYXNzZXRfYWdlX2RheXMiOjk4MSwidmlfdXNlY2FzZV9pZCI6MTAwOTksImR1cmF0aW9uX3MiOjExOSwidXJsZ2VuX3NvdXJjZSI6Ind3dyJ9&ccb=17-1&vs=5f68b64d28ebb8ef&_nc_vs=HBksFQIYT2lnX3hwdl9yZWVsc19wZXJtYW5lbnRfcHJvZC8yRTQ2MTA4QTI5NUIzMzMzMDQ0ODJEODRBMTAzRDFCRV92aWRlb19kYXNoaW5pdC5tcDQVAALIARIAFQIYOnBhc3N0aHJvdWdoX2V2ZXJzdG9yZS9HSm9RdUJkbURlMjQybzRDQUFsZF80T0hrM0lpYnFfRUFBQUYVAgLIARIAKAAYABsCiAd1c2Vfb2lsATEScHJvZ3Jlc3NpdmVfcmVjaXBlATEVAAAmsPmHoYrR4QMVAigCQzMsF0Bd5O2RaHKwGBJkYXNoX2Jhc2VsaW5lXzFfdjERAHX-B2XmnQEA&_nc_gid=jlNWX1CyHG9uzw4bEcYQqQ&_nc_ss=7a22e&_nc_zt=28&oh=00_AQBAEqNaY3-cGf8SdWElZPVti0uRhoWeNL-WxednA1Mmlw&oe=6A51E1F4
CzC0lLRNqiF,https://www.instagram.com/reel/CzC0lLRNqiF/,"O mundo é percebido pelo contraste. 🔳 A emoção que você transmite no seu roteiro é percebida com mais clareza se você usa o contraste dela. Essa carta é uma das minhas cartas favoritas, só não é mais do que A CARTA CORINGA. 🃏",1698714731,75075,2545,112.84700012207031,clips,https://scontent-poa1-1.cdninstagram.com/o1/v/t2/f2/m82/AQN2mp7IX46JRS4t0MG-4LOTmH5Klc7eymMYjCYuWiojINLB_gIOBSo_kiM2VSnf_qiAIcQJhXULzeNqzdTw8m2m2ZiQ6vZ9evxbPtU.mp4?_nc_cat=100&_nc_sid=5e9851&_nc_ht=scontent-poa1-1.cdninstagram.com&_nc_ohc=1OjV1tDCW-YQ7kNvwFAPHsd&efg=eyJ2ZW5jb2RlX3RhZyI6Inhwdl9wcm9ncmVzc2l2ZS5JTlNUQUdSQU0uQ0xJUFMuQzMuNzIwLmRhc2hfYmFzZWxpbmVfMV92MSIsInhwdl9hc3NldF9pZCI6Njg0MjAyMTA0MjU0NTc4NiwiYXNzZXRfYWdlX2RheXMiOjk4MiwidmlfdXNlY2FzZV9pZCI6MTAwOTksImR1cmF0aW9uX3MiOjExMiwidXJsZ2VuX3NvdXJjZSI6Ind3dyJ9&ccb=17-1&vs=d7fc3510f8e0f84e&_nc_vs=HBksFQIYT2lnX3hwdl9yZWVsc19wZXJtYW5lbnRfcHJvZC9GOTQ4RDUzMDI4Q0REQUE3MTQ0RThCNTgzREI4QTM4Ql92aWRlb19kYXNoaW5pdC5tcDQVAALIARIAFQIYOnBhc3N0aHJvdWdoX2V2ZXJzdG9yZS9HQ0VBb2hlUllSaTYxZFlDQUEtX2lQd3Zrc05tYnFfRUFBQUYVAgLIARIAKAAYABsCiAd1c2Vfb2lsATEScHJvZ3Jlc3NpdmVfcmVjaXBlATEVAAAm9JHLnIWypxgVAigCQzMsF0BcNU_fO2RaGBJkYXNoX2Jhc2VsaW5lXzFfdjERAHX-B2XmnQEA&_nc_gid=jlNWX1CyHG9uzw4bEcYQqQ&_nc_ss=7a22e&_nc_zt=28&oh=00_AQAt12ZvCFnsghG2KlpyhKOIOoNJvftCWq1D-tSI_hto3A&oe=6A51C371
CzCD_QXLcdM,https://www.instagram.com/reel/CzCD_QXLcdM/,Espera pra ver… 🃏 Dia 1 de novembro.,1698688881,137593,3758,29.929000854492188,clips,https://scontent-poa1-1.cdninstagram.com/o1/v/t2/f2/m82/AQOErLuJZlheFEZuH3wSAiEYCwi41-II1yzeyEd2I8u2hZFlOWBL2S1Osc5UbJRynSiU3Qvsp2oKdewX18j7x4F6YlCJKbjSfc8al28.mp4?_nc_cat=106&_nc_sid=5e9851&_nc_ht=scontent-poa1-1.cdninstagram.com&_nc_ohc=A3X9NvTi9g8Q7kNvwHfuRZl&efg=eyJ2ZW5jb2RlX3RhZyI6Inhwdl9wcm9ncmVzc2l2ZS5JTlNUQUdSQU0uQ0xJUFMuQzMuNzIwLmRhc2hfYmFzZWxpbmVfMV92MSIsInhwdl9hc3NldF9pZCI6MzY5MzYwMjM1NTI0MzMxLCJhc3NldF9hZ2VfZGF5cyI6OTgzLCJ2aV91c2VjYXNlX2lkIjoxMDA5OSwiZHVyYXRpb25fcyI6MjksInVybGdlbl9zb3VyY2UiOiJ3d3cifQ%3D%3D&ccb=17-1&vs=63901516820f964f&_nc_vs=HBksFQIYT2lnX3hwdl9yZWVsc19wZXJtYW5lbnRfcHJvZC9DMjREM0NEN0FFRkRCRUEyQjgxNjE2RDY4MUNEOUU5MF92aWRlb19kYXNoaW5pdC5tcDQVAALIARIAFQIYOnBhc3N0aHJvdWdoX2V2ZXJzdG9yZS9HQmRnb2hjTU1NM3lRWkVDQUZJNzlwRDBxUVlnYnFfRUFBQUYVAgLIARIAKAAYABsCiAd1c2Vfb2lsATEScHJvZ3Jlc3NpdmVfcmVjaXBlATEVAAAm1sOPmsz7pwEVAigCQzMsF0A96n752yLRGBJkYXNoX2Jhc2VsaW5lXzFfdjERAHX-B2XmnQEA&_nc_gid=jlNWX1CyHG9uzw4bEcYQqQ&_nc_ss=7a22e&_nc_zt=28&oh=00_AQDt7p8FNU2Qut6S5ij213gMl8rTJcPkiFRqF30l1wZA3Q&oe=6A51E887
CzBqI3xLAq8,https://www.instagram.com/reel/CzBqI3xLAq8/,Quem será sua vítima desse FURTO DE HISTÓRIAS? 👀 Comece a olhar pro mundo com a visão de enxergar histórias em todo lugar e seu conteúdo sentirá o impacto! Escreva CARTA CORINGA para se tornar uma vaca roxa: 💜,1698675474,76868,2634,90.00599670410156,clips,https://scontent-poa1-1.cdninstagram.com/o1/v/t2/f2/m82/AQNVUQcPuALjIUX4SkHqd0LxBzoEkAdRyQvVrQ5Wo-ce7W5K82sYMSFReE2gz0Lj5k_P5hTz3VzrODtlu4u19td56QRqcpuzz0RKcKs.mp4?_nc_cat=101&_nc_sid=5e9851&_nc_ht=scontent-poa1-1.cdninstagram.com&_nc_ohc=mk2612VakFoQ7kNvwGhCv4o&efg=eyJ2ZW5jb2RlX3RhZyI6Inhwdl9wcm9ncmVzc2l2ZS5JTlNUQUdSQU0uQ0xJUFMuQzMuNzIwLmRhc2hfYmFzZWxpbmVfMV92MSIsInhwdl9hc3NldF9pZCI6MTgwNjg3NTA4OTc1MTAxMywiYXNzZXRfYWdlX2RheXMiOjk4MywidmlfdXNlY2FzZV9pZCI6MTAwOTksImR1cmF0aW9uX3MiOjkwLCJ1cmxnZW5fc291cmNlIjoid3d3In0%3D&ccb=17-1&vs=68ec0fa2ef7feafe&_nc_vs=HBksFQIYT2lnX3hwdl9yZWVsc19wZXJtYW5lbnRfcHJvZC8wRTRBNkYzQkVGNTBCNkY3RDE5NTJFRjQzOTA3QjhCQV92aWRlb19kYXNoaW5pdC5tcDQVAALIARIAFQIYOnBhc3N0aHJvdWdoX2V2ZXJzdG9yZS9HQ290bHhjWE5tQXFSQmdEQU0waXQ0cnVNTDFEYnFfRUFBQUYVAgLIARIAKAAYABsCiAd1c2Vfb2lsATEScHJvZ3Jlc3NpdmVfcmVjaXBlATEVAAAmyq-GvvzVtQYVAigCQzMsF0BWgGJN0vGqGBJkYXNoX2Jhc2VsaW5lXzFfdjERAHX-B2XmnQEA&_nc_gid=jlNWX1CyHG9uzw4bEcYQqQ&_nc_ss=7a22e&_nc_zt=28&oh=00_AQC_PWmusI6WlrUunsAJsGxIyFI0HyD_pb--3lLPJ5brpg&oe=6A51EB86
CzAPyIcNR0a,https://www.instagram.com/reel/CzAPyIcNR0a/,"Eu quero te entregar a direção, se você estiver disposto a colocar sua energia. ⚡️ Faltam 3 dias.",1698627943,80070,2471,31.166000366210938,clips,https://scontent-poa1-1.cdninstagram.com/o1/v/t2/f2/m82/AQNNGMFcLwdY4u5cfkvZ3THmmNz6r96MjGh5a8LcgPpbJAdIhqf8qYmOgVyrblLrpoEUG1Ik7VpwBE2TxQ45g4zAQxq3j3oSCpuvy-M.mp4?_nc_cat=104&_nc_sid=5e9851&_nc_ht=scontent-poa1-1.cdninstagram.com&_nc_ohc=CCeYolbEqgYQ7kNvwGX_gBX&efg=eyJ2ZW5jb2RlX3RhZyI6Inhwdl9wcm9ncmVzc2l2ZS5JTlNUQUdSQU0uQ0xJUFMuQzMuNzIwLmRhc2hfYmFzZWxpbmVfMV92MSIsInhwdl9hc3NldF9pZCI6MTcwNDE5OTUyODA1NTg5LCJhc3NldF9hZ2VfZGF5cyI6OTgzLCJ2aV91c2VjYXNlX2lkIjoxMDA5OSwiZHVyYXRpb25fcyI6MzEsInVybGdlbl9zb3VyY2UiOiJ3d3cifQ%3D%3D&ccb=17-1&vs=e6ed8d9bb46eb734&_nc_vs=HBksFQIYT2lnX3hwdl9yZWVsc19wZXJtYW5lbnRfcHJvZC8zMDRDNEU0M0RFMEQ1RjUyQzUzNkEzREE1MkQ2NTQ4Q192aWRlb19kYXNoaW5pdC5tcDQVAALIARIAFQIYOnBhc3N0aHJvdWdoX2V2ZXJzdG9yZS9HUHZRb2hlUllaWEZlaEVEQURDWGtyNnhqeVJfYnFfRUFBQUYVAgLIARIAKAAYABsCiAd1c2Vfb2lsATEScHJvZ3Jlc3NpdmVfcmVjaXBlATEVAAAmqpv_y9-_TRUCKAJDMywXQD8qfvnbItEYEmRhc2hfYmFzZWxpbmVfMV92MREAdf4HZeadAQA&_nc_gid=jlNWX1CyHG9uzw4bEcYQqQ&_nc_ss=7a22e&_nc_zt=28&oh=00_AQBR1kN5MAqQCmsku6aoiOFfkpibyBTVns6pwpv76DJLcA&oe=6A51D485
Cy_T_RzLUFy,https://www.instagram.com/reel/Cy_T_RzLUFy/,"Em termos de Storytelling, a arte imita a vida. Uma história só é uma história se existe mudança, se existe transformação do personagem. E isso, eu vi DEMAIS por aqui 💗 Comente CARTA CORINGA para viver sua maior transformação:",1698596583,72019,2062,88.95800018310547,clips,https://scontent-poa1-1.cdninstagram.com/o1/v/t2/f2/m82/AQNCT4YC_y0GwR_KmBEL452iB_wEAhkYod_RbIssoDAXjpN8kFnIWyn646Esi-MFuVloNUViDISqpQdRlmQTvn1YWd3HIYGtK26kJag.mp4?_nc_cat=110&_nc_sid=5e9851&_nc_ht=scontent-poa1-1.cdninstagram.com&_nc_ohc=3QQasmQf8CMQ7kNvwH_p8W6&efg=eyJ2ZW5jb2RlX3RhZyI6Inhwdl9wcm9ncmVzc2l2ZS5JTlNUQUdSQU0uQ0xJUFMuQzMuNzIwLmRhc2hfYmFzZWxpbmVfMV92MSIsInhwdl9hc3NldF9pZCI6MzI1Mjg3NjE2NzgzNzcxLCJhc3NldF9hZ2VfZGF5cyI6OTg0LCJ2aV91c2VjYXNlX2lkIjoxMDA5OSwiZHVyYXRpb25fcyI6ODgsInVybGdlbl9zb3VyY2UiOiJ3d3cifQ%3D%3D&ccb=17-1&vs=e2f9430af83b44b6&_nc_vs=HBksFQIYT2lnX3hwdl9yZWVsc19wZXJtYW5lbnRfcHJvZC83NTQ3OThCM0MzQTg5MDBBQzU2MTZCMkYzRTI3M0VCNl92aWRlb19kYXNoaW5pdC5tcDQVAALIARIAFQIYOnBhc3N0aHJvdWdoX2V2ZXJzdG9yZS9HT1NLclJlNWZndEhZTk1DQUlXdlIwVFhmREprYnFfRUFBQUYVAgLIARIAKAAYABsCiAd1c2Vfb2lsATEScHJvZ3Jlc3NpdmVfcmVjaXBlATEVAAAmtpbJzZ32kwEVAigCQzMsF0BWPU_fO2RaGBJkYXNoX2Jhc2VsaW5lXzFfdjERAHX-B2XmnQEA&_nc_gid=jlNWX1CyHG9uzw4bEcYQqQ&_nc_ss=7a22e&_nc_zt=28&oh=00_AQAuGCBigK7xsdqlBatq6xGXjTj1XmTMLAxS1SshZ3wymA&oe=6A51C467
Cy9c2oYrIyy,https://www.instagram.com/reel/Cy9c2oYrIyy/,"Eu aposto que você conhece um criador de conteúdo que cresceu com quadros! 🖼️ Quando você acerta um quadro que o seu publico gosta ele sempre vai esperar pelo próximo vídeo, assim como os novos seguidores vão ter o prazer de MARATONAR o seu conteúdo. Comente Carta Coringa para participar.",1698534121,88727,3795,109.9010009765625,clips,https://scontent-poa1-1.cdninstagram.com/o1/v/t2/f2/m82/AQO28VA2pMg7U62qJGKDBx2y3EV9Uew6utekrYbpn3lkeMX6IxOtDRrzGxSxodZcxPyzVPZNt1OTk8QESbn0RThxwoDDYd_g0EhyXEg.mp4?_nc_cat=102&_nc_sid=5e9851&_nc_ht=scontent-poa1-1.cdninstagram.com&_nc_ohc=yuKfTkxFscAQ7kNvwGgqrEV&efg=eyJ2ZW5jb2RlX3RhZyI6Inhwdl9wcm9ncmVzc2l2ZS5JTlNUQUdSQU0uQ0xJUFMuQzMuNzIwLmRhc2hfYmFzZWxpbmVfMV92MSIsInhwdl9hc3NldF9pZCI6MTM4MjMxMTkyOTM3MTk3MSwiYXNzZXRfYWdlX2RheXMiOjk4NCwidmlfdXNlY2FzZV9pZCI6MTAwOTksImR1cmF0aW9uX3MiOjEwOSwidXJsZ2VuX3NvdXJjZSI6Ind3dyJ9&ccb=17-1&vs=264f25796fe6077c&_nc_vs=HBksFQIYT2lnX3hwdl9yZWVsc19wZXJtYW5lbnRfcHJvZC8yNDRCRjUxNEUyMzk3NDQyQkIwOTBENUY4RkI4OEM5QV92aWRlb19kYXNoaW5pdC5tcDQVAALIARIAFQIYOnBhc3N0aHJvdWdoX2V2ZXJzdG9yZS9HREktbHhjZzhneVlMeGtCQU9qenRVMGZoaVZoYnFfRUFBQUYVAgLIARIAKAAYABsCiAd1c2Vfb2lsATEScHJvZ3Jlc3NpdmVfcmVjaXBlATEVAAAmhvWmuJLN9AQVAigCQzMsF0Bbean752yLGBJkYXNoX2Jhc2VsaW5lXzFfdjERAHX-B2XmnQEA&_nc_gid=jlNWX1CyHG9uzw4bEcYQqQ&_nc_ss=7a22e&_nc_zt=28&oh=00_AQBqA-A8xjCvzRtvToUi6tJu7DzvkdzasRT-shfWjRo6Ng&oe=6A51E73B
Cy6EgwurtQD,https://www.instagram.com/reel/Cy6EgwurtQD/,"Por 32 dias nós entramos em movimento, um movimento contra o mais do mesmo. Agora estamos chegando ao clímax dessa história: Faltam 5 dias! 🃏",1698421116,138087,4473,56.33300018310547,clips,https://scontent-poa1-1.cdninstagram.com/o1/v/t2/f2/m82/AQNq3XRlqRS9s_7yqhY9YjejSJ_mSd_ubAn8kZVTykZLGAXtxYaP5en8lSWbq2s-q9C4bhuNG_-ozX8JNcLXJi0z3BiHQWMptrCGV4U.mp4?_nc_cat=102&_nc_sid=5e9851&_nc_ht=scontent-poa1-1.cdninstagram.com&_nc_ohc=0UJ532g9GScQ7kNvwGvqXgX&efg=eyJ2ZW5jb2RlX3RhZyI6Inhwdl9wcm9ncmVzc2l2ZS5JTlNUQUdSQU0uQ0xJUFMuQzMuNzIwLmRhc2hfYmFzZWxpbmVfMV92MSIsInhwdl9hc3NldF9pZCI6MzQ1NjMxMDQ1MTM0OTI2NywiYXNzZXRfYWdlX2RheXMiOjk4NiwidmlfdXNlY2FzZV9pZCI6MTAwOTksImR1cmF0aW9uX3MiOjU2LCJ1cmxnZW5fc291cmNlIjoid3d3In0%3D&ccb=17-1&vs=c27e201c6f025d25&_nc_vs=HBksFQIYT2lnX3hwdl9yZWVsc19wZXJtYW5lbnRfcHJvZC8xMzQ1MTlGNDUzM0VCODdERkQzMEQ5Nzc2MTVBMDBCMF92aWRlb19kYXNoaW5pdC5tcDQVAALIARIAFQIYOnBhc3N0aHJvdWdoX2V2ZXJzdG9yZS9HTF9Na3hkVHZOMy10WjRBQUNncTNfU0Z5eEFnYnFfRUFBQUYVAgLIARIAKAAYABsCiAd1c2Vfb2lsATEScHJvZ3Jlc3NpdmVfcmVjaXBlATEVAAAmppz9yt_fowwVAigCQzMsF0BMKp--dsi0GBJkYXNoX2Jhc2VsaW5lXzFfdjERAHX-B2XmnQEA&_nc_gid=jlNWX1CyHG9uzw4bEcYQqQ&_nc_ss=7a22e&_nc_zt=28&oh=00_AQC03jvEb0qXzw5cU6CdJMJSA4WnV4M5hVjg9N8-GhraCA&oe=6A51E433
Cy3dTeLrmVU,https://www.instagram.com/reel/Cy3dTeLrmVU/,"🎈 Pode parecer estranho para alguns, mas simm, a mente humana sente PRAZER quando aprende algo novo, quando descobre uma nova visão da realidade… Por isso é importante que o seu conteúdo gere a sensação de efeito novidade, ou EFEITO A-HÁ! Para ver outros exemplos, acesse o trello escrevendo CARTA CORINGA.",1698334260,208093,8002,90.01100158691406,clips,https://scontent-poa1-1.cdninstagram.com/o1/v/t2/f2/m82/AQMP2piZFt11GMnmA5z6MmSgefmJjOkjgZTs3RQLcd53kUy-o01eCjxR-V9hKo3cqDwY0JM6Hy00nGv1WblVXVmGVH-ORAE3PtuVXR8.mp4?_nc_cat=106&_nc_sid=5e9851&_nc_ht=scontent-poa1-1.cdninstagram.com&_nc_ohc=jrJ7khuSFxYQ7kNvwG8QEGU&efg=eyJ2ZW5jb2RlX3RhZyI6Inhwdl9wcm9ncmVzc2l2ZS5JTlNUQUdSQU0uQ0xJUFMuQzMuNzIwLmRhc2hfYmFzZWxpbmVfMV92MSIsInhwdl9hc3NldF9pZCI6MTQ2NjU3NTM0NzUyMTE2MSwiYXNzZXRfYWdlX2RheXMiOjk4NywidmlfdXNlY2FzZV9pZCI6MTAwOTksImR1cmF0aW9uX3MiOjg5LCJ1cmxnZW5fc291cmNlIjoid3d3In0%3D&ccb=17-1&vs=b0d15135636a3090&_nc_vs=HBksFQIYT2lnX3hwdl9yZWVsc19wZXJtYW5lbnRfcHJvZC81RDQxQTcyOUVDRjY4QUQ3NkQ0NTREM0YwQUEzQzI4OV92aWRlb19kYXNoaW5pdC5tcDQVAALIARIAFQIYOnBhc3N0aHJvdWdoX2V2ZXJzdG9yZS9HQ0ljbHhjT0FZVDFzZW9YQUdWdHI4c29sU1FQYnFfRUFBQUYVAgLIARIAKAAYABsCiAd1c2Vfb2lsATEScHJvZ3Jlc3NpdmVfcmVjaXBlATEVAAAmktqA6vX1mgUVAigCQzMsF0BWgLQ5WBBiGBJkYXNoX2Jhc2VsaW5lXzFfdjERAHX-B2XmnQEA&_nc_gid=jlNWX1CyHG9uzw4bEcYQqQ&_nc_ss=7a22e&_nc_zt=28&oh=00_AQAPkpTlv5rGBNPLszbl4rjm1lmPRP7Y9jd5Dn5KSmHAsg&oe=6A51D01F
Cy0weKKLaP2,https://www.instagram.com/reel/Cy0weKKLaP2/,Contar as suas piores histórias gera empatia com as pessoas e sensação de intimidade. Afinal você só sabe as piores histórias dos seus melhores amigos! Comente CARTA CORINGA e descubra como aplicar:,1698242625,246443,7938,97.59200286865234,clips,https://scontent-poa1-1.cdninstagram.com/o1/v/t2/f2/m82/AQP8qUgYadB0TbDggjRpTfRJ4bp5xPFfj3161R63zagTnf9LyHE9PvN8YnAwMcOBbWN-zXXZPdcAOPX_X_Qvi9yIs9rB_K92YJnB_sE.mp4?_nc_cat=109&_nc_sid=5e9851&_nc_ht=scontent-poa1-1.cdninstagram.com&_nc_ohc=rNcphQ4PPvsQ7kNvwHE5GrY&efg=eyJ2ZW5jb2RlX3RhZyI6Inhwdl9wcm9ncmVzc2l2ZS5JTlNUQUdSQU0uQ0xJUFMuQzMuNzIwLmRhc2hfYmFzZWxpbmVfMV92MSIsInhwdl9hc3NldF9pZCI6MTA4ODA0MTk5ODg3NzA2MywiYXNzZXRfYWdlX2RheXMiOjk4OCwidmlfdXNlY2FzZV9pZCI6MTAwOTksImR1cmF0aW9uX3MiOjk3LCJ1cmxnZW5fc291cmNlIjoid3d3In0%3D&ccb=17-1&vs=e9ccd47d31a8fcfb&_nc_vs=HBksFQIYT2lnX3hwdl9yZWVsc19wZXJtYW5lbnRfcHJvZC9CRTQ5NDlDMUZBNjdFQkYxQkExODNFNkRDODczQzlCNV92aWRlb19kYXNoaW5pdC5tcDQVAALIARIAFQIYOnBhc3N0aHJvdWdoX2V2ZXJzdG9yZS9HRXo2Z3hkelhfRVFQcjhEQUd2QWpaY2V4X3hWYnFfRUFBQUYVAgLIARIAKAAYABsCiAd1c2Vfb2lsATEScHJvZ3Jlc3NpdmVfcmVjaXBlATEVAAAmjobAzbDk7gMVAigCQzMsF0BYZU_fO2RaGBJkYXNoX2Jhc2VsaW5lXzFfdjERAHX-B2XmnQEA&_nc_gid=jlNWX1CyHG9uzw4bEcYQqQ&_nc_ss=7a22e&_nc_zt=28&oh=00_AQCLAc8FU6Jkin9WV3SSagmrXFsHXO3_S-30qgheDMMICA&oe=6A51E186
Cyy_a3RPMVm,https://www.instagram.com/reel/Cyy_a3RPMVm/,"O storyteller tem o poder de definir a moral da história. E isso traz 2 benefícios para o seu texto: Mais clareza e mais convencimento. Para aprender como fazer, corre no nosso Trello, essa carta foi liberada. Comente CARTA CORINGA lara fazer parte desse movimento:",1698183255,319489,10169,115.29100036621094,clips,https://scontent-poa1-1.cdninstagram.com/o1/v/t2/f2/m82/AQMmDk4wZWfwTUt-sj-g6Vvgz5van-i-EzGV5V-ip9QnIg4amRDBvBF-RACfYqIcZP_DWoUZ5H8tiQayXIDu0l4dgejpZkkQUS6J758.mp4?_nc_cat=101&_nc_sid=5e9851&_nc_ht=scontent-poa1-1.cdninstagram.com&_nc_ohc=c61KHxz5jBIQ7kNvwEIySFO&efg=eyJ2ZW5jb2RlX3RhZyI6Inhwdl9wcm9ncmVzc2l2ZS5JTlNUQUdSQU0uQ0xJUFMuQzMuNzIwLmRhc2hfYmFzZWxpbmVfMV92MSIsInhwdl9hc3NldF9pZCI6ODU3MDE0Njk5NDY0ODAyLCJhc3NldF9hZ2VfZGF5cyI6OTg4LCJ2aV91c2VjYXNlX2lkIjoxMDA5OSwiZHVyYXRpb25fcyI6MTE1LCJ1cmxnZW5fc291cmNlIjoid3d3In0%3D&ccb=17-1&vs=e66c5bbb12d5fec7&_nc_vs=HBksFQIYT2lnX3hwdl9yZWVsc19wZXJtYW5lbnRfcHJvZC85ODRGMjA4NkVFMEVBNzIyQjY0MkUwNUU0MERGNUE4Rl92aWRlb19kYXNoaW5pdC5tcDQVAALIARIAFQIYOnBhc3N0aHJvdWdoX2V2ZXJzdG9yZS9HTEVraFJkUnhnXzUwOUVBQUItaWYwV011VlZXYnFfRUFBQUYVAgLIARIAKAAYABsCiAd1c2Vfb2lsATEScHJvZ3Jlc3NpdmVfcmVjaXBlATEVAAAmxOHUi-nchQMVAigCQzMsF0Bc0p--dsi0GBJkYXNoX2Jhc2VsaW5lXzFfdjERAHX-B2XmnQEA&_nc_gid=jlNWX1CyHG9uzw4bEcYQqQ&_nc_ss=7a22e&_nc_zt=28&oh=00_AQAJyw98EpBDzz3za8wQxLA7cOKGlXsvSE9kbZwnvktTyQ&oe=6A51E742
Cywsed0t5aj,https://www.instagram.com/reel/Cywsed0t5aj/,"Esse cara transformou minha vida, e sei vai transformar a SUA nessa aula. Rodrigo Simonsen no Desafio Formato Criativo com os melhores insights práticos do livro Storynomics da @h1editora Quinta-feira dia 26, às 19:16. Vai ser uma honra. 🤍 @rodrigosimonsen Comente CARTA CORINGA para participar:",1698106142,109158,3750,89.1719970703125,clips,https://scontent-poa1-1.cdninstagram.com/o1/v/t2/f2/m82/AQPeOyiWryFgpdAafMmwIzZ1CNobMA9vaKQo4Ew8VcjDg7wAPwo_qy3v5J9ebFMhHsDGLAtm28-hQkg3kmDJW2WGHxCn7EdmytSOleU.mp4?_nc_cat=109&_nc_sid=5e9851&_nc_ht=scontent-poa1-1.cdninstagram.com&_nc_ohc=Lfcg-4nhJtkQ7kNvwGfOUZO&efg=eyJ2ZW5jb2RlX3RhZyI6Inhwdl9wcm9ncmVzc2l2ZS5JTlNUQUdSQU0uQ0xJUFMuQzMuNzIwLmRhc2hfYmFzZWxpbmVfMV92MSIsInhwdl9hc3NldF9pZCI6NjMyMTkxODk4OTg5NjIzLCJhc3NldF9hZ2VfZGF5cyI6OTg5LCJ2aV91c2VjYXNlX2lkIjoxMDA5OSwiZHVyYXRpb25fcyI6ODksInVybGdlbl9zb3VyY2UiOiJ3d3cifQ%3D%3D&ccb=17-1&vs=edf19276e2cbbac9&_nc_vs=HBksFQIYT2lnX3hwdl9yZWVsc19wZXJtYW5lbnRfcHJvZC9CRTQxMDhEMDAwMkZEQkJCMEM0NERBMkExNzg5QzQ5NF92aWRlb19kYXNoaW5pdC5tcDQVAALIARIAFQIYOnBhc3N0aHJvdWdoX2V2ZXJzdG9yZS9HSFBfZ2hmbTJ0UkxTZXNEQURsQU1wVGh0OEZZYnFfRUFBQUYVAgLIARIAKAAYABsCiAd1c2Vfb2lsATEScHJvZ3Jlc3NpdmVfcmVjaXBlATEVAAAm7tCN2bS-nwIVAigCQzMsF0BWSwIMSbpeGBJkYXNoX2Jhc2VsaW5lXzFfdjERAHX-B2XmnQEA&_nc_gid=jlNWX1CyHG9uzw4bEcYQqQ&_nc_ss=7a22e&_nc_zt=28&oh=00_AQDSi5NJsR_obs9IagMkBLUsWBnKQ1aUyx0ZsibkU8jqRQ&oe=6A51CF96
Cyvvo1rLere,https://www.instagram.com/reel/Cyvvo1rLere/,"Mostrar os bastidores é uma maneira de demonstrar autenticidade e transparência, o que é ótimo, já que pessoas estão cada vez mais céticas sobre as verdadeiras intenções das marcas… Para descobrir as 4 formas de Abrir as portas da sua Fábrica, escreva CARTA CORINGA e acesse nosso Trello:",1698074378,95941,3723,89.875,clips,https://scontent-poa1-1.cdninstagram.com/o1/v/t2/f2/m82/AQOtVdKANlftBrAfCsLXeTzrsuf_yFDQpFkuXhUAngPcLT6CWKBT00Uadbktfx9Un191jOxj0wwjwhWlndRsOfOioz9uKaKYST4HcHM.mp4?_nc_cat=107&_nc_sid=5e9851&_nc_ht=scontent-poa1-1.cdninstagram.com&_nc_ohc=jPeKeuh9fOoQ7kNvwGPWwdg&efg=eyJ2ZW5jb2RlX3RhZyI6Inhwdl9wcm9ncmVzc2l2ZS5JTlNUQUdSQU0uQ0xJUFMuQzMuNzIwLmRhc2hfYmFzZWxpbmVfMV92MSIsInhwdl9hc3NldF9pZCI6MTM2ODE3MjM0NDA5ODQ0MCwiYXNzZXRfYWdlX2RheXMiOjk5MCwidmlfdXNlY2FzZV9pZCI6MTAwOTksImR1cmF0aW9uX3MiOjg5LCJ1cmxnZW5fc291cmNlIjoid3d3In0%3D&ccb=17-1&vs=7c6687f5157ca1e4&_nc_vs=HBksFQIYT2lnX3hwdl9yZWVsc19wZXJtYW5lbnRfcHJvZC9DQjQ0NTVCNzRGM0UxOTE0RUZEQzQ4MEMzNjRDQjVCNF92aWRlb19kYXNoaW5pdC5tcDQVAALIARIAFQIYOnBhc3N0aHJvdWdoX2V2ZXJzdG9yZS9HRzNaaEJkcjktYzR3Z1lGQUR4dmtKeW15S0pRYnFfRUFBQUYVAgLIARIAKAAYABsCiAd1c2Vfb2lsATEScHJvZ3Jlc3NpdmVfcmVjaXBlATEVAAAmkPr9qI6W7gQVAigCQzMsF0BWeAAAAAAAGBJkYXNoX2Jhc2VsaW5lXzFfdjERAHX-B2XmnQEA&_nc_gid=YKaiVzOWJ74336kXUtunRw&_nc_ss=7a22e&_nc_zt=28&oh=00_AQAjUu8Erc1x_8HnZFrwVUb1oFOE8ZFkFXAceEA_PQPvYQ&oe=6A51EB3C
Cyt_3yUr94y,https://www.instagram.com/reel/Cyt_3yUr94y/,"Que a verdade seja dita! 🔥 Seria essa a fonte de toda a criatividade do @leandroladeiran ? Pensando bem, acho que não. Criatividade é método, ousadia e movimento!",1698016070,147127,5370,84.2959976196289,clips,https://scontent-poa1-1.cdninstagram.com/o1/v/t2/f2/m82/AQNxa46m4aYRkK_h4jvi_xAQdYuurRwmbXJvgjOweA0o5ODu37iU10KAquBWm803bK7UiPeMik5hUiFCyF4FVUwTZaYV6IZMaq9BhTM.mp4?_nc_cat=105&_nc_sid=5e9851&_nc_ht=scontent-poa1-1.cdninstagram.com&_nc_ohc=Go-LhYse3eMQ7kNvwHhxzah&efg=eyJ2ZW5jb2RlX3RhZyI6Inhwdl9wcm9ncmVzc2l2ZS5JTlNUQUdSQU0uQ0xJUFMuQzMuNzIwLmRhc2hfYmFzZWxpbmVfMV92MSIsInhwdl9hc3NldF9pZCI6MzM3MjIzMjE1NDc1MjEzLCJhc3NldF9hZ2VfZGF5cyI6OTkwLCJ2aV91c2VjYXNlX2lkIjoxMDA5OSwiZHVyYXRpb25fcyI6ODQsInVybGdlbl9zb3VyY2UiOiJ3d3cifQ%3D%3D&ccb=17-1&vs=ed0f83243215dbd9&_nc_vs=HBksFQIYT2lnX3hwdl9yZWVsc19wZXJtYW5lbnRfcHJvZC9GNzQ4NEZDMDZCMkJFNjAyNDIwMkU2QkY1OEM4M0JBRl92aWRlb19kYXNoaW5pdC5tcDQVAALIARIAFQIYOnBhc3N0aHJvdWdoX2V2ZXJzdG9yZS9HQjg5TWhldXAwd21iQzBEQUpzcV9Vb2J4R2stYnFfRUFBQUYVAgLIARIAKAAYABsCiAd1c2Vfb2lsATEScHJvZ3Jlc3NpdmVfcmVjaXBlATEVAAAmmqi_3_ysmQEVAigCQzMsF0BVEvGp--dtGBJkYXNoX2Jhc2VsaW5lXzFfdjERAHX-B2XmnQEA&_nc_gid=YKaiVzOWJ74336kXUtunRw&_nc_ss=7a22e&_nc_zt=28&oh=00_AQCEGO4QnHUzVkoSU1qEoFkLOOT3hTQa73FbTzC7g0NFAw&oe=6A51E05E
CytSb5bLHlA,https://www.instagram.com/reel/CytSb5bLHlA/,O Plot Twist é um elemento de storytelling e uma forma divertida de surpreender e marcar a memória do nosso público! Gostaram do delineado? 🥹🖤 Para ter mais exemplos de conteúdos usando Plot basta comentar CARTA CORINGA:,1697991865,208103,5743,89.9229965209961,clips,https://scontent-poa1-1.cdninstagram.com/o1/v/t2/f2/m82/AQMquhtV8VzsJfg-Hcu23M1zy6Fv4DtIlYhuhe183uxj6yaP3Vpensj5ALCK4nuGhPw8T7fBNg8CCRXCtbjYgzyDW0beWwY4vE1C5v4.mp4?_nc_cat=107&_nc_sid=5e9851&_nc_ht=scontent-poa1-1.cdninstagram.com&_nc_ohc=G3R4HyNol-4Q7kNvwGpojjO&efg=eyJ2ZW5jb2RlX3RhZyI6Inhwdl9wcm9ncmVzc2l2ZS5JTlNUQUdSQU0uQ0xJUFMuQzMuNzIwLmRhc2hfYmFzZWxpbmVfMV92MSIsInhwdl9hc3NldF9pZCI6NjQzNzcxMTU0NjA2NTcwLCJhc3NldF9hZ2VfZGF5cyI6OTkxLCJ2aV91c2VjYXNlX2lkIjoxMDA5OSwiZHVyYXRpb25fcyI6ODksInVybGdlbl9zb3VyY2UiOiJ3d3cifQ%3D%3D&ccb=17-1&vs=483f2b9059d07059&_nc_vs=HBksFQIYT2lnX3hwdl9yZWVsc19wZXJtYW5lbnRfcHJvZC9DMDQ2NDgwQjhERjlCREYzQkYwM0Q5OTNCNTg1RkE4Nl92aWRlb19kYXNoaW5pdC5tcDQVAALIARIAFQIYOnBhc3N0aHJvdWdoX2V2ZXJzdG9yZS9HTGhrZ0JjcEE4Z0lURDBCQUNpNTNmMk5RV1I1YnFfRUFBQUYVAgLIARIAKAAYABsCiAd1c2Vfb2lsATEScHJvZ3Jlc3NpdmVfcmVjaXBlATEVAAAm1Kfl77TgpAIVAigCQzMsF0BWexJul41QGBJkYXNoX2Jhc2VsaW5lXzFfdjERAHX-B2XmnQEA&_nc_gid=YKaiVzOWJ74336kXUtunRw&_nc_ss=7a22e&_nc_zt=28&oh=00_AQDtQUxb0T08fH1Ri9YIPVi-Z65A7fytBjAXktYkPBSLIg&oe=6A51EBC4
CyrIR0TP_x6,https://www.instagram.com/reel/CyrIR0TP_x6/,"Uma história linear é uma história sem graça, quando você cria e alivia tensão ela fica imprevisível, emocionante e inesquecível. Para entender melhor como usar essa estrutura de storytelling, escreva CARTA CORINGA:",1697919340,108556,2828,89.95800018310547,clips,https://scontent-poa1-1.cdninstagram.com/o1/v/t2/f2/m82/AQM-dNQ73afRn2VUE8lIJhmZ1dEI6gfyFiyLa1WZ_VEamN6OBh_v3QuKfEV-Yrgc-wHy1ptg70pZZHt61XO2888neuhseYOrveiR3as.mp4?_nc_cat=105&_nc_sid=5e9851&_nc_ht=scontent-poa1-1.cdninstagram.com&_nc_ohc=dM6vbliJCiUQ7kNvwE70FCV&efg=eyJ2ZW5jb2RlX3RhZyI6Inhwdl9wcm9ncmVzc2l2ZS5JTlNUQUdSQU0uQ0xJUFMuQzMuNzIwLmRhc2hfYmFzZWxpbmVfMV92MSIsInhwdl9hc3NldF9pZCI6MzQ0NjIwNTcxMzAyMzQ5LCJhc3NldF9hZ2VfZGF5cyI6OTkxLCJ2aV91c2VjYXNlX2lkIjoxMDA5OSwiZHVyYXRpb25fcyI6ODksInVybGdlbl9zb3VyY2UiOiJ3d3cifQ%3D%3D&ccb=17-1&vs=f9d82d4c18621f9c&_nc_vs=HBksFQIYT2lnX3hwdl9yZWVsc19wZXJtYW5lbnRfcHJvZC9DQTQ2NURERDRGNkRGMkU5NkQzMDMyNzVCOUYyMzhCRl92aWRlb19kYXNoaW5pdC5tcDQVAALIARIAFQIYOnBhc3N0aHJvdWdoX2V2ZXJzdG9yZS9HTHc1ZVJmZ3dGMzJ0SmtEQVBRbEcwenJNYU1qYnFfRUFBQUYVAgLIARIAKAAYABsCiAd1c2Vfb2lsATEScHJvZ3Jlc3NpdmVfcmVjaXBlATEVAAAmmufgq8fbnAEVAigCQzMsF0BWfU_fO2RaGBJkYXNoX2Jhc2VsaW5lXzFfdjERAHX-B2XmnQEA&_nc_gid=YKaiVzOWJ74336kXUtunRw&_nc_ss=7a22e&_nc_zt=28&oh=00_AQDhdYP5obm87WY3twpElGIBrd74-xDeU8Ia5W36a2RDxw&oe=6A51CBCA
CyoFOfqr3ov,https://www.instagram.com/reel/CyoFOfqr3ov/,"Esse vídeo é para te dizer 2 coisas: isso é normal, acontece comigo também - e lembre-se que ansiedade não suporta a racionalidade. 🤍 Aceita o desafio? Escreva CARTA CORINGA para testar esse formato também:",1697817280,85927,3156,109.45800018310547,clips,https://scontent-poa1-1.cdninstagram.com/o1/v/t2/f2/m82/AQNAq-jcAqa0CWWhBgsH8RB989Cp9fRPbuyuVgZt1PIj6o3rjIOC9z-kzsDBcmhGM50XtD9TRuhowktZYiI1wFDzUpp4SkcXmifEru4.mp4?_nc_cat=106&_nc_sid=5e9851&_nc_ht=scontent-poa1-1.cdninstagram.com&_nc_ohc=NaQs11P9SfYQ7kNvwFyoJsM&efg=eyJ2ZW5jb2RlX3RhZyI6Inhwdl9wcm9ncmVzc2l2ZS5JTlNUQUdSQU0uQ0xJUFMuQzMuNzIwLmRhc2hfYmFzZWxpbmVfMV92MSIsInhwdl9hc3NldF9pZCI6NjQ2NzY2MTEwNzc0NjA2LCJhc3NldF9hZ2VfZGF5cyI6OTkzLCJ2aV91c2VjYXNlX2lkIjoxMDA5OSwiZHVyYXRpb25fcyI6MTA5LCJ1cmxnZW5fc291cmNlIjoid3d3In0%3D&ccb=17-1&vs=2494b890562ab186&_nc_vs=HBksFQIYT2lnX3hwdl9yZWVsc19wZXJtYW5lbnRfcHJvZC81MDQyMEYyNDU2Q0VENjNFQURCQjAxMjdBQjA0MTBBNF92aWRlb19kYXNoaW5pdC5tcDQVAALIARIAFQIYOnBhc3N0aHJvdWdoX2V2ZXJzdG9yZS9HUEQ3ZnhlbThZa2RjMUFDQVB2RXNaMnUtQ01BYnFfRUFBQUYVAgLIARIAKAAYABsCiAd1c2Vfb2lsATEScHJvZ3Jlc3NpdmVfcmVjaXBlATEVAAAmnNXIhN-OpgIVAigCQzMsF0BbXU_fO2RaGBJkYXNoX2Jhc2VsaW5lXzFfdjERAHX-B2XmnQEA&_nc_gid=YKaiVzOWJ74336kXUtunRw&_nc_ss=7a22e&_nc_zt=28&oh=00_AQAlcTC9F9Y5I072sg_xbO0X_8yo3Qmz5skDb_W5i3Wk9w&oe=6A51E293
CylemgVriz6,https://www.instagram.com/reel/CylemgVriz6/,"Depoimento é uma coisa super necessária na hora de vender o seu produto, mas convenhamos - é chato pra caralho. Só que existe uma maneira de transformar o que seria um depoimento chato em algo potencialmente viral e envolvente. Comente CARTA CORINGA, entre no Trello do desafio e acesse o meu script para fazer o seu depoimento também!",1697729765,101051,3640,80.45800018310547,clips,https://scontent-poa1-1.cdninstagram.com/o1/v/t2/f2/m82/AQO3cM8pQq-rW7GRY09t618urpcj5lDYiXDi6IPIO_XGwH3rEhJGDWL3UQTbadamlBW61QIo-at4RKQfvTmMIMEvFlk9GXOVW0osVqQ.mp4?_nc_cat=102&_nc_sid=5e9851&_nc_ht=scontent-poa1-1.cdninstagram.com&_nc_ohc=ybdcmkZrahsQ7kNvwHXcJJB&efg=eyJ2ZW5jb2RlX3RhZyI6Inhwdl9wcm9ncmVzc2l2ZS5JTlNUQUdSQU0uQ0xJUFMuQzMuNzIwLmRhc2hfYmFzZWxpbmVfMV92MSIsInhwdl9hc3NldF9pZCI6MTk5MzE1NDgzMTkxMTM1LCJhc3NldF9hZ2VfZGF5cyI6OTk0LCJ2aV91c2VjYXNlX2lkIjoxMDA5OSwiZHVyYXRpb25fcyI6ODAsInVybGdlbl9zb3VyY2UiOiJ3d3cifQ%3D%3D&ccb=17-1&vs=c40f8556d91b5f88&_nc_vs=HBksFQIYT2lnX3hwdl9yZWVsc19wZXJtYW5lbnRfcHJvZC9DNjRFRjczNUY1MTA5RURCMkUxNDg3MjQ2Qjk1RTZCRV92aWRlb19kYXNoaW5pdC5tcDQVAALIARIAFQIYOnBhc3N0aHJvdWdoX2V2ZXJzdG9yZS9HRnMwZUJmNm1tejVQdFlFQUFMM21LZHgydmxrYnFfRUFBQUYVAgLIARIAKAAYABsCiAd1c2Vfb2lsATEScHJvZ3Jlc3NpdmVfcmVjaXBlATEVAAAmvp2XidjRWhUCKAJDMywXQFQdT987ZFoYEmRhc2hfYmFzZWxpbmVfMV92MREAdf4HZeadAQA&_nc_gid=YKaiVzOWJ74336kXUtunRw&_nc_ss=7a22e&_nc_zt=28&oh=00_AQCySJCOOoEQG-7iw2EvglXFtc5-yDLsrAFdpJ5ZNmW7lA&oe=6A51BE87
Cyjwey5tnpA,https://www.instagram.com/reel/Cyjwey5tnpA/,espero ter esclarecido tudo…,1697672026,153549,6196,89.3010025024414,clips,https://scontent-poa1-1.cdninstagram.com/o1/v/t2/f2/m82/AQMMTRPuqNkFNulxErGTpqHx74DiRFHY_Uy0wkZKj6TF_gBctsGIqzOsx1Mp3RZrlOLnjKxy1niDEfn4h05tzBKWXkADt_N0c1EBhPo.mp4?_nc_cat=101&_nc_sid=5e9851&_nc_ht=scontent-poa1-1.cdninstagram.com&_nc_ohc=QnQBZJ_6cHkQ7kNvwGbdbNe&efg=eyJ2ZW5jb2RlX3RhZyI6Inhwdl9wcm9ncmVzc2l2ZS5JTlNUQUdSQU0uQ0xJUFMuQzMuNzIwLmRhc2hfYmFzZWxpbmVfMV92MSIsInhwdl9hc3NldF9pZCI6NjMwMjA5MjA1MzIyODUxMCwiYXNzZXRfYWdlX2RheXMiOjk5NCwidmlfdXNlY2FzZV9pZCI6MTAwOTksImR1cmF0aW9uX3MiOjg5LCJ1cmxnZW5fc291cmNlIjoid3d3In0%3D&ccb=17-1&vs=b5f8ba499b79d909&_nc_vs=HBksFQIYT2lnX3hwdl9yZWVsc19wZXJtYW5lbnRfcHJvZC9DMDQyMUVEQ0MwNUY4Njk5NUMyMzc1RjA5RjA5NzU5MV92aWRlb19kYXNoaW5pdC5tcDQVAALIARIAFQIYOnBhc3N0aHJvdWdoX2V2ZXJzdG9yZS9HTk90WkJlbC00UWxTeFlEQU9CVU5nWXJxd3M2YnFfRUFBQUYVAgLIARIAKAAYABsCiAd1c2Vfb2lsATEScHJvZ3Jlc3NpdmVfcmVjaXBlATEVAAAmvK_l4oTusRYVAigCQzMsF0BWU0OVgQYlGBJkYXNoX2Jhc2VsaW5lXzFfdjERAHX-B2XmnQEA&_nc_gid=YKaiVzOWJ74336kXUtunRw&_nc_ss=7a22e&_nc_zt=28&oh=00_AQAQ2XvOv5JydKzYnR5tzGsCppBeLMjoIgIW0ZpqTbGA_A&oe=6A51E4BA
Cyi7M7cLea9,https://www.instagram.com/reel/Cyi7M7cLea9/,Vossa senhoria apreciaria se eu me apresentasse a vós com tal formalidade linguística? 😒 Eu aposto que não! APRENDER A LETRA é sobre se comunicar com seu público da forma como eles normalmente falam. Escreva CARTA CORINGA para descobrir como pesquisar para descobrir tudo isso:,1697644488,185654,11698,89.05500030517578,clips,https://scontent-poa1-1.cdninstagram.com/o1/v/t2/f2/m82/AQOTO1JHLfZY4ppufxOrv6XbAexf-tpeJbfHY6d_QmOZjGv5vfdgjZqhenbQuTNlJvPbL8Kh4eoxAkdb0o4TDXuj7F-JzN_oCVncPjs.mp4?_nc_cat=103&_nc_sid=5e9851&_nc_ht=scontent-poa1-1.cdninstagram.com&_nc_ohc=7CEcPPz2cmoQ7kNvwGiK72N&efg=eyJ2ZW5jb2RlX3RhZyI6Inhwdl9wcm9ncmVzc2l2ZS5JTlNUQUdSQU0uQ0xJUFMuQzMuNzIwLmRhc2hfYmFzZWxpbmVfMV92MSIsInhwdl9hc3NldF9pZCI6NjkyOTAyMjQzMDQ3NDQwOCwiYXNzZXRfYWdlX2RheXMiOjk5NSwidmlfdXNlY2FzZV9pZCI6MTAwOTksImR1cmF0aW9uX3MiOjg5LCJ1cmxnZW5fc291cmNlIjoid3d3In0%3D&ccb=17-1&vs=3961b5f72ca6e9ec&_nc_vs=HBksFQIYT2lnX3hwdl9yZWVsc19wZXJtYW5lbnRfcHJvZC9GNTQ3RENFQkYzM0ExRDQ5OTczMzgzRkUwNzQyQzdBQ192aWRlb19kYXNoaW5pdC5tcDQVAALIARIAFQIYOnBhc3N0aHJvdWdoX2V2ZXJzdG9yZS9HRFM1ZEJjdUxOZ1oyOXNDQUtybG9Mc3A5RmRJYnFfRUFBQUYVAgLIARIAKAAYABsCiAd1c2Vfb2lsATEScHJvZ3Jlc3NpdmVfcmVjaXBlATEVAAAm0MLfiZj6zhgVAigCQzMsF0BWQ4UeuFHsGBJkYXNoX2Jhc2VsaW5lXzFfdjERAHX-B2XmnQEA&_nc_gid=YKaiVzOWJ74336kXUtunRw&_nc_ss=7a22e&_nc_zt=28&oh=00_AQBb9d_gw7-C2fxlMAQVvh3WHYzery4lDnF3wHwb2us5Nw&oe=6A51E920
CygVXTErbER,https://www.instagram.com/reel/CygVXTErbER/,O maior erro do jovem criador é tentar ensinar quem não quer aprender com ele. A estrutura IHC é a solução pra isso! Comente CARTA CORINGA para acessar o Trello e dominar essa estrutura:,1697557348,251484,31005,88.08300018310547,clips,https://scontent-poa1-1.cdninstagram.com/o1/v/t2/f2/m82/AQP0aprORwx9btjggBgi_qp75c-Z1vOePm1iUaLERhIKyOq67Fpi3bz3U83QiaokAO65z7Zs2kjjop3n-G4o5os2qovRBz5r7eG4lfQ.mp4?_nc_cat=109&_nc_sid=5e9851&_nc_ht=scontent-poa1-1.cdninstagram.com&_nc_ohc=Yik1ZW5ubyoQ7kNvwFpQ6Gn&efg=eyJ2ZW5jb2RlX3RhZyI6Inhwdl9wcm9ncmVzc2l2ZS5JTlNUQUdSQU0uQ0xJUFMuQzMuNzIwLmRhc2hfYmFzZWxpbmVfMV92MSIsInhwdl9hc3NldF9pZCI6MTA4MzA2MzU0NjAxNjgzNSwiYXNzZXRfYWdlX2RheXMiOjk5NiwidmlfdXNlY2FzZV9pZCI6MTAwOTksImR1cmF0aW9uX3MiOjg4LCJ1cmxnZW5fc291cmNlIjoid3d3In0%3D&ccb=17-1&vs=a238dcfda9ec19c8&_nc_vs=HBksFQIYT2lnX3hwdl9yZWVsc19wZXJtYW5lbnRfcHJvZC9BOTRBMTYyODdBQzI4RUUxNjdGODU4MzVDQjEwRjlCOF92aWRlb19kYXNoaW5pdC5tcDQVAALIARIAFQIYOnBhc3N0aHJvdWdoX2V2ZXJzdG9yZS9HQ1Z3WkJldDBvbWFXNEVDQVBjQnROTmU3MFYxYnFfRUFBQUYVAgLIARIAKAAYABsCiAd1c2Vfb2lsATEScHJvZ3Jlc3NpdmVfcmVjaXBlATEVAAAmhtHvnszC7AMVAigCQzMsF0BWBU_fO2RaGBJkYXNoX2Jhc2VsaW5lXzFfdjERAHX-B2XmnQEA&_nc_gid=YKaiVzOWJ74336kXUtunRw&_nc_ss=7a22e&_nc_zt=28&oh=00_AQCpAnDKSkDkDRC2CYIKxY6OoYkjVNTxPLWGDUQGzS5S9w&oe=6A51D5B2
Cyed-RSL2ij,https://www.instagram.com/reel/Cyed-RSL2ij/,"O nosso desafio foi para o próximo nível! Leandro Aguiari preparou uma aula exclusiva para o Desafio Formato Criativo. ⚡️ Ele vai te explicar porque você deveria parar de tentar vender, e começar a contar histórias! ESSA QUINTA-FEIRA, dia 19 no Discord do desafio. Comente Narrativa e entra pro Discord!!",1697496996,299988,11282,90.00599670410156,clips,https://scontent-poa1-1.cdninstagram.com/o1/v/t2/f2/m82/AQOnc1QGRIqKpO3IRDTf9_pUK_-sGIG_sQ6smcwjbwGoYJP7E7EygyY6K6dZv-Pf_V7Hlq-BeYmbG9TQmBGMJLrQ8ikUB3Dw0pTJNWI.mp4?_nc_cat=105&_nc_sid=5e9851&_nc_ht=scontent-poa1-1.cdninstagram.com&_nc_ohc=ejnJfxpzfNsQ7kNvwGP3mRQ&efg=eyJ2ZW5jb2RlX3RhZyI6Inhwdl9wcm9ncmVzc2l2ZS5JTlNUQUdSQU0uQ0xJUFMuQzMuNzIwLmRhc2hfYmFzZWxpbmVfMV92MSIsInhwdl9hc3NldF9pZCI6NzA2NjY3OTM0NjU0NzIyLCJhc3NldF9hZ2VfZGF5cyI6OTk2LCJ2aV91c2VjYXNlX2lkIjoxMDA5OSwiZHVyYXRpb25fcyI6ODksInVybGdlbl9zb3VyY2UiOiJ3d3cifQ%3D%3D&ccb=17-1&vs=523bc510f96f119f&_nc_vs=HBksFQIYT2lnX3hwdl9yZWVsc19wZXJtYW5lbnRfcHJvZC9GRDQ4ODcwRUY0MTNDMDE4M0FGODUyN0QwMTFGMkFBN192aWRlb19kYXNoaW5pdC5tcDQVAALIARIAFQIYOnBhc3N0aHJvdWdoX2V2ZXJzdG9yZS9HT29rWkJkSzJ4V2ZYbjBEQVB1NW1SckRUQmRSYnFfRUFBQUYVAgLIARIAKAAYABsCiAd1c2Vfb2lsATEScHJvZ3Jlc3NpdmVfcmVjaXBlATEVAAAmhITBs76twQIVAigCQzMsF0BWgGJN0vGqGBJkYXNoX2Jhc2VsaW5lXzFfdjERAHX-B2XmnQEA&_nc_gid=YKaiVzOWJ74336kXUtunRw&_nc_ss=7a22e&_nc_zt=28&oh=00_AQDMhvSLCa5mnpmA5jQ1plndiZ9Q5GDYTevrC__AMWInVA&oe=6A51C44E
CydsjC2Lc-o,https://www.instagram.com/reel/CydsjC2Lc-o/,"Identificação é a palavra da internet. ⚡️ A gente vê uns 100 vídeos por dia, sem brincadeira, é muita coisa disponível pra gente se entreter. Por isso, você precisa dar um motivo claro para as pessoas ficarem no seu vídeo. Algo que faça elas pensarem: “Esse vídeo é para mim” Escreva IDENTIFICAÇÃO para descobrir como:",1697468586,119341,4624,84.08300018310547,clips,https://scontent-poa1-1.cdninstagram.com/o1/v/t2/f2/m82/AQP4YduBDmW0ewlBEr9Y1k2oh_040weNnSYMbOdIDovREgY8XlrkKDhWlrs1ywgtTWM8a-qKFu8yUuWnI0dhkZAwlC4RiYf0PaeAqMc.mp4?_nc_cat=106&_nc_sid=5e9851&_nc_ht=scontent-poa1-1.cdninstagram.com&_nc_ohc=_0IknnfBcDQQ7kNvwGzNLNA&efg=eyJ2ZW5jb2RlX3RhZyI6Inhwdl9wcm9ncmVzc2l2ZS5JTlNUQUdSQU0uQ0xJUFMuQzMuNzIwLmRhc2hfYmFzZWxpbmVfMV92MSIsInhwdl9hc3NldF9pZCI6ODQ4OTU1OTk2NjY5OTg1LCJhc3NldF9hZ2VfZGF5cyI6OTk3LCJ2aV91c2VjYXNlX2lkIjoxMDA5OSwiZHVyYXRpb25fcyI6ODQsInVybGdlbl9zb3VyY2UiOiJ3d3cifQ%3D%3D&ccb=17-1&vs=e5281ce24f56fdeb&_nc_vs=HBksFQIYT2lnX3hwdl9yZWVsc19wZXJtYW5lbnRfcHJvZC80NjRFQUQ4RjRDNTI4MDUyQ0QxNTgyQjIxMjY2MzhCNV92aWRlb19kYXNoaW5pdC5tcDQVAALIARIAFQIYOnBhc3N0aHJvdWdoX2V2ZXJzdG9yZS9HTDJNZEJjdWJ2S0lmTjRBQVBzUWFoZVdBTzVYYnFfRUFBQUYVAgLIARIAKAAYABsCiAd1c2Vfb2lsATEScHJvZ3Jlc3NpdmVfcmVjaXBlATEVAAAmwqDkid-HggMVAigCQzMsF0BVBU_fO2RaGBJkYXNoX2Jhc2VsaW5lXzFfdjERAHX-B2XmnQEA&_nc_gid=YKaiVzOWJ74336kXUtunRw&_nc_ss=7a22e&_nc_zt=28&oh=00_AQC9jLw3men5Z0gvzWoC93T8NJ__dq4XSI5k0-ognb3aUQ&oe=6A51EDA3
CybLVxFLDOh,https://www.instagram.com/reel/CybLVxFLDOh/,"Se você tem boas referências e está o tempo inteiro tentando descobrir como fazer algo novo que você viu por ai, em algum momento você vai ficar muito bom em vídeos também! Para ter acesso às nossas melhores referências, escreve GRAVAÇÃO e vem pro Trello:",1697384088,219436,9974,89.875,clips,https://scontent-poa1-1.cdninstagram.com/o1/v/t2/f2/m82/AQMqGBNxwg24MHMKdP_1yKU3A22b_l8tFvcfbNPwLuCyywkx46FVKVnQFLPLo3QLEXPuFuz6VIXnHuJEDZAFQM6s0IDD8nNHV_yr8bw.mp4?_nc_cat=105&_nc_sid=5e9851&_nc_ht=scontent-poa1-1.cdninstagram.com&_nc_ohc=vNTzNGPMC9QQ7kNvwHjMlqN&efg=eyJ2ZW5jb2RlX3RhZyI6Inhwdl9wcm9ncmVzc2l2ZS5JTlNUQUdSQU0uQ0xJUFMuQzMuNzIwLmRhc2hfYmFzZWxpbmVfMV92MSIsInhwdl9hc3NldF9pZCI6ODQyMTU4MzgwOTEwMjk1LCJhc3NldF9hZ2VfZGF5cyI6OTk4LCJ2aV91c2VjYXNlX2lkIjoxMDA5OSwiZHVyYXRpb25fcyI6ODksInVybGdlbl9zb3VyY2UiOiJ3d3cifQ%3D%3D&ccb=17-1&vs=32288cac1fd4f055&_nc_vs=HBksFQIYT2lnX3hwdl9yZWVsc19wZXJtYW5lbnRfcHJvZC84OTQyMjU3MTcxNUVFM0MxRERFOTUxMjgzNERENjE4RV92aWRlb19kYXNoaW5pdC5tcDQVAALIARIAFQIYOnBhc3N0aHJvdWdoX2V2ZXJzdG9yZS9HSW1zWkJlQmZyM2EydFFFQU5xdWF6ODlRM1ZMYnFfRUFBQUYVAgLIARIAKAAYABsCiAd1c2Vfb2lsATEScHJvZ3Jlc3NpdmVfcmVjaXBlATEVAAAmrpuc8oj8_gIVAigCQzMsF0BWeAAAAAAAGBJkYXNoX2Jhc2VsaW5lXzFfdjERAHX-B2XmnQEA&_nc_gid=YKaiVzOWJ74336kXUtunRw&_nc_ss=7a22e&_nc_zt=28&oh=00_AQD-GgmYxmYkxHRN7J4sc35gc_M8XwMIRsZKN-RE41mReA&oe=6A51C776
CyYnaSWrKp9,https://www.instagram.com/reel/CyYnaSWrKp9/,"Quando você conta a história que te trouxe até o momento atual, as pessoas podem se identificar tanto com as situações, quanto com os sentimentos. Para aceitar o desafio, escreva HISTÓRIA e acesse o Trello para ter um guia de como contar a sua:",1697298226,69694,2042,86.08599853515625,clips,https://scontent-poa1-1.cdninstagram.com/o1/v/t2/f2/m82/AQM0ZQUoTFCaTJtvmGwssueaAaZ0mpgULAA8sRrMz8ccC0AXsczkV2B_Gzk77Suz6tAKwv_Bm4GxWyR-2J0yXDjN6MbyQGElO8XxNSU.mp4?_nc_cat=110&_nc_sid=5e9851&_nc_ht=scontent-poa1-1.cdninstagram.com&_nc_ohc=GHkjyiYY4u4Q7kNvwEVV4mf&efg=eyJ2ZW5jb2RlX3RhZyI6Inhwdl9wcm9ncmVzc2l2ZS5JTlNUQUdSQU0uQ0xJUFMuQzMuNzIwLmRhc2hfYmFzZWxpbmVfMV92MSIsInhwdl9hc3NldF9pZCI6MzM2MTQ0OTk5MDg0OTkxLCJhc3NldF9hZ2VfZGF5cyI6OTk5LCJ2aV91c2VjYXNlX2lkIjoxMDA5OSwiZHVyYXRpb25fcyI6ODYsInVybGdlbl9zb3VyY2UiOiJ3d3cifQ%3D%3D&ccb=17-1&vs=7f00c866612ce8d0&_nc_vs=HBksFQIYT2lnX3hwdl9yZWVsc19wZXJtYW5lbnRfcHJvZC81RjQyQzIzOTZBQTYwQzUzMkUxNTIzMDYwRkNBMkU5OF92aWRlb19kYXNoaW5pdC5tcDQVAALIARIAFQIYOnBhc3N0aHJvdWdoX2V2ZXJzdG9yZS9HR2tMTVJkSURpelQ2OG9JQU9YRUZZNTRxakp4YnFfRUFBQUYVAgLIARIAKAAYABsCiAd1c2Vfb2lsATEScHJvZ3Jlc3NpdmVfcmVjaXBlATEVAAAm_s6btJvumAEVAigCQzMsF0BVhYEGJN0vGBJkYXNoX2Jhc2VsaW5lXzFfdjERAHX-B2XmnQEA&_nc_gid=Q9WmrKJEAhh6jin6cK5f2g&_nc_ss=7a22e&_nc_zt=28&oh=00_AQDzh5ANhEqe5SgRJZ-hb5NqeAAMnoo3JIJVt6ss4WE5BA&oe=6A51E19F
CyV6WaMLfer,https://www.instagram.com/reel/CyV6WaMLfer/,"Se você coloca muita energia pra chamar atenção visualmente no começo do vídeo, você consegue prender o público E AINDA tem a chance de produzir ele de forma mais simples para explicar o conteúdo sem tanto trabalho. Para ter acesso à várias referências, escreva COMUNIDADE para entrar no nosso Trello:",1697207704,78252,2470,53.09400177001953,clips,https://scontent-poa1-1.cdninstagram.com/o1/v/t2/f2/m82/AQMYzK2uoaNmUIsHOR41wDZCbCvAIfNla0HMkAVAXIbyRmYugIPuoHWI-qXd8jL7CF4XdJ0IUY0E3ST3Q6WeLQd3t-DlYKy8fuC9vEk.mp4?_nc_cat=103&_nc_sid=5e9851&_nc_ht=scontent-poa1-1.cdninstagram.com&_nc_ohc=_71unUPBeiYQ7kNvwGhKLwh&efg=eyJ2ZW5jb2RlX3RhZyI6Inhwdl9wcm9ncmVzc2l2ZS5JTlNUQUdSQU0uQ0xJUFMuQzMuNzIwLmRhc2hfYmFzZWxpbmVfMV92MSIsInhwdl9hc3NldF9pZCI6MTQwNjI3MjA1MzU5ODEzMCwiYXNzZXRfYWdlX2RheXMiOjEwMDAsInZpX3VzZWNhc2VfaWQiOjEwMDk5LCJkdXJhdGlvbl9zIjo1MywidXJsZ2VuX3NvdXJjZSI6Ind3dyJ9&ccb=17-1&vs=1df49b289ad48fd1&_nc_vs=HBksFQIYT2lnX3hwdl9yZWVsc19wZXJtYW5lbnRfcHJvZC8yMTQ4M0JFRTY1RTc4MTBFNzcyOEM3QUY2NkIwRjE4OF92aWRlb19kYXNoaW5pdC5tcDQVAALIARIAFQIYOnBhc3N0aHJvdWdoX2V2ZXJzdG9yZS9HS3FqTVJjakxMMExBQ01CQUYxV25OWl9qVmNCYnFfRUFBQUYVAgLIARIAKAAYABsCiAd1c2Vfb2lsATEScHJvZ3Jlc3NpdmVfcmVjaXBlATEVAAAm5N6yo-e__wQVAigCQzMsF0BKjAgxJul5GBJkYXNoX2Jhc2VsaW5lXzFfdjERAHX-B2XmnQEA&_nc_gid=Q9WmrKJEAhh6jin6cK5f2g&_nc_ss=7a22e&_nc_zt=28&oh=00_AQDButZv1pzu9gd_xkwu3mUipLiiaMc0i-IZXr7jbNHJEw&oe=6A51DF1C
CyTWxxGriEL,https://www.instagram.com/reel/CyTWxxGriEL/,"Você viu, né? E eu sei que você também sentiu. Quando você faz o seu público imaginar, consegue fazer ele sentir. Comente IMAGENS para descobrir como fazer o mesmo nos seus vídeos:",1697121679,135738,5411,89.9229965209961,clips,https://scontent-poa1-1.cdninstagram.com/o1/v/t2/f2/m82/AQP6UUAKBau0moKB70PQSZeggxILXtynYZ4EgO0LwNHm_QBJMCQXfIGUQQYms-91_wT-UyoLOnQbGn96iZ6x6zgEXbUIuX3L1b94X4k.mp4?_nc_cat=103&_nc_sid=5e9851&_nc_ht=scontent-poa1-1.cdninstagram.com&_nc_ohc=e6Qr0bGshiIQ7kNvwHOPuyg&efg=eyJ2ZW5jb2RlX3RhZyI6Inhwdl9wcm9ncmVzc2l2ZS5JTlNUQUdSQU0uQ0xJUFMuQzMuNzIwLmRhc2hfYmFzZWxpbmVfMV92MSIsInhwdl9hc3NldF9pZCI6MTMxMjEzMTY0OTY2OTYxNiwiYXNzZXRfYWdlX2RheXMiOjEwMDEsInZpX3VzZWNhc2VfaWQiOjEwMDk5LCJkdXJhdGlvbl9zIjo4OSwidXJsZ2VuX3NvdXJjZSI6Ind3dyJ9&ccb=17-1&vs=f34166e7466cf7be&_nc_vs=HBksFQIYT2lnX3hwdl9yZWVsc19wZXJtYW5lbnRfcHJvZC8xQjRGOUYyMjNEOTI0M0RDQjQ3RDYyNEVCNjIzODdCQl92aWRlb19kYXNoaW5pdC5tcDQVAALIARIAFQIYOnBhc3N0aHJvdWdoX2V2ZXJzdG9yZS9HRmJTWkJjWm96NnFUTjhFQUVzMG83VGN0LWstYnFfRUFBQUYVAgLIARIAKAAYABsCiAd1c2Vfb2lsATEScHJvZ3Jlc3NpdmVfcmVjaXBlATEVAAAm4KeEzo7Y1AQVAigCQzMsF0BWexJul41QGBJkYXNoX2Jhc2VsaW5lXzFfdjERAHX-B2XmnQEA&_nc_gid=Q9WmrKJEAhh6jin6cK5f2g&_nc_ss=7a22e&_nc_zt=28&oh=00_AQDfRIxMymXRvBnkiejWlGn0q8uW_qkR3D7P-synTcu4MQ&oe=6A51C290
CyQ1t92riuV,https://www.instagram.com/reel/CyQ1t92riuV/,"Se você trava na hora de falar com a câmera, vídeos NARRADOS podem ser uma excelente forma de começar! Além disso o narrado é interessante porque pode passar humanidade, criatividade e impacto emocional. Escreva NARRADO para ter acesso ao Trello com exemplos e informações exclusivas sobre esse formato:",1697037197,104168,4147,87.75399780273438,clips,https://scontent-poa1-1.cdninstagram.com/o1/v/t2/f2/m82/AQPj9d5tqkJ_ta9xp8wwnPU6g0MoN0E8zrVIe2pPY6M-AkQUx_x4obLSNUF1H1BeukOlk5WoBh6wfHbYzMOLlD_0nJ2hXgjV9BqmsiY.mp4?_nc_cat=106&_nc_sid=5e9851&_nc_ht=scontent-poa1-1.cdninstagram.com&_nc_ohc=2qjtJeNh-hwQ7kNvwHjFqvh&efg=eyJ2ZW5jb2RlX3RhZyI6Inhwdl9wcm9ncmVzc2l2ZS5JTlNUQUdSQU0uQ0xJUFMuQzMuNzIwLmRhc2hfYmFzZWxpbmVfMV92MSIsInhwdl9hc3NldF9pZCI6NzM0OTIxODg4NDczNDk5LCJhc3NldF9hZ2VfZGF5cyI6MTAwMiwidmlfdXNlY2FzZV9pZCI6MTAwOTksImR1cmF0aW9uX3MiOjg3LCJ1cmxnZW5fc291cmNlIjoid3d3In0%3D&ccb=17-1&vs=34cd02de4b427bde&_nc_vs=HBksFQIYT2lnX3hwdl9yZWVsc19wZXJtYW5lbnRfcHJvZC80NTQyRDdCRUUwNDU5ODA4Qjc0RDE1RDZBN0E3QkY4Rl92aWRlb19kYXNoaW5pdC5tcDQVAALIARIAFQIYOnBhc3N0aHJvdWdoX2V2ZXJzdG9yZS9HSFU5RmhlZ3lpWGRPYjhNQUNwRlFHUlBLR3dYYnFfRUFBQUYVAgLIARIAKAAYABsCiAd1c2Vfb2lsATEScHJvZ3Jlc3NpdmVfcmVjaXBlATEVAAAmtobN4YqazgIVAigCQzMsF0BV8EGJN0vHGBJkYXNoX2Jhc2VsaW5lXzFfdjERAHX-B2XmnQEA&_nc_gid=Q9WmrKJEAhh6jin6cK5f2g&_nc_ss=7a22e&_nc_zt=28&oh=00_AQClsOyZxpVOdLYiUETt9jPQEa58j-QXu1ynLk8A3DRWAA&oe=6A51ECA7
CyOIqcTLJJT,https://www.instagram.com/reel/CyOIqcTLJJT/,"Usar uma música conhecida é um elemento de identificação imediato porque gera conexão com as pessoas do outro lado. Para descobrir como nós usamos músicas em alta da forma certa em todos os nossos vídeos, escreva MÚSICAS:",1696946558,107279,4779,79.29399871826172,clips,https://scontent-poa1-1.cdninstagram.com/o1/v/t2/f2/m82/AQPB2uJa39878HLpZAqbs9quC-_w02qOuiWk8532eG0FClJ30U4kAc1lGAZWRyRX0Y2PDhZp6suyeWukT0WFol4btM3I9HGB80xhiUA.mp4?_nc_cat=100&_nc_sid=5e9851&_nc_ht=scontent-poa1-1.cdninstagram.com&_nc_ohc=7oCMzz3ja04Q7kNvwGAoXrD&efg=eyJ2ZW5jb2RlX3RhZyI6Inhwdl9wcm9ncmVzc2l2ZS5JTlNUQUdSQU0uQ0xJUFMuQzMuNzIwLmRhc2hfYmFzZWxpbmVfMV92MSIsInhwdl9hc3NldF9pZCI6ODY5MTUyMzkxNDM2MDgzLCJhc3NldF9hZ2VfZGF5cyI6MTAwMywidmlfdXNlY2FzZV9pZCI6MTAwOTksImR1cmF0aW9uX3MiOjc5LCJ1cmxnZW5fc291cmNlIjoid3d3In0%3D&ccb=17-1&vs=a82d00108a0ee8ef&_nc_vs=HBksFQIYT2lnX3hwdl9yZWVsc19wZXJtYW5lbnRfcHJvZC83NTRGQ0QxNjBDNTc5OURBMTcwNDc1OTYwMjk2NDc5OV92aWRlb19kYXNoaW5pdC5tcDQVAALIARIAFQIYOnBhc3N0aHJvdWdoX2V2ZXJzdG9yZS9HR3ZISEJjdGZ3c2pTVUlFQUhsOHZiNVBxdjRCYnFfRUFBQUYVAgLIARIAKAAYABsCiAd1c2Vfb2lsATEScHJvZ3Jlc3NpdmVfcmVjaXBlATEVAAAm5tzg-KmfiwMVAigCQzMsF0BT0o9cKPXDGBJkYXNoX2Jhc2VsaW5lXzFfdjERAHX-B2XmnQEA&_nc_gid=Q9WmrKJEAhh6jin6cK5f2g&_nc_ss=7a22e&_nc_zt=28&oh=00_AQApgLilgPL-9WFaIvWI5M7SAAyQbweTEXCORpU3xTr3qw&oe=6A51D21D
CyMc8hkLxXf,https://www.instagram.com/reel/CyMc8hkLxXf/,Sentir primeiro. Realizar depois. ♥️ Muito obrigada! ⚡️,1696892759,232503,10757,89.9229965209961,clips,https://scontent-poa1-1.cdninstagram.com/o1/v/t2/f2/m82/AQNLSwJSQ41NGz_YtWBHdawQPiU_U2he7CF78hq0numxo_PZzFNuzKyLyzgCigXhcmpylitsR8rUDGwZQtD1Yepu2F9BpYXNmO6YX4w.mp4?_nc_cat=107&_nc_sid=5e9851&_nc_ht=scontent-poa1-1.cdninstagram.com&_nc_ohc=U_xpcL1J_YwQ7kNvwGYM30t&efg=eyJ2ZW5jb2RlX3RhZyI6Inhwdl9wcm9ncmVzc2l2ZS5JTlNUQUdSQU0uQ0xJUFMuQzMuNzIwLmRhc2hfYmFzZWxpbmVfMV92MSIsInhwdl9hc3NldF9pZCI6ODY1ODMxODU1MTE5MzQ0LCJhc3NldF9hZ2VfZGF5cyI6MTAwMywidmlfdXNlY2FzZV9pZCI6MTAwOTksImR1cmF0aW9uX3MiOjg5LCJ1cmxnZW5fc291cmNlIjoid3d3In0%3D&ccb=17-1&vs=b26fb117165e5d7&_nc_vs=HBksFQIYT2lnX3hwdl9yZWVsc19wZXJtYW5lbnRfcHJvZC8zMjRCQjUwMkYyRDJGQUU4Njg4MjZBMzUyMjhBQ0VCQl92aWRlb19kYXNoaW5pdC5tcDQVAALIARIAFQIYOnBhc3N0aHJvdWdoX2V2ZXJzdG9yZS9HRkU1Q0JjX2hySHVSUjBCQUNVNVZsMUgxZVVWYnFfRUFBQUYVAgLIARIAKAAYABsCiAd1c2Vfb2lsATEScHJvZ3Jlc3NpdmVfcmVjaXBlATEVAAAm4O_GgobeiQMVAigCQzMsF0BWexJul41QGBJkYXNoX2Jhc2VsaW5lXzFfdjERAHX-B2XmnQEA&_nc_gid=Q9WmrKJEAhh6jin6cK5f2g&_nc_ss=7a22e&_nc_zt=28&oh=00_AQDz2Gqd1MaJYOsh5TJQVO6l0GEYr7oJ_0A5qItTAtwXgw&oe=6A51DB6C
CyLkVZLrVMJ,https://www.instagram.com/reel/CyLkVZLrVMJ/,"A linguagem corporal é essencial em um video para tornar ele interessante, confiável e coerente. Eu preparei 4 passos que eu uso em TODOS os meus vídeos, e está disponível no Trello do desafio com vários exemplos! Para ter acesso, basta escrever CRIATIVIDADE:",1696860311,184355,5719,73.07099914550781,clips,https://scontent-poa1-1.cdninstagram.com/o1/v/t2/f2/m82/AQO1100tfhR4ZOvOJl7soW1U7FohFwADYR0kspK7nhdUHCAxrOJsdkoeciAnET6Rxk1KOqG1J08AMkgU__d5Fqu5nh8bQ_DPSP8zILw.mp4?_nc_cat=109&_nc_sid=5e9851&_nc_ht=scontent-poa1-1.cdninstagram.com&_nc_ohc=AL8suc-7pJsQ7kNvwHHetQA&efg=eyJ2ZW5jb2RlX3RhZyI6Inhwdl9wcm9ncmVzc2l2ZS5JTlNUQUdSQU0uQ0xJUFMuQzMuNzIwLmRhc2hfYmFzZWxpbmVfMV92MSIsInhwdl9hc3NldF9pZCI6MTAzNDQ5ODMxNzk2NTU3NCwiYXNzZXRfYWdlX2RheXMiOjEwMDQsInZpX3VzZWNhc2VfaWQiOjEwMDk5LCJkdXJhdGlvbl9zIjo3MywidXJsZ2VuX3NvdXJjZSI6Ind3dyJ9&ccb=17-1&vs=7a9a22ed700f1e6e&_nc_vs=HBksFQIYT2lnX3hwdl9yZWVsc19wZXJtYW5lbnRfcHJvZC8yNDRGRDI5RkMyMjgwQTE3REE1MzYxNzY3OTVFMzRBOF92aWRlb19kYXNoaW5pdC5tcDQVAALIARIAFQIYOnBhc3N0aHJvdWdoX2V2ZXJzdG9yZS9HSTVLOHhZLXpaeEFLMlVGQU84UlljUEdwdDg2YnFfRUFBQUYVAgLIARIAKAAYABsCiAd1c2Vfb2lsATEScHJvZ3Jlc3NpdmVfcmVjaXBlATEVAAAmjOSajN231gMVAigCQzMsF0BSRDlYEGJOGBJkYXNoX2Jhc2VsaW5lXzFfdjERAHX-B2XmnQEA&_nc_gid=Q9WmrKJEAhh6jin6cK5f2g&_nc_ss=7a22e&_nc_zt=28&oh=00_AQDqJRH4UTyV-O-E3udumP5sPzoqOaFRbbSj3AtEtHWgLA&oe=6A51CE6E
CyJCmVKreNn,https://www.instagram.com/reel/CyJCmVKreNn/,"Gatilhos Mentais funcionam? 🙃 Para aprender a transformar conteúdo em dinheiro, torne-se aluno antes que o preço aumente. ⚡️",1696775955,369584,10087,89.88200378417969,clips,https://scontent-poa1-1.cdninstagram.com/o1/v/t2/f2/m82/AQMDFroZjeDB0YMKs7AANT5mf1TszpjexXQG8Ybd9k7dAwm58MDEJf8iwUx5DlOZ8mJzG3bdyMERDWcJEUAmjNTzOd8UgceDR3qKTY8.mp4?_nc_cat=102&_nc_sid=5e9851&_nc_ht=scontent-poa1-1.cdninstagram.com&_nc_ohc=inCzuzysEN4Q7kNvwEsyib-&efg=eyJ2ZW5jb2RlX3RhZyI6Inhwdl9wcm9ncmVzc2l2ZS5JTlNUQUdSQU0uQ0xJUFMuQzMuNzIwLmRhc2hfYmFzZWxpbmVfMV92MSIsInhwdl9hc3NldF9pZCI6MzE3MTg2MDM3NTkxNjI3LCJhc3NldF9hZ2VfZGF5cyI6MTAwNSwidmlfdXNlY2FzZV9pZCI6MTAwOTksImR1cmF0aW9uX3MiOjg5LCJ1cmxnZW5fc291cmNlIjoid3d3In0%3D&ccb=17-1&vs=16453fe7305466d7&_nc_vs=HBksFQIYT2lnX3hwdl9yZWVsc19wZXJtYW5lbnRfcHJvZC9BRTQxRUNFNUU5ODY3MEYyQjExNTdBQzNBMDM2QjlCOV92aWRlb19kYXNoaW5pdC5tcDQVAALIARIAFQIYOnBhc3N0aHJvdWdoX2V2ZXJzdG9yZS9HUEtSR3hlYWlJczFDZ0FCQURhUkRIVm91QzBEYnFfRUFBQUYVAgLIARIAKAAYABsCiAd1c2Vfb2lsATEScHJvZ3Jlc3NpdmVfcmVjaXBlATEVAAAmlrnJkdSekAEVAigCQzMsF0BWd2yLQ5WBGBJkYXNoX2Jhc2VsaW5lXzFfdjERAHX-B2XmnQEA&_nc_gid=Q9WmrKJEAhh6jin6cK5f2g&_nc_ss=7a22e&_nc_zt=28&oh=00_AQCpmTgSpQRGOIDIrqdBWlfo0Mpih2SqKLnS5eanjZ-kig&oe=6A51CE0B
CyGcZQfrrsa,https://www.instagram.com/reel/CyGcZQfrrsa/,"Ninguém gosta de gente chata. Muito menos vídeo chato. Para descobrir as formas que usamos para deixar vídeos dinâmicos, basta ler o card do Trello de hoje! Para isso, escreva DINÂMICO que te mostramos como participar do desafio!",1696688393,804108,48697,68.86599731445312,clips,https://scontent-poa1-1.cdninstagram.com/o1/v/t2/f2/m82/AQPWqw5QpveW_vZ2irBPDnLdVsq7i-7R-VgKAZaJrIcg5GhPGHqq7N8X4Qtssdc4kvtZ6s32rd9ZLWXLFcmoPMOe74zeN3yUhqKismY.mp4?_nc_cat=111&_nc_sid=5e9851&_nc_ht=scontent-poa1-1.cdninstagram.com&_nc_ohc=MJrsZtA01DoQ7kNvwGEbmbe&efg=eyJ2ZW5jb2RlX3RhZyI6Inhwdl9wcm9ncmVzc2l2ZS5JTlNUQUdSQU0uQ0xJUFMuQzMuNzIwLmRhc2hfYmFzZWxpbmVfMV92MSIsInhwdl9hc3NldF9pZCI6ODY1NDg3MjExODM2Nzk4LCJhc3NldF9hZ2VfZGF5cyI6MTAwNiwidmlfdXNlY2FzZV9pZCI6MTAwOTksImR1cmF0aW9uX3MiOjY4LCJ1cmxnZW5fc291cmNlIjoid3d3In0%3D&ccb=17-1&vs=c7bb47ae0302f367&_nc_vs=HBksFQIYT2lnX3hwdl9yZWVsc19wZXJtYW5lbnRfcHJvZC9GODQ2NkM1NDk5RUJGQUM5MENFNDFERTdBMDZBRUFBRl92aWRlb19kYXNoaW5pdC5tcDQVAALIARIAFQIYOnBhc3N0aHJvdWdoX2V2ZXJzdG9yZS9HR1FKOHhiMWhPMm5Bd0VEQU1rYmZNbWdTcmhrYnFfRUFBQUYVAgLIARIAKAAYABsCiAd1c2Vfb2lsATEScHJvZ3Jlc3NpdmVfcmVjaXBlATEVAAAm_NWNnf7JiQMVAigCQzMsF0BRN2yLQ5WBGBJkYXNoX2Jhc2VsaW5lXzFfdjERAHX-B2XmnQEA&_nc_gid=Q9WmrKJEAhh6jin6cK5f2g&_nc_ss=7a22e&_nc_zt=28&oh=00_AQBe_YpIzy4eZ5zc-s8o1NE0pKxL_41sQK-9aOt3QRUhgA&oe=6A51BED4
CyD5TZBLTiD,https://www.instagram.com/reel/CyD5TZBLTiD/,"Polêmicas funcionam. Eu e o João Menna sabemos muito bem disso. A mente humana adora estar por dentro de assuntos polêmicos por vários motivos psicológicos… Se você quer entender como isso funciona e descobrir formas de usar polêmicas de forma inteligente, basta acessar o Trello do desafio. Escreva “Polêmica” nos comentários que eu te mostro o caminho.",1696603310,226801,9004,89.88200378417969,clips,https://scontent-poa1-1.cdninstagram.com/o1/v/t2/f2/m82/AQNgctzSR35nXTysbb2qaNNMI-4FOVpVzhXU7E7YH72PkTX28Wvad7mFbAF84Q2_0cZ_NJBvJG8PHbdTcVDVUo9cVWfP2IkYYcUklNQ.mp4?_nc_cat=110&_nc_sid=5e9851&_nc_ht=scontent-poa1-1.cdninstagram.com&_nc_ohc=dWdSOj2eJ1UQ7kNvwECC7Gb&efg=eyJ2ZW5jb2RlX3RhZyI6Inhwdl9wcm9ncmVzc2l2ZS5JTlNUQUdSQU0uQ0xJUFMuQzMuNzIwLmRhc2hfYmFzZWxpbmVfMV92MSIsInhwdl9hc3NldF9pZCI6ODc1MDA5NzE3NjkyMDgwLCJhc3NldF9hZ2VfZGF5cyI6MTAwNywidmlfdXNlY2FzZV9pZCI6MTAwOTksImR1cmF0aW9uX3MiOjg5LCJ1cmxnZW5fc291cmNlIjoid3d3In0%3D&ccb=17-1&vs=68a22236caa3fdc3&_nc_vs=HBksFQIYT2lnX3hwdl9yZWVsc19wZXJtYW5lbnRfcHJvZC84NjQyQ0ZDQTg4NEE0OEE3QzE4REQwN0JEMzcwRUNBNV92aWRlb19kYXNoaW5pdC5tcDQVAALIARIAFQIYOnBhc3N0aHJvdWdoX2V2ZXJzdG9yZS9HQXFmRmhkc1NHX0ZLN0FFQUV2U3FFUE43Rmh4YnFfRUFBQUYVAgLIARIAKAAYABsCiAd1c2Vfb2lsATEScHJvZ3Jlc3NpdmVfcmVjaXBlATEVAAAm4JqvtqL0jQMVAigCQzMsF0BWd2yLQ5WBGBJkYXNoX2Jhc2VsaW5lXzFfdjERAHX-B2XmnQEA&_nc_gid=Q9WmrKJEAhh6jin6cK5f2g&_nc_ss=7a22e&_nc_zt=28&oh=00_AQCPGUxGOzYWPZypHLroljKBfceXUpd_5j-te1PX6tbZqg&oe=6A51E65B
CyBRSw5rwDk,https://www.instagram.com/reel/CyBRSw5rwDk/,"Se identificação é a palavra da internet, DIÁLOGOS são quase um hack para gerar identificação. Para entender como aplicar na prática, corre pro TRELLO DO DESAFIO e veja também inúmeros exemplos. Escreva CRIATIVIDADE para participar:",1696515252,214917,11139,86.5999984741211,clips,https://scontent-poa1-1.cdninstagram.com/o1/v/t2/f2/m82/AQO_bnopsdUguLqfiRuBd7CnPyB4tC0S8M8wixv9F1jT79YLjUmefbirsgYyivcRAOslFiOSwP95ePiAxoqUBnWhp3X2qopLASVEwqI.mp4?_nc_cat=101&_nc_sid=5e9851&_nc_ht=scontent-poa1-1.cdninstagram.com&_nc_ohc=-1afoCy4LBIQ7kNvwG-iw4p&efg=eyJ2ZW5jb2RlX3RhZyI6Inhwdl9wcm9ncmVzc2l2ZS5JTlNUQUdSQU0uQ0xJUFMuQzMuNzIwLmRhc2hfYmFzZWxpbmVfMV92MSIsInhwdl9hc3NldF9pZCI6MzA4MTA4NDcxOTYyMzQzLCJhc3NldF9hZ2VfZGF5cyI6MTAwOCwidmlfdXNlY2FzZV9pZCI6MTAwOTksImR1cmF0aW9uX3MiOjg2LCJ1cmxnZW5fc291cmNlIjoid3d3In0%3D&ccb=17-1&vs=75cd8c2bc24265a4&_nc_vs=HBksFQIYT2lnX3hwdl9yZWVsc19wZXJtYW5lbnRfcHJvZC8xRjQ5NENGQkU5NUU5RjY2QUJENUU0NjJBRDk2QjNBNl92aWRlb19kYXNoaW5pdC5tcDQVAALIARIAFQIYOnBhc3N0aHJvdWdoX2V2ZXJzdG9yZS9HSVV3QkJlei1YeVFlczBBQUpGNFBaNm9aTWdXYnFfRUFBQUYVAgLIARIAKAAYABsCiAd1c2Vfb2lsATEScHJvZ3Jlc3NpdmVfcmVjaXBlATEVAAAmzquwgKOOjAEVAigCQzMsF0BVpmZmZmZmGBJkYXNoX2Jhc2VsaW5lXzFfdjERAHX-B2XmnQEA&_nc_gid=Q9WmrKJEAhh6jin6cK5f2g&_nc_ss=7a22e&_nc_zt=28&oh=00_AQDQlhZydVS6vLWiKQo4G2NPNgAdzrF4w-GjpaLCMu9HYw&oe=6A51E7CA
Cx_k6lPr5uM,https://www.instagram.com/reel/Cx_k6lPr5uM/,Permita-se ser iniciante; Ninguém começa sendo excelente. E se quiser um concelho: esteja em comunidade - esse é o ÚNICO atalho. 🤍,1696459762,81829,3825,66.19999694824219,clips,https://scontent-poa1-1.cdninstagram.com/o1/v/t2/f2/m82/AQPAyMZBPodAVJTaNKX6eyMxrkUho3q-eYkP1JaqKOG_hMJJmyngckWeB3m_LyVzjT6v55ClqtwhKibgkjiCEpv2kqon7Lm-VR_m9Ts.mp4?_nc_cat=109&_nc_sid=5e9851&_nc_ht=scontent-poa1-1.cdninstagram.com&_nc_ohc=D8Q9u-R4dsAQ7kNvwH1lDPO&efg=eyJ2ZW5jb2RlX3RhZyI6Inhwdl9wcm9ncmVzc2l2ZS5JTlNUQUdSQU0uQ0xJUFMuQzMuNzIwLmRhc2hfYmFzZWxpbmVfMV92MSIsInhwdl9hc3NldF9pZCI6OTYyMTgwNDQ4MjIxNjE5LCJhc3NldF9hZ2VfZGF5cyI6MTAwOCwidmlfdXNlY2FzZV9pZCI6MTAwOTksImR1cmF0aW9uX3MiOjY2LCJ1cmxnZW5fc291cmNlIjoid3d3In0%3D&ccb=17-1&vs=3e645f05c2a3e7bc&_nc_vs=HBksFQIYT2lnX3hwdl9yZWVsc19wZXJtYW5lbnRfcHJvZC85NTRDNEU3ODY1NUUyQkMzRDc3MUNCNEEzQzRBMTNCN192aWRlb19kYXNoaW5pdC5tcDQVAALIARIAFQIYOnBhc3N0aHJvdWdoX2V2ZXJzdG9yZS9HT2loNnhiZ0tob2VVWlFFQVBWVFRaWkVvNWw2YnFfRUFBQUYVAgLIARIAKAAYABsCiAd1c2Vfb2lsATEScHJvZ3Jlc3NpdmVfcmVjaXBlATEVAAAm5uab_aLGtQMVAigCQzMsF0BQjMzMzMzNGBJkYXNoX2Jhc2VsaW5lXzFfdjERAHX-B2XmnQEA&_nc_gid=Q9WmrKJEAhh6jin6cK5f2g&_nc_ss=7a22e&_nc_zt=28&oh=00_AQAuMnWc8HMEB5ipgwjeNhiWhBOjccINRWGXRbSVgl0Trg&oe=6A51E036
Cx-wH5fLLYd,https://www.instagram.com/reel/Cx-wH5fLLYd/,"Chame atenção ou morra!! ❌ Se você não fizer o seu público parar no começo do seu vídeo, eles nunca chegarão até o final. Nesse vídeo eu já te dou uma boa ideia de como começar a fazer isso, mas existem formas infinitas. Para aprender melhor como fazer isso, temos uma aula completa na Criadores do Futuro, nossa comunidade de storytelling e criatividade. Para fazer parte escrava “CRIADORES” que eu te explico como.",1696430560,418875,13722,89.93299865722656,clips,https://scontent-poa1-1.cdninstagram.com/o1/v/t2/f2/m82/AQMd1TlFuU4J6643zlLUrRpbdazDf-wDcZkogSQau0hatK6_ijZpXZBIg-gTYq5cDn_VVkK7TYLbzNUZu8Gl9_FHLGyHkZlDfK928co.mp4?_nc_cat=107&_nc_sid=5e9851&_nc_ht=scontent-poa1-1.cdninstagram.com&_nc_ohc=Bm45oac2AygQ7kNvwHuu1GI&efg=eyJ2ZW5jb2RlX3RhZyI6Inhwdl9wcm9ncmVzc2l2ZS5JTlNUQUdSQU0uQ0xJUFMuQzMuNzIwLmRhc2hfYmFzZWxpbmVfMV92MSIsInhwdl9hc3NldF9pZCI6Mjc4MDczOTY4Mzc3OTMzLCJhc3NldF9hZ2VfZGF5cyI6MTAwOSwidmlfdXNlY2FzZV9pZCI6MTAwOTksImR1cmF0aW9uX3MiOjg5LCJ1cmxnZW5fc291cmNlIjoid3d3In0%3D&ccb=17-1&vs=7481546899a23b3a&_nc_vs=HBksFQIYT2lnX3hwdl9yZWVsc19wZXJtYW5lbnRfcHJvZC9BMjQ1NDg2NDE4RDRCNEZCNTBCMDNCNTM1MDczRERCQV92aWRlb19kYXNoaW5pdC5tcDQVAALIARIAFQIYOnBhc3N0aHJvdWdoX2V2ZXJzdG9yZS9HTWMyN3hhSGlRRncxVHNGQU9IbVF0R19EMThpYnFfRUFBQUYVAgLIARIAKAAYABsCiAd1c2Vfb2lsATEScHJvZ3Jlc3NpdmVfcmVjaXBlATEVAAAmmoHawYS6fhUCKAJDMywXQFZ7tkWhysEYEmRhc2hfYmFzZWxpbmVfMV92MREAdf4HZeadAQA&_nc_gid=79DVn-wC7AcKtHsjByeD8w&_nc_ss=7a22e&_nc_zt=28&oh=00_AQCjOTyytNBRnlSVJ0hnTPTgMVXreV-8LF9Ui9U7ipfUiQ&oe=6A51BE90
Cx8I4zerR1a,https://www.instagram.com/reel/Cx8I4zerR1a/,"O Olhar do Criador é um exercício de criatividade que vai te obrigar a olhar pro mundo por outra perspectiva. A partir dai você começa a ter ideias que ninguém teve antes, porque ninguém viveu a vida que você viveu, portanto dificilmente alguém vai conseguir criar como você. Comente CRIADOR para ter outros exemplos de como aplicar!",1696342630,184140,7990,89.93299865722656,clips,https://scontent-poa1-1.cdninstagram.com/o1/v/t2/f2/m82/AQNZbOU08jhFS-wfuYDmnOthZL_ew14RH05wxAxTTM3kIeUheaVOCtNnV21sua65Axrkc5Xc96Yw9FWmLWHphIkOU5dHdDO-xo1KKn0.mp4?_nc_cat=103&_nc_sid=5e9851&_nc_ht=scontent-poa1-1.cdninstagram.com&_nc_ohc=eYbVVDYSumEQ7kNvwGAWCqx&efg=eyJ2ZW5jb2RlX3RhZyI6Inhwdl9wcm9ncmVzc2l2ZS5JTlNUQUdSQU0uQ0xJUFMuQzMuNzIwLmRhc2hfYmFzZWxpbmVfMV92MSIsInhwdl9hc3NldF9pZCI6NjE1OTExNzY3NDEzNzUxLCJhc3NldF9hZ2VfZGF5cyI6MTAxMCwidmlfdXNlY2FzZV9pZCI6MTAwOTksImR1cmF0aW9uX3MiOjg5LCJ1cmxnZW5fc291cmNlIjoid3d3In0%3D&ccb=17-1&vs=1c0323a44f88f33f&_nc_vs=HBksFQIYT2lnX3hwdl9yZWVsc19wZXJtYW5lbnRfcHJvZC8zQTQyRjJGOEJBMEI5ODY2ODM0NzBBQkU3MzNGMDFCNF92aWRlb19kYXNoaW5pdC5tcDQVAALIARIAFQIYOnBhc3N0aHJvdWdoX2V2ZXJzdG9yZS9HSHFoLVJZSlNQVW1ncXNXQUlYSUxUQ2kwVGM2YnFfRUFBQUYVAgLIARIAKAAYABsCiAd1c2Vfb2lsATEScHJvZ3Jlc3NpdmVfcmVjaXBlATEVAAAm7s_goeSKmAIVAigCQzMsF0BWe7ZFocrBGBJkYXNoX2Jhc2VsaW5lXzFfdjERAHX-B2XmnQEA&_nc_gid=79DVn-wC7AcKtHsjByeD8w&_nc_ss=7a22e&_nc_zt=28&oh=00_AQByKM-tSFIfibFKqfunBm1dFfmzmn0hZl-PqH0uhn1nAA&oe=6A51D520
Cx5jNZsrzIq,https://www.instagram.com/reel/Cx5jNZsrzIq/,"Se você acerta na escolha do TEMA, as chances do seu conteúdo funcionar já sobem pra mais de 50%! Os TEMAS UNIVERSAIS são tópicos ou ideias que transcendem fronteiras culturais, geográficas e temporais, logo, todo mundo tem uma certa conexão emocional com o tema. Escreva CRIATIVIDADE para ter acesso à lista de temas e a posts de referência:",1696256051,91381,3255,89.88200378417969,clips,https://scontent-poa1-1.cdninstagram.com/o1/v/t2/f2/m82/AQMla624GprUiSjeXJWCKeTwSQgTB4xdcbD7X-Fi7s5yjsTKyyv3d44dGfVegXKEbCS-a6b3LpnMmZL4qPH4Jm0QJ-RLzA3a8Uw5l1U.mp4?_nc_cat=110&_nc_sid=5e9851&_nc_ht=scontent-poa1-1.cdninstagram.com&_nc_ohc=Am40Vek7mVkQ7kNvwHL0sw8&efg=eyJ2ZW5jb2RlX3RhZyI6Inhwdl9wcm9ncmVzc2l2ZS5JTlNUQUdSQU0uQ0xJUFMuQzMuNzIwLmRhc2hfYmFzZWxpbmVfMV92MSIsInhwdl9hc3NldF9pZCI6MzM1MjI2MTUyMzk2NTA0LCJhc3NldF9hZ2VfZGF5cyI6MTAxMSwidmlfdXNlY2FzZV9pZCI6MTAwOTksImR1cmF0aW9uX3MiOjg5LCJ1cmxnZW5fc291cmNlIjoid3d3In0%3D&ccb=17-1&vs=b24324d9267a040&_nc_vs=HBksFQIYT2lnX3hwdl9yZWVsc19wZXJtYW5lbnRfcHJvZC9FNTQ4NENGRUFCMzUzRjUyQUQxQjgxMDAzRkYwNTNCQV92aWRlb19kYXNoaW5pdC5tcDQVAALIARIAFQIYOnBhc3N0aHJvdWdoX2V2ZXJzdG9yZS9HQXljNnhaNHQ1WnR4RFVCQUh1bDcwcjFhamtKYnFfRUFBQUYVAgLIARIAKAAYABsCiAd1c2Vfb2lsATEScHJvZ3Jlc3NpdmVfcmVjaXBlATEVAAAmsJvdu924mAEVAigCQzMsF0BWd2yLQ5WBGBJkYXNoX2Jhc2VsaW5lXzFfdjERAHX-B2XmnQEA&_nc_gid=79DVn-wC7AcKtHsjByeD8w&_nc_ss=7a22e&_nc_zt=28&oh=00_AQCqOdOxLiy_aQ2e2RvixWoFF7ZzgIDoiA11qvmpi1xmXA&oe=6A51F2C7
Cx30Ny5PWeo,https://www.instagram.com/reel/Cx30Ny5PWeo/,"Em um feed repleto de conteúdo igual, um ângulo inusitado pode parar a rolagem simplesmente pela quadra de padrão! No Trello do desafio já tem uma explicação detalhada de como aplicar, junto com vários link de vídeos que usaram ângulos para você se inspirar. Comente DESAFIO para fazer parte desse movimento!",1696197837,246761,11122,70.16600036621094,clips,https://scontent-poa1-1.cdninstagram.com/o1/v/t2/f2/m82/AQMVlfpz7GkCzTU-IcbXVK9WJ8AsST7TuaQ8uhznhg3X8eDjPfQuVgYb1qBaXrBnu9E8LxFI7mipmcOJZk83ySFDrpHhUgcQkDldihQ.mp4?_nc_cat=110&_nc_sid=5e9851&_nc_ht=scontent-poa1-1.cdninstagram.com&_nc_ohc=nqrNLV1zjDwQ7kNvwE5MjHM&efg=eyJ2ZW5jb2RlX3RhZyI6Inhwdl9wcm9ncmVzc2l2ZS5JTlNUQUdSQU0uQ0xJUFMuQzMuNzIwLmRhc2hfYmFzZWxpbmVfMV92MSIsInhwdl9hc3NldF9pZCI6NjcwNjgyOTk1MTU3OTM0LCJhc3NldF9hZ2VfZGF5cyI6MTAxMSwidmlfdXNlY2FzZV9pZCI6MTAwOTksImR1cmF0aW9uX3MiOjcwLCJ1cmxnZW5fc291cmNlIjoid3d3In0%3D&ccb=17-1&vs=8fe8051d55b932e5&_nc_vs=HBksFQIYT2lnX3hwdl9yZWVsc19wZXJtYW5lbnRfcHJvZC85QzQwNTk4ODZDRTM1OTlCQzUyQzYyMUEzMkM4RUNBOV92aWRlb19kYXNoaW5pdC5tcDQVAALIARIAFQIYOnBhc3N0aHJvdWdoX2V2ZXJzdG9yZS9HSkdiN3hZSkw5SWhpSHdDQUhnUksxbzVnVTgwYnFfRUFBQUYVAgLIARIAKAAYABsCiAd1c2Vfb2lsATEScHJvZ3Jlc3NpdmVfcmVjaXBlATEVAAAm3K732vH-sAIVAigCQzMsF0BRip--dsi0GBJkYXNoX2Jhc2VsaW5lXzFfdjERAHX-B2XmnQEA&_nc_gid=79DVn-wC7AcKtHsjByeD8w&_nc_ss=7a22e&_nc_zt=28&oh=00_AQB7L5d7anHirB7-_avAuxuQTa2Opp9VU0lMo1YiSue5rA&oe=6A51C4B7
Cx3WSCVLG77,https://www.instagram.com/reel/Cx3WSCVLG77/,"Seja bem vindo ao Desafio #FormatoCriativo, por 32 vamos viver uma jornada de criatividade e impacto. Vamos juntos? Escreva “DESAFIO” nos comentários:",1696181874,156008,6349,89.43299865722656,clips,https://scontent-poa1-1.cdninstagram.com/o1/v/t2/f2/m82/AQNWlUorDiaI-hcOaXxWcxwspnnXQxOvm7y7YHGz6l02oJpuTW7CmY17DSP90JHidjRJmyT4qdT0-mt2Pxt4QIjfTsingEfAwf-Gyog.mp4?_nc_cat=105&_nc_sid=5e9851&_nc_ht=scontent-poa1-1.cdninstagram.com&_nc_ohc=st9UnfK4bOwQ7kNvwFHk-eC&efg=eyJ2ZW5jb2RlX3RhZyI6Inhwdl9wcm9ncmVzc2l2ZS5JTlNUQUdSQU0uQ0xJUFMuQzMuNzIwLmRhc2hfYmFzZWxpbmVfMV92MSIsInhwdl9hc3NldF9pZCI6MzUxOTAwNDMwNTk1NTQ1LCJhc3NldF9hZ2VfZGF5cyI6MTAxMiwidmlfdXNlY2FzZV9pZCI6MTAwOTksImR1cmF0aW9uX3MiOjg5LCJ1cmxnZW5fc291cmNlIjoid3d3In0%3D&ccb=17-1&vs=25bf86125e45033d&_nc_vs=HBksFQIYT2lnX3hwdl9yZWVsc19wZXJtYW5lbnRfcHJvZC9EMjQ0QjM2OUQ3MDI3NDUzODM3NERFQkQxNEE4MENBOV92aWRlb19kYXNoaW5pdC5tcDQVAALIARIAFQIYOnBhc3N0aHJvdWdoX2V2ZXJzdG9yZS9HS1lGLVJZcE9mQXFzUWdEQUxaaVQtay04VWxNYnFfRUFBQUYVAgLIARIAKAAYABsCiAd1c2Vfb2lsATEScHJvZ3Jlc3NpdmVfcmVjaXBlATEVAAAmstfLwqaDoAEVAigCQzMsF0BWW7ZFocrBGBJkYXNoX2Jhc2VsaW5lXzFfdjERAHX-B2XmnQEA&_nc_gid=79DVn-wC7AcKtHsjByeD8w&_nc_ss=7a22e&_nc_zt=28&oh=00_AQBejzSTN-jjqW4ZGV2gciqiSPML92Eg2hWxQ8pahT1AKg&oe=6A51DDEE
Cxq5ZDuP_fQ,https://www.instagram.com/reel/Cxq5ZDuP_fQ/,"Sim, estaremos JUNTOS nessa. Todos os dias. O Desafio FORMATO CRIATIVO vem para sofisticar o nível do mercado e você precisa se preparar! Teremos comunidade, planejamento, encontros ao vivo e surpresas nessa jornada. FALTAM 5 DIAS. ⚡️",1695764075,103425,4330,60.90399932861328,clips,https://scontent-poa1-1.cdninstagram.com/o1/v/t2/f2/m82/AQPtohA28vwjSoNlmvyoJz9HPbWQxc1M3f594vf5fqLIs4-_P3OEFz5zbdKA4_qHHCw6rYmX3uX-t28laf_Re9P_i9tBLUB1p6lDxmw.mp4?_nc_cat=106&_nc_sid=5e9851&_nc_ht=scontent-poa1-1.cdninstagram.com&_nc_ohc=ONfZRT3PiaMQ7kNvwHdr9Q6&efg=eyJ2ZW5jb2RlX3RhZyI6Inhwdl9wcm9ncmVzc2l2ZS5JTlNUQUdSQU0uQ0xJUFMuQzMuNzIwLmRhc2hfYmFzZWxpbmVfMV92MSIsInhwdl9hc3NldF9pZCI6NzE5Nzg5Njk2NjUyOTQwLCJhc3NldF9hZ2VfZGF5cyI6MTAxNiwidmlfdXNlY2FzZV9pZCI6MTAwOTksImR1cmF0aW9uX3MiOjYwLCJ1cmxnZW5fc291cmNlIjoid3d3In0%3D&ccb=17-1&vs=55cba2aa9dbeb837&_nc_vs=HBksFQIYT2lnX3hwdl9yZWVsc19wZXJtYW5lbnRfcHJvZC8zNTRFREE5NjYzRjVFRTU0RUQ1RTY3MkVBOUY4NTJBRl92aWRlb19kYXNoaW5pdC5tcDQVAALIARIAFQIYOnBhc3N0aHJvdWdoX2V2ZXJzdG9yZS9HT3A0N3hZTjZCNTN5SVVBQUEwR1RmVEF4NFVvYnFfRUFBQUYVAgLIARIAKAAYABsCiAd1c2Vfb2lsATEScHJvZ3Jlc3NpdmVfcmVjaXBlATEVAAAmmNr0kqOpxwIVAigCQzMsF0BOczMzMzMzGBJkYXNoX2Jhc2VsaW5lXzFfdjERAHX-B2XmnQEA&_nc_gid=79DVn-wC7AcKtHsjByeD8w&_nc_ss=7a22e&_nc_zt=28&oh=00_AQClaFbGrvJMbgSP_BzDJ1ELHV4KrcwllMj-kBXS7nh9Ew&oe=6A51E66F
CxQhJ86rRQr,https://www.instagram.com/reel/CxQhJ86rRQr/,"Não é sorte. Não é dom. Não é hack. Os roteiros que você tanto admira são criados a partir de um método simples e replicável. Descobrir a estrutura IHC mudou o meu jogo no digital e pode transformar o seu também. Se você quer ter acesso a exata estrutura que eu uso pra criar os meus roteiros passo a passo, com detalhes e exemplos… Escreva HISTÓRIA nos comentários que eu vou te mostrar como:",1694879359,441422,21829,89.88200378417969,clips,https://scontent-poa1-1.cdninstagram.com/o1/v/t2/f2/m82/AQMNaYRPSlYoPtNqSeCxUj5BO3ezKMrt20h0eJtWq0JER5bNDvzoa7CorAE-9IQVgRNvltkRpz_cBlKi8vr-YPWYqX290Z5DgwrLOSo.mp4?_nc_cat=105&_nc_sid=5e9851&_nc_ht=scontent-poa1-1.cdninstagram.com&_nc_ohc=DacMYAdilPsQ7kNvwHZ-1-S&efg=eyJ2ZW5jb2RlX3RhZyI6Inhwdl9wcm9ncmVzc2l2ZS5JTlNUQUdSQU0uQ0xJUFMuQzMuNzIwLmRhc2hfYmFzZWxpbmVfMV92MSIsInhwdl9hc3NldF9pZCI6MjkzNTkyNTc2NzQ2NzcyLCJhc3NldF9hZ2VfZGF5cyI6MTAyNywidmlfdXNlY2FzZV9pZCI6MTAwOTksImR1cmF0aW9uX3MiOjg5LCJ1cmxnZW5fc291cmNlIjoid3d3In0%3D&ccb=17-1&vs=3a477cc568da1875&_nc_vs=HBksFQIYT2lnX3hwdl9yZWVsc19wZXJtYW5lbnRfcHJvZC8xQTRFOTM2Nzk0NDcxRUM0QzdCODQ5RUE2MDA0QUFBRl92aWRlb19kYXNoaW5pdC5tcDQVAALIARIAFQIYOnBhc3N0aHJvdWdoX2V2ZXJzdG9yZS9HTHlkb3haMFY5NUlYd3NEQU41MHpwbnI2Q0VBYnFfRUFBQUYVAgLIARIAKAAYABsCiAd1c2Vfb2lsATEScHJvZ3Jlc3NpdmVfcmVjaXBlATEVAAAmqJT3k6vBhQEVAigCQzMsF0BWd2yLQ5WBGBJkYXNoX2Jhc2VsaW5lXzFfdjERAHX-B2XmnQEA&_nc_gid=79DVn-wC7AcKtHsjByeD8w&_nc_ss=7a22e&_nc_zt=28&oh=00_AQAprmseQSEVZGpRmXVIpZuAzRXv5gufEGrPAvvXBcqLhw&oe=6A51CD26
Cw6Ek59r6AH,https://www.instagram.com/reel/Cw6Ek59r6AH/,"Quando fomos contratados para fazer os vídeos desse mastermind, eu não sabia onde estava entrando… Tampouco imaginava a revolução que ali aconteceria. Sim, essa é a nova HERA do digital - porque elas não se odeiam, e agora, estão mais unidas que nunca! 🌹",1694126306,202323,15646,89.46600341796875,clips,https://scontent-poa1-1.cdninstagram.com/o1/v/t2/f2/m82/AQOXeR4klOaMiok3rvA4u2koLOfyMi5CpwG-tYcXV4OUWvsjyxsgiOpDMgBiBU3uMUD96m9qGzlb8RMjtRrVAW7uABkkp94u_rcivtc.mp4?_nc_cat=106&_nc_sid=5e9851&_nc_ht=scontent-poa1-1.cdninstagram.com&_nc_ohc=DlA4jHCE__UQ7kNvwFZcZbq&efg=eyJ2ZW5jb2RlX3RhZyI6Inhwdl9wcm9ncmVzc2l2ZS5JTlNUQUdSQU0uQ0xJUFMuQzMuNzIwLmRhc2hfYmFzZWxpbmVfMV92MSIsInhwdl9hc3NldF9pZCI6MTAzNTkwNjY3NzQ1MTcxMSwiYXNzZXRfYWdlX2RheXMiOjEwMzUsInZpX3VzZWNhc2VfaWQiOjEwMDk5LCJkdXJhdGlvbl9zIjo4OSwidXJsZ2VuX3NvdXJjZSI6Ind3dyJ9&ccb=17-1&vs=3f584a724e301e27&_nc_vs=HBksFQIYT2lnX3hwdl9yZWVsc19wZXJtYW5lbnRfcHJvZC82MjRENTY5RDcyRTExMzJFQjU3RjI1RkNCQTUxRjNBMV92aWRlb19kYXNoaW5pdC5tcDQVAALIARIAFQIYOnBhc3N0aHJvdWdoX2V2ZXJzdG9yZS9HSGZhWmhhaV9wN1dXVzBDQUZUalAyQlFLT2dDYnFfRUFBQUYVAgLIARIAKAAYABsCiAd1c2Vfb2lsATEScHJvZ3Jlc3NpdmVfcmVjaXBlATEVAAAm_q69mNqJ1wMVAigCQzMsF0BWXdLxqfvnGBJkYXNoX2Jhc2VsaW5lXzFfdjERAHX-B2XmnQEA&_nc_gid=79DVn-wC7AcKtHsjByeD8w&_nc_ss=7a22e&_nc_zt=28&oh=00_AQAzHvQOg8LQ8Sqst_YrGg1nhg1lknRPhekPVkGsCNVjng&oe=6A51E50B
CwoFlyjLDfV,https://www.instagram.com/reel/CwoFlyjLDfV/,"Ele é uma lenda, e com certeza algumas estratégias de marketing que você conhece hoje têm grande influência dos segredos de Russell Brunson. E, pela primeira vez esses segredos estão na nossa lingua, disponíveis na H1 Store com uma experiência de aprendizado excepcional. Basta clicar no link da @h1editora",1693522325,87240,4310,89.88200378417969,clips,https://scontent-poa1-1.cdninstagram.com/o1/v/t2/f2/m82/AQN7gjjLDZN9BBgfPZ9MBtdXQXMwupyFqasqqBFQdPo0nOdmmqBgt8Ze4eYc1KLTM6G38Li3qkR4KlV0LufcQIIEHlPZeE-wc-vekDU.mp4?_nc_cat=107&_nc_sid=5e9851&_nc_ht=scontent-poa1-1.cdninstagram.com&_nc_ohc=pBJRCXImzioQ7kNvwG2Whnc&efg=eyJ2ZW5jb2RlX3RhZyI6Inhwdl9wcm9ncmVzc2l2ZS5JTlNUQUdSQU0uQ0xJUFMuQzMuNzIwLmRhc2hfYmFzZWxpbmVfMV92MSIsInhwdl9hc3NldF9pZCI6OTg5OTUyNzYyMzE1ODU2LCJhc3NldF9hZ2VfZGF5cyI6MTA0MiwidmlfdXNlY2FzZV9pZCI6MTAwOTksImR1cmF0aW9uX3MiOjg5LCJ1cmxnZW5fc291cmNlIjoid3d3In0%3D&ccb=17-1&vs=1991c9de376cfb3&_nc_vs=HBksFQIYT2lnX3hwdl9yZWVsc19wZXJtYW5lbnRfcHJvZC81RDQ0NEY1NTkzREIyMDhCNjVFOTc0ODY2RDdEOENBRl92aWRlb19kYXNoaW5pdC5tcDQVAALIARIAFQIYOnBhc3N0aHJvdWdoX2V2ZXJzdG9yZS9HQ3pxT1JZX0VPb1JSY3dFQU9jYjdHbE50a1VJYnFfRUFBQUYVAgLIARIAKAAYABsCiAd1c2Vfb2lsATEScHJvZ3Jlc3NpdmVfcmVjaXBlATEVAAAmoJHw6-qWwgMVAigCQzMsF0BWd2yLQ5WBGBJkYXNoX2Jhc2VsaW5lXzFfdjERAHX-B2XmnQEA&_nc_gid=79DVn-wC7AcKtHsjByeD8w&_nc_ss=7a22e&_nc_zt=28&oh=00_AQC_Y4BJyW0mfyvkNHlV7AhYlGqrQOFhVAu6piyV7vtD8Q&oe=6A51C1A8
CwkxdQ7ti3d,https://www.instagram.com/reel/CwkxdQ7ti3d/,"A culpa é sua e você da ela pra quem você quiser, né? 🤣",1693411260,81105,5858,89.46600341796875,clips,https://scontent-poa1-1.cdninstagram.com/o1/v/t2/f2/m82/AQOsmxb2xLfnYN9VK_-hF1tn9a9WnKREFIRchARGaZxtEVSGt_GYUg_qs1AvuLvUzEfST85ACgJENUla1J5JiHBxHQ7M_GoXp6HV8z8.mp4?_nc_cat=104&_nc_sid=5e9851&_nc_ht=scontent-poa1-1.cdninstagram.com&_nc_ohc=33RAvHChtTwQ7kNvwHYd_ht&efg=eyJ2ZW5jb2RlX3RhZyI6Inhwdl9wcm9ncmVzc2l2ZS5JTlNUQUdSQU0uQ0xJUFMuQzMuNzIwLmRhc2hfYmFzZWxpbmVfMV92MSIsInhwdl9hc3NldF9pZCI6MzIzMjkzMTcwMTYyMzA5LCJhc3NldF9hZ2VfZGF5cyI6MTA0NCwidmlfdXNlY2FzZV9pZCI6MTAwOTksImR1cmF0aW9uX3MiOjg5LCJ1cmxnZW5fc291cmNlIjoid3d3In0%3D&ccb=17-1&vs=b61681c6ecefabe7&_nc_vs=HBksFQIYT2lnX3hwdl9yZWVsc19wZXJtYW5lbnRfcHJvZC85MzQzNkEwMjc3Q0E4MDMwN0NEQ0FGRTQxNkVDMjk4Q192aWRlb19kYXNoaW5pdC5tcDQVAALIARIAFQIYOnBhc3N0aHJvdWdoX2V2ZXJzdG9yZS9HQUZJTmhiX2tzeXdHZlVBQUVXeWxJYkZPMHdPYnFfRUFBQUYVAgLIARIAKAAYABsCiAd1c2Vfb2lsATEScHJvZ3Jlc3NpdmVfcmVjaXBlATEVAAAmiuqG6ZGCkwEVAigCQzMsF0BWXdLxqfvnGBJkYXNoX2Jhc2VsaW5lXzFfdjERAHX-B2XmnQEA&_nc_gid=79DVn-wC7AcKtHsjByeD8w&_nc_ss=7a22e&_nc_zt=28&oh=00_AQB5wfr37vyVx8MWGh5iTREt2F1c7tM_wXGpdUMfZ2M4wA&oe=6A51DBC1
CwD-4CHtbdT,https://www.instagram.com/reel/CwD-4CHtbdT/,criativo é quem conecta ideias 🧩,1692310937,358038,13191,67.10399627685547,clips,https://scontent-poa1-1.cdninstagram.com/o1/v/t2/f2/m82/AQP1V0LZBq6gIUa464p3DMbPG--O9gfK_XMjIOkxuR2lxJ-PP_0rQ-PS2-6SpwDm3wtVcq1cwMAvD8lYcVVFXxb6f_pQhUCULg06_Sw.mp4?_nc_cat=100&_nc_sid=5e9851&_nc_ht=scontent-poa1-1.cdninstagram.com&_nc_ohc=3gnQIXPGxAsQ7kNvwEIoxoz&efg=eyJ2ZW5jb2RlX3RhZyI6Inhwdl9wcm9ncmVzc2l2ZS5JTlNUQUdSQU0uQ0xJUFMuQzMuNzIwLmRhc2hfYmFzZWxpbmVfMV92MSIsInhwdl9hc3NldF9pZCI6MTM4NTUzMTczODY2NDAyNCwiYXNzZXRfYWdlX2RheXMiOjEwNTYsInZpX3VzZWNhc2VfaWQiOjEwMDk5LCJkdXJhdGlvbl9zIjo2NywidXJsZ2VuX3NvdXJjZSI6Ind3dyJ9&ccb=17-1&vs=26c9007f11e4546b&_nc_vs=HBksFQIYT2lnX3hwdl9yZWVsc19wZXJtYW5lbnRfcHJvZC9CQzQyNjk5ODEwQzE3OEY4QTY0NzM4N0NGRUMwMEU5Ql92aWRlb19kYXNoaW5pdC5tcDQVAALIARIAFQIYOnBhc3N0aHJvdWdoX2V2ZXJzdG9yZS9HUE4tOFJXTGx4cWNpVllDQURMVGhndGpUa293YnFfRUFBQUYVAgLIARIAKAAYABsCiAd1c2Vfb2lsATEScHJvZ3Jlc3NpdmVfcmVjaXBlATEVAAAmsLHd8ceI9gQVAigCQzMsF0BQxmZmZmZmGBJkYXNoX2Jhc2VsaW5lXzFfdjERAHX-B2XmnQEA&_nc_gid=79DVn-wC7AcKtHsjByeD8w&_nc_ss=7a22e&_nc_zt=28&oh=00_AQAWQndpf0QBYkJTZAJ45hbgL6x1dlB4o27ncrijJOQYmg&oe=6A51EB8D
Cv8LatpuS9S,https://www.instagram.com/reel/Cv8LatpuS9S/,"Aquilo não era um tênis. Era uma história que ela queria viver. E assim, marketing e amor na mesma frase nunca fizeram tanto sentido! 💗 Para aprender como contar a história de amor da sua marca, esse livro vai ser seu guia. Disponível agora na @h1editora",1692048962,149201,11881,89.93299865722656,clips,https://scontent-poa1-1.cdninstagram.com/o1/v/t2/f2/m82/AQOtWEPeIISog6f_fs7HpGUxZp-m3aYRmW9aDbtiwVDkGAPBTJ35YzcxIVPIhE49uTOBdNEgdecdCARpC25ykKiVxVM7K9lEECqRed4.mp4?_nc_cat=106&_nc_sid=5e9851&_nc_ht=scontent-poa1-1.cdninstagram.com&_nc_ohc=-413hsH1qlkQ7kNvwGJ1gnW&efg=eyJ2ZW5jb2RlX3RhZyI6Inhwdl9wcm9ncmVzc2l2ZS5JTlNUQUdSQU0uQ0xJUFMuQzMuNzIwLmRhc2hfYmFzZWxpbmVfMV92MSIsInhwdl9hc3NldF9pZCI6MjM4NDcxNDExOTU3MDQ3LCJhc3NldF9hZ2VfZGF5cyI6MTA1OSwidmlfdXNlY2FzZV9pZCI6MTAwOTksImR1cmF0aW9uX3MiOjg5LCJ1cmxnZW5fc291cmNlIjoid3d3In0%3D&ccb=17-1&vs=b8b6e7651f33c202&_nc_vs=HBksFQIYT2lnX3hwdl9yZWVsc19wZXJtYW5lbnRfcHJvZC84NTRGQzQ2OTZGQUJEOTc2NEFDQkExNTMxQjBCREFCM192aWRlb19kYXNoaW5pdC5tcDQVAALIARIAFQIYOnBhc3N0aHJvdWdoX2V2ZXJzdG9yZS9HRTNsN1JYVmhaSFg2ZU1DQVBLbFFUZXZzeEUyYnFfRUFBQUYVAgLIARIAKAAYABsCiAd1c2Vfb2lsATEScHJvZ3Jlc3NpdmVfcmVjaXBlATEVAAAm7vTjvO64bBUCKAJDMywXQFZ7tkWhysEYEmRhc2hfYmFzZWxpbmVfMV92MREAdf4HZeadAQA&_nc_gid=79DVn-wC7AcKtHsjByeD8w&_nc_ss=7a22e&_nc_zt=28&oh=00_AQB0NbpZz86uqCgvIfpQnAsDaTxk9WoheghcvwXFYxNvrA&oe=6A51F00F
Cv0gp1PASmQ,https://www.instagram.com/reel/Cv0gp1PASmQ/,"Quer criar reels envolventes e alcançar mais pessoas? Conte historias! É isso que a @hanahfranklin e o @alefmarqs te ensinam. Para assistir à aula, clique no link da bio e assine O Novo Mercado.",1691791736,106204,3215,48.099998474121094,clips,https://scontent-poa1-1.cdninstagram.com/o1/v/t2/f2/m82/AQPe_LAE-1friMqfMaFoKf_eCmqzghPTi7eNY90V6YysWChP-FpxBMj4z0-DaQ7oLXj97xmaCDuYSOOqNSasPQrlBreVMnO9XhCqzek.mp4?_nc_cat=109&_nc_sid=5e9851&_nc_ht=scontent-poa1-1.cdninstagram.com&_nc_ohc=Pun_1rWaK1wQ7kNvwFiBOH7&efg=eyJ2ZW5jb2RlX3RhZyI6Inhwdl9wcm9ncmVzc2l2ZS5JTlNUQUdSQU0uQ0xJUFMuQzMuNzIwLmRhc2hfYmFzZWxpbmVfMV92MSIsInhwdl9hc3NldF9pZCI6MjcwMzA5MDI5MDcxMTk3LCJhc3NldF9hZ2VfZGF5cyI6MTA2MiwidmlfdXNlY2FzZV9pZCI6MTAwOTksImR1cmF0aW9uX3MiOjQ4LCJ1cmxnZW5fc291cmNlIjoid3d3In0%3D&ccb=17-1&vs=27a42246c2453704&_nc_vs=HBksFQIYT2lnX3hwdl9yZWVsc19wZXJtYW5lbnRfcHJvZC9DQjRBNEJEMkM3MTBERTdDQkUyQkYzQkMxNkE0Rjg4Ml92aWRlb19kYXNoaW5pdC5tcDQVAALIARIAFQIYOnBhc3N0aHJvdWdoX2V2ZXJzdG9yZS9HS2lWNWhWSVVGYkJJWlFFQU5xMWlUM0pUT0ZuYnFfRUFBQUYVAgLIARIAKAAYABsCiAd1c2Vfb2lsATEScHJvZ3Jlc3NpdmVfcmVjaXBlATEVAAAmuqXCmof2ehUCKAJDMywXQEgMzMzMzM0YEmRhc2hfYmFzZWxpbmVfMV92MREAdf4HZeadAQA&_nc_gid=PiBOlhk_xsawVvQI44jGcQ&_nc_ss=7a22e&_nc_zt=28&oh=00_AQAoUe8KcgPQ6IvTM52ulMfkTyJXbz1miK4ZyTtbUhbeAQ&oe=6A51CDBE
CvsEB1SvhIU,https://www.instagram.com/reel/CvsEB1SvhIU/,"Chega de se enganar, brainstorm infinito NÃO É produtivo. Ideias não valem nada até serem executadas! 🎯 Se você é essa pessoa, Toque a Campainha vai te ajudar a deixar de ser. Basta clicar no link da bio da @h1editora",1691508249,63331,2980,46.465999603271484,clips,https://scontent-poa1-1.cdninstagram.com/o1/v/t2/f2/m82/AQPLwk1vFzSfk1xFPEXn6JozZgFlA6-hL_u5LNI1j7U_2nWEJO_wDS3gPCcRKEUehJJSaGiMwgPEdNEVpwGKf-ouoSNBN9kUHvXvIAE.mp4?_nc_cat=100&_nc_sid=5e9851&_nc_ht=scontent-poa1-1.cdninstagram.com&_nc_ohc=Nlgcmm8jBmMQ7kNvwEPrabr&efg=eyJ2ZW5jb2RlX3RhZyI6Inhwdl9wcm9ncmVzc2l2ZS5JTlNUQUdSQU0uQ0xJUFMuQzMuNzIwLmRhc2hfYmFzZWxpbmVfMV92MSIsInhwdl9hc3NldF9pZCI6NjE5NzA2NDczMDQwMjM1MCwiYXNzZXRfYWdlX2RheXMiOjEwNjYsInZpX3VzZWNhc2VfaWQiOjEwMDk5LCJkdXJhdGlvbl9zIjo0NiwidXJsZ2VuX3NvdXJjZSI6Ind3dyJ9&ccb=17-1&vs=e6b043639c4af921&_nc_vs=HBksFQIYT2lnX3hwdl9yZWVsc19wZXJtYW5lbnRfcHJvZC81RDQ2NENFRjBDMzY3OTQ3OTE1MEU0OEZFNTYzOUNBRF92aWRlb19kYXNoaW5pdC5tcDQVAALIARIAFQIYOnBhc3N0aHJvdWdoX2V2ZXJzdG9yZS9HUC1nMXhVeDBGWXVOZndDQUxnX2JBN0pUNk5yYnFfRUFBQUYVAgLIARIAKAAYABsCiAd1c2Vfb2lsATEScHJvZ3Jlc3NpdmVfcmVjaXBlATEVAAAm3Pi-ntKMghYVAigCQzMsF0BHO6XjU_fPGBJkYXNoX2Jhc2VsaW5lXzFfdjERAHX-B2XmnQEA&_nc_gid=PiBOlhk_xsawVvQI44jGcQ&_nc_ss=7a22e&_nc_zt=28&oh=00_AQBsYFsnmSjamb2NC8KA1AAMys32t8lbopNHWdR9hb8kOg&oe=6A51D265
CvqMWXGPkpI,https://www.instagram.com/reel/CvqMWXGPkpI/,"Eu comecei a despertar quando fui impactava por um conteúdo gratuito de alguém. Hoje tenho muito orgulho de fazer o mesmo! E por isso, aceitei o convite da BrandLovers para preparar algumas aulas sobre Processos da Criação de Conteúdo. 6 aulas gratuitas estão disponíveis pra você que precisa dar o primeiro passo. Basta clicar no link da bio da @brandlovrs",1691445471,45792,2326,89.88200378417969,clips,https://scontent-poa1-1.cdninstagram.com/o1/v/t2/f2/m82/AQMVHR54Wj-GN3pBKcGDZsxnBy1MPc26tO6vg4p03e5QS1D1u0UX4Y9XXKKbW2jRhyN8ISh9kfiOKU5gXjcPOFHQEAEL4SCbkUut6rg.mp4?_nc_cat=107&_nc_sid=5e9851&_nc_ht=scontent-poa1-1.cdninstagram.com&_nc_ohc=_9LTzAqdYuQQ7kNvwHQ0OES&efg=eyJ2ZW5jb2RlX3RhZyI6Inhwdl9wcm9ncmVzc2l2ZS5JTlNUQUdSQU0uQ0xJUFMuQzMuNzIwLmRhc2hfYmFzZWxpbmVfMV92MSIsInhwdl9hc3NldF9pZCI6MTYyOTIxNzg4NzQ4Nzc4OSwiYXNzZXRfYWdlX2RheXMiOjEwNjYsInZpX3VzZWNhc2VfaWQiOjEwMDk5LCJkdXJhdGlvbl9zIjo4OSwidXJsZ2VuX3NvdXJjZSI6Ind3dyJ9&ccb=17-1&vs=36bf12847eb39feb&_nc_vs=HBksFQIYT2lnX3hwdl9yZWVsc19wZXJtYW5lbnRfcHJvZC84MjRGNUNBQTlGN0FFNzlDRkU5M0FENDhFMzAxNjhCRl92aWRlb19kYXNoaW5pdC5tcDQVAALIARIAFQIYOnBhc3N0aHJvdWdoX2V2ZXJzdG9yZS9HSTVJMHhWTU43WElzUHdGQUVYZFdVVEFfZUVSYnFfRUFBQUYVAgLIARIAKAAYABsCiAd1c2Vfb2lsATEScHJvZ3Jlc3NpdmVfcmVjaXBlATEVAAAm2pyQl_vw5AUVAigCQzMsF0BWd2yLQ5WBGBJkYXNoX2Jhc2VsaW5lXzFfdjERAHX-B2XmnQEA&_nc_gid=PiBOlhk_xsawVvQI44jGcQ&_nc_ss=7a22e&_nc_zt=28&oh=00_AQBX6yrJM5FxU1c-MfPM__qw81MvGjNBY_fi9nCmUEJufg&oe=6A51DE34
CvcVDiiOogI,https://www.instagram.com/reel/CvcVDiiOogI/,"Aula ao vivo n’O Novo Mercado HOJE com a gente, e o tema é: Como usar Storytelling para seus Reels? ⚡️ Bora?!",1690980447,58522,2877,89.88200378417969,clips,https://scontent-poa1-1.cdninstagram.com/o1/v/t2/f2/m82/AQMiIUHkybatk9-Klza-wNgLou59Q4yydeXm6GtnGCFHN3Qu5Nw_5YEzALITupt11gzmLsrlwuGaUyc2j-eePETBKYfhA898GPEo1qM.mp4?_nc_cat=105&_nc_sid=5e9851&_nc_ht=scontent-poa1-1.cdninstagram.com&_nc_ohc=pzbIvSAGQz4Q7kNvwHqXs6A&efg=eyJ2ZW5jb2RlX3RhZyI6Inhwdl9wcm9ncmVzc2l2ZS5JTlNUQUdSQU0uQ0xJUFMuQzMuNzIwLmRhc2hfYmFzZWxpbmVfMV92MSIsInhwdl9hc3NldF9pZCI6MjIyNjgxNjQwMzAxNjM2LCJhc3NldF9hZ2VfZGF5cyI6MTA3MiwidmlfdXNlY2FzZV9pZCI6MTAwOTksImR1cmF0aW9uX3MiOjg5LCJ1cmxnZW5fc291cmNlIjoid3d3In0%3D&ccb=17-1&vs=8779ab798b02e179&_nc_vs=HBksFQIYT2lnX3hwdl9yZWVsc19wZXJtYW5lbnRfcHJvZC85RjQyM0VDREE3OEFDNkFCMjE0RjdFNTlGMDI2RTE5OF92aWRlb19kYXNoaW5pdC5tcDQVAALIARIAFQIYOnBhc3N0aHJvdWdoX2V2ZXJzdG9yZS9HUEF3d1JVTVFlZGV1MThGQUEyN3hrdnVVZ3MzYnFfRUFBQUYVAgLIARIAKAAYABsCiAd1c2Vfb2lsATEScHJvZ3Jlc3NpdmVfcmVjaXBlATEVAAAmiNGLweOhZRUCKAJDMywXQFZ3bItDlYEYEmRhc2hfYmFzZWxpbmVfMV92MREAdf4HZeadAQA&_nc_gid=PiBOlhk_xsawVvQI44jGcQ&_nc_ss=7a22e&_nc_zt=28&oh=00_AQDMoMyx-l80QO6l5V2I1tciKipd_pJHO26m1wRmwRl0AQ&oe=6A51CD4A
CvLblIfPNSl,https://www.instagram.com/reel/CvLblIfPNSl/,"Entender. Visualizar. Aplicar. Se você quer dominar roteiros envolventes, esse é o melhor caminho, eu garanto! 🖤 E ainda ouso dizer que esse é o melhor método para aprender qualquer coisa…",1690413476,124597,9569,89.80000305175781,clips,https://scontent-poa1-1.cdninstagram.com/o1/v/t2/f2/m82/AQOARtIJhJzXg0OnKIHibLf1gBL90aLwkupeFQS8iYXj7n9TgwvtvnT7zOyjGzfHQEmw3KfGqPRI7tqEARpZNAL8pw5QmqjJIdIZV94.mp4?_nc_cat=105&_nc_sid=5e9851&_nc_ht=scontent-poa1-1.cdninstagram.com&_nc_ohc=QYQU4ZZAxdoQ7kNvwFWeVld&efg=eyJ2ZW5jb2RlX3RhZyI6Inhwdl9wcm9ncmVzc2l2ZS5JTlNUQUdSQU0uQ0xJUFMuQzMuNzIwLmRhc2hfYmFzZWxpbmVfMV92MSIsInhwdl9hc3NldF9pZCI6MTUwNDAzODg4NzA4MDIxNywiYXNzZXRfYWdlX2RheXMiOjEwNzgsInZpX3VzZWNhc2VfaWQiOjEwMDk5LCJkdXJhdGlvbl9zIjo4OSwidXJsZ2VuX3NvdXJjZSI6Ind3dyJ9&ccb=17-1&vs=e60b03f52495f9a1&_nc_vs=HBksFQIYT2lnX3hwdl9yZWVsc19wZXJtYW5lbnRfcHJvZC8yNjQ0QzAyNTAzN0RBNkU2MTIwNkVBODJGNUM2Qjg4Rl92aWRlb19kYXNoaW5pdC5tcDQVAALIARIAFQIYOnBhc3N0aHJvdWdoX2V2ZXJzdG9yZS9HRURCcWhYTHJiX2hrOXdBQVBpT0lva1NqbEFTYnFfRUFBQUYVAgLIARIAKAAYABsCiAd1c2Vfb2lsATEScHJvZ3Jlc3NpdmVfcmVjaXBlATEVAAAmsoS--cr6qwUVAigCQzMsF0BWczMzMzMzGBJkYXNoX2Jhc2VsaW5lXzFfdjERAHX-B2XmnQEA&_nc_gid=PiBOlhk_xsawVvQI44jGcQ&_nc_zt=28&_nc_ss=7a22e&oh=00_AQBCAvtCuXT_2Rvg9jVVpRmgOoNQ9DPUYElvmw3xlOaU5Q&oe=6A51F15E
CvGIZLBJL5V,https://www.instagram.com/reel/CvGIZLBJL5V/,"Abrace a imperfeição. Acredite, ninguém liga.",1690235696,84196,6535,88.72100067138672,clips,https://scontent-poa1-1.cdninstagram.com/o1/v/t2/f2/m82/AQMPL7NbXSYIIzr63cmyLA8abQqCxLLV7J2f0TPbhVNtL8KRBMCG73N7KXxmalIw5jjVbIeg8-2att2yp_38BATb9AdRc3cxsTX3Fss.mp4?_nc_cat=100&_nc_sid=5e9851&_nc_ht=scontent-poa1-1.cdninstagram.com&_nc_ohc=DDe6ZVPeVGkQ7kNvwGhgMZ8&efg=eyJ2ZW5jb2RlX3RhZyI6Inhwdl9wcm9ncmVzc2l2ZS5JTlNUQUdSQU0uQ0xJUFMuQzMuNDgwLmRhc2hfYmFzZWxpbmVfMl92MSIsInhwdl9hc3NldF9pZCI6MjM5MTA4MTM1NjU2NjU0LCJhc3NldF9hZ2VfZGF5cyI6MTA4MCwidmlfdXNlY2FzZV9pZCI6MTAwOTksImR1cmF0aW9uX3MiOjg4LCJ1cmxnZW5fc291cmNlIjoid3d3In0%3D&ccb=17-1&vs=8625181505f411b6&_nc_vs=HBksFQIYT2lnX3hwdl9yZWVsc19wZXJtYW5lbnRfcHJvZC9GODQ3Q0E4REY2NTUyMUZCQ0VCOEYwNjhBNkQ5MEQ4OF92aWRlb19kYXNoaW5pdC5tcDQVAALIARIAFQIYOnBhc3N0aHJvdWdoX2V2ZXJzdG9yZS9HRnBDb0JYRDhiWWxjb1VMQUZqQXZyd1lUaVJnYnFfRUFBQUYVAgLIARIAKAAYABsCiAd1c2Vfb2lsATEScHJvZ3Jlc3NpdmVfcmVjaXBlATEVAAAmnPPot_bdbBUCKAJDMywXQFYszMzMzM0YEmRhc2hfYmFzZWxpbmVfMl92MREAdf4HZeadAQA&_nc_gid=PiBOlhk_xsawVvQI44jGcQ&_nc_ss=7a22e&_nc_zt=28&oh=00_AQCAvU37JQ2BtbEJ8t919whxXuLGDyHEQ3AIlVtKQVh4iA&oe=6A51BCB1
Cu5PPYevI0f,https://www.instagram.com/reel/Cu5PPYevI0f/,Você não será o mesmo depois de enxergar o mundo como David Ogilvy. Os milagres da pesquisa são só detalhes de tudo que você vai descobrir neste livro. Prepare-se para desvendar a mente do maior publicitário do mundo. Sobre a Propaganda está disponível na @h1editora,1689802804,90978,6561,82.13300323486328,clips,https://scontent-poa1-1.cdninstagram.com/o1/v/t2/f2/m82/AQNpTuFwA068OoZu0BBJiv1R3oolqo41Y3kjRLewEtM8HZ7fkB57wgwSskcQVbDxp-u2KTUb88wu1JcwwrajGnQLDPXxkvstSFFpdEU.mp4?_nc_cat=110&_nc_sid=5e9851&_nc_ht=scontent-poa1-1.cdninstagram.com&_nc_ohc=pRKTi2hQUtkQ7kNvwEkymOZ&efg=eyJ2ZW5jb2RlX3RhZyI6Inhwdl9wcm9ncmVzc2l2ZS5JTlNUQUdSQU0uQ0xJUFMuQzMuNzIwLmRhc2hfYmFzZWxpbmVfMV92MSIsInhwdl9hc3NldF9pZCI6Njk3MTA5NjQyMjQyNjQ2LCJhc3NldF9hZ2VfZGF5cyI6MTA4NSwidmlfdXNlY2FzZV9pZCI6MTAwOTksImR1cmF0aW9uX3MiOjgyLCJ1cmxnZW5fc291cmNlIjoid3d3In0%3D&ccb=17-1&vs=dc7b2c47b640c6cc&_nc_vs=HBksFQIYT2lnX3hwdl9yZWVsc19wZXJtYW5lbnRfcHJvZC85NTQzQjY2QkRFMzE1MDNFNTNDQUNGMDdDNzlCMEFBNF92aWRlb19kYXNoaW5pdC5tcDQVAALIARIAFQIYOnBhc3N0aHJvdWdoX2V2ZXJzdG9yZS9HUFN1bHhYa0VEdllkU01GQUJHYXMtZjJZTzVlYnFfRUFBQUYVAgLIARIAKAAYABsCiAd1c2Vfb2lsATEScHJvZ3Jlc3NpdmVfcmVjaXBlATEVAAAmrKnDyY-BvQIVAigCQzMsF0BUiIMSbpeNGBJkYXNoX2Jhc2VsaW5lXzFfdjERAHX-B2XmnQEA&_nc_gid=PiBOlhk_xsawVvQI44jGcQ&_nc_ss=7a22e&_nc_zt=28&oh=00_AQBa2IffAxsqsAoORvG1GbMqvcnYThnE2MR68ZGDNzLWVw&oe=6A51C97B
Cu2rbkAJSuA,https://www.instagram.com/reel/Cu2rbkAJSuA/,eu não podia guardar isso só pra mim 🤍 espero que faça sentido pra você.,1689717061,82240,3970,85.0530014038086,clips,https://scontent-poa1-1.cdninstagram.com/o1/v/t2/f2/m82/AQP4J5Z9tTpnaC-X3yK348ghGyLBuV44bUxzSHYn6_fSxikRcRd0ymDJmLb6hq0rOcgfbpeZNSmp7J03h4hy0l5nEapufxqIZoLimro.mp4?_nc_cat=111&_nc_sid=5e9851&_nc_ht=scontent-poa1-1.cdninstagram.com&_nc_ohc=N4DxVpDZyZoQ7kNvwH4vc8O&efg=eyJ2ZW5jb2RlX3RhZyI6Inhwdl9wcm9ncmVzc2l2ZS5JTlNUQUdSQU0uQ0xJUFMuQzMuNzIwLmRhc2hfYmFzZWxpbmVfMV92MSIsInhwdl9hc3NldF9pZCI6MTAyNjYzOTE3NTE3MTQ0NywiYXNzZXRfYWdlX2RheXMiOjEwODYsInZpX3VzZWNhc2VfaWQiOjEwMDk5LCJkdXJhdGlvbl9zIjo4NSwidXJsZ2VuX3NvdXJjZSI6Ind3dyJ9&ccb=17-1&vs=f94c4e2f3d796274&_nc_vs=HBksFQIYT2lnX3hwdl9yZWVsc19wZXJtYW5lbnRfcHJvZC84ODRGQzhDMTlENzU2N0ZCQjExQTYxNDlCNTI3RDg5Nl92aWRlb19kYXNoaW5pdC5tcDQVAALIARIAFQIYOnBhc3N0aHJvdWdoX2V2ZXJzdG9yZS9HTEpFbHhYZlRwSjlZcm9EQUhYcE5kSk1tZjVyYnFfRUFBQUYVAgLIARIAKAAYABsCiAd1c2Vfb2lsATEScHJvZ3Jlc3NpdmVfcmVjaXBlATEVAAAm7vXJ9aHu0gMVAigCQzMsF0BVQhysCDEnGBJkYXNoX2Jhc2VsaW5lXzFfdjERAHX-B2XmnQEA&_nc_gid=PiBOlhk_xsawVvQI44jGcQ&_nc_ss=7a22e&_nc_zt=28&oh=00_AQDQX7_Xr9zdeMVv1i0SLSmVf7IXCnwQ2XToQU0CPo7Cdg&oe=6A51BF68
CuxU1jBpo-F,https://www.instagram.com/reel/CuxU1jBpo-F/,"2 lições desta história: 1. Reescrever e revisar textos de bons copywriters vai mudar seu jogo e 2. Estar no ambiente de pessoas que sabem mais do que você, é o único atalho que existe. Por isso, mais uma vez, obrigada @berudolph e @amandaholzer 💛 Vocês mudaram minha história. Luv u!",1689537513,179362,15126,89,clips,https://scontent-poa1-1.cdninstagram.com/o1/v/t2/f2/m82/AQOCfN_oNVWN5RDy6fleu1xciiWMGgPqlqNPpLtkXsbEn_OlwvQlpJ1-J647qwYR5E-l1zOdp54qIKgb7SMWa7IO10zhirpk11pquwA.mp4?_nc_cat=105&_nc_sid=5e9851&_nc_ht=scontent-poa1-1.cdninstagram.com&_nc_ohc=zCOflnT-1JkQ7kNvwGsfqDY&efg=eyJ2ZW5jb2RlX3RhZyI6Inhwdl9wcm9ncmVzc2l2ZS5JTlNUQUdSQU0uQ0xJUFMuQzMuNzIwLmRhc2hfYmFzZWxpbmVfMV92MSIsInhwdl9hc3NldF9pZCI6NzU5NzIxOTIyNjIwNDEwLCJhc3NldF9hZ2VfZGF5cyI6MTA4OCwidmlfdXNlY2FzZV9pZCI6MTAwOTksImR1cmF0aW9uX3MiOjg5LCJ1cmxnZW5fc291cmNlIjoid3d3In0%3D&ccb=17-1&vs=74c5f2a59dcc3f1b&_nc_vs=HBksFQIYT2lnX3hwdl9yZWVsc19wZXJtYW5lbnRfcHJvZC81NDQ2NTFGQTkwRkI0OTk2QUFBQ0ZGQzQwQ0JGQjRBMV92aWRlb19kYXNoaW5pdC5tcDQVAALIARIAFQIYOnBhc3N0aHJvdWdoX2V2ZXJzdG9yZS9HS0ZoWHhYVWJqMndEUE1DQUdNNHZ4NGp0UDRpYnFfRUFBQUYVAgLIARIAKAAYABsCiAd1c2Vfb2lsATEScHJvZ3Jlc3NpdmVfcmVjaXBlATEVAAAm9K-btdG92QIVAigCQzMsF0BWQAAAAAAAGBJkYXNoX2Jhc2VsaW5lXzFfdjERAHX-B2XmnQEA&_nc_gid=PiBOlhk_xsawVvQI44jGcQ&_nc_ss=7a22e&_nc_zt=28&oh=00_AQAxqBMQPZnIiRXN12Tv-e8R1sruGJ7OgQhVKdIEib1lNA&oe=6A51C752
CuiAj36ggyC,https://www.instagram.com/reel/CuiAj36ggyC/,Você conhecia esses 3 efeitos colaterais de ter uma linguagem para seu perfil? 🗣️,1689023441,38538,2113,67.10399627685547,clips,https://scontent-poa1-1.cdninstagram.com/o1/v/t2/f2/m82/AQNAoWw62lIiVbGnSdmA5V1eQN3AlnQaiR1JYr_hpSeGJi84t_x1CaNCTKXqy8SKgugej-cGkvd_VyIiWXW9lMCdpQz-fAxv7sy9ABQ.mp4?_nc_cat=104&_nc_sid=5e9851&_nc_ht=scontent-poa1-1.cdninstagram.com&_nc_ohc=lR0ODlgeCd8Q7kNvwEONzPb&efg=eyJ2ZW5jb2RlX3RhZyI6Inhwdl9wcm9ncmVzc2l2ZS5JTlNUQUdSQU0uQ0xJUFMuQzMuNzIwLmRhc2hfYmFzZWxpbmVfMV92MSIsInhwdl9hc3NldF9pZCI6MTA1MjQ0MzIwMjM5MTUzNiwiYXNzZXRfYWdlX2RheXMiOjEwOTQsInZpX3VzZWNhc2VfaWQiOjEwMDk5LCJkdXJhdGlvbl9zIjo2NywidXJsZ2VuX3NvdXJjZSI6Ind3dyJ9&ccb=17-1&vs=41daf2c735d38cc6&_nc_vs=HBksFQIYT2lnX3hwdl9yZWVsc19wZXJtYW5lbnRfcHJvZC83NzQ2ODhEMEIzNzJDRUE5NDlGMUIwQjU3N0UzNDZCRV92aWRlb19kYXNoaW5pdC5tcDQVAALIARIAFQIYOnBhc3N0aHJvdWdoX2V2ZXJzdG9yZS9HSGZyZFJXWmt6c1pRUklCQU5tYnNzMmNfR1VkYnFfRUFBQUYVAgLIARIAKAAYABsCiAd1c2Vfb2lsATEScHJvZ3Jlc3NpdmVfcmVjaXBlATEVAAAm4LfM86DM3gMVAigCQzMsF0BQxmZmZmZmGBJkYXNoX2Jhc2VsaW5lXzFfdjERAHX-B2XmnQEA&_nc_gid=PiBOlhk_xsawVvQI44jGcQ&_nc_ss=7a22e&_nc_zt=28&oh=00_AQCEKLIkyAXgqS166k1eHoKeCIXqm63sLLvIgNqOjAcjmg&oe=6A51C51D
CuUgX0_vQq8,https://www.instagram.com/reel/CuUgX0_vQq8/,"A verdade é que por muitos anos a sociedade no geral nos obrigou a ler coisas que não faziam sentido para nós. A consequência disso foi criar pessoas que não gostam de ler, acham livros chatos, entediantes… Eu verdadeiramente entendo se você for assim… só não precisa ser pra sempre! A @h1editora não vende livros, vende uma nova experiência em excelência de aprendizado. 🤍",1688570340,59310,2741,70.9000015258789,clips,https://scontent-poa1-1.cdninstagram.com/o1/v/t2/f2/m82/AQMnfupbZQn71RSSWVQ8pjLkhLPI3TOqfGmJBvpMvc7wMl4yC6REsrvUuj6Y6wK3jjPMZa4i8m-CJenDNFnGfVLAKvA1jzfOcGmDW3A.mp4?_nc_cat=101&_nc_sid=5e9851&_nc_ht=scontent-poa1-1.cdninstagram.com&_nc_ohc=-QxGTMYP0RIQ7kNvwEaKtZY&efg=eyJ2ZW5jb2RlX3RhZyI6Inhwdl9wcm9ncmVzc2l2ZS5JTlNUQUdSQU0uQ0xJUFMuQzMuNzIwLmRhc2hfYmFzZWxpbmVfMV92MSIsInhwdl9hc3NldF9pZCI6NzI5OTQwNDI4Nzk5NTI5LCJhc3NldF9hZ2VfZGF5cyI6MTEwMCwidmlfdXNlY2FzZV9pZCI6MTAwOTksImR1cmF0aW9uX3MiOjcwLCJ1cmxnZW5fc291cmNlIjoid3d3In0%3D&ccb=17-1&vs=91b904b61c585593&_nc_vs=HBksFQIYT2lnX3hwdl9yZWVsc19wZXJtYW5lbnRfcHJvZC8xQTQ1N0M1NjE5ODFCNjE0QkQyNTYwQjhCOUYxQzQ5M192aWRlb19kYXNoaW5pdC5tcDQVAALIARIAFQIYOnBhc3N0aHJvdWdoX2V2ZXJzdG9yZS9HTmJQWEJXODRDczJ5cG9EQUktdWs2TDBoSE14YnFfRUFBQUYVAgLIARIAKAAYABsCiAd1c2Vfb2lsATEScHJvZ3Jlc3NpdmVfcmVjaXBlATEVAAAm0vi5_4_4ywIVAigCQzMsF0BRuZmZmZmaGBJkYXNoX2Jhc2VsaW5lXzFfdjERAHX-B2XmnQEA&_nc_gid=PiBOlhk_xsawVvQI44jGcQ&_nc_ss=7a22e&_nc_zt=28&oh=00_AQCDe_aSbNU9Gn8IzxZ3cWCs3XqyA6BKYl_3TiOFHUazzA&oe=6A51DB1E
CuQG9ScPBM3,https://www.instagram.com/reel/CuQG9ScPBM3/,se eu tentasse fazer perfeito não tinha nem começado ainda 🙃 bora?,1688422930,45315,2573,47.632999420166016,clips,https://scontent-poa1-1.cdninstagram.com/o1/v/t2/f2/m82/AQO112ZozNyiQgbvb8HfqYoL1jBJzWV0jZCbuFKxK9DEngmnnvk-wavKE_3xuPt2oX6SzUvkTi9XCkXWpDUy2uh7rfSWE7WzwpEOZ4s.mp4?_nc_cat=110&_nc_sid=5e9851&_nc_ht=scontent-poa1-1.cdninstagram.com&_nc_ohc=ySw7Vz3wJ8UQ7kNvwFAsh2_&efg=eyJ2ZW5jb2RlX3RhZyI6Inhwdl9wcm9ncmVzc2l2ZS5JTlNUQUdSQU0uQ0xJUFMuQzMuNzIwLmRhc2hfYmFzZWxpbmVfMV92MSIsInhwdl9hc3NldF9pZCI6ODA1Mjc2ODExMDQzMzUwLCJhc3NldF9hZ2VfZGF5cyI6MTEwMSwidmlfdXNlY2FzZV9pZCI6MTAwOTksImR1cmF0aW9uX3MiOjQ3LCJ1cmxnZW5fc291cmNlIjoid3d3In0%3D&ccb=17-1&vs=9c697cfdeb076602&_nc_vs=HBksFQIYT2lnX3hwdl9yZWVsc19wZXJtYW5lbnRfcHJvZC83NDRCMDgxRjFENzlGODIwQUZDNDhGQjJGODYyMUM4OF92aWRlb19kYXNoaW5pdC5tcDQVAALIARIAFQIYOnBhc3N0aHJvdWdoX2V2ZXJzdG9yZS9HUC1iVmhXdUI0YTZRdndDQUtRa19hS2ZTS2NwYnFfRUFBQUYVAgLIARIAKAAYABsCiAd1c2Vfb2lsATEScHJvZ3Jlc3NpdmVfcmVjaXBlATEVAAAmrIil5KOZ7gIVAigCQzMsF0BH0QYk3S8bGBJkYXNoX2Jhc2VsaW5lXzFfdjERAHX-B2XmnQEA&_nc_gid=PiBOlhk_xsawVvQI44jGcQ&_nc_ss=7a22e&_nc_zt=28&oh=00_AQCOXcrWKzEjl8E4Mhb7vdmo-clKo4_jPE_pnKaxMIlVog&oe=6A51C4A7
CuCqft8NR-W,https://www.instagram.com/reel/CuCqft8NR-W/,"Essas são as últimas pra você aproveitar essa OFERTA ESPECIAL. Você vai aprender o passo a passo que a gente usa pra criar conteúdo com personalidade, conexão e impacto. Além disso ganha um curso novo de mentalidade, bônus de gravação criativa, módulo de social media e a algumas surpresas a mais. Mas essa oportunidade se encerra hoje e nunca mais vai se repetir nesse formato. O link está na bio :)",1687972800,32146,740,89.80000305175781,clips,https://scontent-poa1-1.cdninstagram.com/o1/v/t2/f2/m82/AQM4gWWPW2Z2lXcdu7beQqMT76b64_Vmvw9jZWTPbxJXOhQTlvD0UyBoRNcH-7glVz7xc8ief2dKK6zTr9wTBx3o7ZudZkVG5ovByuo.mp4?_nc_cat=102&_nc_sid=5e9851&_nc_ht=scontent-poa1-1.cdninstagram.com&_nc_ohc=DH28PrFlLDYQ7kNvwEFrRYO&efg=eyJ2ZW5jb2RlX3RhZyI6Inhwdl9wcm9ncmVzc2l2ZS5JTlNUQUdSQU0uQ0xJUFMuQzMuNzIwLmRhc2hfYmFzZWxpbmVfMV92MSIsInhwdl9hc3NldF9pZCI6OTcxMTE0NTI0MjI4ODE3LCJhc3NldF9hZ2VfZGF5cyI6MTEwNywidmlfdXNlY2FzZV9pZCI6MTAwOTksImR1cmF0aW9uX3MiOjg5LCJ1cmxnZW5fc291cmNlIjoid3d3In0%3D&ccb=17-1&vs=b398898baa1237e4&_nc_vs=HBksFQIYT2lnX3hwdl9yZWVsc19wZXJtYW5lbnRfcHJvZC9DMzREQ0I2RjgyNTQzQjVFNEQyRDkyQzBEQzA2QzVBQ192aWRlb19kYXNoaW5pdC5tcDQVAALIARIAFQIYOnBhc3N0aHJvdWdoX2V2ZXJzdG9yZS9HR3duU2hYcmJ0S25BWDhHQUw2cFUyT3JrdkFSYnFfRUFBQUYVAgLIARIAKAAYABsCiAd1c2Vfb2lsATEScHJvZ3Jlc3NpdmVfcmVjaXBlATEVAAAmovOFhKfOuQMVAigCQzMsF0BWczMzMzMzGBJkYXNoX2Jhc2VsaW5lXzFfdjERAHX-B2XmnQEA&_nc_gid=hoCDf9NnudbsvXnJwSMFYg&_nc_ss=7a22e&_nc_zt=28&oh=00_AQAjnlQCw_tokR1Pw7YT9Em_vtC0GagL66MkN9U9k5oJbQ&oe=6A51E05F
CuCLdKzvKJH,https://www.instagram.com/reel/CuCLdKzvKJH/,ÚLTIMAS HORAS! Essa é a sua última chance de aproveitar essa oferta que nunca mais vai se repetir. Às 23h59 as portas para essa turma especial vão se fecham. O link está na bio.,1687955649,30431,657,44.132999420166016,clips,https://scontent-poa1-1.cdninstagram.com/o1/v/t2/f2/m82/AQMhWc8jaLeEdqZgX3zRhgXSHTF5w3raexkGDnE5bHWKPQdVXNXZStcHnBvFixEoktYb54HlJ3XQs8S1qwhHHrKWWB42iHcNPJy8kdA.mp4?_nc_cat=105&_nc_sid=5e9851&_nc_ht=scontent-poa1-1.cdninstagram.com&_nc_ohc=xhMQQLHI0Y8Q7kNvwF6pz-n&efg=eyJ2ZW5jb2RlX3RhZyI6Inhwdl9wcm9ncmVzc2l2ZS5JTlNUQUdSQU0uQ0xJUFMuQzMuNzIwLmRhc2hfYmFzZWxpbmVfMV92MSIsInhwdl9hc3NldF9pZCI6Mjg5MTA5ODcwMjUzMjQ4LCJhc3NldF9hZ2VfZGF5cyI6MTEwNywidmlfdXNlY2FzZV9pZCI6MTAwOTksImR1cmF0aW9uX3MiOjQ0LCJ1cmxnZW5fc291cmNlIjoid3d3In0%3D&ccb=17-1&vs=3bbf89f257337451&_nc_vs=HBksFQIYT2lnX3hwdl9yZWVsc19wZXJtYW5lbnRfcHJvZC9DMjRDMkRFREE2QzY1NjMwMzE0NDM5QzMwMUFCOTBBOF92aWRlb19kYXNoaW5pdC5tcDQVAALIARIAFQIYOnBhc3N0aHJvdWdoX2V2ZXJzdG9yZS9HTmN1UmhYU1g0VW0wcndIQUZPWFJzUXFqa0VyYnFfRUFBQUYVAgLIARIAKAAYABsCiAd1c2Vfb2lsATEScHJvZ3Jlc3NpdmVfcmVjaXBlATEVAAAmgNPwsbS8gwEVAigCQzMsF0BGEQYk3S8bGBJkYXNoX2Jhc2VsaW5lXzFfdjERAHX-B2XmnQEA&_nc_gid=hoCDf9NnudbsvXnJwSMFYg&_nc_ss=7a22e&_nc_zt=28&oh=00_AQDcpurE9bLQ2xcBCzgklOJ8ZR5fYhZ2v5nP9Y5C2lLkAg&oe=6A51E852
CuAvSyGJAMG,https://www.instagram.com/reel/CuAvSyGJAMG/,"Gravação Criativa: O Segredo por trás dos nossos Reels! 🎥⚡️ Esse bônus vai facilmente virar um pilar gigantesco na Criadores, e você pode aproveitar se comprar AGORA. Escreva VÍDEOS para vir descobrir todos os nossos segredos:",1687907006,46048,1973,61.233001708984375,clips,https://scontent-poa1-1.cdninstagram.com/o1/v/t2/f2/m82/AQONDMTcYe1mtDjkFzNxAQTJdL9EEuqs7Mvh5xYfJh6CT2q92GNmM9OKoS_NfqsiZ9i2filcTkBTY8dVkSJR4_etVpL9RVLTNfa4V3s.mp4?_nc_cat=106&_nc_sid=5e9851&_nc_ht=scontent-poa1-1.cdninstagram.com&_nc_ohc=4ACn4JUPby0Q7kNvwEoj8TF&efg=eyJ2ZW5jb2RlX3RhZyI6Inhwdl9wcm9ncmVzc2l2ZS5JTlNUQUdSQU0uQ0xJUFMuQzMuNzIwLmRhc2hfYmFzZWxpbmVfMV92MSIsInhwdl9hc3NldF9pZCI6MTM5MDk5NTIxNDgwMTk5MywiYXNzZXRfYWdlX2RheXMiOjExMDcsInZpX3VzZWNhc2VfaWQiOjEwMDk5LCJkdXJhdGlvbl9zIjo2MSwidXJsZ2VuX3NvdXJjZSI6Ind3dyJ9&ccb=17-1&vs=19f9effecbac414b&_nc_vs=HBksFQIYT2lnX3hwdl9yZWVsc19wZXJtYW5lbnRfcHJvZC9CQTQ0Qzg2MjgxQjU3MDA5QkU4NjVFNDA4QjVEMjFCQV92aWRlb19kYXNoaW5pdC5tcDQVAALIARIAFQIYOnBhc3N0aHJvdWdoX2V2ZXJzdG9yZS9HQlg2LWhRa0NWby1kbndFQVBGSi1nLWU5U2M5YnFfRUFBQUYVAgLIARIAKAAYABsCiAd1c2Vfb2lsATEScHJvZ3Jlc3NpdmVfcmVjaXBlATEVAAAmkvHM-snG-AQVAigCQzMsF0BOndLxqfvnGBJkYXNoX2Jhc2VsaW5lXzFfdjERAHX-B2XmnQEA&_nc_gid=hoCDf9NnudbsvXnJwSMFYg&_nc_ss=7a22e&_nc_zt=28&oh=00_AQDEwuSigQPM9GG6sOmJ47aFNedwGkNTnpANTC0Ar0kKAA&oe=6A51E18F
Ct_vsayOayX,https://www.instagram.com/reel/Ct_vsayOayX/,"A @leticiayuki_ era de certa forma explorada, mas tudo mudou quando ela aprendeu a se posicionar como uma Social Media do Futuro. Melhorou suas habilidades, fez seu nome, ganhou dinheiro e ainda pôde acompanhar o crescimento da sua linda baby de perto. Se você quer aprender a fazer o mesmo, comente SOCIAL MEDIA ou clique no link da minha bio.",1687873777,41545,1399,72.53299713134766,clips,https://scontent-poa1-1.cdninstagram.com/o1/v/t2/f2/m82/AQMNqk0QcnmjZbUBL3sGl48-ZltwbcWvwpis92x46vU57yvfkiKAt9pEnptcgqppED4J38X23uQVtyF0WdpYoM6bgYaA70feONoeE3E.mp4?_nc_cat=102&_nc_sid=5e9851&_nc_ht=scontent-poa1-1.cdninstagram.com&_nc_ohc=v9-JAvh6Sl4Q7kNvwG_M2Td&efg=eyJ2ZW5jb2RlX3RhZyI6Inhwdl9wcm9ncmVzc2l2ZS5JTlNUQUdSQU0uQ0xJUFMuQzMuNzIwLmRhc2hfYmFzZWxpbmVfMV92MSIsInhwdl9hc3NldF9pZCI6ODAwMjE1MjM1MDMyMDQ2LCJhc3NldF9hZ2VfZGF5cyI6MTEwOCwidmlfdXNlY2FzZV9pZCI6MTAwOTksImR1cmF0aW9uX3MiOjcyLCJ1cmxnZW5fc291cmNlIjoid3d3In0%3D&ccb=17-1&vs=b908a63e0874f9d6&_nc_vs=HBksFQIYT2lnX3hwdl9yZWVsc19wZXJtYW5lbnRfcHJvZC8wOTRFMzFFRDZCNEFGQkE5MkY2NTdBMTdCNTczREI5RF92aWRlb19kYXNoaW5pdC5tcDQVAALIARIAFQIYOnBhc3N0aHJvdWdoX2V2ZXJzdG9yZS9HTmZMUXhVMm1rQWh0dlFBQVBaTjNqYUJ2RE1wYnFfRUFBQUYVAgLIARIAKAAYABsCiAd1c2Vfb2lsATEScHJvZ3Jlc3NpdmVfcmVjaXBlATEVAAAm3M-fjdTy6wIVAigCQzMsF0BSIhysCDEnGBJkYXNoX2Jhc2VsaW5lXzFfdjERAHX-B2XmnQEA&_nc_gid=hoCDf9NnudbsvXnJwSMFYg&_nc_ss=7a22e&_nc_zt=28&oh=00_AQBnxVvMe3uB4ZB5q5HnVgh2Eaydk55Z8NnUz57-M0n-Vw&oe=6A51D4F7
Ct-Hk0fxtnH,https://www.instagram.com/reel/Ct-Hk0fxtnH/,"Você tem um banco para sacar dinheiro do passado, mas não está usando. Esse banco são as histórias que você viveu, e por mais que você pense que a sua história é chata demais pra isso, eu preciso esclarecer as coisas… Não existe história chata, existe história mal contada. Se você aprender o método para gerar conexão e dinheiro através da sua própria história basta escrever FUTURO nos comentários.",1687819299,29750,951,89.67400360107422,clips,https://scontent-poa1-1.cdninstagram.com/o1/v/t2/f2/m82/AQMcxCy28Kj2xbSbGFxg78swQTHuh--lsFKuPvY_cyMuxYFUh4gvDiPvOMFYx3dc6vAV4YQ31WhtpyLVHeF2tKsmzPGRAGsGbz7BAW8.mp4?_nc_cat=108&_nc_sid=5e9851&_nc_ht=scontent-poa1-1.cdninstagram.com&_nc_ohc=roBRaDkYwOsQ7kNvwGqrrnf&efg=eyJ2ZW5jb2RlX3RhZyI6Inhwdl9wcm9ncmVzc2l2ZS5JTlNUQUdSQU0uQ0xJUFMuQzMuNzIwLmRhc2hfYmFzZWxpbmVfMV92MSIsInhwdl9hc3NldF9pZCI6NjQ5NzA2NDcwNTE5ODc3LCJhc3NldF9hZ2VfZGF5cyI6MTEwOCwidmlfdXNlY2FzZV9pZCI6MTAwOTksImR1cmF0aW9uX3MiOjg5LCJ1cmxnZW5fc291cmNlIjoid3d3In0%3D&ccb=17-1&vs=f1113e5458571233&_nc_vs=HBksFQIYT2lnX3hwdl9yZWVsc19wZXJtYW5lbnRfcHJvZC85NDREODUxQzk5RjE5NTQ3QjY1MTk2ODcxMENDRDRBQ192aWRlb19kYXNoaW5pdC5tcDQVAALIARIAFQIYOnBhc3N0aHJvdWdoX2V2ZXJzdG9yZS9HRmlUSVJVLVIyeXZUTm9BQUE2N2VVTE1UeW90YnFfRUFBQUYVAgLIARIAKAAYABsCiAd1c2Vfb2lsATEScHJvZ3Jlc3NpdmVfcmVjaXBlATEVAAAmitGRtvK5pwIVAigCQzMsF0BWap--dsi0GBJkYXNoX2Jhc2VsaW5lXzFfdjERAHX-B2XmnQEA&_nc_gid=hoCDf9NnudbsvXnJwSMFYg&_nc_ss=7a22e&_nc_zt=28&oh=00_AQC11rrdv6DWW9QdCGShzxyjYYqrJXsmnnGR_aSHoPc8sg&oe=6A51C931
Ct7lw9_Rky8,https://www.instagram.com/reel/Ct7lw9_Rky8/,"Ele fez 1 milhão de faturamento com apenas uma história. Quando você aprender a contar a história certa pra pessoa certa, o seu jogo vai mudar no digital. Pra conhecer mais de perto essa estratégia, escreva “NARRATIVA” nos comentários que eu te mostro.",1687734594,155048,9133,78.76000213623047,clips,https://scontent-poa1-1.cdninstagram.com/o1/v/t2/f2/m82/AQNlwYpMk7uf0QnlhqgBlzCK82zH-PZ7N5JSzvH6toSBm6_NczI37MkgeuQANne_m8_F5IGqEWPEvLXmgeQrgJk7K8dadm_Eco07Rg4.mp4?_nc_cat=109&_nc_sid=5e9851&_nc_ht=scontent-poa1-1.cdninstagram.com&_nc_ohc=1guZreJ22vAQ7kNvwGvJElt&efg=eyJ2ZW5jb2RlX3RhZyI6Inhwdl9wcm9ncmVzc2l2ZS5JTlNUQUdSQU0uQ0xJUFMuQzMuNzIwLmRhc2hfYmFzZWxpbmVfMV92MSIsInhwdl9hc3NldF9pZCI6MjQ4MTUwMDY3OTM4NjUzLCJhc3NldF9hZ2VfZGF5cyI6MTEwOSwidmlfdXNlY2FzZV9pZCI6MTAwOTksImR1cmF0aW9uX3MiOjc4LCJ1cmxnZW5fc291cmNlIjoid3d3In0%3D&ccb=17-1&vs=3f93abc610a3c4a1&_nc_vs=HBksFQIYT2lnX3hwdl9yZWVsc19wZXJtYW5lbnRfcHJvZC9FRDQ2NzUyREE3NEFDMEYwRDIxQUQyRTkxNEU0RDRCNF92aWRlb19kYXNoaW5pdC5tcDQVAALIARIAFQIYOnBhc3N0aHJvdWdoX2V2ZXJzdG9yZS9HRmlPUUJYVk1PV1NjTzBBQVB4VnhQWnlaMTg4YnFfRUFBQUYVAgLIARIAKAAYABsCiAd1c2Vfb2lsATEScHJvZ3Jlc3NpdmVfcmVjaXBlATEVAAAmupW0ip7scBUCKAJDMywXQFOu6XjU_fQYEmRhc2hfYmFzZWxpbmVfMV92MREAdf4HZeadAQA&_nc_gid=hoCDf9NnudbsvXnJwSMFYg&_nc_ss=7a22e&_nc_zt=28&oh=00_AQDKCTGqE9BiVTEDbydzXkUTJKBj2OSxFDPthloKz6iWEw&oe=6A51D4F2
Ct44rBLJkcq,https://www.instagram.com/reel/Ct44rBLJkcq/,Essa é só uma das técnicas de Storytelling que a gente ensina na comunidade Criadores do Futuro. ⚡️ Link na bio.,1687643654,38671,2413,82.76599884033203,clips,https://scontent-poa1-1.cdninstagram.com/o1/v/t2/f2/m82/AQPl4KHyT65meMECg64f0PfcBzW5VTArv5_hf6Umn-ffdQ7pVrgfML31b8Pq7S9i-XktxUDaKoNJgjWj6J3eKLFWAuIOnuzeplNod2U.mp4?_nc_cat=104&_nc_sid=5e9851&_nc_ht=scontent-poa1-1.cdninstagram.com&_nc_ohc=r1765b10SigQ7kNvwGPMT2B&efg=eyJ2ZW5jb2RlX3RhZyI6Inhwdl9wcm9ncmVzc2l2ZS5JTlNUQUdSQU0uQ0xJUFMuQzMuNzIwLmRhc2hfYmFzZWxpbmVfMV92MSIsInhwdl9hc3NldF9pZCI6MTk1NjExNzI2MTQzMzQ1MSwiYXNzZXRfYWdlX2RheXMiOjExMTAsInZpX3VzZWNhc2VfaWQiOjEwMDk5LCJkdXJhdGlvbl9zIjo4MiwidXJsZ2VuX3NvdXJjZSI6Ind3dyJ9&ccb=17-1&vs=df04db3a2ed21498&_nc_vs=HBksFQIYT2lnX3hwdl9yZWVsc19wZXJtYW5lbnRfcHJvZC84QTRGQjM4NTI2RTZERUY3REMyMUI1MzNGNjI2NjdBNl92aWRlb19kYXNoaW5pdC5tcDQVAALIARIAFQIYOnBhc3N0aHJvdWdoX2V2ZXJzdG9yZS9HRlAwSVJWSVJLQnF3bVlEQUg5RG9aTGxmbE5qYnFfRUFBQUYVAgLIARIAKAAYABsCiAd1c2Vfb2lsATEScHJvZ3Jlc3NpdmVfcmVjaXBlATEVAAAm1umNqIHF-QYVAigCQzMsF0BUsQYk3S8bGBJkYXNoX2Jhc2VsaW5lXzFfdjERAHX-B2XmnQEA&_nc_gid=hoCDf9NnudbsvXnJwSMFYg&_nc_ss=7a22e&_nc_zt=28&oh=00_AQAtb8shQ03qup5hvSQjNjc9XVH-gus5_BXis7CL4FlkCw&oe=6A51E005
Ct4RUeeMJUj,https://www.instagram.com/reel/Ct4RUeeMJUj/,"A @tainacordovaa mudou sua realidade por completo com ambição, coragem e um método. Se você também tem a ambição de viver uma vida diferente e o que te falta é um método, eu quero te ajudar… Escreva NARRATIVA nos comentários que eu te explico como participar.",1687623453,36035,1303,83.63300323486328,clips,https://scontent-poa1-1.cdninstagram.com/o1/v/t2/f2/m82/AQOJG6eaE7CcfHntxtKN6XLWcdgOjMhrG0oqwkXCgwyt3WaDfSse5u3E1e9-Rz3RqnF2OPMFbCgg13CQmEWkqOhB7Ws7i1J2CggclFk.mp4?_nc_cat=103&_nc_sid=5e9851&_nc_ht=scontent-poa1-1.cdninstagram.com&_nc_ohc=e3T4yd63zNoQ7kNvwGcXmJ4&efg=eyJ2ZW5jb2RlX3RhZyI6Inhwdl9wcm9ncmVzc2l2ZS5JTlNUQUdSQU0uQ0xJUFMuQzMuNzIwLmRhc2hfYmFzZWxpbmVfMV92MSIsInhwdl9hc3NldF9pZCI6NjQwMDEyNDI0ODQ5NDg0LCJhc3NldF9hZ2VfZGF5cyI6MTExMSwidmlfdXNlY2FzZV9pZCI6MTAwOTksImR1cmF0aW9uX3MiOjgzLCJ1cmxnZW5fc291cmNlIjoid3d3In0%3D&ccb=17-1&vs=fc090a65e9855c55&_nc_vs=HBksFQIYT2lnX3hwdl9yZWVsc19wZXJtYW5lbnRfcHJvZC81ODQ1QUY2RjRDQTZFM0JFODI2RDgyRjdFRUM2NEJBNV92aWRlb19kYXNoaW5pdC5tcDQVAALIARIAFQIYOnBhc3N0aHJvdWdoX2V2ZXJzdG9yZS9HTlVUT0JWdGVfODUwR3NFQUtVRXJrYXp0eHc5YnFfRUFBQUYVAgLIARIAKAAYABsCiAd1c2Vfb2lsATEScHJvZ3Jlc3NpdmVfcmVjaXBlATEVAAAmmKHhk9CFowIVAigCQzMsF0BU6IMSbpeNGBJkYXNoX2Jhc2VsaW5lXzFfdjERAHX-B2XmnQEA&_nc_gid=hoCDf9NnudbsvXnJwSMFYg&_nc_ss=7a22e&_nc_zt=28&oh=00_AQAmhfvzLI7ll5dD_AsJLAKJ4Epu1_raOip8xqkxsffFTQ&oe=6A51D198
Ct1rv50xNCy,https://www.instagram.com/reel/Ct1rv50xNCy/,"Chega de fazer mais do mesmo. O mercado precisa de emoção, impacto e criatividade. Vamos criar o futuro juntos? ⚡️ Clique no link da bio ou digite FUTURO que eu te mostro como fazer parte:",1687536112,34785,1510,76.5770034790039,clips,https://scontent-poa1-1.cdninstagram.com/o1/v/t2/f2/m82/AQPy8ozdoGDLxQYX7lQhRCs1G3OAwigo5JRH9W2GFtaRmzRNB7H3gik2HpJ90PalijEfCj9vVeTPNSrEvnn-OQxuoYl90uiXaqX2Lu8.mp4?_nc_cat=111&_nc_sid=5e9851&_nc_ht=scontent-poa1-1.cdninstagram.com&_nc_ohc=ttV9erMC7gkQ7kNvwEEZuK0&efg=eyJ2ZW5jb2RlX3RhZyI6Inhwdl9wcm9ncmVzc2l2ZS5JTlNUQUdSQU0uQ0xJUFMuQzMuNzIwLmRhc2hfYmFzZWxpbmVfMV92MSIsInhwdl9hc3NldF9pZCI6MjQ4MTI0NDQ3OTI1NTA2LCJhc3NldF9hZ2VfZGF5cyI6MTExMiwidmlfdXNlY2FzZV9pZCI6MTAwOTksImR1cmF0aW9uX3MiOjc2LCJ1cmxnZW5fc291cmNlIjoid3d3In0%3D&ccb=17-1&vs=69574f2241b271c5&_nc_vs=HBksFQIYT2lnX3hwdl9yZWVsc19wZXJtYW5lbnRfcHJvZC83RDQ0QzhGRjMzMUQxNTYyRjVGNDhGNEI5NUFERTY5Nl92aWRlb19kYXNoaW5pdC5tcDQVAALIARIAFQIYOnBhc3N0aHJvdWdoX2V2ZXJzdG9yZS9HQUpJT0JVWElqWmpPY0FFQUpKTlYyZ3p0YnRkYnFfRUFBQUYVAgLIARIAKAAYABsCiAd1c2Vfb2lsATEScHJvZ3Jlc3NpdmVfcmVjaXBlATEVAAAmhJShmd_qcBUCKAJDMywXQFMkOVgQYk4YEmRhc2hfYmFzZWxpbmVfMV92MREAdf4HZeadAQA&_nc_gid=hoCDf9NnudbsvXnJwSMFYg&_nc_ss=7a22e&_nc_zt=28&oh=00_AQBfvwLoeJ1lQ1Plia97SV-Zd_zLiFK7mxw8O61hnZx6ng&oe=6A51CA48
CtxfH2tM0c1,https://www.instagram.com/reel/CtxfH2tM0c1/,"Você que percebeu a simulação, existe uma forma de sair dela: Criando seu Futuro. Apenas durante essa semana você compra 1 produto e leva 2. Conteúdo e Mentalidade unidos para transformar sua realidade nas dos seus sonhos! Link na bio.",1687395206,25065,881,90,clips,https://scontent-poa1-1.cdninstagram.com/o1/v/t2/f2/m82/AQMbTXyjmUjjRl-w4F-Y5-oHrLDJTbTVGAQZL9ckyLKIwgkK8knP5r52zW6DaQXErNXOHgX9sT9iW46NeM6r5DsNwZ761RPENDsqniw.mp4?_nc_cat=111&_nc_sid=5e9851&_nc_ht=scontent-poa1-1.cdninstagram.com&_nc_ohc=BeVGr53mOBsQ7kNvwGzbSmN&efg=eyJ2ZW5jb2RlX3RhZyI6Inhwdl9wcm9ncmVzc2l2ZS5JTlNUQUdSQU0uQ0xJUFMuQzMuNzIwLmRhc2hfYmFzZWxpbmVfMV92MSIsInhwdl9hc3NldF9pZCI6MTA1MTA0ODMyNjMyNjI4LCJhc3NldF9hZ2VfZGF5cyI6MTExMywidmlfdXNlY2FzZV9pZCI6MTAwOTksImR1cmF0aW9uX3MiOjkwLCJ1cmxnZW5fc291cmNlIjoid3d3In0%3D&ccb=17-1&vs=83fcbbbdf0911cd9&_nc_vs=HBksFQIYT2lnX3hwdl9yZWVsc19wZXJtYW5lbnRfcHJvZC8xODRDMDlEREU5MUI4MzM5RUNGQzMxREVFQTdGMUQ4Ml92aWRlb19kYXNoaW5pdC5tcDQVAALIARIAFQIYOnBhc3N0aHJvdWdoX2V2ZXJzdG9yZS9HRE9zeGhUbzEtS0tLRVVGQUMxTWZmYWtqM1lKYnFfRUFBQUYVAgLIARIAKAAYABsCiAd1c2Vfb2lsATEScHJvZ3Jlc3NpdmVfcmVjaXBlATEVAAAm6Ny0g_TlLxUCKAJDMywXQFaAAAAAAAAYEmRhc2hfYmFzZWxpbmVfMV92MREAdf4HZeadAQA&_nc_gid=hoCDf9NnudbsvXnJwSMFYg&_nc_ss=7a22e&_nc_zt=28&oh=00_AQCgnrqOHKMzIcSSPzTKXqP5GQHECTJZJKbmyVLg0aZVYw&oe=6A51CD8C
CtwV0AdPf-n,https://www.instagram.com/reel/CtwV0AdPf-n/,"Wake up! Isso que você chama de vida, não é real. Acorde para criar a realidade que você sempre sonhou! ⚡️ É HOJE.",1687356846,22960,691,30.232999801635742,clips,https://scontent-poa1-1.cdninstagram.com/o1/v/t2/f2/m82/AQNyYdki_T32w9TZX_lfUMG_yyoRy3iQpc68YfIDIpPbhGSRnWWW40M3SvK2FyBdOP3PibEDZ2r26Fn2NhTaUZJe0ewhFXQ3gjEpfTg.mp4?_nc_cat=107&_nc_sid=5e9851&_nc_ht=scontent-poa1-1.cdninstagram.com&_nc_ohc=Le89D1sW91cQ7kNvwEu5Mv6&efg=eyJ2ZW5jb2RlX3RhZyI6Inhwdl9wcm9ncmVzc2l2ZS5JTlNUQUdSQU0uQ0xJUFMuQzMuNzIwLmRhc2hfYmFzZWxpbmVfMV92MSIsInhwdl9hc3NldF9pZCI6OTM3MzA4MjI3MzY0MDAwLCJhc3NldF9hZ2VfZGF5cyI6MTExNCwidmlfdXNlY2FzZV9pZCI6MTAwOTksImR1cmF0aW9uX3MiOjMwLCJ1cmxnZW5fc291cmNlIjoid3d3In0%3D&ccb=17-1&vs=ab78ae1607a7cc9e&_nc_vs=HBksFQIYT2lnX3hwdl9yZWVsc19wZXJtYW5lbnRfcHJvZC9CMzRFNzgzMTk4NzY5RjQwQ0Q2REMwQUI1NEFCRjdBRF92aWRlb19kYXNoaW5pdC5tcDQVAALIARIAFQIYOnBhc3N0aHJvdWdoX2V2ZXJzdG9yZS9HSTJMTVJXMDFfRTJQcm9NQUJHUDd3ZDhxMUJCYnFfRUFBQUYVAgLIARIAKAAYABsCiAd1c2Vfb2lsATEScHJvZ3Jlc3NpdmVfcmVjaXBlATEVAAAmwJL_vsKeqgMVAigCQzMsF0A-O6XjU_fPGBJkYXNoX2Jhc2VsaW5lXzFfdjERAHX-B2XmnQEA&_nc_gid=hoCDf9NnudbsvXnJwSMFYg&_nc_ss=7a22e&_nc_zt=28&oh=00_AQDwrYPZAHgVp4fvmWyH6X1fqeNMVQmVkMCDndPWgoV12Q&oe=6A51C678
CtuwqiTOHRt,https://www.instagram.com/reel/CtuwqiTOHRt/,Aprenda construção de marca com Leonardo Dicaprio ⚡️🗣️ Você já tem uma LINGUAGEM do seu perfil?,1687303835,33492,1226,67.54299926757812,clips,https://scontent-poa1-1.cdninstagram.com/o1/v/t2/f2/m82/AQO_Fy5Wo9V3Rori2U_pIvECW6GCu1OmZyC0gIJ5Dy5qlzYY9GooWG06mQqWOLt6WL6_D9UTmwkflm6ntkiqPewWnhON7Qkg34AYV4w.mp4?_nc_cat=105&_nc_sid=5e9851&_nc_ht=scontent-poa1-1.cdninstagram.com&_nc_ohc=Q7zC3oKi470Q7kNvwEaN5cY&efg=eyJ2ZW5jb2RlX3RhZyI6Inhwdl9wcm9ncmVzc2l2ZS5JTlNUQUdSQU0uQ0xJUFMuQzMuNzIwLmRhc2hfYmFzZWxpbmVfMV92MSIsInhwdl9hc3NldF9pZCI6MTUwNjQ2MDkyMzQyMzYwOCwiYXNzZXRfYWdlX2RheXMiOjExMTQsInZpX3VzZWNhc2VfaWQiOjEwMDk5LCJkdXJhdGlvbl9zIjo2NywidXJsZ2VuX3NvdXJjZSI6Ind3dyJ9&ccb=17-1&vs=346807990a8d5b76&_nc_vs=HBksFQIYT2lnX3hwdl9yZWVsc19wZXJtYW5lbnRfcHJvZC8wMTQ0NzdDMTc2MUQ3MzEyNkE0MkNGMUMzNjJDRkI5Nl92aWRlb19kYXNoaW5pdC5tcDQVAALIARIAFQIYOnBhc3N0aHJvdWdoX2V2ZXJzdG9yZS9HQnN4RmhVNnpneDNiVzREQUVmYXFUenRSVHdBYnFfRUFBQUYVAgLIARIAKAAYABsCiAd1c2Vfb2lsATEScHJvZ3Jlc3NpdmVfcmVjaXBlATEVAAAm8K2rw8iHrQUVAigCQzMsF0BQ4hysCDEnGBJkYXNoX2Jhc2VsaW5lXzFfdjERAHX-B2XmnQEA&_nc_gid=hoCDf9NnudbsvXnJwSMFYg&_nc_ss=7a22e&_nc_zt=28&oh=00_AQDX3rWCNNJDIwIb8mVazJ-F2SU2wuNcdgfKenU0tr1Opg&oe=6A51D48A
CttlpGxPDCz,https://www.instagram.com/reel/CttlpGxPDCz/,O que te assusta mais? Você vem? Link na bio.,1687264480,51291,4290,18.966999053955078,clips,https://scontent-poa1-1.cdninstagram.com/o1/v/t2/f2/m82/AQOCEnoyJ-3L_ul9O7utjINyuJB2XXX7o5pHNKQdV9h2nBOJRK5fZXfySDV7HrkrGwFrxpCE_QPtMnAOCRaT1NCs_pHe0xBvDn_CgIM.mp4?_nc_cat=102&_nc_sid=5e9851&_nc_ht=scontent-poa1-1.cdninstagram.com&_nc_ohc=ugvHwJCkT5MQ7kNvwEUW7Vp&efg=eyJ2ZW5jb2RlX3RhZyI6Inhwdl9wcm9ncmVzc2l2ZS5JTlNUQUdSQU0uQ0xJUFMuQzMuNzIwLmRhc2hfYmFzZWxpbmVfMV92MSIsInhwdl9hc3NldF9pZCI6NzEwMDI3MzQwOTI0NTc3LCJhc3NldF9hZ2VfZGF5cyI6MTExNSwidmlfdXNlY2FzZV9pZCI6MTAwOTksImR1cmF0aW9uX3MiOjE4LCJ1cmxnZW5fc291cmNlIjoid3d3In0%3D&ccb=17-1&vs=7beca7f3d7e876f0&_nc_vs=HBksFQIYT2lnX3hwdl9yZWVsc19wZXJtYW5lbnRfcHJvZC9GRTRDMzlGMTVCRDU0MzI5QTFDNDBDQkIyMDBCQjhCRF92aWRlb19kYXNoaW5pdC5tcDQVAALIARIAFQIYOnBhc3N0aHJvdWdoX2V2ZXJzdG9yZS9HQzJ5THhVeVV5VThvNW9EQUlhWmN6eVJoMHhWYnFfRUFBQUYVAgLIARIAKAAYABsCiAd1c2Vfb2lsATEScHJvZ3Jlc3NpdmVfcmVjaXBlATEVAAAmwpr-9oPxwgIVAigCQzMsF0Ay90vGp--eGBJkYXNoX2Jhc2VsaW5lXzFfdjERAHX-B2XmnQEA&_nc_gid=Je8OJSZhk-P0_rQSiuqCEA&_nc_ss=7a22e&_nc_zt=28&oh=00_AQDCCMA42PiQbgNjxeykAE6bnoVfmR2VHYfxv8l2ZrcwDg&oe=6A51C713
CtsD5rkMAgT,https://www.instagram.com/reel/CtsD5rkMAgT/,"Se a Hanah do Futuro faz com maestria, significa que preciso começar agora! ⚡️",1687213206,19852,817,89.5999984741211,clips,https://scontent-poa1-1.cdninstagram.com/o1/v/t2/f2/m82/AQNx_edTZyTzicJ_0W8E_7WWZVHrL6MEHs-NgrpN1bugOPSR-AW4__wnvqL9jyYMxxs3fEUmcrx_AB8FWhIhyAvEY-ITgzNyz7ffjAM.mp4?_nc_cat=108&_nc_sid=5e9851&_nc_ht=scontent-poa1-1.cdninstagram.com&_nc_ohc=RWh-B2TkCYUQ7kNvwGShDnm&efg=eyJ2ZW5jb2RlX3RhZyI6Inhwdl9wcm9ncmVzc2l2ZS5JTlNUQUdSQU0uQ0xJUFMuQzMuNzIwLmRhc2hfYmFzZWxpbmVfMV92MSIsInhwdl9hc3NldF9pZCI6OTQ3OTI5NTc2NDczNDU5LCJhc3NldF9hZ2VfZGF5cyI6MTExNSwidmlfdXNlY2FzZV9pZCI6MTAwOTksImR1cmF0aW9uX3MiOjg5LCJ1cmxnZW5fc291cmNlIjoid3d3In0%3D&ccb=17-1&vs=ecc6810f92a9cf5d&_nc_vs=HBksFQIYT2lnX3hwdl9yZWVsc19wZXJtYW5lbnRfcHJvZC84MzQ2MEE5NDM1QkVGRTE0MTg3Qjk2RTBCMTYyNzI5Ml92aWRlb19kYXNoaW5pdC5tcDQVAALIARIAFQIYOnBhc3N0aHJvdWdoX2V2ZXJzdG9yZS9HTWVVS1JWOHRhM0VlVnNDQUtMWGZqNDF1bUFNYnFfRUFBQUYVAgLIARIAKAAYABsCiAd1c2Vfb2lsATEScHJvZ3Jlc3NpdmVfcmVjaXBlATEVAAAm5o3s2uGIrwMVAigCQzMsF0BWZmZmZmZmGBJkYXNoX2Jhc2VsaW5lXzFfdjERAHX-B2XmnQEA&_nc_gid=Je8OJSZhk-P0_rQSiuqCEA&_nc_ss=7a22e&_nc_zt=28&oh=00_AQD7kWoZ03Cv8HAgpTFeo37d21bChouqxhuPSy_r_gtdXA&oe=6A51D1BD
Ctq-C09s1Th,https://www.instagram.com/reel/Ctq-C09s1Th/,"Se você tá esperando a motivação chegar, você não entendeu nada… Faltam 2 dias para eu te entregar a real Chave da Motivação 🗝️⚡️",1687176584,24385,651,20.700000762939453,clips,https://scontent-poa1-1.cdninstagram.com/o1/v/t2/f2/m82/AQNDfEdFgYuyIdPzprGTja8X-2OH_62g1IN7iGtnpjVkI0t7KDFnGuoDnXBfxsApzmo23BeuCUMjC0X_1Cga4L6DAq5I2oD3MhIm0uY.mp4?_nc_cat=111&_nc_sid=5e9851&_nc_ht=scontent-poa1-1.cdninstagram.com&_nc_ohc=nHRhJfKe4zsQ7kNvwGugU3v&efg=eyJ2ZW5jb2RlX3RhZyI6Inhwdl9wcm9ncmVzc2l2ZS5JTlNUQUdSQU0uQ0xJUFMuQzMuNzIwLmRhc2hfYmFzZWxpbmVfMV92MSIsInhwdl9hc3NldF9pZCI6MTQwMzg0NTU3MzczNDIyMiwiYXNzZXRfYWdlX2RheXMiOjExMTYsInZpX3VzZWNhc2VfaWQiOjEwMDk5LCJkdXJhdGlvbl9zIjoyMCwidXJsZ2VuX3NvdXJjZSI6Ind3dyJ9&ccb=17-1&vs=c01cfd04ac42ec79&_nc_vs=HBksFQIYT2lnX3hwdl9yZWVsc19wZXJtYW5lbnRfcHJvZC85MDRFNDQ2OTIyQjU3RTk2QjYzRkFDQ0IzMDIzMENCQ192aWRlb19kYXNoaW5pdC5tcDQVAALIARIAFQIYOnBhc3N0aHJvdWdoX2V2ZXJzdG9yZS9HRnVmTEJYX1U1VjhuWndFQUhtVnBMZ01fSm9OYnFfRUFBQUYVAgLIARIAKAAYABsCiAd1c2Vfb2lsATEScHJvZ3Jlc3NpdmVfcmVjaXBlATEVAAAmnL3vy8iy_gQVAigCQzMsF0A0szMzMzMzGBJkYXNoX2Jhc2VsaW5lXzFfdjERAHX-B2XmnQEA&_nc_gid=Je8OJSZhk-P0_rQSiuqCEA&_nc_ss=7a22e&_nc_zt=28&oh=00_AQDzOSHJWnS-2lfOK9-nf3mGt_WoXB3GMHn7xsjbs0EoEQ&oe=6A51CD6C
Ctow6dnscB2,https://www.instagram.com/reel/Ctow6dnscB2/,"Sim, o @pedrosobral está alucinado e você deveria fazer o mesmo! Esse foi só 1 dos mais de 10 vídeos criativos que ele postou nas últimas semanas, e o resultado não poderia ser diferente: fez um dos maiores lançamentos da sua vida! Até quando você será ignorado? ⚡️ Comente “criatividade” para mudar isso!",1687102860,622548,49849,78.875,clips,https://scontent-poa1-1.cdninstagram.com/o1/v/t2/f2/m82/AQNv6uYIqIByy_cmX6KtstQZC0ykLGt1av9uGSpQQg2xR7PXFfDp9gaheQrvkn4dYntDZRZeLFK6RZFwQ86YDsiRKUpXL3q8Z8DYv2s.mp4?_nc_cat=101&_nc_sid=5e9851&_nc_ht=scontent-poa1-1.cdninstagram.com&_nc_ohc=-0opUuNgq9EQ7kNvwEr_laJ&efg=eyJ2ZW5jb2RlX3RhZyI6Inhwdl9wcm9ncmVzc2l2ZS5JTlNUQUdSQU0uQ0xJUFMuQzMuNzIwLmRhc2hfYmFzZWxpbmVfMV92MSIsInhwdl9hc3NldF9pZCI6NjQ2MTM3NzIwMzk5NTAzLCJhc3NldF9hZ2VfZGF5cyI6MTExNywidmlfdXNlY2FzZV9pZCI6MTAwOTksImR1cmF0aW9uX3MiOjc4LCJ1cmxnZW5fc291cmNlIjoid3d3In0%3D&ccb=17-1&vs=496e8e1934144b5f&_nc_vs=HBksFQIYT2lnX3hwdl9yZWVsc19wZXJtYW5lbnRfcHJvZC9BMTRBNUIzNTAzNEU4RDMwRTFGMEE4NjE0M0FCMUVCM192aWRlb19kYXNoaW5pdC5tcDQVAALIARIAFQIYOnBhc3N0aHJvdWdoX2V2ZXJzdG9yZS9HRXFGSlJXY0t6ZVoxdVVDQVB5OHhFOHJVU2dhYnFfRUFBQUYVAgLIARIAKAAYABsCiAd1c2Vfb2lsATEScHJvZ3Jlc3NpdmVfcmVjaXBlATEVAAAmnprnlJXqpQIVAigCQzMsF0BTt2yLQ5WBGBJkYXNoX2Jhc2VsaW5lXzFfdjERAHX-B2XmnQEA&_nc_gid=Je8OJSZhk-P0_rQSiuqCEA&_nc_ss=7a22e&_nc_zt=28&oh=00_AQCRGFhf5dctChD3A2DqQqK4U90nHRVVE5nEZla4ORvbJg&oe=6A51E02A
Ctoem_ssY_n,https://www.instagram.com/reel/Ctoem_ssY_n/,"Existe um atalho, e ele é o seu ambiente. 🛤️",1687092957,20711,630,18.433000564575195,clips,https://scontent-poa1-1.cdninstagram.com/o1/v/t2/f2/m82/AQOw6qeXYHyGsSYivGS7YxvF0v9xWqjMyxeuKjP_HFuThmX02-WOGbVPD5MUlHf3cBvyt1U70YPmL7ZVvLTcaVLLYKyQf9Gh8j0Sf6I.mp4?_nc_cat=107&_nc_sid=5e9851&_nc_ht=scontent-poa1-1.cdninstagram.com&_nc_ohc=z6lJrtzwjLMQ7kNvwGvwv0T&efg=eyJ2ZW5jb2RlX3RhZyI6Inhwdl9wcm9ncmVzc2l2ZS5JTlNUQUdSQU0uQ0xJUFMuQzMuNzIwLmRhc2hfYmFzZWxpbmVfMV92MSIsInhwdl9hc3NldF9pZCI6ODEwMjY1NDEwNDU4NTk0LCJhc3NldF9hZ2VfZGF5cyI6MTExNywidmlfdXNlY2FzZV9pZCI6MTAwOTksImR1cmF0aW9uX3MiOjE4LCJ1cmxnZW5fc291cmNlIjoid3d3In0%3D&ccb=17-1&vs=70ea63158d05dc34&_nc_vs=HBksFQIYT2lnX3hwdl9yZWVsc19wZXJtYW5lbnRfcHJvZC9CQzQ5NTExOEU0ODNCQjgzRjM3RTVFRjA1RkJFQjFCMF92aWRlb19kYXNoaW5pdC5tcDQVAALIARIAFQIYOnBhc3N0aHJvdWdoX2V2ZXJzdG9yZS9HTHZmS1JWUlJPQjlYTnNBQUdWYWRwdmVncjVQYnFfRUFBQUYVAgLIARIAKAAYABsCiAd1c2Vfb2lsATEScHJvZ3Jlc3NpdmVfcmVjaXBlATEVAAAmxM-239O78AIVAigCQzMsF0AybtkWhysCGBJkYXNoX2Jhc2VsaW5lXzFfdjERAHX-B2XmnQEA&_nc_gid=Je8OJSZhk-P0_rQSiuqCEA&_nc_ss=7a22e&_nc_zt=28&oh=00_AQDernQH5WTlGmTbK2p5t0K_vWE1oA7Ym_lFuucbS2QNsQ&oe=6A51C494
CtmlZsFuV6v,https://www.instagram.com/reel/CtmlZsFuV6v/,"Aposto que você não esperava que se tornaria aquele professor… mas nesse game, para chamar atenção precisa usar as estratégias certas! ⚡️",1687029457,13780,323,57.86600112915039,clips,https://scontent-poa1-1.cdninstagram.com/o1/v/t2/f2/m82/AQOg0NrQNGiLrf8OUuSrXFOGkvNvUBB-ADDjW8koIMfiwI3zH45tamLfqNtLs6wtGfWVVWbQo8fTaUAYV86zgf2RL6TQfDk5xUIyFgQ.mp4?_nc_cat=102&_nc_sid=5e9851&_nc_ht=scontent-poa1-1.cdninstagram.com&_nc_ohc=qkYCFi7T25oQ7kNvwG5UXRv&efg=eyJ2ZW5jb2RlX3RhZyI6Inhwdl9wcm9ncmVzc2l2ZS5JTlNUQUdSQU0uQ0xJUFMuQzMuNzIwLmRhc2hfYmFzZWxpbmVfMV92MSIsInhwdl9hc3NldF9pZCI6MTI1MTc3NDAwNTk3MjUwLCJhc3NldF9hZ2VfZGF5cyI6MTExOCwidmlfdXNlY2FzZV9pZCI6MTAwOTksImR1cmF0aW9uX3MiOjU3LCJ1cmxnZW5fc291cmNlIjoid3d3In0%3D&ccb=17-1&vs=4323d6095fa57e8e&_nc_vs=HBksFQIYT2lnX3hwdl9yZWVsc19wZXJtYW5lbnRfcHJvZC81QTQyNzc2MDVDQTZEN0Q1QzcyOEEwRDEzRTFGODhCQl92aWRlb19kYXNoaW5pdC5tcDQVAALIARIAFQIYOnBhc3N0aHJvdWdoX2V2ZXJzdG9yZS9HTTlRS2hYaXc4NEhRbTREQVBLb0dmLWtHVUpjYnFfRUFBQUYVAgLIARIAKAAYABsCiAd1c2Vfb2lsATEScHJvZ3Jlc3NpdmVfcmVjaXBlATEVAAAmhOz4p6T2OBUCKAJDMywXQEzu2RaHKwIYEmRhc2hfYmFzZWxpbmVfMV92MREAdf4HZeadAQA&_nc_gid=Je8OJSZhk-P0_rQSiuqCEA&_nc_ss=7a22e&_nc_zt=28&oh=00_AQD3bqgo7Kx66AgJX0fRmdmJQDQxLq5I0iTtVPCS2FjuUA&oe=6A51C6F3
Ctl_3eAOpbR,https://www.instagram.com/reel/Ctl_3eAOpbR/,Não seja egoísta.,1687009721,17543,800,42.400001525878906,clips,https://scontent-poa1-1.cdninstagram.com/o1/v/t2/f2/m82/AQMufEM0s1hgSiKx6cQsTncWS7wv0rRyYZ8jwfLoFahB4e56RgAMEifVqGNa6diqXyq_6oaZ8jrANTY3Ov5JHlwKgxvObHks2IgHTSs.mp4?_nc_cat=110&_nc_sid=5e9851&_nc_ht=scontent-poa1-1.cdninstagram.com&_nc_ohc=D0dZjTWI7eoQ7kNvwGbDBEr&efg=eyJ2ZW5jb2RlX3RhZyI6Inhwdl9wcm9ncmVzc2l2ZS5JTlNUQUdSQU0uQ0xJUFMuQzMuNzIwLmRhc2hfYmFzZWxpbmVfMV92MSIsInhwdl9hc3NldF9pZCI6MjY2NzYxNjEyNTY5MDQzLCJhc3NldF9hZ2VfZGF5cyI6MTExOCwidmlfdXNlY2FzZV9pZCI6MTAwOTksImR1cmF0aW9uX3MiOjQyLCJ1cmxnZW5fc291cmNlIjoid3d3In0%3D&ccb=17-1&vs=656ca56cbf749045&_nc_vs=HBksFQIYT2lnX3hwdl9yZWVsc19wZXJtYW5lbnRfcHJvZC85OTQ4NThDOTlFOEQ5RUQ2QUQ2MzNCNDc2OTBGNzFCRF92aWRlb19kYXNoaW5pdC5tcDQVAALIARIAFQIYOnBhc3N0aHJvdWdoX2V2ZXJzdG9yZS9HTEk4SWhVNHkwNDJPZ2dGQUY1NEtGdnVpc1E1YnFfRUFBQUYVAgLIARIAKAAYABsCiAd1c2Vfb2lsATEScHJvZ3Jlc3NpdmVfcmVjaXBlATEVAAAmpqfB8sineRUCKAJDMywXQEUzMzMzMzMYEmRhc2hfYmFzZWxpbmVfMV92MREAdf4HZeadAQA&_nc_gid=Je8OJSZhk-P0_rQSiuqCEA&_nc_ss=7a22e&_nc_zt=28&oh=00_AQBwnN8kjeo9T-M9varjWoYo8ZbH-Rd1t74FuzW6ATfYIQ&oe=6A51F15B
Cthl2v2Pbw_,https://www.instagram.com/reel/Cthl2v2Pbw_/,Muito obrigada. Eu te prometo que vai valer a pena. 🤍,1686861958,12453,387,88.67400360107422,clips,https://scontent-poa1-1.cdninstagram.com/o1/v/t2/f2/m82/AQNBWNDuvfwsWqw8LTETEp5fP0Azd5_s7-Yche9QoynwAWH7wWhWAPPkxJOhKIQIHN6z6AwuIJkzKZp_t30lM4DkteGm6sXsg70C3_c.mp4?_nc_cat=106&_nc_sid=5e9851&_nc_ht=scontent-poa1-1.cdninstagram.com&_nc_ohc=bBn8niOc9KsQ7kNvwFJgJmI&efg=eyJ2ZW5jb2RlX3RhZyI6Inhwdl9wcm9ncmVzc2l2ZS5JTlNUQUdSQU0uQ0xJUFMuQzMuNzIwLmRhc2hfYmFzZWxpbmVfMV92MSIsInhwdl9hc3NldF9pZCI6Mjc5NDEzODYxMjMxNDc5LCJhc3NldF9hZ2VfZGF5cyI6MTExOSwidmlfdXNlY2FzZV9pZCI6MTAwOTksImR1cmF0aW9uX3MiOjg4LCJ1cmxnZW5fc291cmNlIjoid3d3In0%3D&ccb=17-1&vs=4ac19da6b09de960&_nc_vs=HBksFQIYT2lnX3hwdl9yZWVsc19wZXJtYW5lbnRfcHJvZC80NjQ3NEY0RjJCMzIwM0NCMEMwMzkwMTE0MkQ0QzdBQV92aWRlb19kYXNoaW5pdC5tcDQVAALIARIAFQIYOnBhc3N0aHJvdWdoX2V2ZXJzdG9yZS9HSUwtSUJWMEplN2NaU2tGQUtsc2tUNjJCVEpQYnFfRUFBQUYVAgLIARIAKAAYABsCiAd1c2Vfb2lsATEScHJvZ3Jlc3NpdmVfcmVjaXBlATEVAAAm7q2Nv4OIfxUCKAJDMywXQFYqn752yLQYEmRhc2hfYmFzZWxpbmVfMV92MREAdf4HZeadAQA&_nc_gid=Je8OJSZhk-P0_rQSiuqCEA&_nc_ss=7a22e&_nc_zt=28&oh=00_AQAF_oXMnHg5d7bPe4h0o9RuFN7pkCwsyodKFBEV7GhWdA&oe=6A51CB13
CtfLdRwJ8nc,https://www.instagram.com/reel/CtfLdRwJ8nc/,"Você não quer passar despercebido, né? Para se tornar uma VACA ROXA, é necessário algo além… 🐮💜",1686781019,16893,721,76.23300170898438,clips,https://scontent-poa1-1.cdninstagram.com/o1/v/t2/f2/m82/AQNmSLb5negB03VTliX36LsWkGj08z0iDSlAhvK6if0_uZI2Fbbhk0-i9oeCiHfV1RbUjxG8k71Qw6CErRbB6lacXK7mfm6m71yOJJY.mp4?_nc_cat=107&_nc_sid=5e9851&_nc_ht=scontent-poa1-1.cdninstagram.com&_nc_ohc=ElQzGv8Yq9wQ7kNvwEQGvgE&efg=eyJ2ZW5jb2RlX3RhZyI6Inhwdl9wcm9ncmVzc2l2ZS5JTlNUQUdSQU0uQ0xJUFMuQzMuNzIwLmRhc2hfYmFzZWxpbmVfMV92MSIsInhwdl9hc3NldF9pZCI6NjQxNzY3MTQ3NTU1ODQ1LCJhc3NldF9hZ2VfZGF5cyI6MTEyMCwidmlfdXNlY2FzZV9pZCI6MTAwOTksImR1cmF0aW9uX3MiOjc2LCJ1cmxnZW5fc291cmNlIjoid3d3In0%3D&ccb=17-1&vs=4b9cd939ee5ce0f0&_nc_vs=HBksFQIYT2lnX3hwdl9yZWVsc19wZXJtYW5lbnRfcHJvZC9DQTQ5NTZBMEZBM0Q2RjlGQ0JDREFCOTM5ODU1NjBCMV92aWRlb19kYXNoaW5pdC5tcDQVAALIARIAFQIYOnBhc3N0aHJvdWdoX2V2ZXJzdG9yZS9HSnZqNVJSV2R1OVBTSUFFQVBzSkVqTV9pellzYnFfRUFBQUYVAgLIARIAKAAYABsCiAd1c2Vfb2lsATEScHJvZ3Jlc3NpdmVfcmVjaXBlATEVAAAmirDe7eHrowIVAigCQzMsF0BTDul41P30GBJkYXNoX2Jhc2VsaW5lXzFfdjERAHX-B2XmnQEA&_nc_gid=Je8OJSZhk-P0_rQSiuqCEA&_nc_ss=7a22e&_nc_zt=28&oh=00_AQAAbOgdz4i2kae2-Ilt4CFqZXBGiWcMGsxm_pZVK7K1cw&oe=6A51E114
CteSN__tvxH,https://www.instagram.com/reel/CteSN__tvxH/,"Se você quer ter uma chance no mercado, precisa ser melhor que ISSO! E se quer aprender como, já sabe, esteja ao vivo comigo no dia 21… link na bio.",1686750942,156496,12958,58.599998474121094,clips,https://scontent-poa1-1.cdninstagram.com/o1/v/t2/f2/m82/AQM76cuBa3-HENYGisfw1_04ORvoZxI-UtdFP56bo-AQEinDKetgyjGEmwQnDT1D7LnRCL8hgZmnjfQOwjDNTMgjI6gDSIoZGPw0aOE.mp4?_nc_cat=111&_nc_sid=5e9851&_nc_ht=scontent-poa1-1.cdninstagram.com&_nc_ohc=8MLql4B3MqsQ7kNvwF3YPt5&efg=eyJ2ZW5jb2RlX3RhZyI6Inhwdl9wcm9ncmVzc2l2ZS5JTlNUQUdSQU0uQ0xJUFMuQzMuNzIwLmRhc2hfYmFzZWxpbmVfMV92MSIsInhwdl9hc3NldF9pZCI6MTY3MTk3NTY0NjYwNDQ3MiwiYXNzZXRfYWdlX2RheXMiOjExMjEsInZpX3VzZWNhc2VfaWQiOjEwMDk5LCJkdXJhdGlvbl9zIjo1OCwidXJsZ2VuX3NvdXJjZSI6Ind3dyJ9&ccb=17-1&vs=6826c163597540d5&_nc_vs=HBksFQIYT2lnX3hwdl9yZWVsc19wZXJtYW5lbnRfcHJvZC9DNjQ0QjE2Q0FGQzQwMTZCQTU3QzYyRkU3QUY1RUVBM192aWRlb19kYXNoaW5pdC5tcDQVAALIARIAFQIYOnBhc3N0aHJvdWdoX2V2ZXJzdG9yZS9HRWhrSHhYOENmZkN0SGNNQUNtTmpRWWdxem9xYnFfRUFBQUYVAgLIARIAKAAYABsCiAd1c2Vfb2lsATEScHJvZ3Jlc3NpdmVfcmVjaXBlATEVAAAm8LLpp-Wp-AUVAigCQzMsF0BNTMzMzMzNGBJkYXNoX2Jhc2VsaW5lXzFfdjERAHX-B2XmnQEA&_nc_gid=Je8OJSZhk-P0_rQSiuqCEA&_nc_ss=7a22e&_nc_zt=28&oh=00_AQCyvweQXha0fwL0yZQPvNeCm_YEX9Wplpv8NkmoS1_7qw&oe=6A51E2D0
CtZbkqCskLv,https://www.instagram.com/reel/CtZbkqCskLv/,"Nosso relacionamento é puro marketing e nosso marketing é puro AMOR. 💕⚡️ Assim como estamos aqui pra entender um ao outro, criar uma mudança verdadeira e construir um legado juntos como casal... Também temos o mesmo objetivo com tudo que a gente cria na internet. Não é só sobre promoções e vendas é sobre te fazer acreditar que você é um Criador do Futuro, e quando tu perceber isso nós vamos juntos criar o futuro da próxima geração. Aceita o desafio? Dia 21 de junho às 19h16 temos um encontro marcado!",1686588114,25645,1143,81.22000122070312,clips,https://scontent-poa1-1.cdninstagram.com/o1/v/t2/f2/m82/AQMXTHWHYYMH09U_za_p_yOyDafFY0OhmaQrg8Do3vTGH8VnVyrX8HUSRmnmstEU7bwYnFfFlI-WOH_RmhfLo0MiaTIdjeVuf2EjPf0.mp4?_nc_cat=109&_nc_sid=5e9851&_nc_ht=scontent-poa1-1.cdninstagram.com&_nc_ohc=8TxfLFZSTQ4Q7kNvwG0EcmW&efg=eyJ2ZW5jb2RlX3RhZyI6Inhwdl9wcm9ncmVzc2l2ZS5JTlNUQUdSQU0uQ0xJUFMuQzMuNzIwLmRhc2hfYmFzZWxpbmVfMV92MSIsInhwdl9hc3NldF9pZCI6Mjc0Mjc0MDg4NDUyOTE5LCJhc3NldF9hZ2VfZGF5cyI6MTEyMywidmlfdXNlY2FzZV9pZCI6MTAwOTksImR1cmF0aW9uX3MiOjgxLCJ1cmxnZW5fc291cmNlIjoid3d3In0%3D&ccb=17-1&vs=79f9f81ce805a79d&_nc_vs=HBksFQIYT2lnX3hwdl9yZWVsc19wZXJtYW5lbnRfcHJvZC8yNDRGNTIxNERBN0UyMjBCRTU1NDc0RTJGRDdGRTk4N192aWRlb19kYXNoaW5pdC5tcDQVAALIARIAFQIYOnBhc3N0aHJvdWdoX2V2ZXJzdG9yZS9HRlZOR0JWbEotTzdWQmdDQVBSMUlrOXJST292YnFfRUFBQUYVAgLIARIAKAAYABsCiAd1c2Vfb2lsATEScHJvZ3Jlc3NpdmVfcmVjaXBlATEVAAAm7ozome3cfBUCKAJDMywXQFRMzMzMzM0YEmRhc2hfYmFzZWxpbmVfMV92MREAdf4HZeadAQA&_nc_gid=Je8OJSZhk-P0_rQSiuqCEA&_nc_ss=7a22e&_nc_zt=28&oh=00_AQBQkeen7m02d03mRtgD7QPK42MXulNzFzjf5dxhKl0wzA&oe=6A51DF12
CtXf-RDsztW,https://www.instagram.com/reel/CtXf-RDsztW/,"Como você quer vender, se não sabe como aumentar a consciência do seu cliente? Se você faz isso, a compra de torna inevitável! 🔮",1686523303,10444,343,82.0790023803711,clips,https://scontent-poa1-1.cdninstagram.com/o1/v/t2/f2/m82/AQP0siAqS6mNG6KBWKKT0Pe9WYsrbsd4iO2J02S6BnJr__mNu5afvUwz_6egauLBqSpOLr8voHRkePZ6Mlp4ohTup9L2JVM2nxxzJiI.mp4?_nc_cat=110&_nc_sid=5e9851&_nc_ht=scontent-poa1-1.cdninstagram.com&_nc_ohc=doUjUZONjvEQ7kNvwFVmlPH&efg=eyJ2ZW5jb2RlX3RhZyI6Inhwdl9wcm9ncmVzc2l2ZS5JTlNUQUdSQU0uQ0xJUFMuQzMuNzIwLmRhc2hfYmFzZWxpbmVfMV92MSIsInhwdl9hc3NldF9pZCI6MTY0NDkwNzI2NjAxNjQ4LCJhc3NldF9hZ2VfZGF5cyI6MTEyMywidmlfdXNlY2FzZV9pZCI6MTAwOTksImR1cmF0aW9uX3MiOjgyLCJ1cmxnZW5fc291cmNlIjoid3d3In0%3D&ccb=17-1&vs=6bbc95f47a7e867c&_nc_vs=HBksFQIYT2lnX3hwdl9yZWVsc19wZXJtYW5lbnRfcHJvZC82QzRCQ0M0NTUzN0E2Qjg2M0NGREVDMjYwNzE0ODM5Rl92aWRlb19kYXNoaW5pdC5tcDQVAALIARIAFQIYOnBhc3N0aHJvdWdoX2V2ZXJzdG9yZS9HRncyRlJYalBaYkd0c2tDQUVuZEl0eWdfLXRqYnFfRUFBQUYVAgLIARIAKAAYABsCiAd1c2Vfb2lsATEScHJvZ3Jlc3NpdmVfcmVjaXBlATEVAAAm4M6ftc_mShUCKAJDMywXQFSEOVgQYk4YEmRhc2hfYmFzZWxpbmVfMV92MREAdf4HZeadAQA&_nc_gid=Je8OJSZhk-P0_rQSiuqCEA&_nc_ss=7a22e&_nc_zt=28&oh=00_AQAqikCgpPc1cW0M4Iz605QqT_L54E-9yD6dXibsQDu3UA&oe=6A51BC2F
CtWrd7HAWrw,https://www.instagram.com/reel/CtWrd7HAWrw/,"O mundo é muito mais colorido com livros. O amor está no ar, e os nossos livros estão nas mãos dos melhores leitores. Amanhã você vai colorir o mundo de alguém que você ama. Fique de olho aqui no perfil da @h1editora .",1686495858,14306,245,15.437999725341797,clips,https://scontent-poa1-1.cdninstagram.com/o1/v/t2/f2/m82/AQPCIKjym6EcTvxmX1dwV-fI8MnsSG9D-09-jQUG9OcNrPqCDr5QN9JmWmsjUJnu1yN742E_wS56ZgK_7ivkxzWLZtKyLZS1c1XDCrc.mp4?_nc_cat=100&_nc_sid=5e9851&_nc_ht=scontent-poa1-1.cdninstagram.com&_nc_ohc=bMnBbpQBg4cQ7kNvwFHYR_e&efg=eyJ2ZW5jb2RlX3RhZyI6Inhwdl9wcm9ncmVzc2l2ZS5JTlNUQUdSQU0uQ0xJUFMuQzMuNzIwLmRhc2hfYmFzZWxpbmVfMV92MSIsInhwdl9hc3NldF9pZCI6MTE3NDMzNDU1OTkwNTI2MiwiYXNzZXRfYWdlX2RheXMiOjExMjQsInZpX3VzZWNhc2VfaWQiOjEwMDk5LCJkdXJhdGlvbl9zIjoxNSwidXJsZ2VuX3NvdXJjZSI6Ind3dyJ9&ccb=17-1&vs=378a623e86596ff8&_nc_vs=HBksFQIYT2lnX3hwdl9yZWVsc19wZXJtYW5lbnRfcHJvZC9ENjRDRTJGREU1NkRDQkU2M0IzNEZDMEE1RDlBREY5Ql92aWRlb19kYXNoaW5pdC5tcDQVAALIARIAFQIYOnBhc3N0aHJvdWdoX2V2ZXJzdG9yZS9HTjU4RlJWVjl3eFVLUElBQU5jcVBkTWxpVklWYnFfRUFBQUYVAgLIARIAKAAYABsCiAd1c2Vfb2lsATEScHJvZ3Jlc3NpdmVfcmVjaXBlATEVAAAm3JfTpKKDlgQVAigCQzMsF0Au3bItDlYEGBJkYXNoX2Jhc2VsaW5lXzFfdjERAHX-B2XmnQEA&_nc_gid=SzwI09T-TUYr-XeiWJGUtw&_nc_ss=7a22e&_nc_zt=28&oh=00_AQDTVHDzqdhRMzI3QQvB2sVv-9Z8SCJKhkWZI9TqBXLWFg&oe=6A51DE2D
CtUIpfRuBhZ,https://www.instagram.com/reel/CtUIpfRuBhZ/,Compartilhar a leitura é um lugar seguro para cultivar o amor. 💕 Fiquei sabendo que vai valer a pena ficar de olho no perfil da @h1editora nos próximos dias…,1686410403,13585,353,15.437999725341797,clips,https://scontent-poa1-1.cdninstagram.com/o1/v/t2/f2/m82/AQNAFFFoMYbRGMHu1dbzkau3qvPO9eqeezgFycvzyR3qnvVF_7kJ6qoHwEfE95uYQXEHcSCqBpe4NgbD_ZCDdlFJymDhuBE0E47vXnM.mp4?_nc_cat=100&_nc_sid=5e9851&_nc_ht=scontent-poa1-1.cdninstagram.com&_nc_ohc=2gGemfuEipAQ7kNvwE8vHNM&efg=eyJ2ZW5jb2RlX3RhZyI6Inhwdl9wcm9ncmVzc2l2ZS5JTlNUQUdSQU0uQ0xJUFMuQzMuNzIwLmRhc2hfYmFzZWxpbmVfMV92MSIsInhwdl9hc3NldF9pZCI6MjM3NDkyMzMyMzU0MTY5LCJhc3NldF9hZ2VfZGF5cyI6MTEyNSwidmlfdXNlY2FzZV9pZCI6MTAwOTksImR1cmF0aW9uX3MiOjE1LCJ1cmxnZW5fc291cmNlIjoid3d3In0%3D&ccb=17-1&vs=4c82d999107dd681&_nc_vs=HBksFQIYT2lnX3hwdl9yZWVsc19wZXJtYW5lbnRfcHJvZC81QTQ5MjQwQThCNUU5OEMyRjNCMzRCOUM5RDdEOTI5Ml92aWRlb19kYXNoaW5pdC5tcDQVAALIARIAFQIYOnBhc3N0aHJvdWdoX2V2ZXJzdG9yZS9HRVFaRUJWaGozNGZucklBQUJubmFsbnhaTE11YnFfRUFBQUYVAgLIARIAKAAYABsCiAd1c2Vfb2lsATEScHJvZ3Jlc3NpdmVfcmVjaXBlATEVAAAm8una4e__axUCKAJDMywXQC7dsi0OVgQYEmRhc2hfYmFzZWxpbmVfMV92MREAdf4HZeadAQA&_nc_gid=SzwI09T-TUYr-XeiWJGUtw&_nc_ss=7a22e&_nc_zt=28&oh=00_AQD3_VlUo4sY5kjBUuBsRYGLXFurLhnbo7MYv12pf5lxQw&oe=6A51F0CD
CtNLfR6LeM5,https://www.instagram.com/reel/CtNLfR6LeM5/,"Chegou a hora de entrar no próximo nível. 🗝️ Conteúdo, mentalidade e o ambiente certo são as chaves do futuro que você quer viver. No dia 21 de Junho você vai tomar posse delas no nosso primeiro desafio ao vivo! Mas você precisa de uma preparação… Aceita o desafio? Escreva “CHAVE” nos comentários que eu te explico como:",1686176978,12053,447,86.13300323486328,clips,https://scontent-poa1-1.cdninstagram.com/o1/v/t2/f2/m82/AQNlPxhDW6puxrv7ZT3S3hJpsyN5k6UWNlKOL3wn9EgRsoJOnjQN_Ocabs6xfbU7czCOCrmMyc6Q3Q3pFsNC4MWcHl9ilgwXqcPsugo.mp4?_nc_cat=102&_nc_sid=5e9851&_nc_ht=scontent-poa1-1.cdninstagram.com&_nc_ohc=Zd7RnpC-WwEQ7kNvwEE6VhO&efg=eyJ2ZW5jb2RlX3RhZyI6Inhwdl9wcm9ncmVzc2l2ZS5JTlNUQUdSQU0uQ0xJUFMuQzMuNzIwLmRhc2hfYmFzZWxpbmVfMV92MSIsInhwdl9hc3NldF9pZCI6NjM0Mzg3NTM4NjM4MTI5LCJhc3NldF9hZ2VfZGF5cyI6MTEyNywidmlfdXNlY2FzZV9pZCI6MTAwOTksImR1cmF0aW9uX3MiOjg2LCJ1cmxnZW5fc291cmNlIjoid3d3In0%3D&ccb=17-1&vs=1d67d4f2d25c6e52&_nc_vs=HBksFQIYT2lnX3hwdl9yZWVsc19wZXJtYW5lbnRfcHJvZC9COTRDN0MxRUVDREFCQjczQkJEOTMxQTY1MTQzQUI4RV92aWRlb19kYXNoaW5pdC5tcDQVAALIARIAFQIYOnBhc3N0aHJvdWdoX2V2ZXJzdG9yZS9HUENiQXhWTlk4S3hwbGdEQUFEMXFuZkc0ZzRLYnFfRUFBQUYVAgLIARIAKAAYABsCiAd1c2Vfb2lsATEScHJvZ3Jlc3NpdmVfcmVjaXBlATEVAAAm4tSfvpu-oAIVAigCQzMsF0BViIMSbpeNGBJkYXNoX2Jhc2VsaW5lXzFfdjERAHX-B2XmnQEA&_nc_gid=SzwI09T-TUYr-XeiWJGUtw&_nc_ss=7a22e&_nc_zt=28&oh=00_AQDUdMYEQwVqg7_kd0kD6IZ2eScsuXBqoto76GvWQ0KxuA&oe=6A51EAB3
CtH7OAhJw1X,https://www.instagram.com/reel/CtH7OAhJw1X/,"Networking pode ser leve. Encontre pontos em comum com as pessoas e demostre se importar com elas, como você faz com seus amigos. Networking não precisa ser chato - e nem raso. O livro “Networking para quem não quer fazer networking” está disponível na H1 Store. Acesse o link da bio @h1editora e garanta o seu exemplar.",1686000912,17707,624,78.16600036621094,clips,https://scontent-poa1-1.cdninstagram.com/o1/v/t2/f2/m82/AQO-70PHHLEonbQUioHoT00BLF3nDLj8R_QuSTBlnpqP8h5t849ACQpW0S0EfgzlT383vnnuQjNx8x478TKIdNGagF_RGrE0YE-7qdU.mp4?_nc_cat=102&_nc_sid=5e9851&_nc_ht=scontent-poa1-1.cdninstagram.com&_nc_ohc=_KcTtxOQMt8Q7kNvwGDn7BZ&efg=eyJ2ZW5jb2RlX3RhZyI6Inhwdl9wcm9ncmVzc2l2ZS5JTlNUQUdSQU0uQ0xJUFMuQzMuNzIwLmRhc2hfYmFzZWxpbmVfMV92MSIsInhwdl9hc3NldF9pZCI6MTgwMjI4MDAxMzczMjE0LCJhc3NldF9hZ2VfZGF5cyI6MTEyOSwidmlfdXNlY2FzZV9pZCI6MTAwOTksImR1cmF0aW9uX3MiOjc4LCJ1cmxnZW5fc291cmNlIjoid3d3In0%3D&ccb=17-1&vs=713d7bdf3c1c581b&_nc_vs=HBksFQIYT2lnX3hwdl9yZWVsc19wZXJtYW5lbnRfcHJvZC84MDQ1RTFBNEJCRTk2QTA3Mjk0MjkyQ0I2Nzc2ODRCMl92aWRlb19kYXNoaW5pdC5tcDQVAALIARIAFQIYOnBhc3N0aHJvdWdoX2V2ZXJzdG9yZS9HQ05DQWhWQzJlWVVGc0VDQU1pb0NSazN1ZzRKYnFfRUFBQUYVAgLIARIAKAAYABsCiAd1c2Vfb2lsATEScHJvZ3Jlc3NpdmVfcmVjaXBlATEVAAAmvPCAoNP6URUCKAJDMywXQFOKn752yLQYEmRhc2hfYmFzZWxpbmVfMV92MREAdf4HZeadAQA&_nc_gid=SzwI09T-TUYr-XeiWJGUtw&_nc_ss=7a22e&_nc_zt=28&oh=00_AQBUwS-6gprmNSd_Z0gxXgK0_JA2_zTstfZburHRx-exTg&oe=6A51F05B
Cs_ofAXLuJQ,https://www.instagram.com/reel/Cs_ofAXLuJQ/,"Fazer networking não é uma tarefa fácil para os introvertidos… até agora! Com ajuda deste livro, você vai descobrir os poderes secretos na hora de criar conexões reais com as pessoas. Lembre-se: Alimente seu networking antes de precisar dele. 💡 Networking para quem não quer fazer networking está disponível na H1 Store.",1685722456,42920,2597,59.900001525878906,clips,https://scontent-poa1-1.cdninstagram.com/o1/v/t2/f2/m82/AQPosMA6wYN9byL-I11M7oMgqshbNgWGgKVF7jwTBV1figWK1u7qPZ5d5FkUcmaPhdHdRx2-9OQSQ9DAFq9qpFq5fs6CMt8Nfrby-Es.mp4?_nc_cat=105&_nc_sid=5e9851&_nc_ht=scontent-poa1-1.cdninstagram.com&_nc_ohc=BRuTP5jzMEsQ7kNvwFoMrGj&efg=eyJ2ZW5jb2RlX3RhZyI6Inhwdl9wcm9ncmVzc2l2ZS5JTlNUQUdSQU0uQ0xJUFMuQzMuNzIwLmRhc2hfYmFzZWxpbmVfMV92MSIsInhwdl9hc3NldF9pZCI6MjY3NTkwNDUyNDY2Mzg3LCJhc3NldF9hZ2VfZGF5cyI6MTEzMywidmlfdXNlY2FzZV9pZCI6MTAwOTksImR1cmF0aW9uX3MiOjU5LCJ1cmxnZW5fc291cmNlIjoid3d3In0%3D&ccb=17-1&vs=240d1b8d913c9334&_nc_vs=HBksFQIYT2lnX3hwdl9yZWVsc19wZXJtYW5lbnRfcHJvZC83MjRDNUYzMjVDODU4OTkxQzEyRkY1QjkzODJBNUE4Rl92aWRlb19kYXNoaW5pdC5tcDQVAALIARIAFQIYOnBhc3N0aHJvdWdoX2V2ZXJzdG9yZS9HTjh0NHhTeE16Sjg0OUFBQVBQeHZyajc3LVlDYnFfRUFBQUYVAgLIARIAKAAYABsCiAd1c2Vfb2lsATEScHJvZ3Jlc3NpdmVfcmVjaXBlATEVAAAmpsvqnejXeRUCKAJDMywXQE3zMzMzMzMYEmRhc2hfYmFzZWxpbmVfMV92MREAdf4HZeadAQA&_nc_gid=SzwI09T-TUYr-XeiWJGUtw&_nc_ss=7a22e&_nc_zt=28&oh=00_AQCXA5TREcgq3_bwTzuk0IvYkaQXqe-uHf8bGei2rq2TCw&oe=6A51D49A
CsZqcYZOfGS,https://www.instagram.com/reel/CsZqcYZOfGS/,Pare de perder (mais) tempo e comece a criar conteúdo da forma que vai te trazer resultado de verdade. Comente NARRATIVA que eu vou te mandar uma aula gratuita do que você precisa fazer pra isso:,1684448611,12813,607,89.93299865722656,clips,https://scontent-poa1-1.cdninstagram.com/o1/v/t2/f2/m82/AQPs8Yc-qW8t98D6RBV4QlslbAhpdVAuLAIFKXU1EahWG9MKVHgrTTV56sUumpoqo-jou4OlLQGUQkuangzrxwPGvAwfbUJm0M2JIP8.mp4?_nc_cat=110&_nc_sid=5e9851&_nc_ht=scontent-poa1-1.cdninstagram.com&_nc_ohc=nVxX9dZJAzMQ7kNvwHSq1ix&efg=eyJ2ZW5jb2RlX3RhZyI6Inhwdl9wcm9ncmVzc2l2ZS5JTlNUQUdSQU0uQ0xJUFMuQzMuNzIwLmRhc2hfYmFzZWxpbmVfMV92MSIsInhwdl9hc3NldF9pZCI6NjA3MjgxMTA4MjgzNTQ2NSwiYXNzZXRfYWdlX2RheXMiOjExNDcsInZpX3VzZWNhc2VfaWQiOjEwMDk5LCJkdXJhdGlvbl9zIjo4OSwidXJsZ2VuX3NvdXJjZSI6Ind3dyJ9&ccb=17-1&vs=6a52f99b5f87519e&_nc_vs=HBksFQIYT2lnX3hwdl9yZWVsc19wZXJtYW5lbnRfcHJvZC80RTRFQzczQjVBRkFDQUZGQkJENEJFN0Q4NTExNzA5Nl92aWRlb19kYXNoaW5pdC5tcDQVAALIARIAFQIYOnBhc3N0aHJvdWdoX2V2ZXJzdG9yZS9HQzVSd1JRemhnZWZmbWtEQUdqMGRHSGxJUlJoYnFfRUFBQUYVAgLIARIAKAAYABsCiAd1c2Vfb2lsATEScHJvZ3Jlc3NpdmVfcmVjaXBlATEVAAAmkpiLtpDMyRUVAigCQzMsF0BWe7ZFocrBGBJkYXNoX2Jhc2VsaW5lXzFfdjERAHX-B2XmnQEA&_nc_gid=SzwI09T-TUYr-XeiWJGUtw&_nc_ss=7a22e&_nc_zt=28&oh=00_AQDk3mSCpsMO-83IvoTU_5nTLKAswNSTzTIhEwA3ynOz6Q&oe=6A51EA9B
CsY8rh_rW9z,https://www.instagram.com/reel/CsY8rh_rW9z/,"O problema de ter medo de dar um passo à frente, é que acabamos permanecendo mesmo lugar…",1684424506,13003,436,75.69999694824219,clips,https://scontent-poa1-1.cdninstagram.com/o1/v/t2/f2/m82/AQNrtB6VoD83MCXFd9S-cWs9YGQbeX2kj3vkmZP4h-rZpUlCI6wp6TFjE4xj6TjUMQx31wmcl88gSKQRj8Uv4OCMpuTYy_fwR1TP0JE.mp4?_nc_cat=107&_nc_sid=5e9851&_nc_ht=scontent-poa1-1.cdninstagram.com&_nc_ohc=Uu3dj1dHW4EQ7kNvwG2mbcI&efg=eyJ2ZW5jb2RlX3RhZyI6Inhwdl9wcm9ncmVzc2l2ZS5JTlNUQUdSQU0uQ0xJUFMuQzMuNzIwLmRhc2hfYmFzZWxpbmVfMV92MSIsInhwdl9hc3NldF9pZCI6OTg0NDgzMzU2MDQyMTc4LCJhc3NldF9hZ2VfZGF5cyI6MTE0OCwidmlfdXNlY2FzZV9pZCI6MTAwOTksImR1cmF0aW9uX3MiOjc1LCJ1cmxnZW5fc291cmNlIjoid3d3In0%3D&ccb=17-1&vs=145a6c6f00ed3d99&_nc_vs=HBksFQIYT2lnX3hwdl9yZWVsc19wZXJtYW5lbnRfcHJvZC9BRDQ0OERDMTVFREZDOEM1RjA3QTcxQjE2MkU5OTY4Rl92aWRlb19kYXNoaW5pdC5tcDQVAALIARIAFQIYOnBhc3N0aHJvdWdoX2V2ZXJzdG9yZS9HQ1BmdHhTRExLX1BuNElBQU1OcDhzOVVHRGRzYnFfRUFBQUYVAgLIARIAKAAYABsCiAd1c2Vfb2lsATEScHJvZ3Jlc3NpdmVfcmVjaXBlATEVAAAmhI_Ly7zYvwMVAigCQzMsF0BS7MzMzMzNGBJkYXNoX2Jhc2VsaW5lXzFfdjERAHX-B2XmnQEA&_nc_gid=SzwI09T-TUYr-XeiWJGUtw&_nc_ss=7a22e&_nc_zt=28&oh=00_AQAIwnpQMYUjfOih9m-8-iJnj9UX-pauCvx7FhlksVJVHg&oe=6A51C118
CsUf_-1L_T4,https://www.instagram.com/reel/CsUf_-1L_T4/,"Pensamento gera sentimento, que gera AÇÃO que gera resultado! Tudo que você pode colocar na sua mente, você pode segurar na sua mão. Para participar com a gente, comente DESAFIO 69:",1684275272,13045,613,89.93299865722656,clips,https://scontent-poa1-1.cdninstagram.com/o1/v/t2/f2/m82/AQNsIIsk8vrUQZYOVba_iR1Xify9lLpYKIvdwVDkFDLtHwVZ1ybubOisXRJXbz86cW7IopluE5SY2Zz3K4XArqce-hbVNZdqMyNQkEc.mp4?_nc_cat=104&_nc_sid=5e9851&_nc_ht=scontent-poa1-1.cdninstagram.com&_nc_ohc=H4pJXeJbAqIQ7kNvwEuSMf2&efg=eyJ2ZW5jb2RlX3RhZyI6Inhwdl9wcm9ncmVzc2l2ZS5JTlNUQUdSQU0uQ0xJUFMuQzMuNzIwLmRhc2hfYmFzZWxpbmVfMV92MSIsInhwdl9hc3NldF9pZCI6NjY2NTg4NDg1Mjc4MDI5LCJhc3NldF9hZ2VfZGF5cyI6MTE0OSwidmlfdXNlY2FzZV9pZCI6MTAwOTksImR1cmF0aW9uX3MiOjg5LCJ1cmxnZW5fc291cmNlIjoid3d3In0%3D&ccb=17-1&vs=ccd8a4272913d412&_nc_vs=HBksFQIYT2lnX3hwdl9yZWVsc19wZXJtYW5lbnRfcHJvZC9GMTRFRjY0MkI1Q0FERTk0QzQ0NkI2Q0IyOUExMjZCMV92aWRlb19kYXNoaW5pdC5tcDQVAALIARIAFQIYOnBhc3N0aHJvdWdoX2V2ZXJzdG9yZS9HTXFMdHhUR0lzb1gyTzhCQUw2dHlndGM4NUlFYnFfRUFBQUYVAgLIARIAKAAYABsCiAd1c2Vfb2lsATEScHJvZ3Jlc3NpdmVfcmVjaXBlATEVAAAmmuWCnseQrwIVAigCQzMsF0BWe7ZFocrBGBJkYXNoX2Jhc2VsaW5lXzFfdjERAHX-B2XmnQEA&_nc_gid=SzwI09T-TUYr-XeiWJGUtw&_nc_ss=7a22e&_nc_zt=28&oh=00_AQDmQwH48cLJb4T4qZZdtbWzeeyJnQ0aeCePt7UMbKpHWA&oe=6A51E911
CsR6sPXstC6,https://www.instagram.com/reel/CsR6sPXstC6/,"Deixar a casa dos pais me mostrou que queimar pontes pode ser libertador. No início, parece assustador, mas é aí que a mágica acontece: crescimento pessoal e superação! Desafie-se e descubra o poder de dizer “não há volta!” 🔥",1684188454,9293,509,68.06600189208984,clips,https://scontent-poa1-1.cdninstagram.com/o1/v/t2/f2/m82/AQM1sGcHAmafGTio0ZuIminLNaRxJc4JsoE0ymBp3iyRcR_7scZN-Lw7inS7TbQ7wQtOW7JbodUEKJ6M-2zVzJgN-KiPCK40UQLD4Ng.mp4?_nc_cat=110&_nc_sid=5e9851&_nc_ht=scontent-poa1-1.cdninstagram.com&_nc_ohc=Ro5eYBtYVAYQ7kNvwET5NtF&efg=eyJ2ZW5jb2RlX3RhZyI6Inhwdl9wcm9ncmVzc2l2ZS5JTlNUQUdSQU0uQ0xJUFMuQzMuNzIwLmRhc2hfYmFzZWxpbmVfMV92MSIsInhwdl9hc3NldF9pZCI6MzQ2NDE1NDcxMzg3MjI1MywiYXNzZXRfYWdlX2RheXMiOjExNTAsInZpX3VzZWNhc2VfaWQiOjEwMDk5LCJkdXJhdGlvbl9zIjo2OCwidXJsZ2VuX3NvdXJjZSI6Ind3dyJ9&ccb=17-1&vs=45db2db5874d0673&_nc_vs=HBksFQIYT2lnX3hwdl9yZWVsc19wZXJtYW5lbnRfcHJvZC9GQjRDNTkxQzZGRDgzNjVEM0Y5MjQ2MERFNjA4MzVBRV92aWRlb19kYXNoaW5pdC5tcDQVAALIARIAFQIYOnBhc3N0aHJvdWdoX2V2ZXJzdG9yZS9HTEh1dGhRRVZwQ01NcllBQUhMV0pJZWJMMVlRYnFfRUFBQUYVAgLIARIAKAAYABsCiAd1c2Vfb2lsATEScHJvZ3Jlc3NpdmVfcmVjaXBlATEVAAAm-t3W8quopwwVAigCQzMsF0BRBDlYEGJOGBJkYXNoX2Jhc2VsaW5lXzFfdjERAHX-B2XmnQEA&_nc_gid=SzwI09T-TUYr-XeiWJGUtw&_nc_ss=7a22e&_nc_zt=28&oh=00_AQD6DH8NFrxBA5u1QV2CB70oUWxjSuzWwGcP6ynC23_w5A&oe=6A51EAD3
CsNCbNMs9xo,https://www.instagram.com/reel/CsNCbNMs9xo/,"O que fazer quando o usurpador chegar? É simples! Você procrastina a procrastinação. 🤘🏼 Se você quer participar do desafio, comente DESAFIO 69:",1684024725,10006,397,89.71900177001953,clips,https://scontent-poa1-1.cdninstagram.com/o1/v/t2/f2/m82/AQO5-p6zgy6PsIPWODtzVftbN98kQbZvlh770c8bgMG0Wlm8WG5r8_YBhwTPlVmtPaiKl0STADU4XM_hSnFCewPfV4Xun69ZPKiIPxE.mp4?_nc_cat=103&_nc_sid=5e9851&_nc_ht=scontent-poa1-1.cdninstagram.com&_nc_ohc=-j5B876vAe0Q7kNvwHaMRt7&efg=eyJ2ZW5jb2RlX3RhZyI6Inhwdl9wcm9ncmVzc2l2ZS5JTlNUQUdSQU0uQ0xJUFMuQzMuNzIwLmRhc2hfYmFzZWxpbmVfMV92MSIsInhwdl9hc3NldF9pZCI6Mjg5Nzc5MTA2NzA5MTUyLCJhc3NldF9hZ2VfZGF5cyI6MTE1MiwidmlfdXNlY2FzZV9pZCI6MTAwOTksImR1cmF0aW9uX3MiOjg5LCJ1cmxnZW5fc291cmNlIjoid3d3In0%3D&ccb=17-1&vs=28234d85ca1ef3ef&_nc_vs=HBksFQIYT2lnX3hwdl9yZWVsc19wZXJtYW5lbnRfcHJvZC9FRjQ3MUZFRkExOUI4OTJFNEVCMTVGNUNGQzc4MTI4RV92aWRlb19kYXNoaW5pdC5tcDQVAALIARIAFQIYOnBhc3N0aHJvdWdoX2V2ZXJzdG9yZS9HT3JRcnhSR3YzZXlXUEVMQUtMVTlwZm5IUFpEYnFfRUFBQUYVAgLIARIAKAAYABsCiAd1c2Vfb2lsATEScHJvZ3Jlc3NpdmVfcmVjaXBlATEVAAAmwPq_y67jgwEVAigCQzMsF0BWbMzMzMzNGBJkYXNoX2Jhc2VsaW5lXzFfdjERAHX-B2XmnQEA&_nc_gid=SzwI09T-TUYr-XeiWJGUtw&_nc_ss=7a22e&_nc_zt=28&oh=00_AQC8xnhkXxcI9xLz14ZCrmZMtED3PgVh2hfc5pZkPxXzqQ&oe=6A51DB4C
CsCpfnzLCri,https://www.instagram.com/reel/CsCpfnzLCri/,"A atividade mais impactante do desafio, por incrível que pareça é dar o primeiro passo. Sim, algo simples que você subestimo. O Desafio do Criador de 69 dias é uma jornada que forçamos pensar, sentir e agir como nossa melhor versão! Comente CRIADOR 69 se quer participar com a gente:",1683676169,11337,575,89.83499908447266,clips,https://scontent-poa1-1.cdninstagram.com/o1/v/t2/f2/m82/AQNq5SLk1NW6T01vy1pXd4D8njIlAO47B3z0y_Ml1nUBuA9GD0rT0SLjV1xXoTwzD1yjsZE6mPAy1A2Z1mNkY9KsIH0AvLyoS__dx8A.mp4?_nc_cat=104&_nc_sid=5e9851&_nc_ht=scontent-poa1-1.cdninstagram.com&_nc_ohc=_UaKffBgoxMQ7kNvwF3izIB&efg=eyJ2ZW5jb2RlX3RhZyI6Inhwdl9wcm9ncmVzc2l2ZS5JTlNUQUdSQU0uQ0xJUFMuQzMuNzIwLmRhc2hfYmFzZWxpbmVfMV92MSIsInhwdl9hc3NldF9pZCI6NjYxODU1OTUyNDMxMzA0LCJhc3NldF9hZ2VfZGF5cyI6MTE1NiwidmlfdXNlY2FzZV9pZCI6MTAwOTksImR1cmF0aW9uX3MiOjg5LCJ1cmxnZW5fc291cmNlIjoid3d3In0%3D&ccb=17-1&vs=bb586e38b43e7128&_nc_vs=HBksFQIYT2lnX3hwdl9yZWVsc19wZXJtYW5lbnRfcHJvZC9BODRBOTBCMkM1OEI4M0NCODk3MEZENkFBNzZFMEM4QV92aWRlb19kYXNoaW5pdC5tcDQVAALIARIAFQIYOnBhc3N0aHJvdWdoX2V2ZXJzdG9yZS9HQjRZcGhSSXh6ODRHbGdDQUh1MDhmMUQ4d0JHYnFfRUFBQUYVAgLIARIAKAAYABsCiAd1c2Vfb2lsATEScHJvZ3Jlc3NpdmVfcmVjaXBlATEVAAAmkKP_jov9rAIVAigCQzMsF0BWdU_fO2RaGBJkYXNoX2Jhc2VsaW5lXzFfdjERAHX-B2XmnQEA&_nc_gid=SzwI09T-TUYr-XeiWJGUtw&_nc_ss=7a22e&_nc_zt=28&oh=00_AQCulVxjIPFTAZN8mqX1m0XXKsHkfX7wao4Jkyn3r7lDdg&oe=6A51BEA9
Crt4C1PPWV-,https://www.instagram.com/reel/Crt4C1PPWV-/,"Se você não está fazendo sentir, está fazendo errado… Quanto mais você entende os desejos do seu público, mais consegue fazer eles visualizarem seu produto como a realização do maior sonho dele!",1682979119,8287,339,86.46600341796875,clips,https://scontent-poa1-1.cdninstagram.com/o1/v/t2/f2/m82/AQN0dq2GJqI2ggHXtaUje-hew9uSWV1shPZGp4D7PTotPLhp9V-GMFlB4cXVCY_92PnGwH8XLUriPFjhkm_QflLqlpMvoxdJeOpgx_s.mp4?_nc_cat=101&_nc_sid=5e9851&_nc_ht=scontent-poa1-1.cdninstagram.com&_nc_ohc=ukAmpaqYIWoQ7kNvwHkenR6&efg=eyJ2ZW5jb2RlX3RhZyI6Inhwdl9wcm9ncmVzc2l2ZS5JTlNUQUdSQU0uQ0xJUFMuQzMuNzIwLmRhc2hfYmFzZWxpbmVfMV92MSIsInhwdl9hc3NldF9pZCI6OTYyMDQwNzk4MTYzOTU1LCJhc3NldF9hZ2VfZGF5cyI6MTE2NCwidmlfdXNlY2FzZV9pZCI6MTAwOTksImR1cmF0aW9uX3MiOjg2LCJ1cmxnZW5fc291cmNlIjoid3d3In0%3D&ccb=17-1&vs=25d532cd783575ad&_nc_vs=HBksFQIYT2lnX3hwdl9yZWVsc19wZXJtYW5lbnRfcHJvZC83MTQzN0RGMUUwNzkzQzBBQTI0RjNDQjcxREE4M0ZCN192aWRlb19kYXNoaW5pdC5tcDQVAALIARIAFQIYOnBhc3N0aHJvdWdoX2V2ZXJzdG9yZS9HRG1paXhUYzdTZkNfT1lBQUxKUzlqVkNlb2xTYnFfRUFBQUYVAgLIARIAKAAYABsCiAd1c2Vfb2lsATEScHJvZ3Jlc3NpdmVfcmVjaXBlATEVAAAm5s_FwJK-tQMVAigCQzMsF0BVndLxqfvnGBJkYXNoX2Jhc2VsaW5lXzFfdjERAHX-B2XmnQEA&_nc_gid=SzwI09T-TUYr-XeiWJGUtw&_nc_ss=7a22e&_nc_zt=28&oh=00_AQBBxW48LwBe5kHV6K0xABj_Wow58Z4ox-4olMRhgds6Cw&oe=6A51BF36
CrrYK9-JXvd,https://www.instagram.com/reel/CrrYK9-JXvd/,"O nosso corpo é programado pra funcionar melhor quando você dorme e acorda cedo. Mas criar esse hábito pode ser difícil no começo, por isso a gente recomenda a higiene do sono. Esse é um dos hábitos do Desafio do Criador. Se você também quer participar desse movimento… Comente “DESAFIO 69” que eu te explico como:",1682895275,14860,820,63.78200149536133,clips,https://scontent-poa1-1.cdninstagram.com/o1/v/t2/f2/m82/AQMdhqJqbLHJI4zpenDVF5IVAGjzyX9Ot4KAUlSG7BZgAEQ7-phQKqJkrvwosVdQybHgntpimOFIpiYUmz_q3ovDPNCPn2--CAOLz7Q.mp4?_nc_cat=105&_nc_sid=5e9851&_nc_ht=scontent-poa1-1.cdninstagram.com&_nc_ohc=6etZrX1Iaa4Q7kNvwEnRNeD&efg=eyJ2ZW5jb2RlX3RhZyI6Inhwdl9wcm9ncmVzc2l2ZS5JTlNUQUdSQU0uQ0xJUFMuQzMuNzIwLmRhc2hfYmFzZWxpbmVfMV92MSIsInhwdl9hc3NldF9pZCI6MjY1MTYwNTM5MjAyMDg3LCJhc3NldF9hZ2VfZGF5cyI6MTE2NSwidmlfdXNlY2FzZV9pZCI6MTAwOTksImR1cmF0aW9uX3MiOjYzLCJ1cmxnZW5fc291cmNlIjoid3d3In0%3D&ccb=17-1&vs=2e9c4b7ebd1f853b&_nc_vs=HBksFQIYT2lnX3hwdl9yZWVsc19wZXJtYW5lbnRfcHJvZC9ERDQ3NUM5RTMyREY0Njg1OUMwNTFFRERCNkFFMEY4Q192aWRlb19kYXNoaW5pdC5tcDQVAALIARIAFQIYOnBhc3N0aHJvdWdoX2V2ZXJzdG9yZS9HRXlPaGhTTEdyUVZCdllFQUVZOFBQNGZ0WE1jYnFfRUFBQUYVAgLIARIAKAAYABsCiAd1c2Vfb2lsATEScHJvZ3Jlc3NpdmVfcmVjaXBlATEVAAAmzoj7-6_KeBUCKAJDMywXQE_iDEm6XjUYEmRhc2hfYmFzZWxpbmVfMV92MREAdf4HZeadAQA&_nc_gid=DOetjvbfUlQSm6aADuBSzg&_nc_ss=7a22e&_nc_zt=28&oh=00_AQDiYleqaiM2p5mt8-QRyAddvVvQKZDJ9xcDMTuhO6Tngw&oe=6A51E816
CrjlfyrPxN1,https://www.instagram.com/reel/CrjlfyrPxN1/,Impulsione sua saúde mental em apenas 16 minutos por dia com as Páginas Matinais! 📝🧠⚡ Participe do Desafio do Criador de 69 dias e mude sua vida para melhor. Comente ‘CRIADOR’ e descubra como se juntar a nós:,1682633916,25685,1868,87.83799743652344,clips,https://scontent-poa1-1.cdninstagram.com/o1/v/t2/f2/m82/AQPKZSyLMlMm-RJ7R3itLb49R5CjjA_GfR0MVE9oC22afCAtbztwKtyOgJ0deI7NeY9D4As7yRsc7h8SA0w-CZWd7INxcuA7_D4qxJ4.mp4?_nc_cat=107&_nc_sid=5e9851&_nc_ht=scontent-poa1-1.cdninstagram.com&_nc_ohc=J-4XB1SHojIQ7kNvwHhkP-C&efg=eyJ2ZW5jb2RlX3RhZyI6Inhwdl9wcm9ncmVzc2l2ZS5JTlNUQUdSQU0uQ0xJUFMuQzMuNzIwLmRhc2hfYmFzZWxpbmVfMV92MSIsInhwdl9hc3NldF9pZCI6MzQ3NjIyOTM2NTk5MDM4NSwiYXNzZXRfYWdlX2RheXMiOjExNjgsInZpX3VzZWNhc2VfaWQiOjEwMDk5LCJkdXJhdGlvbl9zIjo4NywidXJsZ2VuX3NvdXJjZSI6Ind3dyJ9&ccb=17-1&vs=2f496f5474d756c9&_nc_vs=HBksFQIYT2lnX3hwdl9yZWVsc19wZXJtYW5lbnRfcHJvZC9GOTQzMTI2RTFBNjRBNDVBNDcyMkVGRTUxNTE3Mjc4MV92aWRlb19kYXNoaW5pdC5tcDQVAALIARIAFQIYOnBhc3N0aHJvdWdoX2V2ZXJzdG9yZS9HQTdiZkJUYTlWOV9oRzhDQUhURUlETFBsM0JVYnFfRUFBQUYVAgLIARIAKAAYABsCiAd1c2Vfb2lsATEScHJvZ3Jlc3NpdmVfcmVjaXBlATEVAAAm4o-kiJfnrAwVAigCQzMsF0BV9U_fO2RaGBJkYXNoX2Jhc2VsaW5lXzFfdjERAHX-B2XmnQEA&_nc_gid=DOetjvbfUlQSm6aADuBSzg&_nc_ss=7a22e&_nc_zt=28&oh=00_AQBFpHfUHgiVtES-EDBxvoURTFeYJoVc_5rDgeqfHKjZew&oe=6A51CD4C
CreZ_MEOU3Q,https://www.instagram.com/reel/CreZ_MEOU3Q/,"Obter autoconhecimento, controlar ansiedade e aumentar a concentração tudo em um só hábito? Sim, e até o Bull Gates sabe disso! Junte-se a nós no Desafio do Criador e desbloqueie seu potencial. ⚡️ Comente “CRIADOR 69” que te explico como:",1682460014,91997,8215,70.16600036621094,clips,https://scontent-poa1-1.cdninstagram.com/o1/v/t2/f2/m82/AQMEWgDbdrCYHxaf74Jv7NZqi4Y_o1FPv3vFlEUvQAYGG2DVvy7OQfxKXcXeWCNWVRG6EPUjfVc31oRK2tanGMHNjvgCWUer82Hx8Gg.mp4?_nc_cat=100&_nc_sid=5e9851&_nc_ht=scontent-poa1-1.cdninstagram.com&_nc_ohc=N-bAi7XqpJ0Q7kNvwEgavA6&efg=eyJ2ZW5jb2RlX3RhZyI6Inhwdl9wcm9ncmVzc2l2ZS5JTlNUQUdSQU0uQ0xJUFMuQzMuNzIwLmRhc2hfYmFzZWxpbmVfMV92MSIsInhwdl9hc3NldF9pZCI6MjE1ODQ1MTk3NzQwNjAzLCJhc3NldF9hZ2VfZGF5cyI6MTE3MCwidmlfdXNlY2FzZV9pZCI6MTAwOTksImR1cmF0aW9uX3MiOjcwLCJ1cmxnZW5fc291cmNlIjoid3d3In0%3D&ccb=17-1&vs=5ec4887f9633f3bc&_nc_vs=HBksFQIYT2lnX3hwdl9yZWVsc19wZXJtYW5lbnRfcHJvZC9DMTQ4MzdGM0MzMkE2QjMyMjg3MEM0OTI4OTE3NjU5MV92aWRlb19kYXNoaW5pdC5tcDQVAALIARIAFQIYOnBhc3N0aHJvdWdoX2V2ZXJzdG9yZS9HTU93WWhUeWYtcVgzRkVEQU12T1p0TEF1eGtuYnFfRUFBQUYVAgLIARIAKAAYABsCiAd1c2Vfb2lsATEScHJvZ3Jlc3NpdmVfcmVjaXBlATEVAAAm9uizheyTYhUCKAJDMywXQFGKn752yLQYEmRhc2hfYmFzZWxpbmVfMV92MREAdf4HZeadAQA&_nc_gid=DOetjvbfUlQSm6aADuBSzg&_nc_ss=7a22e&_nc_zt=28&oh=00_AQCdiPEcNsdrSq8lc_hq-Jpr5OMDO-ULY75x0hU_dG5wLw&oe=6A51F209
CrRl2XJvsGv,https://www.instagram.com/reel/CrRl2XJvsGv/,"Essa é a rotina de hábitos que vamos dedicar ao nosso Eu do Futuro nos próximos 69 dias, aceita o desafio? Um jeito diferente de conquistar seus sonhos agindo como sua melhor versão faria. Escreva DESAFIO nos comentários para participar: #DesafiodoCriador #NovaIdentidade #CriadoresdoFuturo",1682030114,30498,1790,37.465999603271484,clips,https://scontent-poa1-1.cdninstagram.com/o1/v/t2/f2/m82/AQOgNRgxrX5823MHbRbIu_9a6ZEl1bXBrkYmVSMENpjmMYmelpfAmGQ68JNydbA-crC3tlahb5fxPOmC3FKfyvMLRP4ljBIcqkqBqJI.mp4?_nc_cat=108&_nc_sid=5e9851&_nc_ht=scontent-poa1-1.cdninstagram.com&_nc_ohc=nQsomiT_o4UQ7kNvwF0b7hY&efg=eyJ2ZW5jb2RlX3RhZyI6Inhwdl9wcm9ncmVzc2l2ZS5JTlNUQUdSQU0uQ0xJUFMuQzMuNzIwLmRhc2hfYmFzZWxpbmVfMV92MSIsInhwdl9hc3NldF9pZCI6MjYzOTAyOTA5MzA3MjA4LCJhc3NldF9hZ2VfZGF5cyI6MTE3NSwidmlfdXNlY2FzZV9pZCI6MTAwOTksImR1cmF0aW9uX3MiOjM3LCJ1cmxnZW5fc291cmNlIjoid3d3In0%3D&ccb=17-1&vs=98cc61c53ace2309&_nc_vs=HBksFQIYT2lnX3hwdl9yZWVsc19wZXJtYW5lbnRfcHJvZC9GNjQ4NjBDNDlGRUM0NjY1QTAyNzlDQzg5NjVEQzVBNl92aWRlb19kYXNoaW5pdC5tcDQVAALIARIAFQIYOnBhc3N0aHJvdWdoX2V2ZXJzdG9yZS9HSFNXWnhUdW50UWlDOWNBQUdQYy1jX25abU04YnFfRUFBQUYVAgLIARIAKAAYABsCiAd1c2Vfb2lsATEScHJvZ3Jlc3NpdmVfcmVjaXBlATEVAAAmkOXQ8pWBeBUCKAJDMywXQEK7peNT988YEmRhc2hfYmFzZWxpbmVfMV92MREAdf4HZeadAQA&_nc_gid=DOetjvbfUlQSm6aADuBSzg&_nc_ss=7a22e&_nc_zt=28&oh=00_AQD03qjibWdGeAxpuDupPEOz1w_ZA6twis2LHfGEGt_w8w&oe=6A51C519
CrHZAnxPB28,https://www.instagram.com/reel/CrHZAnxPB28/,"Aceita o desafio? Em 69 dias, vamos viver uma fantasia, agindo como a nossa versão do futuro mais poderosa faria. Um jeito diferente de mudar os teus hábitos, se tornar uma pessoa melhor e realizar os teus objetivos. Escreva DESAFIO nos comentários para participar: #DesafiodoCriador #NovaIdentidade #CriadoresdoFuturo",1681688564,25573,1166,89.88099670410156,clips,https://scontent-poa1-1.cdninstagram.com/o1/v/t2/f2/m82/AQPICsPgjiJMpX-X3qN-GCTgDgZnahIPgDUo664-0bX6VwSNOPPMSZPBN1DmAv4OFbmA_PcxuIaytCDn91qWn6I4I-2BY4AG_mutpEg.mp4?_nc_cat=105&_nc_sid=5e9851&_nc_ht=scontent-poa1-1.cdninstagram.com&_nc_ohc=qs6k7R2wiokQ7kNvwFedKKx&efg=eyJ2ZW5jb2RlX3RhZyI6Inhwdl9wcm9ncmVzc2l2ZS5JTlNUQUdSQU0uQ0xJUFMuQzMuNzIwLmRhc2hfYmFzZWxpbmVfMV92MSIsInhwdl9hc3NldF9pZCI6MTI1MTYyNTI1ODc3NzYzOCwiYXNzZXRfYWdlX2RheXMiOjExNzksInZpX3VzZWNhc2VfaWQiOjEwMDk5LCJkdXJhdGlvbl9zIjo4OSwidXJsZ2VuX3NvdXJjZSI6Ind3dyJ9&ccb=17-1&vs=f2329b85233db07f&_nc_vs=HBksFQIYT2lnX3hwdl9yZWVsc19wZXJtYW5lbnRfcHJvZC8xNjQyNzVGOUNFRjRFMUJDQTQ1MENCQjVCRjE5NjhCRV92aWRlb19kYXNoaW5pdC5tcDQVAALIARIAFQIYOnBhc3N0aHJvdWdoX2V2ZXJzdG9yZS9HTjFCWHhTUHBjT2lXZFFFQU9HaUh3S0RsRDVjYnFfRUFBQUYVAgLIARIAKAAYABsCiAd1c2Vfb2lsATEScHJvZ3Jlc3NpdmVfcmVjaXBlATEVAAAmzPCH75aWuQQVAigCQzMsF0BWd2yLQ5WBGBJkYXNoX2Jhc2VsaW5lXzFfdjERAHX-B2XmnQEA&_nc_gid=DOetjvbfUlQSm6aADuBSzg&_nc_ss=7a22e&_nc_zt=28&oh=00_AQDdUeSDyo6JBykEGC_a9us-vNo_9zP0VjAWjM8jAsR-VA&oe=6A51C8E2
CrCCSsZu6QR,https://www.instagram.com/reel/CrCCSsZu6QR/,"A constância está ligada à sabedoria de escolher continuar, mesmo quando não é fácil…",1681508077,27827,1666,68.10099792480469,clips,https://scontent-poa1-1.cdninstagram.com/o1/v/t2/f2/m82/AQM1a5dgXwbbh3wm5B5Bic_XpeqQ5Vg_EVCBNS-HW-LFXGvfWPntS2daJR51HWV7QUpVo2Rg9xoXpMEYqKmj1rN3BmuY6nqqrFX66po.mp4?_nc_cat=102&_nc_sid=5e9851&_nc_ht=scontent-poa1-1.cdninstagram.com&_nc_ohc=JNzyER2rQFAQ7kNvwHY-6aU&efg=eyJ2ZW5jb2RlX3RhZyI6Inhwdl9wcm9ncmVzc2l2ZS5JTlNUQUdSQU0uQ0xJUFMuQzMuNzIwLmRhc2hfYmFzZWxpbmVfMV92MSIsInhwdl9hc3NldF9pZCI6NTQwNTg4NTE4MjY5OTc4LCJhc3NldF9hZ2VfZGF5cyI6MTE4MSwidmlfdXNlY2FzZV9pZCI6MTAwOTksImR1cmF0aW9uX3MiOjY4LCJ1cmxnZW5fc291cmNlIjoid3d3In0%3D&ccb=17-1&vs=6c85df6115dcc7f2&_nc_vs=HBksFQIYT2lnX3hwdl9yZWVsc19wZXJtYW5lbnRfcHJvZC9FNjQxQTIzQkExOUNERkRGMzJCRDc4REYzOEVBQURBRl92aWRlb19kYXNoaW5pdC5tcDQVAALIARIAFQIYOnBhc3N0aHJvdWdoX2V2ZXJzdG9yZS9HUFVuV3hRNlc0T2dHM0VEQUJ4QTgxUmQ1VTllYnFfRUFBQUYVAgLIARIAKAAYABsCiAd1c2Vfb2lsATEScHJvZ3Jlc3NpdmVfcmVjaXBlATEVAAAmtJDPqbLq9QEVAigCQzMsF0BRBmZmZmZmGBJkYXNoX2Jhc2VsaW5lXzFfdjERAHX-B2XmnQEA&_nc_gid=DOetjvbfUlQSm6aADuBSzg&_nc_ss=7a22e&_nc_zt=28&oh=00_AQD-eG1sULxxwawxN0UCgPLj9SNVbHn_qyRIlEZLkhIwkw&oe=6A51DE37
Cq3w4FPtL9p,https://www.instagram.com/reel/Cq3w4FPtL9p/,Seu cliente precisa sempre sair ganhando! ⚡️,1681163408,19699,773,74,clips,https://scontent-poa1-1.cdninstagram.com/o1/v/t2/f2/m82/AQM9lTM_em7h-nylHLZfKuBEoiBVN9RBeS4FXAx1DKgsVhjvOshUER8DYx2oiyQqS3rENcTxn5Z55GA8sZUc68iYc4MBIMPci_H3M5M.mp4?_nc_cat=104&_nc_sid=5e9851&_nc_ht=scontent-poa1-1.cdninstagram.com&_nc_ohc=T9PxEbE7E_8Q7kNvwFx4BFK&efg=eyJ2ZW5jb2RlX3RhZyI6Inhwdl9wcm9ncmVzc2l2ZS5JTlNUQUdSQU0uQ0xJUFMuQzMuNzIwLmRhc2hfYmFzZWxpbmVfMV92MSIsInhwdl9hc3NldF9pZCI6MTkyNDM4NDMyNzkyNjQ2NCwiYXNzZXRfYWdlX2RheXMiOjExODUsInZpX3VzZWNhc2VfaWQiOjEwMDk5LCJkdXJhdGlvbl9zIjo3MywidXJsZ2VuX3NvdXJjZSI6Ind3dyJ9&ccb=17-1&vs=b4814958f0b4d1b8&_nc_vs=HBksFQIYT2lnX3hwdl9yZWVsc19wZXJtYW5lbnRfcHJvZC9CNzQ5N0FEOTNDNzMzQkQxRTlBODI3QzdGMDgyNUU5OV92aWRlb19kYXNoaW5pdC5tcDQVAALIARIAFQIYOnBhc3N0aHJvdWdoX2V2ZXJzdG9yZS9HQVRaU3hRU1F5VG1IUG9FQUIyUjVFZHRIeUZwYnFfRUFBQUYVAgLIARIAKAAYABsCiAd1c2Vfb2lsATEScHJvZ3Jlc3NpdmVfcmVjaXBlATEVAAAmgIu4xPSN6wYVAigCQzMsF0BSgAAAAAAAGBJkYXNoX2Jhc2VsaW5lXzFfdjERAHX-B2XmnQEA&_nc_gid=DOetjvbfUlQSm6aADuBSzg&_nc_ss=7a22e&_nc_zt=28&oh=00_AQC4pmMCpizS0hJVvfFwOV91JWH4mN4Np2l4YDVNUfF0pQ&oe=6A51DFED
Cp0xG4PtmFN,https://www.instagram.com/reel/Cp0xG4PtmFN/,"Vivemos momentos de caos nas últimas semanas com toda essa situação, mas tenho certeza que foi a melhor coisas que poderia fazer. Nos conectamos com muitas pessoas se identificaram com a história. E quer saber? E essa é a vantagem de contar sobre seus melhores e piores momentos na sua rede social! Atrai atenção. Gera Conexão. Existe um atalho no universo digital, e esse atalho é a sua própria história. Existe uma maneira simples transformar histórias em conteúdo e conteúdo em dinheiro. No meu link da bio tem um vídeo que explica EXATAMENTE como você pode fazer isso. Lá você também vai descobrir como participar da nossa próxima aula ao vivo sobre o tema. Você não vai se arrepender.",1678916090,26516,1253,89.53299713134766,clips,https://scontent-poa1-1.cdninstagram.com/o1/v/t2/f2/m82/AQNR7JIin1hJ_bzgKqQHRzDGZeMYV9qT1o2WoAzegQaVGnM5bCr1tw2zzpeMlhUiAUErkt1CA2jGAHsEs_geqFPVFFDyPNd0wK4B-eE.mp4?_nc_cat=101&_nc_sid=5e9851&_nc_ht=scontent-poa1-1.cdninstagram.com&_nc_ohc=-qzSkgIWEaEQ7kNvwFDYKfa&efg=eyJ2ZW5jb2RlX3RhZyI6Inhwdl9wcm9ncmVzc2l2ZS5JTlNUQUdSQU0uQ0xJUFMuQzMuNzIwLmRhc2hfYmFzZWxpbmVfMV92MSIsInhwdl9hc3NldF9pZCI6NzY5NzQ0MzcwOTIzODUzLCJhc3NldF9hZ2VfZGF5cyI6MTIxMSwidmlfdXNlY2FzZV9pZCI6MTAwOTksImR1cmF0aW9uX3MiOjg5LCJ1cmxnZW5fc291cmNlIjoid3d3In0%3D&ccb=17-1&vs=21c8844beb615786&_nc_vs=HBksFQIYT2lnX3hwdl9yZWVsc19wZXJtYW5lbnRfcHJvZC9CMzQ0RUE5RDM5QjI3NEJDNkE3NjFCOTIzNDhDQzRBM192aWRlb19kYXNoaW5pdC5tcDQVAALIARIAFQIYOnBhc3N0aHJvdWdoX2V2ZXJzdG9yZS9HSTRmRGhUSG53WVp3ZG9CQUZhUnFCSTVtcGQ1YnFfRUFBQUYVAgLIARIAKAAYABsCiAd1c2Vfb2lsATEScHJvZ3Jlc3NpdmVfcmVjaXBlATEVAAAmmuXfvIKF3gIVAigCQzMsF0BWYhysCDEnGBJkYXNoX2Jhc2VsaW5lXzFfdjERAHX-B2XmnQEA&_nc_gid=DOetjvbfUlQSm6aADuBSzg&_nc_ss=7a22e&_nc_zt=28&oh=00_AQDvwP5vqonfbmSWAafCJ44BtwmRAhbPfdDzHGGzBTdi2w&oe=6A51D9FA
CpyQHRvJO6s,https://www.instagram.com/reel/CpyQHRvJO6s/,"Um único vídeo foi responsável por colocar +20 mil reais no nosso bolso, e nele nós contávamos como quase não conseguimos pagar nossas contas de casa há um tempo atrás. Você só acha que vai se “queimar” contando suas piores histórias porque ainda não sentiu na pele como isso gera conexão com sua audiência. Todos os maiores do mercado fazem isso, a diferença entre eles e é a técnica. Se você quer aprender como usar sua história para chamar atenção, gerar conexão e fazer muito dinheiro na internet… A melhor hora é agora, link na bio.",1678830978,10329,379,86.83899688720703,clips,https://scontent-poa1-1.cdninstagram.com/o1/v/t2/f2/m82/AQMoWO-T-oiq3D9TGX02vHim-_5jOgp9RscAwBTk8kdNEZZnQi3wAtn2c2w8Yd84SRGBuFfkvEpTTYdvhxxf0wGeSDvdJXp6imJfj6o.mp4?_nc_cat=103&_nc_sid=5e9851&_nc_ht=scontent-poa1-1.cdninstagram.com&_nc_ohc=tk98AWIMId0Q7kNvwEDVMcU&efg=eyJ2ZW5jb2RlX3RhZyI6Inhwdl9wcm9ncmVzc2l2ZS5JTlNUQUdSQU0uQ0xJUFMuQzMuNzIwLmRhc2hfYmFzZWxpbmVfMV92MSIsInhwdl9hc3NldF9pZCI6MTU3NjM5NTI3MTc2NzczLCJhc3NldF9hZ2VfZGF5cyI6MTIxMiwidmlfdXNlY2FzZV9pZCI6MTAwOTksImR1cmF0aW9uX3MiOjg2LCJ1cmxnZW5fc291cmNlIjoid3d3In0%3D&ccb=17-1&vs=9f009253d33388bf&_nc_vs=HBksFQIYT2lnX3hwdl9yZWVsc19wZXJtYW5lbnRfcHJvZC83MTRCNDZBNjM5QjdGQjNFNTQ1NDNBRDIyNzExQTM4M192aWRlb19kYXNoaW5pdC5tcDQVAALIARIAFQIYOnBhc3N0aHJvdWdoX2V2ZXJzdG9yZS9HRGVSNEJQMG5VamNoelFEQUVDR25zcUpmQVJGYnFfRUFBQUYVAgLIARIAKAAYABsCiAd1c2Vfb2lsATEScHJvZ3Jlc3NpdmVfcmVjaXBlATEVAAAmiumogOrXRxUCKAJDMywXQFW1T987ZFoYEmRhc2hfYmFzZWxpbmVfMV92MREAdf4HZeadAQA&_nc_gid=DOetjvbfUlQSm6aADuBSzg&_nc_ss=7a22e&_nc_zt=28&oh=00_AQCOqZIJos-LixpxhLVURThi1dj_93yH38PwI_X9YsT2NA&oe=6A51EE64
CpvvO-cvJqQ,https://www.instagram.com/reel/CpvvO-cvJqQ/,"Você consegue imaginar como é a empolgação para a primeira viagem internacional? E você consegue imaginar como é descobrir que essa viagem não aconteceu porque seu melhor amigo te deu um golpe? No momento de ir, misteriosamente deu errado. Há cerca de duas semanas descobrimos que tudo não passou de uma NARRATIVA que ele criou para nos enganar do primeiro ao último dia. E funcionou! Funcionou porque narrativa conectam. Narrativas empolgam. Narrativas cativam. Mas essa arma precisa ser usada para o bem. E se você quiser aprender a criar uma narrativa para seu perfil, me chama no direct que vamos montar uma Narrativa do Bem para você!",1678746650,20002,811,89.88099670410156,clips,https://scontent-poa1-1.cdninstagram.com/o1/v/t2/f2/m82/AQPpFSPS-ZU9k68nQTyOHmeFmTjBeLzNj7p0l_OCExiH8Sws-Rpbi_G64U0pG5ULgtm7Ec-SbMI5sCuIuJwyVqfwG2GO50m8RIkZZ-0.mp4?_nc_cat=110&_nc_sid=5e9851&_nc_ht=scontent-poa1-1.cdninstagram.com&_nc_ohc=O82YSeXUbrkQ7kNvwHnuXR3&efg=eyJ2ZW5jb2RlX3RhZyI6Inhwdl9wcm9ncmVzc2l2ZS5JTlNUQUdSQU0uQ0xJUFMuQzMuNzIwLmRhc2hfYmFzZWxpbmVfMV92MSIsInhwdl9hc3NldF9pZCI6OTM4NzQ1OTIwODA3NjIwLCJhc3NldF9hZ2VfZGF5cyI6MTIxMywidmlfdXNlY2FzZV9pZCI6MTAwOTksImR1cmF0aW9uX3MiOjg5LCJ1cmxnZW5fc291cmNlIjoid3d3In0%3D&ccb=17-1&vs=5af5fce41b71e08d&_nc_vs=HBksFQIYT2lnX3hwdl9yZWVsc19wZXJtYW5lbnRfcHJvZC8zQzRGREREN0JCODk4ODE2QzVEN0Y0NUU1MUU2NjY4Rl92aWRlb19kYXNoaW5pdC5tcDQVAALIARIAFQIYOnBhc3N0aHJvdWdoX2V2ZXJzdG9yZS9HSlA2Q1JSbW9OMlNhYVlCQUd6MkVnV2prU1FiYnFfRUFBQUYVAgLIARIAKAAYABsCiAd1c2Vfb2lsATEScHJvZ3Jlc3NpdmVfcmVjaXBlATEVAAAmiIunkpryqgMVAigCQzMsF0BWd2yLQ5WBGBJkYXNoX2Jhc2VsaW5lXzFfdjERAHX-B2XmnQEA&_nc_gid=DOetjvbfUlQSm6aADuBSzg&_nc_ss=7a22e&_nc_zt=28&oh=00_AQCQl7cNUjNxYBDy3odeYKFtBzbPUPkev8d1ANgYGzjW5w&oe=6A51C217
CptF-CnOnEe,https://www.instagram.com/reel/CptF-CnOnEe/,"Você sabe “sacar dinheiro do passado”? 💰 Os maiores do mercado fazem, e você pode fazer também: Transformando as histórias da sua vida em conteúdo, e conteúdo em dinheiro! É exatamente isso que a gente ensina na Comunidade Criadores do Futuro. As vagas estão abertas. 🎁 Se você quer de bônus uma call exclusiva com a gente para criar a sua narrativa baseada na sua história… você tem até dia 16.",1678658019,9007,268,89.93299865722656,clips,https://scontent-poa1-1.cdninstagram.com/o1/v/t2/f2/m82/AQP-aqyXSm9_kwlmXfK9qB2D-3fZ8iPNsov6Af17o9SoMORO3ETuFQcprbTgk8AlCrzX1-oNW9yoJjjN413DvDoQveSkZg9EmO8i8Tw.mp4?_nc_cat=108&_nc_sid=5e9851&_nc_ht=scontent-poa1-1.cdninstagram.com&_nc_ohc=6YnUEQ-KAPEQ7kNvwEV41ea&efg=eyJ2ZW5jb2RlX3RhZyI6Inhwdl9wcm9ncmVzc2l2ZS5JTlNUQUdSQU0uQ0xJUFMuQzMuNzIwLmRhc2hfYmFzZWxpbmVfMV92MSIsInhwdl9hc3NldF9pZCI6MTY5ODU1NzQyNTMxMzI3LCJhc3NldF9hZ2VfZGF5cyI6MTIxNCwidmlfdXNlY2FzZV9pZCI6MTAwOTksImR1cmF0aW9uX3MiOjg5LCJ1cmxnZW5fc291cmNlIjoid3d3In0%3D&ccb=17-1&vs=b5c99888dd499215&_nc_vs=HBksFQIYT2lnX3hwdl9yZWVsc19wZXJtYW5lbnRfcHJvZC80RDRFMjM5Qjg0NkIyRjA1QTBGQzM4OTBFNUNCQTk5Ml92aWRlb19kYXNoaW5pdC5tcDQVAALIARIAFQIYOnBhc3N0aHJvdWdoX2V2ZXJzdG9yZS9HT1hVM1JNTmVBa0JGYWtDQUx3b013RlJJWFF2YnFfRUFBQUYVAgLIARIAKAAYABsCiAd1c2Vfb2lsATEScHJvZ3Jlc3NpdmVfcmVjaXBlATEVAAAm_tuS8_OeTRUCKAJDMywXQFZ7tkWhysEYEmRhc2hfYmFzZWxpbmVfMV92MREAdf4HZeadAQA&_nc_gid=DOetjvbfUlQSm6aADuBSzg&_nc_ss=7a22e&_nc_zt=28&oh=00_AQCXYfjddd_UyhHW5NBDkVHf1Xcq1Cwb0VTL1Emas2j2KA&oe=6A51C5C5
Cpp2whJPS-M,https://www.instagram.com/reel/Cpp2whJPS-M/,"Essa historia parece maluca demais pra ser verdade, justo com a gente, contadores de histórias… Mas sim, é real. No começo me perguntava “porque comigo?”, desejei com toda força que fosse realmente mentira. Mas sabe de uma coisa? Não mais. Nos últimos 16 meses fomos enganados pelo nosso “melhor amigo”. Uma pessoa que fez parte de alguns dos melhores momentos da nossa vida, uma pessoa que acolhemos nos piores momentos da vida dele. Simon criou uma vida fake para nos enganar, e por incrível que pareça, essa história ainda vai ficar pior! Ele nos usou por mais de um ano. Agora somos nós que vamos usar ele para passar uma mensagem. O show começou hoje, mas você não perde por esperar para descobrir até onde isso vai dar. Mas me fala… como você agiria? PARTE 1/3",1678549258,21941,947,89.16600036621094,clips,https://scontent-poa1-1.cdninstagram.com/o1/v/t2/f2/m82/AQN3bUxPBIzMF0rXILNFadwmKCp-ppEbf2_NleUnzMOB5Bhmh-3GwgkxFM5lY5hArscEuuUVX8XR5E6ZGQLyVoxqFNyP14ny1JO8UWQ.mp4?_nc_cat=102&_nc_sid=5e9851&_nc_ht=scontent-poa1-1.cdninstagram.com&_nc_ohc=1x9YpZxwKf0Q7kNvwEZKiYp&efg=eyJ2ZW5jb2RlX3RhZyI6Inhwdl9wcm9ncmVzc2l2ZS5JTlNUQUdSQU0uQ0xJUFMuQzMuNzIwLmRhc2hfYmFzZWxpbmVfMV92MSIsInhwdl9hc3NldF9pZCI6MTY0ODI1MTM3MjI0NDg2OCwiYXNzZXRfYWdlX2RheXMiOjEyMTYsInZpX3VzZWNhc2VfaWQiOjEwMDk5LCJkdXJhdGlvbl9zIjo4OSwidXJsZ2VuX3NvdXJjZSI6Ind3dyJ9&ccb=17-1&vs=4545b52bde875244&_nc_vs=HBksFQIYT2lnX3hwdl9yZWVsc19wZXJtYW5lbnRfcHJvZC9FNDRGQzk3RThGQzIyNDQwRjZFMzA5RTQyQkMzNjVBRl92aWRlb19kYXNoaW5pdC5tcDQVAALIARIAFQIYOnBhc3N0aHJvdWdoX2V2ZXJzdG9yZS9HR09pNGhOUzlmTkVGYVVHQUVxWnlfRzF5SHN1YnFfRUFBQUYVAgLIARIAKAAYABsCiAd1c2Vfb2lsATEScHJvZ3Jlc3NpdmVfcmVjaXBlATEVAAAmiL7Y2O3E7QUVAigCQzMsF0BWSp--dsi0GBJkYXNoX2Jhc2VsaW5lXzFfdjERAHX-B2XmnQEA&_nc_gid=DOetjvbfUlQSm6aADuBSzg&_nc_ss=7a22e&_nc_zt=28&oh=00_AQArzZZTXPciUYbEQMQ5TR3wTUqXPi_DvLp_Xz9EaS--aw&oe=6A51DA6B
Cpi3VXMj8PR,https://www.instagram.com/reel/Cpi3VXMj8PR/,Aqui as regras são outras! 🖤,1678314737,6182,280,36.869998931884766,clips,https://scontent-poa1-1.cdninstagram.com/o1/v/t2/f2/m82/AQOpUbdwgRGVSMzKTVYTw4E1Pamkhum7XxrM8KyPCAUEmvEaA7j3sWntDaffSM5qxYBqXFUgqhj7i9E99yUmWZtTW3M1WY0DK4TlpKI.mp4?_nc_cat=107&_nc_sid=5e9851&_nc_ht=scontent-poa1-1.cdninstagram.com&_nc_ohc=k1t2Vn0BEpgQ7kNvwFZkZ7p&efg=eyJ2ZW5jb2RlX3RhZyI6Inhwdl9wcm9ncmVzc2l2ZS5JTlNUQUdSQU0uQ0xJUFMuQzMuNzIwLmRhc2hfYmFzZWxpbmVfMV92MSIsInhwdl9hc3NldF9pZCI6MjU2NjM2MjI2Njg2Mjg4LCJhc3NldF9hZ2VfZGF5cyI6MTIxOCwidmlfdXNlY2FzZV9pZCI6MTAwOTksImR1cmF0aW9uX3MiOjM2LCJ1cmxnZW5fc291cmNlIjoid3d3In0%3D&ccb=17-1&vs=b456a0867f21211c&_nc_vs=HBksFQIYT2lnX3hwdl9yZWVsc19wZXJtYW5lbnRfcHJvZC82NTQyQUYzREEzRDIwNTUzOUE5REYwMTc0RTBGRTVBMV92aWRlb19kYXNoaW5pdC5tcDQVAALIARIAFQIYOnBhc3N0aHJvdWdoX2V2ZXJzdG9yZS9HUDhMenhNSzJuS090Sk1BQUpYcGt0ZWlLa3hDYnFfRUFBQUYVAgLIARIAKAAYABsCiAd1c2Vfb2lsATEScHJvZ3Jlc3NpdmVfcmVjaXBlATEVAAAmoLWG8pjadBUCKAJDMywXQEJu2RaHKwIYEmRhc2hfYmFzZWxpbmVfMV92MREAdf4HZeadAQA&_nc_gid=b6_bhu1Vng001MHBxICsqw&_nc_ss=7a22e&_nc_zt=28&oh=00_AQC0B68_-WwMQt1ry7xL6tmNEEtgiOA4HYEzPBGi00ORTg&oe=6A51E2A0
CpgO8bZOWKI,https://www.instagram.com/reel/CpgO8bZOWKI/,O que você faz para as pessoas levantarem SUA bandeira?,1678226406,6069,195,69.63300323486328,clips,https://scontent-poa1-1.cdninstagram.com/o1/v/t2/f2/m82/AQPpl6sN00soJVQq5RyUxDByZntjtVF5-Pers5rx67h1GFBseDob_3Kg4wGdeb2R5p5iqsu2lWbTyqZ6oWlXt54WZ6-tbUkGI11dkfg.mp4?_nc_cat=108&_nc_sid=5e9851&_nc_ht=scontent-poa1-1.cdninstagram.com&_nc_ohc=YRCO_i85eJcQ7kNvwFlbntA&efg=eyJ2ZW5jb2RlX3RhZyI6Inhwdl9wcm9ncmVzc2l2ZS5JTlNUQUdSQU0uQ0xJUFMuQzMuNzIwLmRhc2hfYmFzZWxpbmVfMV92MSIsInhwdl9hc3NldF9pZCI6NTExNjEzOTQ3NzE4NzU5LCJhc3NldF9hZ2VfZGF5cyI6MTIxOSwidmlfdXNlY2FzZV9pZCI6MTAwOTksImR1cmF0aW9uX3MiOjY5LCJ1cmxnZW5fc291cmNlIjoid3d3In0%3D&ccb=17-1&vs=8091f8a085f5a66c&_nc_vs=HBksFQIYT2lnX3hwdl9yZWVsc19wZXJtYW5lbnRfcHJvZC84MjQ2M0Q2NUM1OEU3OTM5OTQ3QkY2MzNCNjczQUZBMF92aWRlb19kYXNoaW5pdC5tcDQVAALIARIAFQIYOnBhc3N0aHJvdWdoX2V2ZXJzdG9yZS9HUEZJOGhQNi1SaE9mcWNEQUg3dC03by1wcVo3YnFfRUFBQUYVAgLIARIAKAAYABsCiAd1c2Vfb2lsATEScHJvZ3Jlc3NpdmVfcmVjaXBlATEVAAAmzrHt-ezT6AEVAigCQzMsF0BRaIMSbpeNGBJkYXNoX2Jhc2VsaW5lXzFfdjERAHX-B2XmnQEA&_nc_gid=b6_bhu1Vng001MHBxICsqw&_nc_ss=7a22e&_nc_zt=28&oh=00_AQC7CZ6pmHsU_kdaPCR92p8PEtZF3gP35Cv9QoXHbI_g9g&oe=6A51E809
CpbHqgBAzLg,https://www.instagram.com/reel/CpbHqgBAzLg/,"Eu era só uma criança boba, mas você pode estar vivendo isso agora…",1678054948,6559,283,73.9520034790039,clips,https://scontent-poa1-1.cdninstagram.com/o1/v/t2/f2/m82/AQP8pmoCkSlFJ2ALhciKy3nzisF9GKDj78u0Vy5V1GQ9X9KSLHj1IXx9wTDod8MddK7ZEEdoEBCYZvJmf9dnADZ6Jtz6CkhySQOPc-A.mp4?_nc_cat=107&_nc_sid=5e9851&_nc_ht=scontent-poa1-1.cdninstagram.com&_nc_ohc=st-CvJblk48Q7kNvwEK8gMz&efg=eyJ2ZW5jb2RlX3RhZyI6Inhwdl9wcm9ncmVzc2l2ZS5JTlNUQUdSQU0uQ0xJUFMuQzMuNzIwLmRhc2hfYmFzZWxpbmVfMV92MSIsInhwdl9hc3NldF9pZCI6NjA4NzkyMjE3MjUyNjYzLCJhc3NldF9hZ2VfZGF5cyI6MTIyMSwidmlfdXNlY2FzZV9pZCI6MTAwOTksImR1cmF0aW9uX3MiOjczLCJ1cmxnZW5fc291cmNlIjoid3d3In0%3D&ccb=17-1&vs=fb677fd3f062a7cf&_nc_vs=HBksFQIYT2lnX3hwdl9yZWVsc19wZXJtYW5lbnRfcHJvZC9FMDQ2N0E1RjRGMUYwNDVGOTFENDVDQjhDOUUzNEJCNF92aWRlb19kYXNoaW5pdC5tcDQVAALIARIAFQIYOnBhc3N0aHJvdWdoX2V2ZXJzdG9yZS9HSG95NUJQaS1xaC1nNmNBQUxPb2t4dldxVzRVYnFfRUFBQUYVAgLIARIAKAAYABsCiAd1c2Vfb2lsATEScHJvZ3Jlc3NpdmVfcmVjaXBlATEVAAAm7szPva_slAIVAigCQzMsF0BSe7ZFocrBGBJkYXNoX2Jhc2VsaW5lXzFfdjERAHX-B2XmnQEA&_nc_gid=b6_bhu1Vng001MHBxICsqw&_nc_ss=7a22e&_nc_zt=28&oh=00_AQDPGduFdiWVser_gEB1XZRyC1Q5hhcvHAtjLhSzM2FKtg&oe=6A51EEB8
CpYU27mPnwr,https://www.instagram.com/reel/CpYU27mPnwr/,Ainda bem que ainda temos um ao outro 🤍 @alefmarqs,1677961121,11555,478,54.566001892089844,clips,https://scontent-poa1-1.cdninstagram.com/o1/v/t2/f2/m82/AQMgMrolkEeJ_GlXTzWpo06qq5MalhU3ja3CXP5BVhBLm7qDdUShEwWXcxA5sex0TGMS0fb0W8nGQtrBiyWZ1r-oFUluzMl7wLAwyUA.mp4?_nc_cat=106&_nc_sid=5e9851&_nc_ht=scontent-poa1-1.cdninstagram.com&_nc_ohc=3c_thO2X51IQ7kNvwG8x6Lx&efg=eyJ2ZW5jb2RlX3RhZyI6Inhwdl9wcm9ncmVzc2l2ZS5JTlNUQUdSQU0uQ0xJUFMuQzMuNzIwLmRhc2hfYmFzZWxpbmVfMV92MSIsInhwdl9hc3NldF9pZCI6MzUyMjMwMTA4NDY3MDEyNSwiYXNzZXRfYWdlX2RheXMiOjEyMjIsInZpX3VzZWNhc2VfaWQiOjEwMDk5LCJkdXJhdGlvbl9zIjo1NCwidXJsZ2VuX3NvdXJjZSI6Ind3dyJ9&ccb=17-1&vs=fd1986bbf887f061&_nc_vs=HBksFQIYT2lnX3hwdl9yZWVsc19wZXJtYW5lbnRfcHJvZC83QTQxOEVEOUU0RUU4RUQ2QjhEODYxMEM1QUQzMkZCRV92aWRlb19kYXNoaW5pdC5tcDQVAALIARIAFQIYOnBhc3N0aHJvdWdoX2V2ZXJzdG9yZS9HRjVsN0JPZjJBOHRwTEVDQUE4RC1GSHl4VjUtYnFfRUFBQUYVAgLIARIAKAAYABsCiAd1c2Vfb2lsATEScHJvZ3Jlc3NpdmVfcmVjaXBlATEVAAAm2uKMj_TgwQwVAigCQzMsF0BLSHKwIMScGBJkYXNoX2Jhc2VsaW5lXzFfdjERAHX-B2XmnQEA&_nc_gid=b6_bhu1Vng001MHBxICsqw&_nc_ss=7a22e&_nc_zt=28&oh=00_AQAk3f4eLp-wC2Kz3pTxeEVbPtVOWFmUXOyv6samQDPfnQ&oe=6A51EF37
CpTJMtiLcsq,https://www.instagram.com/reel/CpTJMtiLcsq/,Deixar pontas soltas vai aumentar a frequência com que as pessoas te acompanham no story. ⛓️,1677787398,6594,252,30.902000427246094,clips,https://scontent-poa1-1.cdninstagram.com/o1/v/t2/f2/m82/AQOpZLrLy41ZPdSZ_45NKNZw3fdVNwdEATrMGxQ1sYEq2GINcx0qbnQt6SWolfW_QuwV3Ji7ZFtP2WE2wgz7m1eKATv2YFkOKGSR41M.mp4?_nc_cat=100&_nc_sid=5e9851&_nc_ht=scontent-poa1-1.cdninstagram.com&_nc_ohc=aXG_CZ77n38Q7kNvwH-eDxs&efg=eyJ2ZW5jb2RlX3RhZyI6Inhwdl9wcm9ncmVzc2l2ZS5JTlNUQUdSQU0uQ0xJUFMuQzMuNzIwLmRhc2hfYmFzZWxpbmVfMV92MSIsInhwdl9hc3NldF9pZCI6NTY4MjU0NDkxOTE3ODEzLCJhc3NldF9hZ2VfZGF5cyI6MTIyNCwidmlfdXNlY2FzZV9pZCI6MTAwOTksImR1cmF0aW9uX3MiOjMwLCJ1cmxnZW5fc291cmNlIjoid3d3In0%3D&ccb=17-1&vs=dc020ebf368d50fa&_nc_vs=HBksFQIYT2lnX3hwdl9yZWVsc19wZXJtYW5lbnRfcHJvZC9CMTRENTMxM0JBREFFM0REOTY0RkY3NTE1NjBDMzNCM192aWRlb19kYXNoaW5pdC5tcDQVAALIARIAFQIYOnBhc3N0aHJvdWdoX2V2ZXJzdG9yZS9HQVAxMEJQY3pIQkpWV1FFQUlOWlpQZ0trVjVJYnFfRUFBQUYVAgLIARIAKAAYABsCiAd1c2Vfb2lsATEScHJvZ3Jlc3NpdmVfcmVjaXBlATEVAAAm6veP8uG0ggIVAigCQzMsF0A-5mZmZmZmGBJkYXNoX2Jhc2VsaW5lXzFfdjERAHX-B2XmnQEA&_nc_gid=b6_bhu1Vng001MHBxICsqw&_nc_ss=7a22e&_nc_zt=28&oh=00_AQCVsdV9UjkPTkbVMznvqExJ5Spn8-gp4jzBrxzzxXpe4w&oe=6A51D869
CpQaEG5uzaA,https://www.instagram.com/reel/CpQaEG5uzaA/,"Nada que você posta da resultado, ou insiste em postar a coisa errada? 🤨",1677695395,5769,199,62.4119987487793,clips,https://scontent-poa1-1.cdninstagram.com/o1/v/t2/f2/m82/AQM3AuLKK6WEl7TzuRQ45-i-NDEUEjwj_mPpzA3xbtm9OYrAUjpfkcTWfRaVZcmVmD1N8FMRGfOKx7EwoOCE4cE8_NiJuMUeJQ7jqrI.mp4?_nc_cat=102&_nc_sid=5e9851&_nc_ht=scontent-poa1-1.cdninstagram.com&_nc_ohc=FhN9Qca7tekQ7kNvwHOdD6Z&efg=eyJ2ZW5jb2RlX3RhZyI6Inhwdl9wcm9ncmVzc2l2ZS5JTlNUQUdSQU0uQ0xJUFMuQzMuNzIwLmRhc2hfYmFzZWxpbmVfMV92MSIsInhwdl9hc3NldF9pZCI6NTMwNDgwMTM5MjIxOTUwLCJhc3NldF9hZ2VfZGF5cyI6MTIyNiwidmlfdXNlY2FzZV9pZCI6MTAwOTksImR1cmF0aW9uX3MiOjYyLCJ1cmxnZW5fc291cmNlIjoid3d3In0%3D&ccb=17-1&vs=2135ce7b70b3682b&_nc_vs=HBksFQIYT2lnX3hwdl9yZWVsc19wZXJtYW5lbnRfcHJvZC9COTRENTZBOTE1NTlGMTBFNEEyRjA2RUI5RTcyMzdBQ192aWRlb19kYXNoaW5pdC5tcDQVAALIARIAFQIYOnBhc3N0aHJvdWdoX2V2ZXJzdG9yZS9HRmNzN0JNaXdEVWprZ1FVQU1Sa1JoX0NWLUJ2YnFfRUFBQUYVAgLIARIAKAAYABsCiAd1c2Vfb2lsATEScHJvZ3Jlc3NpdmVfcmVjaXBlATEVAAAm_O6RhIGe8QEVAigCQzMsF0BPMzMzMzMzGBJkYXNoX2Jhc2VsaW5lXzFfdjERAHX-B2XmnQEA&_nc_gid=b6_bhu1Vng001MHBxICsqw&_nc_ss=7a22e&_nc_zt=28&oh=00_AQDn694XKtQ3KUDyOS1kDCaYjvkbR69yIxSgSwo43awzog&oe=6A51CEEF
CpOc1nHrvzo,https://www.instagram.com/reel/CpOc1nHrvzo/,"E aí, vai contar suas histórias ou vai chorar no banho igual a Hailey?! 😌",1677629774,6107,297,78.53299713134766,clips,https://scontent-poa1-1.cdninstagram.com/o1/v/t2/f2/m82/AQNOLPTUlzf6g6WC18hkiKYBhIyci7VzGksGJwU0KsZ-tqrT_YadH5NhteqtuIPhpebXOMPfUwcCBTbYWNl7WVTLqBPZ1Q74mGwe0jI.mp4?_nc_cat=100&_nc_sid=5e9851&_nc_ht=scontent-poa1-1.cdninstagram.com&_nc_ohc=X7ol2I5kGEEQ7kNvwGWxZTk&efg=eyJ2ZW5jb2RlX3RhZyI6Inhwdl9wcm9ncmVzc2l2ZS5JTlNUQUdSQU0uQ0xJUFMuQzMuNzIwLmRhc2hfYmFzZWxpbmVfMV92MSIsInhwdl9hc3NldF9pZCI6NjEwMjE2NTI1OTgzNjI0OCwiYXNzZXRfYWdlX2RheXMiOjEyMjYsInZpX3VzZWNhc2VfaWQiOjEwMDk5LCJkdXJhdGlvbl9zIjo3OCwidXJsZ2VuX3NvdXJjZSI6Ind3dyJ9&ccb=17-1&vs=da7540d8cddf7c0b&_nc_vs=HBksFQIYT2lnX3hwdl9yZWVsc19wZXJtYW5lbnRfcHJvZC9CRDRGQjdCRUIzREREM0MzMkE5OEE3NTlENUVBRDNCM192aWRlb19kYXNoaW5pdC5tcDQVAALIARIAFQIYOnBhc3N0aHJvdWdoX2V2ZXJzdG9yZS9HQ2JON2hPYlVzaUhfTTRFQUYtZ3NWanRkaHRYYnFfRUFBQUYVAgLIARIAKAAYABsCiAd1c2Vfb2lsATEScHJvZ3Jlc3NpdmVfcmVjaXBlATEVAAAmsO3iiuL41hUVAigCQzMsF0BTohysCDEnGBJkYXNoX2Jhc2VsaW5lXzFfdjERAHX-B2XmnQEA&_nc_gid=b6_bhu1Vng001MHBxICsqw&_nc_ss=7a22e&_nc_zt=28&oh=00_AQCKbpDqj0vNruANKTXn9yFcto_bf8ncwr7gw96LV7EePQ&oe=6A51DE39
CpLlugiJNEq,https://www.instagram.com/reel/CpLlugiJNEq/,"Buscar referências dos maiores é o certo a fazer, só não confunda a identidade pessoal deles, com a sua!",1677533675,6430,308,44.33300018310547,clips,https://scontent-poa1-1.cdninstagram.com/o1/v/t2/f2/m82/AQPo6_Q2Quar8HxqAa9EI92QHnKeEzajxjZOnf4fMYxSeR_oGEGosVyDRB6j5gupzENktEBHgFTIQ_9rmNE7qtW3dzksWQInp-CiF54.mp4?_nc_cat=103&_nc_sid=5e9851&_nc_ht=scontent-poa1-1.cdninstagram.com&_nc_ohc=luhq1UFXc3kQ7kNvwHTS24N&efg=eyJ2ZW5jb2RlX3RhZyI6Inhwdl9wcm9ncmVzc2l2ZS5JTlNUQUdSQU0uQ0xJUFMuQzMuNzIwLmRhc2hfYmFzZWxpbmVfMV92MSIsInhwdl9hc3NldF9pZCI6NzQ3MjEzMjUzNTY5NzM5LCJhc3NldF9hZ2VfZGF5cyI6MTIyNywidmlfdXNlY2FzZV9pZCI6MTAwOTksImR1cmF0aW9uX3MiOjQ0LCJ1cmxnZW5fc291cmNlIjoid3d3In0%3D&ccb=17-1&vs=6211192a7e8849f&_nc_vs=HBksFQIYT2lnX3hwdl9yZWVsc19wZXJtYW5lbnRfcHJvZC8xODREQTc0NEMyQzkzMjg5RTM2QzQyNDk0QkZDOTQ5MF92aWRlb19kYXNoaW5pdC5tcDQVAALIARIAFQIYOnBhc3N0aHJvdWdoX2V2ZXJzdG9yZS9HUGFxMmhQcTBBVGY5cWtCQUZfZWNhbUFLZ1FPYnFfRUFBQUYVAgLIARIAKAAYABsCiAd1c2Vfb2lsATEScHJvZ3Jlc3NpdmVfcmVjaXBlATEVAAAmlrPnyMTl0wIVAigCQzMsF0BGKp--dsi0GBJkYXNoX2Jhc2VsaW5lXzFfdjERAHX-B2XmnQEA&_nc_gid=b6_bhu1Vng001MHBxICsqw&_nc_ss=7a22e&_nc_zt=28&oh=00_AQCHAk9I-H-icJoer3MXfbgS2nrEvGqVz8bLc787GlonVA&oe=6A51BDE8
CpBWATQMPO2,https://www.instagram.com/reel/CpBWATQMPO2/,"Graças ao amor de fã, essa marca me conquistou e nunca mais gastei 1 centavo com sua maior concorrente!",1677189990,16612,747,68.93699645996094,clips,https://scontent-poa1-1.cdninstagram.com/o1/v/t2/f2/m82/AQPh78NtH3Os0aim0jQYDZhGhFT6stlkqpRLdvdxzs5dptotL9xFFEVL7RXdAJXM0eaRGeFisfw1LmGBdwoNAFMADJjKhn5J2gAz8Lg.mp4?_nc_cat=107&_nc_sid=5e9851&_nc_ht=scontent-poa1-1.cdninstagram.com&_nc_ohc=RYav8JVEKT4Q7kNvwFGNwhO&efg=eyJ2ZW5jb2RlX3RhZyI6Inhwdl9wcm9ncmVzc2l2ZS5JTlNUQUdSQU0uQ0xJUFMuQzMuNzIwLmRhc2hfYmFzZWxpbmVfMV92MSIsInhwdl9hc3NldF9pZCI6NzE5MDE3NTU2NDMxNTczLCJhc3NldF9hZ2VfZGF5cyI6MTIzMSwidmlfdXNlY2FzZV9pZCI6MTAwOTksImR1cmF0aW9uX3MiOjY4LCJ1cmxnZW5fc291cmNlIjoid3d3In0%3D&ccb=17-1&vs=e1bc121e0da7c6bb&_nc_vs=HBksFQIYT2lnX3hwdl9yZWVsc19wZXJtYW5lbnRfcHJvZC8wRjRBNzJDNTMwNUQzNzE0QjYwMUEyRjNDOTlEQzJBQV92aWRlb19kYXNoaW5pdC5tcDQVAALIARIAFQIYOnBhc3N0aHJvdWdoX2V2ZXJzdG9yZS9HR3BxekJOTHJWajhRTWdBQUtRZzNUZVhta2dqYnFfRUFBQUYVAgLIARIAKAAYABsCiAd1c2Vfb2lsATEScHJvZ3Jlc3NpdmVfcmVjaXBlATEVAAAmqsvOoKr8xgIVAigCQzMsF0BRO7ZFocrBGBJkYXNoX2Jhc2VsaW5lXzFfdjERAHX-B2XmnQEA&_nc_gid=b6_bhu1Vng001MHBxICsqw&_nc_ss=7a22e&_nc_zt=28&oh=00_AQCquMFiXSGEPeJ4HkvdHj4dp6ycHVJjBT6ZEKSXgd5wyg&oe=6A51DBAC
Covg0DnJ5gu,https://www.instagram.com/reel/Covg0DnJ5gu/,"Ter uma Narrativa de Conteúdo é sobre tornar óbvio comprar de você. Mas não é sobre contar histórias aleatórias no instagram… É sobre construir uma linha narrativa que constrói uma comunidade em volta da sua comunicação e aponta a direção que eles tem que seguir. E o mais legal é que essa direção é o seu produto! Gravamos uma aula que explica exatamente como você pode fazer isso a partir de hoje. Mas atenção, sua visão nunca mais será a mesma! Link na bio.",1676591602,9022,296,83.63300323486328,clips,https://scontent-poa1-1.cdninstagram.com/o1/v/t2/f2/m82/AQMlW-I57uT2Q6vmJ3985Ul7cmoDn1WzdcMCiJG5AwbbCdVDUUqECNQXyxdSrdXtuJ_rEtnj2-kpXWhYoGvYY0ATcDTSth7Y4Rl9AUM.mp4?_nc_cat=111&_nc_sid=5e9851&_nc_ht=scontent-poa1-1.cdninstagram.com&_nc_ohc=Pi0e8VHstagQ7kNvwFznlmX&efg=eyJ2ZW5jb2RlX3RhZyI6Inhwdl9wcm9ncmVzc2l2ZS5JTlNUQUdSQU0uQ0xJUFMuQzMuNzIwLmRhc2hfYmFzZWxpbmVfMV92MSIsInhwdl9hc3NldF9pZCI6NzQ0NTI3Mjg2OTc5ODU4LCJhc3NldF9hZ2VfZGF5cyI6MTIzOCwidmlfdXNlY2FzZV9pZCI6MTAwOTksImR1cmF0aW9uX3MiOjgzLCJ1cmxnZW5fc291cmNlIjoid3d3In0%3D&ccb=17-1&vs=3639847d840a39ee&_nc_vs=HBksFQIYT2lnX3hwdl9yZWVsc19wZXJtYW5lbnRfcHJvZC9FNjRCQTI4OTZGQjg1MjQyOTA1RTYzNTU3Q0E3M0VBOV92aWRlb19kYXNoaW5pdC5tcDQVAALIARIAFQIYOnBhc3N0aHJvdWdoX2V2ZXJzdG9yZS9HSmtkcXhNa09xcGpsWlFBQUZYVjJlZVFoRTlPYnFfRUFBQUYVAgLIARIAKAAYABsCiAd1c2Vfb2lsATEScHJvZ3Jlc3NpdmVfcmVjaXBlATEVAAAmpLS6x5jJ0gIVAigCQzMsF0BU6IMSbpeNGBJkYXNoX2Jhc2VsaW5lXzFfdjERAHX-B2XmnQEA&_nc_gid=b6_bhu1Vng001MHBxICsqw&_nc_ss=7a22e&_nc_zt=28&oh=00_AQDY9TFn2c85he7PbgTx5PGsbVySnzL6B7ddHYsfmzmc5Q&oe=6A51DE34
Cor-XmzOJpc,https://www.instagram.com/reel/Cor-XmzOJpc/,Assim você mostra que se importa com quem te manda direct! ⚡,1676472856,6077,330,71.5,clips,https://scontent-poa1-1.cdninstagram.com/o1/v/t2/f2/m82/AQOT8EguT0iK4i4Aw4N9TW_9bqfapeMI_KmYFgp3AY_I5wwSRahIDfrOQEyVoihSEhTKxq_-xQi1xFOKwMV7QBqQ2LSaq8H2EIQtxDc.mp4?_nc_cat=104&_nc_sid=5e9851&_nc_ht=scontent-poa1-1.cdninstagram.com&_nc_ohc=L7KQ3BqP8s8Q7kNvwGgZghn&efg=eyJ2ZW5jb2RlX3RhZyI6Inhwdl9wcm9ncmVzc2l2ZS5JTlNUQUdSQU0uQ0xJUFMuQzMuNzIwLmRhc2hfYmFzZWxpbmVfMV92MSIsInhwdl9hc3NldF9pZCI6ODc5NDU4NDQzMjY5MTk5LCJhc3NldF9hZ2VfZGF5cyI6MTI0MCwidmlfdXNlY2FzZV9pZCI6MTAwOTksImR1cmF0aW9uX3MiOjcxLCJ1cmxnZW5fc291cmNlIjoid3d3In0%3D&ccb=17-1&vs=2504bdd292b1f27e&_nc_vs=HBksFQIYT2lnX3hwdl9yZWVsc19wZXJtYW5lbnRfcHJvZC84QjRFQjkyMjQ5OTQ5RjUyRUYzNTY5MzQzODM3Qjc4OF92aWRlb19kYXNoaW5pdC5tcDQVAALIARIAFQIYOnBhc3N0aHJvdWdoX2V2ZXJzdG9yZS9HTEZ5b1JPLWtXN0h4eGtFQUVDVXpWa0JrSkoyYnFfRUFBQUYVAgLIARIAKAAYABsCiAd1c2Vfb2lsATEScHJvZ3Jlc3NpdmVfcmVjaXBlATEVAAAmntHYgZz3jwMVAigCQzMsF0BR4AAAAAAAGBJkYXNoX2Jhc2VsaW5lXzFfdjERAHX-B2XmnQEA&_nc_gid=b6_bhu1Vng001MHBxICsqw&_nc_ss=7a22e&_nc_zt=28&oh=00_AQD0oPswk4AF__TyLRZ9IDdK-F_R_q68iPdtA7ArVpFB6w&oe=6A51C90D
CoqJgSdNKGk,https://www.instagram.com/reel/CoqJgSdNKGk/,"Essa mensagem é pra você. Pra você que não consegue entender o que está te travando, mas sabe do seu potencial. Dia 16 de fevereiro, nos vamos te mostrar um mapa, diferente de tudo que você já viu. Um mapa baseado na sua essência. Pois o caminho certo não está em olhar para fora. Está em olhar para dentro.",1676412171,24002,401,32.202999114990234,clips,https://scontent-poa1-1.cdninstagram.com/o1/v/t2/f2/m82/AQOA3JvJ8cYa6lmTM5ZYUVYVfoo5W7hhbDp24B6t0WHOklXATHmJqX8-vY2CemDNcY9_0SaS0mJIkXyQFWJOTP6pSEHZpGmSt83lEkA.mp4?_nc_cat=105&_nc_sid=5e9851&_nc_ht=scontent-poa1-1.cdninstagram.com&_nc_ohc=jM2cGkZWBnMQ7kNvwFysJjb&efg=eyJ2ZW5jb2RlX3RhZyI6Inhwdl9wcm9ncmVzc2l2ZS5JTlNUQUdSQU0uQ0xJUFMuQzMuNzIwLmRhc2hfYmFzZWxpbmVfMV92MSIsInhwdl9hc3NldF9pZCI6MTI0Njk0ODQ5OTUwNjc2OSwiYXNzZXRfYWdlX2RheXMiOjEyNDAsInZpX3VzZWNhc2VfaWQiOjEwMDk5LCJkdXJhdGlvbl9zIjozMiwidXJsZ2VuX3NvdXJjZSI6Ind3dyJ9&ccb=17-1&vs=e5a0352567c16faa&_nc_vs=HBksFQIYT2lnX3hwdl9yZWVsc19wZXJtYW5lbnRfcHJvZC8yRDQzMDg5M0UzRkJBOTdGRDAxMzA3RDY2QjBBRTk4QV92aWRlb19kYXNoaW5pdC5tcDQVAALIARIAFQIYOnBhc3N0aHJvdWdoX2V2ZXJzdG9yZS9HUFF6dnhPbTBYOXpweTBDQUpEM3VkUzU0TjVmYnFfRUFBQUYVAgLIARIAKAAYABsCiAd1c2Vfb2lsATEScHJvZ3Jlc3NpdmVfcmVjaXBlATEVAAAmopnupfqFtwQVAigCQzMsF0BAGZmZmZmaGBJkYXNoX2Jhc2VsaW5lXzFfdjERAHX-B2XmnQEA&_nc_gid=b6_bhu1Vng001MHBxICsqw&_nc_ss=7a22e&_nc_zt=28&oh=00_AQBl102Udu5ubOiskjHY1z4vk4ftGUFS6djUf7QNb4dPxA&oe=6A51DE16
CopkEmaLI7J,https://www.instagram.com/reel/CopkEmaLI7J/,Quando você vai cansar de dar desculpas? Está chegando a hora… 16,1676391992,6587,228,44,clips,https://scontent-poa1-1.cdninstagram.com/o1/v/t2/f2/m82/AQOCc-5k-dhkD-7grqwhc4neioiQtc52qVK7-R1N5xtedol3igDITcIqIrw2GSQ5Yt2QDIKNJWyQBPU5yo3BCzAOa5NWw-jTuBq_M-s.mp4?_nc_cat=108&_nc_sid=5e9851&_nc_ht=scontent-poa1-1.cdninstagram.com&_nc_ohc=35rIme751TwQ7kNvwFAMfu7&efg=eyJ2ZW5jb2RlX3RhZyI6Inhwdl9wcm9ncmVzc2l2ZS5JTlNUQUdSQU0uQ0xJUFMuQzMuNzIwLmRhc2hfYmFzZWxpbmVfMV92MSIsInhwdl9hc3NldF9pZCI6MTM3NDIyNjU4MDAwMTc0MSwiYXNzZXRfYWdlX2RheXMiOjEyNDEsInZpX3VzZWNhc2VfaWQiOjEwMDk5LCJkdXJhdGlvbl9zIjo0NCwidXJsZ2VuX3NvdXJjZSI6Ind3dyJ9&ccb=17-1&vs=823caed00ec90d37&_nc_vs=HBksFQIYT2lnX3hwdl9yZWVsc19wZXJtYW5lbnRfcHJvZC84NjQyOUU4RDIwNzAzQzNDNDREQzA4QTg2NjVCMjdBQV92aWRlb19kYXNoaW5pdC5tcDQVAALIARIAFQIYOnBhc3N0aHJvdWdoX2V2ZXJzdG9yZS9HSW9BdnhNLVZFdTFfNW9BQVBscGx6d05hSmtrYnFfRUFBQUYVAgLIARIAKAAYABsCiAd1c2Vfb2lsATEScHJvZ3Jlc3NpdmVfcmVjaXBlATEVAAAmms-i8sH28AQVAigCQzMsF0BGAAAAAAAAGBJkYXNoX2Jhc2VsaW5lXzFfdjERAHX-B2XmnQEA&_nc_gid=99btMDLlO1D3iJCd0t5-EA&_nc_ss=7a22e&_nc_zt=28&oh=00_AQCJk_bzaasDU99yn4fg6a97ebe8yKdaanIix3RoNgA1tg&oe=6A51E1DD
ConpKjOtred,https://www.instagram.com/reel/ConpKjOtred/,"Eu já ouvi várias histórias de pessoas que desistiram do sonho de prosperar na internet por que foram desencorajadas. Enfrentar os próprios pensamentos já é muito difícil, e basta uma mensagem mal intensionada para fazer com que você duvide ainda mais da sua capacidade. Mas existe uma forma de se blindar contra isso. Dia 16/FEV",1676327993,11296,689,69.0999984741211,clips,https://scontent-poa1-1.cdninstagram.com/o1/v/t2/f2/m82/AQNScCLK6L3Of_opKsWXY81VAa4ydVlYrj28Yd1NtUbdNyb2OxfVt74qpFrsRlGL4XuU_YGrYByihVJBhpCIJndCLOa94LL-4TxRDvw.mp4?_nc_cat=111&_nc_sid=5e9851&_nc_ht=scontent-poa1-1.cdninstagram.com&_nc_ohc=uUtRlAxxF38Q7kNvwH4Vlyg&efg=eyJ2ZW5jb2RlX3RhZyI6Inhwdl9wcm9ncmVzc2l2ZS5JTlNUQUdSQU0uQ0xJUFMuQzMuNzIwLmRhc2hfYmFzZWxpbmVfMV92MSIsInhwdl9hc3NldF9pZCI6NzE4NTAyNzMzMDg2NjQxLCJhc3NldF9hZ2VfZGF5cyI6MTI0MSwidmlfdXNlY2FzZV9pZCI6MTAwOTksImR1cmF0aW9uX3MiOjY5LCJ1cmxnZW5fc291cmNlIjoid3d3In0%3D&ccb=17-1&vs=cc49c32953a04186&_nc_vs=HBksFQIYT2lnX3hwdl9yZWVsc19wZXJtYW5lbnRfcHJvZC85NjQyMThEQTgxMkFCRkQ5REY4NDFDMTY2REEyRTZBMF92aWRlb19kYXNoaW5pdC5tcDQVAALIARIAFQIYOnBhc3N0aHJvdWdoX2V2ZXJzdG9yZS9HQmJwa1JQTTV2dW5fMElEQUxNdU5tcm1JTm9XYnFfRUFBQUYVAgLIARIAKAAYABsCiAd1c2Vfb2lsATEScHJvZ3Jlc3NpdmVfcmVjaXBlATEVAAAm4v7nwq7exgIVAigCQzMsF0BRRmZmZmZmGBJkYXNoX2Jhc2VsaW5lXzFfdjERAHX-B2XmnQEA&_nc_gid=99btMDLlO1D3iJCd0t5-EA&_nc_ss=7a22e&_nc_zt=28&oh=00_AQDSkjw1PqpmcB-AKAY2hOH7X3PGKle8SDrbT2Eh9AiOjg&oe=6A51CA88
Com54UstjuG,https://www.instagram.com/reel/Com54UstjuG/,Comece a perceber histórias!,1676302740,6067,336,89.33300018310547,clips,https://scontent-poa1-1.cdninstagram.com/o1/v/t2/f2/m82/AQMX7P6AsV7kiZ1FKL0jHejyq7IH7sPLNd0_VkC7vsWDSPB1fweK0O8-xcGcJChll1WRF0fQR4JP2qZ6z8S_V8v6JfS6ZVGW5p1x0eU.mp4?_nc_cat=108&_nc_sid=5e9851&_nc_ht=scontent-poa1-1.cdninstagram.com&_nc_ohc=Of61vpnvGc8Q7kNvwEAMMs4&efg=eyJ2ZW5jb2RlX3RhZyI6Inhwdl9wcm9ncmVzc2l2ZS5JTlNUQUdSQU0uQ0xJUFMuQzMuNzIwLmRhc2hfYmFzZWxpbmVfMV92MSIsInhwdl9hc3NldF9pZCI6NzQyNDMxNTgwNzUxODIzLCJhc3NldF9hZ2VfZGF5cyI6MTI0MiwidmlfdXNlY2FzZV9pZCI6MTAwOTksImR1cmF0aW9uX3MiOjg5LCJ1cmxnZW5fc291cmNlIjoid3d3In0%3D&ccb=17-1&vs=9d77529ed739595a&_nc_vs=HBksFQIYT2lnX3hwdl9yZWVsc19wZXJtYW5lbnRfcHJvZC9GOTRDQURERUNDNkUzODVBMEE5NDZBNTcwRTYyNzFBQV92aWRlb19kYXNoaW5pdC5tcDQVAALIARIAFQIYOnBhc3N0aHJvdWdoX2V2ZXJzdG9yZS9HRHVMdVJNTnFFZWVhYUFDQU1Bai1tZ1ZZUzFRYnFfRUFBQUYVAgLIARIAKAAYABsCiAd1c2Vfb2lsATEScHJvZ3Jlc3NpdmVfcmVjaXBlATEVAAAmnp-gqprP0QIVAigCQzMsF0BWVU_fO2RaGBJkYXNoX2Jhc2VsaW5lXzFfdjERAHX-B2XmnQEA&_nc_gid=99btMDLlO1D3iJCd0t5-EA&_nc_ss=7a22e&_nc_zt=28&oh=00_AQACiqdPx7y64rIKnIeGrtoFQpAelSTjUMExsycZKgbf9g&oe=6A51D2B1
Cohuw60sWkL,https://www.instagram.com/reel/Cohuw60sWkL/,"Mensagem minha, para meu maior hater…",1676129154,7505,460,55.03300094604492,clips,https://scontent-poa1-1.cdninstagram.com/o1/v/t2/f2/m82/AQPcVRx8vBVotfsvKVmTyqstnDm6KE-Wnv0GNGXex9L5EmPEZk75VrmfFMtVTQT9zlwILqGkyCINZY34i6MaYGQTPBtSOrlEJIvEcwo.mp4?_nc_cat=108&_nc_sid=5e9851&_nc_ht=scontent-poa1-1.cdninstagram.com&_nc_ohc=RDZQcXL0ZtsQ7kNvwFIE0pM&efg=eyJ2ZW5jb2RlX3RhZyI6Inhwdl9wcm9ncmVzc2l2ZS5JTlNUQUdSQU0uQ0xJUFMuQzMuNzIwLmRhc2hfYmFzZWxpbmVfMV92MSIsInhwdl9hc3NldF9pZCI6MTIwNjk0OTI2MzUyNjQwMCwiYXNzZXRfYWdlX2RheXMiOjEyNDQsInZpX3VzZWNhc2VfaWQiOjEwMDk5LCJkdXJhdGlvbl9zIjo1NSwidXJsZ2VuX3NvdXJjZSI6Ind3dyJ9&ccb=17-1&vs=aa39bd9dd79bcfa5&_nc_vs=HBksFQIYT2lnX3hwdl9yZWVsc19wZXJtYW5lbnRfcHJvZC9BNjQ1RjI1MjZBQTQ4ODNGQUY0RTc1Q0I0NjAyQUM5MV92aWRlb19kYXNoaW5pdC5tcDQVAALIARIAFQIYOnBhc3N0aHJvdWdoX2V2ZXJzdG9yZS9HQW5QbkJOVnFVXzdYVElFQVAtZHJKTFB6YW9BYnFfRUFBQUYVAgLIARIAKAAYABsCiAd1c2Vfb2lsATEScHJvZ3Jlc3NpdmVfcmVjaXBlATEVAAAmgKjq4djtpAQVAigCQzMsF0BLhDlYEGJOGBJkYXNoX2Jhc2VsaW5lXzFfdjERAHX-B2XmnQEA&_nc_gid=99btMDLlO1D3iJCd0t5-EA&_nc_ss=7a22e&_nc_zt=28&oh=00_AQDuFR4WNbVOCACudeg39zlfCW01A_YtVzsFYTlFcfJlmg&oe=6A51E229
CoXWyl1jln9,https://www.instagram.com/reel/CoXWyl1jln9/,Pensa enquanto faz. ⚡️,1675781002,8203,517,44.90399932861328,clips,https://scontent-poa1-1.cdninstagram.com/o1/v/t2/f2/m82/AQOvMoNdjXEcGf1evcrSeEsomzFrywPGa_G1W1In8BwuSJEn96uTFrsUMXjkispEL7Zr9h8wR4ut5ceTYvRXaIEoneftasHjkrmfzjg.mp4?_nc_cat=101&_nc_sid=5e9851&_nc_ht=scontent-poa1-1.cdninstagram.com&_nc_ohc=AR1IsdcFvIsQ7kNvwGHGlZL&efg=eyJ2ZW5jb2RlX3RhZyI6Inhwdl9wcm9ncmVzc2l2ZS5JTlNUQUdSQU0uQ0xJUFMuQzMuNzIwLmRhc2hfYmFzZWxpbmVfMV92MSIsInhwdl9hc3NldF9pZCI6NzQyNTc2OTgzOTE3NzY2LCJhc3NldF9hZ2VfZGF5cyI6MTI0OCwidmlfdXNlY2FzZV9pZCI6MTAwOTksImR1cmF0aW9uX3MiOjQ0LCJ1cmxnZW5fc291cmNlIjoid3d3In0%3D&ccb=17-1&vs=8e3789cb8164c450&_nc_vs=HBksFQIYT2lnX3hwdl9yZWVsc19wZXJtYW5lbnRfcHJvZC85MTQyNzM1RjE5QThBNDA3NjA5RjlGQkM4OUJGMTI5Nl92aWRlb19kYXNoaW5pdC5tcDQVAALIARIAFQIYOnBhc3N0aHJvdWdoX2V2ZXJzdG9yZS9HT2xnbWhOYTVzOUdidE1UQURhcXZUY1VSX0lMYnFfRUFBQUYVAgLIARIAKAAYABsCiAd1c2Vfb2lsATEScHJvZ3Jlc3NpdmVfcmVjaXBlATEVAAAmjJPC1dXX0QIVAigCQzMsF0BGczMzMzMzGBJkYXNoX2Jhc2VsaW5lXzFfdjERAHX-B2XmnQEA&_nc_gid=99btMDLlO1D3iJCd0t5-EA&_nc_ss=7a22e&_nc_zt=28&oh=00_AQCQSTKHyLlO_eJEAzlnVU-YgTBxMAOqGqWX4f2Crbpyzg&oe=6A51C4AA
CoUnFLjPZ8d,https://www.instagram.com/reel/CoUnFLjPZ8d/,O passo a passo que você precisava!,1675688923,6680,377,88.27899932861328,clips,https://scontent-poa1-1.cdninstagram.com/o1/v/t2/f2/m82/AQM_AtcCVvJIwRVcp3diWD0CdjvGeM0RvuGWqnMCo_j4KKKPo-tVp_R5iETnxf3jcbCPXMvKJymrt4XQOg34VexgwV3DQi16qPbZn-8.mp4?_nc_cat=108&_nc_sid=5e9851&_nc_ht=scontent-poa1-1.cdninstagram.com&_nc_ohc=4bGXsZvABaEQ7kNvwGZqD25&efg=eyJ2ZW5jb2RlX3RhZyI6Inhwdl9wcm9ncmVzc2l2ZS5JTlNUQUdSQU0uQ0xJUFMuQzMuNzIwLmRhc2hfYmFzZWxpbmVfMV92MSIsInhwdl9hc3NldF9pZCI6NTM0Njk1MDk4NzYyMTc2LCJhc3NldF9hZ2VfZGF5cyI6MTI0OSwidmlfdXNlY2FzZV9pZCI6MTAwOTksImR1cmF0aW9uX3MiOjg4LCJ1cmxnZW5fc291cmNlIjoid3d3In0%3D&ccb=17-1&vs=6fb5dbed9262c81b&_nc_vs=HBksFQIYT2lnX3hwdl9yZWVsc19wZXJtYW5lbnRfcHJvZC9DRTRGRkUzQTRFRDFBODgxMUMzMUFDNjE0NTYyQjVCOF92aWRlb19kYXNoaW5pdC5tcDQVAALIARIAFQIYOnBhc3N0aHJvdWdoX2V2ZXJzdG9yZS9HSmNabnhQZGlycUJ1bWdHQU9WbGw1WTNYVHhHYnFfRUFBQUYVAgLIARIAKAAYABsCiAd1c2Vfb2lsATEScHJvZ3Jlc3NpdmVfcmVjaXBlATEVAAAmgI_m9qyT8wEVAigCQzMsF0BWEQYk3S8bGBJkYXNoX2Jhc2VsaW5lXzFfdjERAHX-B2XmnQEA&_nc_gid=99btMDLlO1D3iJCd0t5-EA&_nc_ss=7a22e&_nc_zt=28&oh=00_AQCe4Qhuip-dBxOuiuPOg30suHuGNDAqpwPtZmQK8QKFsA&oe=6A51EF41
CoI3em6uZC_,https://www.instagram.com/reel/CoI3em6uZC_/,"Diz que não tem tempo, mas gasta o tempo que tem fazendo a coisa errada. 16/Fev",1675294998,149024,2593,44.555999755859375,clips,https://scontent-poa1-1.cdninstagram.com/o1/v/t2/f2/m82/AQMgd3wOkwX_J6a8sm_YwCqLTaAXbgYu9x-7Xi7fpOrccJCNmCFuBHFUmWeMRGoewv7nwsoU5-1a_leBJqAF4FewaaN86R4e0-DgGCM.mp4?_nc_cat=100&_nc_sid=5e9851&_nc_ht=scontent-poa1-1.cdninstagram.com&_nc_ohc=DQIr9H05I6QQ7kNvwGDrWIm&efg=eyJ2ZW5jb2RlX3RhZyI6Inhwdl9wcm9ncmVzc2l2ZS5JTlNUQUdSQU0uQ0xJUFMuQzMuNzIwLmRhc2hfYmFzZWxpbmVfMV92MSIsInhwdl9hc3NldF9pZCI6NzUzMTAxNzUyOTk2NzIwLCJhc3NldF9hZ2VfZGF5cyI6MTI1MywidmlfdXNlY2FzZV9pZCI6MTAwOTksImR1cmF0aW9uX3MiOjQ0LCJ1cmxnZW5fc291cmNlIjoid3d3In0%3D&ccb=17-1&vs=93b9141d906c5bf0&_nc_vs=HBksFQIYT2lnX3hwdl9yZWVsc19wZXJtYW5lbnRfcHJvZC82OTRCNEQwRDQ0MjNFRkM3MUNFNUY2NDM4RjlFOEY4Nl92aWRlb19kYXNoaW5pdC5tcDQVAALIARIAFQIYOnBhc3N0aHJvdWdoX2V2ZXJzdG9yZS9HT1NaaFJQX2hNTXk5VlFWQUhZSGdJNWtVS2NVYnFfRUFBQUYVAgLIARIAKAAYABsCiAd1c2Vfb2lsATEScHJvZ3Jlc3NpdmVfcmVjaXBlATEVAAAm4M28p6W81gIVAigCQzMsF0BGRDlYEGJOGBJkYXNoX2Jhc2VsaW5lXzFfdjERAHX-B2XmnQEA&_nc_gid=99btMDLlO1D3iJCd0t5-EA&_nc_ss=7a22e&_nc_zt=28&oh=00_AQBXulo3GTkbmidNPZyHH7BjcDcANQ3kCiybLpSKblA6rg&oe=6A51F031
CoDnhocAxqD,https://www.instagram.com/reel/CoDnhocAxqD/,"É isso que está faltando, confia em mim! ⚡",1675118701,6987,414,78.572998046875,clips,https://scontent-poa1-1.cdninstagram.com/o1/v/t2/f2/m82/AQOdl1PY9outcvO5Xy7xLbjWMj_Ghi9JS0zH2paE5oQZJzecD-XDbA4taZDDWDRx4TnfKOQ45j30qnf49uS9UeG4TRC_-L4XTIwv8zA.mp4?_nc_cat=102&_nc_sid=5e9851&_nc_ht=scontent-poa1-1.cdninstagram.com&_nc_ohc=qDbFE69CPU4Q7kNvwFyWsiX&efg=eyJ2ZW5jb2RlX3RhZyI6Inhwdl9wcm9ncmVzc2l2ZS5JTlNUQUdSQU0uQ0xJUFMuQzMuNzIwLmRhc2hfYmFzZWxpbmVfMV92MSIsInhwdl9hc3NldF9pZCI6NzM5Mjc2ODc3NDI5MjAzLCJhc3NldF9hZ2VfZGF5cyI6MTI1NSwidmlfdXNlY2FzZV9pZCI6MTAwOTksImR1cmF0aW9uX3MiOjc4LCJ1cmxnZW5fc291cmNlIjoid3d3In0%3D&ccb=17-1&vs=c38f2b0c4475a205&_nc_vs=HBksFQIYT2lnX3hwdl9yZWVsc19wZXJtYW5lbnRfcHJvZC8zQzQzMEQyQ0ZDQkZENDhFMzA2NTAyMkI0MTI3QjRCM192aWRlb19kYXNoaW5pdC5tcDQVAALIARIAFQIYOnBhc3N0aHJvdWdoX2V2ZXJzdG9yZS9HRGNkaWhPSy01cGljZFFCQU1nbGREQWhmUjBEYnFfRUFBQUYVAgLIARIAKAAYABsCiAd1c2Vfb2lsATEScHJvZ3Jlc3NpdmVfcmVjaXBlATEVAAAmpufb-smX0AIVAigCQzMsF0BTpDlYEGJOGBJkYXNoX2Jhc2VsaW5lXzFfdjERAHX-B2XmnQEA&_nc_gid=99btMDLlO1D3iJCd0t5-EA&_nc_ss=7a22e&_nc_zt=28&oh=00_AQCNFZ54XPqEJYIjLhD9Dgw7v1C8k1yLph1_hWRkgr8e4w&oe=6A51ED13
CoA9NyssySB,https://www.instagram.com/reel/CoA9NyssySB/,"Usar storytelling é agir como um mágico para guiar sua audiência pelo story. ⚡ Se quiser uma referência, corre lá no meu story de hoje!",1675029425,5313,233,60.60100173950195,clips,https://scontent-poa1-1.cdninstagram.com/o1/v/t2/f2/m82/AQP8zUVPUTA2EhIIS2BJwVTkxr4yoggDbjYyx3FvFSHKI4HMphRs0Lh45PiTSc3v2jr1obfH2ng12_LfSlGM15AiN3-dMUs8WAGMw6Y.mp4?_nc_cat=111&_nc_sid=5e9851&_nc_ht=scontent-poa1-1.cdninstagram.com&_nc_ohc=28F7LbaBUbgQ7kNvwEwznJL&efg=eyJ2ZW5jb2RlX3RhZyI6Inhwdl9wcm9ncmVzc2l2ZS5JTlNUQUdSQU0uQ0xJUFMuQzMuNzIwLmRhc2hfYmFzZWxpbmVfMV92MSIsInhwdl9hc3NldF9pZCI6MTIwNzg5MDM4MzQ5ODkyOCwiYXNzZXRfYWdlX2RheXMiOjEyNTYsInZpX3VzZWNhc2VfaWQiOjEwMDk5LCJkdXJhdGlvbl9zIjo2MCwidXJsZ2VuX3NvdXJjZSI6Ind3dyJ9&ccb=17-1&vs=f575685e99c616bc&_nc_vs=HBksFQIYT2lnX3hwdl9yZWVsc19wZXJtYW5lbnRfcHJvZC8yQjQxQjIxMjg2MTVCRDIxMDk3QTc1MDA5QTRFMjI4RV92aWRlb19kYXNoaW5pdC5tcDQVAALIARIAFQIYOnBhc3N0aHJvdWdoX2V2ZXJzdG9yZS9HSEd4akJOeWNhdE5PRWtFQVB5T2VCVC1mcmc3YnFfRUFBQUYVAgLIARIAKAAYABsCiAd1c2Vfb2lsATEScHJvZ3Jlc3NpdmVfcmVjaXBlATEVAAAm4Lrj07ykpQQVAigCQzMsF0BOTMzMzMzNGBJkYXNoX2Jhc2VsaW5lXzFfdjERAHX-B2XmnQEA&_nc_gid=99btMDLlO1D3iJCd0t5-EA&_nc_ss=7a22e&_nc_zt=28&oh=00_AQBpek8FkP-oBxD5ICKyQTU_B7k5E-HrMvGMqm47UEgVTQ&oe=6A51E188
CoAPSKhsMED,https://www.instagram.com/reel/CoAPSKhsMED/,Vai pensando enquanto faz!,1675005340,6078,294,56.5369987487793,clips,https://scontent-poa1-1.cdninstagram.com/o1/v/t2/f2/m82/AQMR8I_paq8Sd5izGOuwGJCUmikBELMzWbR7Wc7Y6kUAQReEfPssI8ipVYrqv1tNVDb-Nmy8UEo7BNxJYvZPF0vshoghsMtihroHbKc.mp4?_nc_cat=100&_nc_sid=5e9851&_nc_ht=scontent-poa1-1.cdninstagram.com&_nc_ohc=ElDEfLftcb0Q7kNvwGFHaLi&efg=eyJ2ZW5jb2RlX3RhZyI6Inhwdl9wcm9ncmVzc2l2ZS5JTlNUQUdSQU0uQ0xJUFMuQzMuNzIwLmRhc2hfYmFzZWxpbmVfMV92MSIsInhwdl9hc3NldF9pZCI6NTgxNjc1MDYwMDk2NjkyLCJhc3NldF9hZ2VfZGF5cyI6MTI1NywidmlfdXNlY2FzZV9pZCI6MTAwOTksImR1cmF0aW9uX3MiOjU2LCJ1cmxnZW5fc291cmNlIjoid3d3In0%3D&ccb=17-1&vs=3e6f3d06c2b89482&_nc_vs=HBksFQIYT2lnX3hwdl9yZWVsc19wZXJtYW5lbnRfcHJvZC8xMTQxQUI2NURFQzY4QkI1NzBEQTc4MUREQjU3QkE4NV92aWRlb19kYXNoaW5pdC5tcDQVAALIARIAFQIYOnBhc3N0aHJvdWdoX2V2ZXJzdG9yZS9HQkF5anhQSkxjSkNLNkFDQUg0M2JOaWJXSkZRYnFfRUFBQUYVAgLIARIAKAAYABsCiAd1c2Vfb2lsATEScHJvZ3Jlc3NpdmVfcmVjaXBlATEVAAAm6Lqn9fjBiAIVAigCQzMsF0BMRDlYEGJOGBJkYXNoX2Jhc2VsaW5lXzFfdjERAHX-B2XmnQEA&_nc_gid=99btMDLlO1D3iJCd0t5-EA&_nc_ss=7a22e&_nc_zt=28&oh=00_AQBpkNbhxSo91wMC6s4Yxa4QnhQBheE_0eNezU0H6DdwLg&oe=6A51D6A9
Cnp3My4p7w5,https://www.instagram.com/reel/Cnp3My4p7w5/,O que é sucesso pra você?,1674254609,4759,219,80.5,clips,https://scontent-poa1-1.cdninstagram.com/o1/v/t2/f2/m82/AQN24wMsGly9KMDCASaNxWRlbe1R-fFXRR0Hmx-zR6n7Xz5LCFSob9Nnl17TgjAfCFYfQWio-eXJ10T7ULLcOknwfRGQNLAqvZyZUX4.mp4?_nc_cat=103&_nc_sid=5e9851&_nc_ht=scontent-poa1-1.cdninstagram.com&_nc_ohc=ihYkknllJakQ7kNvwHeBsyb&efg=eyJ2ZW5jb2RlX3RhZyI6Inhwdl9wcm9ncmVzc2l2ZS5JTlNUQUdSQU0uQ0xJUFMuQzMuNzIwLmRhc2hfYmFzZWxpbmVfMV92MSIsInhwdl9hc3NldF9pZCI6MTM1NjkyOTA0NTEyODQ5OSwiYXNzZXRfYWdlX2RheXMiOjEyNjUsInZpX3VzZWNhc2VfaWQiOjEwMDk5LCJkdXJhdGlvbl9zIjo4MCwidXJsZ2VuX3NvdXJjZSI6Ind3dyJ9&ccb=17-1&vs=db1d44cb7524b8d&_nc_vs=HBksFQIYT2lnX3hwdl9yZWVsc19wZXJtYW5lbnRfcHJvZC9FRjQ0M0ZBMDFEMDUxQzhCRDY3N0REMTRCNEMyNjg5M192aWRlb19kYXNoaW5pdC5tcDQVAALIARIAFQIYOnBhc3N0aHJvdWdoX2V2ZXJzdG9yZS9HSEJiZWhNT0ZycU5LOG9BQUZBMFFLUDFYZGhHYnFfRUFBQUYVAgLIARIAKAAYABsCiAd1c2Vfb2lsATEScHJvZ3Jlc3NpdmVfcmVjaXBlATEVAAAm5pTDm9WH6QQVAigCQzMsF0BUIAAAAAAAGBJkYXNoX2Jhc2VsaW5lXzFfdjERAHX-B2XmnQEA&_nc_gid=99btMDLlO1D3iJCd0t5-EA&_nc_ss=7a22e&_nc_zt=28&oh=00_AQBYC9OVXu0cJ9dWfbWB_HQZdHtO9AomoP3KYfJ65jFXPw&oe=6A51C190
CnnIz4eL9tm,https://www.instagram.com/reel/CnnIz4eL9tm/,Como você pode melhorar se a culpa não é sua?,1674163053,5239,278,38.16999816894531,clips,https://scontent-poa1-1.cdninstagram.com/o1/v/t2/f2/m82/AQMMN3kyges-0m_37U9TIhTfwd5LiCZs3Cw4Ym5CqV9KK7e5uznzoQMQaVe7O7oYTAOInlnUPi9TijVgaLMqfgAkZDGVbfHV-EQFgx8.mp4?_nc_cat=106&_nc_sid=5e9851&_nc_ht=scontent-poa1-1.cdninstagram.com&_nc_ohc=sPcYbfFH2NkQ7kNvwFdO7g8&efg=eyJ2ZW5jb2RlX3RhZyI6Inhwdl9wcm9ncmVzc2l2ZS5JTlNUQUdSQU0uQ0xJUFMuQzMuNzIwLmRhc2hfYmFzZWxpbmVfMV92MSIsInhwdl9hc3NldF9pZCI6NTgyNjEyODg2NDE0NTI4MSwiYXNzZXRfYWdlX2RheXMiOjEyNjYsInZpX3VzZWNhc2VfaWQiOjEwMDk5LCJkdXJhdGlvbl9zIjozOCwidXJsZ2VuX3NvdXJjZSI6Ind3dyJ9&ccb=17-1&vs=5e7ff0e50e1c558&_nc_vs=HBksFQIYT2lnX3hwdl9yZWVsc19wZXJtYW5lbnRfcHJvZC82QTQwRTQ3QzEzOUE2REZBNDg2QUY1NDUzOUE4Q0ZBQV92aWRlb19kYXNoaW5pdC5tcDQVAALIARIAFQIYOnBhc3N0aHJvdWdoX2V2ZXJzdG9yZS9HRzYyVXhNSW4zODdyN3NBQUxfaUwwQnEzVXBKYnFfRUFBQUYVAgLIARIAKAAYABsCiAd1c2Vfb2lsATEScHJvZ3Jlc3NpdmVfcmVjaXBlATEVAAAmgr7n1aq12RQVAigCQzMsF0BDFT987ZFoGBJkYXNoX2Jhc2VsaW5lXzFfdjERAHX-B2XmnQEA&_nc_gid=99btMDLlO1D3iJCd0t5-EA&_nc_ss=7a22e&_nc_zt=28&oh=00_AQByMWkMY7BjFV9db7tYCoetS4uib7YoQzdKUxsRf3tOCg&oe=6A51DC1B
Cnk3GCmvpcC,https://www.instagram.com/reel/Cnk3GCmvpcC/,Tudo pode ser um tema para seu story!,1674086665,5507,334,70.83300018310547,clips,https://scontent-poa1-1.cdninstagram.com/o1/v/t2/f2/m82/AQMCMPiZtM3iv0TmCLrvvRMY9yu3uP36xPCNK5x5KLpmETF9nwxDWD0vbSTnGbPQ05-EOo06YRsED1MhuVrz4JjZGsKVa_F0u_yj0Aw.mp4?_nc_cat=107&_nc_sid=5e9851&_nc_ht=scontent-poa1-1.cdninstagram.com&_nc_ohc=_PVqe_g4yTMQ7kNvwEcXDpc&efg=eyJ2ZW5jb2RlX3RhZyI6Inhwdl9wcm9ncmVzc2l2ZS5JTlNUQUdSQU0uQ0xJUFMuQzMuNzIwLmRhc2hfYmFzZWxpbmVfMV92MSIsInhwdl9hc3NldF9pZCI6OTIyMTIyOTM1ODEzOTE3LCJhc3NldF9hZ2VfZGF5cyI6MTI2NywidmlfdXNlY2FzZV9pZCI6MTAwOTksImR1cmF0aW9uX3MiOjcwLCJ1cmxnZW5fc291cmNlIjoid3d3In0%3D&ccb=17-1&vs=53a20a7e401beb55&_nc_vs=HBksFQIYT2lnX3hwdl9yZWVsc19wZXJtYW5lbnRfcHJvZC9EODQwMzgwNzNEMjQ0MUJDNEFEODVFQUYwNDY4Nzc4RF92aWRlb19kYXNoaW5pdC5tcDQVAALIARIAFQIYOnBhc3N0aHJvdWdoX2V2ZXJzdG9yZS9HUG9QVmhNM20yVU90M0FNQUhvWHo4NDZIZ1pMYnFfRUFBQUYVAgLIARIAKAAYABsCiAd1c2Vfb2lsATEScHJvZ3Jlc3NpdmVfcmVjaXBlATEVAAAmupy6oM-qowMVAigCQzMsF0BRtU_fO2RaGBJkYXNoX2Jhc2VsaW5lXzFfdjERAHX-B2XmnQEA&_nc_gid=iNCzoWlqtvU4s4jPzijnug&_nc_ss=7a22e&_nc_zt=28&oh=00_AQAbiSXFlMVbdM5nswAvT5HeC58pwYJ0yDZBL2h8MK2Omw&oe=6A51E030
CnStjDcPCm6,https://www.instagram.com/reel/CnStjDcPCm6/,"Pega um papel e uma caneta pra anotar isso, você vai precisar! De nada. 😏",1673477809,35393,781,70.69999694824219,clips,https://scontent-poa1-1.cdninstagram.com/o1/v/t2/f2/m82/AQOJd_12CIKV5GjVq9qnNN4TDWKp3MZf20Cx32MUjFQdzDRznf9iS8nMWjeBzX1Px7SrMik3KROSUypr7ajutWdjr9lLhPppv3PlEsk.mp4?_nc_cat=109&_nc_sid=5e9851&_nc_ht=scontent-poa1-1.cdninstagram.com&_nc_ohc=VsLy2EFvEGAQ7kNvwFv_7JU&efg=eyJ2ZW5jb2RlX3RhZyI6Inhwdl9wcm9ncmVzc2l2ZS5JTlNUQUdSQU0uQ0xJUFMuQzMuNzIwLmRhc2hfYmFzZWxpbmVfMV92MSIsInhwdl9hc3NldF9pZCI6MTMyOTMxMDUwNzgyNjQxNSwiYXNzZXRfYWdlX2RheXMiOjEyNzQsInZpX3VzZWNhc2VfaWQiOjEwMDk5LCJkdXJhdGlvbl9zIjo3MCwidXJsZ2VuX3NvdXJjZSI6Ind3dyJ9&ccb=17-1&vs=24cdb1f007a5294&_nc_vs=HBksFQIYT2lnX3hwdl9yZWVsc19wZXJtYW5lbnRfcHJvZC83RDRCNzhBOUFEMTExN0RERjRGQjlDODYzMjYwQzA4NF92aWRlb19kYXNoaW5pdC5tcDQVAALIARIAFQIYOnBhc3N0aHJvdWdoX2V2ZXJzdG9yZS9HSE9nWmhPSFRwZldPeUlDQUJxejRuNnRKenBZYnFfRUFBQUYVAgLIARIAKAAYABsCiAd1c2Vfb2lsATEScHJvZ3Jlc3NpdmVfcmVjaXBlATEVAAAm3vPriYfA3AQVAigCQzMsF0BRrMzMzMzNGBJkYXNoX2Jhc2VsaW5lXzFfdjERAHX-B2XmnQEA&_nc_gid=iNCzoWlqtvU4s4jPzijnug&_nc_ss=7a22e&_nc_zt=28&oh=00_AQCnXqmDoEKLjK7PMXoRTU78idlb7Fzm89Dhp_vCqhV0xw&oe=6A51DE72
CnIO0P0jRg-,https://www.instagram.com/reel/CnIO0P0jRg-/,Você já tem um Ritual? ⚡️,1673126331,7083,447,68.7040023803711,clips,https://scontent-poa1-1.cdninstagram.com/o1/v/t2/f2/m82/AQNAXBN-bjWGOzphh_ZCRu_inmzzr6l80sLFSoiWwKNiK5OYI1FLDetHdY1M8-luhqxIjIk8Fghxfd0Q4cGxwTedh7-FK2A3u8kDK-s.mp4?_nc_cat=100&_nc_sid=5e9851&_nc_ht=scontent-poa1-1.cdninstagram.com&_nc_ohc=5KNx9MFF9JMQ7kNvwGORprJ&efg=eyJ2ZW5jb2RlX3RhZyI6Inhwdl9wcm9ncmVzc2l2ZS5JTlNUQUdSQU0uQ0xJUFMuQzMuNzIwLmRhc2hfYmFzZWxpbmVfMV92MSIsInhwdl9hc3NldF9pZCI6MTE4NTk4Mjg5NTM2Njk2NywiYXNzZXRfYWdlX2RheXMiOjEyNzgsInZpX3VzZWNhc2VfaWQiOjEwMDk5LCJkdXJhdGlvbl9zIjo2OCwidXJsZ2VuX3NvdXJjZSI6Ind3dyJ9&ccb=17-1&vs=60c93edccd517f34&_nc_vs=HBksFQIYT2lnX3hwdl9yZWVsc19wZXJtYW5lbnRfcHJvZC9CQjRCNUM4OEQ2OTYyMTU2QzA0MzRGRTFEOEFCQjlBRl92aWRlb19kYXNoaW5pdC5tcDQVAALIARIAFQIYOnBhc3N0aHJvdWdoX2V2ZXJzdG9yZS9HTWJLV2hPdWVfNk9BRW9EQUZ6NTIwNGR0dVZ2YnFfRUFBQUYVAgLIARIAKAAYABsCiAd1c2Vfb2lsATEScHJvZ3Jlc3NpdmVfcmVjaXBlATEVAAAm7oyBk6WpmwQVAigCQzMsF0BRLMzMzMzNGBJkYXNoX2Jhc2VsaW5lXzFfdjERAHX-B2XmnQEA&_nc_gid=iNCzoWlqtvU4s4jPzijnug&_nc_ss=7a22e&_nc_zt=28&oh=00_AQAO6QntO_635xs6oN8IFrBCYTURZMWr8AouluHhVrM8sg&oe=6A51D905
CnA3HYetbTG,https://www.instagram.com/reel/CnA3HYetbTG/,"Começar a aplicar Gatilhos Mentais foi um divisor de águas pra mim, você deveria tentar! ⚡️ A Prova Social pode ser usada independente do seu nicho ou do que você vende.",1672878772,8045,501,59.099998474121094,clips,https://scontent-poa1-1.cdninstagram.com/o1/v/t2/f2/m82/AQOyhOi-PXw-N-z_G1p-dwS2mODJYmedEUMjS-UaYp2IQ69pDtDV4L1F8FdN9uIU4_vKJdMmjaCZlevMXIXwLoEhF9z_Q8Mk23zmWJw.mp4?_nc_cat=106&_nc_sid=5e9851&_nc_ht=scontent-poa1-1.cdninstagram.com&_nc_ohc=ubl4mQd7LGMQ7kNvwHvHe_b&efg=eyJ2ZW5jb2RlX3RhZyI6Inhwdl9wcm9ncmVzc2l2ZS5JTlNUQUdSQU0uQ0xJUFMuQzMuNzIwLmRhc2hfYmFzZWxpbmVfMV92MSIsInhwdl9hc3NldF9pZCI6MjQ0MDMyNjI0OTQ1MDM0NSwiYXNzZXRfYWdlX2RheXMiOjEyODEsInZpX3VzZWNhc2VfaWQiOjEwMDk5LCJkdXJhdGlvbl9zIjo1OSwidXJsZ2VuX3NvdXJjZSI6Ind3dyJ9&ccb=17-1&vs=6ab469172e122885&_nc_vs=HBksFQIYT2lnX3hwdl9yZWVsc19wZXJtYW5lbnRfcHJvZC9BRjQxNTI1RTBBREQ1REM0RTE5REI3NjYxQzQ5NjBCRF92aWRlb19kYXNoaW5pdC5tcDQVAALIARIAFQIYOnBhc3N0aHJvdWdoX2V2ZXJzdG9yZS9HSXNnVHhNU3ByQkxMa2dEQUd6OTBZNWdsY2dBYnFfRUFBQUYVAgLIARIAKAAYABsCiAd1c2Vfb2lsATEScHJvZ3Jlc3NpdmVfcmVjaXBlATEVAAAm0q3gs9fd1QgVAigCQzMsF0BNjMzMzMzNGBJkYXNoX2Jhc2VsaW5lXzFfdjERAHX-B2XmnQEA&_nc_gid=iNCzoWlqtvU4s4jPzijnug&_nc_ss=7a22e&_nc_zt=28&oh=00_AQA1VYePu62UNZoYFpGW555CC9a4fiDw9I0bIQK89UVUcg&oe=6A51C7E7
Cm40PxVu7Px,https://www.instagram.com/reel/Cm40PxVu7Px/,5 PALAVRAS PARA GUIAR 2023: 1. IMAGINAÇÃO Porque tudo começa na sua mente. 2. INTENSIDADE Essa é a única forma de romper a mediocridade. 3. INTENÇÃO Porque nada nessa vida acontece na aleatoriedade. 4. MULTIPLICAÇÃO Transmitir conhecimento é o segredo da prosperidade infinita. 5. CRIADOR 2023 é o ano da criaividade em ação!,1672608945,7598,276,24.266000747680664,clips,https://scontent-poa1-1.cdninstagram.com/o1/v/t2/f2/m82/AQM_OjkrVa3CMffXwTM5Ek79hYOgXxtOVR8SIJ7E4zn3Bu9srQGa-dfmZE2pPAawU9vLuMBy8RoG_1BJpoTl1_OmLsfCNDNiL2WRYiU.mp4?_nc_cat=105&_nc_sid=5e9851&_nc_ht=scontent-poa1-1.cdninstagram.com&_nc_ohc=rdnnM2Br2DIQ7kNvwHlFiAe&efg=eyJ2ZW5jb2RlX3RhZyI6Inhwdl9wcm9ncmVzc2l2ZS5JTlNUQUdSQU0uQ0xJUFMuQzMuNzIwLmRhc2hfYmFzZWxpbmVfMV92MSIsInhwdl9hc3NldF9pZCI6NTY3MTQxMzY4MTY5MzAxLCJhc3NldF9hZ2VfZGF5cyI6MTI4NCwidmlfdXNlY2FzZV9pZCI6MTAwOTksImR1cmF0aW9uX3MiOjI0LCJ1cmxnZW5fc291cmNlIjoid3d3In0%3D&ccb=17-1&vs=97de73bfdd8a79de&_nc_vs=HBksFQIYT2lnX3hwdl9yZWVsc19wZXJtYW5lbnRfcHJvZC8xODQ0RjAxQkI2N0JGMjIyNDdGRDlDMTAyMjMzN0NCRV92aWRlb19kYXNoaW5pdC5tcDQVAALIARIAFQIYOnBhc3N0aHJvdWdoX2V2ZXJzdG9yZS9HRFB0U3hOX2tTQWFES0FBQURfQU9JckRwZklUYnFfRUFBQUYVAgLIARIAKAAYABsCiAd1c2Vfb2lsATEScHJvZ3Jlc3NpdmVfcmVjaXBlATEVAAAmqo3MvPzzgQIVAigCQzMsF0A4RBiTdLxqGBJkYXNoX2Jhc2VsaW5lXzFfdjERAHX-B2XmnQEA&_nc_gid=iNCzoWlqtvU4s4jPzijnug&_nc_ss=7a22e&_nc_zt=28&oh=00_AQCtL_2gD7zFFM-2o1AHjdE0dOIFNhOT6fgEcoXlm--BcA&oe=6A51BE92
Cm4GEOEMI-0,https://www.instagram.com/reel/Cm4GEOEMI-0/,"A mudança de visual é só um recado pra minha mente perceber que a Hanah do passado morreu junto com o ano passado, e a partir de agora uma nova precisa renascer. Eu também tinha medo de me arriscar até perceber que arriscado mesmo é viver a vida inteira sendo a mesma pessoa. E aí, ta curtiu a nova versão? Me conta! 🧡",1672584897,9254,700,89.6719970703125,clips,https://scontent-poa1-1.cdninstagram.com/o1/v/t2/f2/m82/AQPlHOi4gmqTOoYbsk9JOoR5fptyUBG-r4r3MuZCoeREapqjK_Nwyhre-rgo8ppT3uFqV7K8GPocAKnyhR1tQ_TufKslmLRJybwqnAc.mp4?_nc_cat=105&_nc_sid=5e9851&_nc_ht=scontent-poa1-1.cdninstagram.com&_nc_ohc=oHDK9NcP9A4Q7kNvwFdHH4j&efg=eyJ2ZW5jb2RlX3RhZyI6Inhwdl9wcm9ncmVzc2l2ZS5JTlNUQUdSQU0uQ0xJUFMuQzMuNzIwLmRhc2hfYmFzZWxpbmVfMV92MSIsInhwdl9hc3NldF9pZCI6Njk3NjU0ODQ1Mzk4MTE5LCJhc3NldF9hZ2VfZGF5cyI6MTI4NSwidmlfdXNlY2FzZV9pZCI6MTAwOTksImR1cmF0aW9uX3MiOjg5LCJ1cmxnZW5fc291cmNlIjoid3d3In0%3D&ccb=17-1&vs=314cc251819253f5&_nc_vs=HBksFQIYT2lnX3hwdl9yZWVsc19wZXJtYW5lbnRfcHJvZC9GMjQ3MTY2M0I5MDMzRTFDMDM1N0E0OTRDREYyMDc5N192aWRlb19kYXNoaW5pdC5tcDQVAALIARIAFQIYOnBhc3N0aHJvdWdoX2V2ZXJzdG9yZS9HTm5QU0JOc3JiaHlqOVFMQUt0dXdVSGozLXdQYnFfRUFBQUYVAgLIARIAKAAYABsCiAd1c2Vfb2lsATEScHJvZ3Jlc3NpdmVfcmVjaXBlATEVAAAmzvHi0-2gvQIVAigCQzMsF0BWap--dsi0GBJkYXNoX2Jhc2VsaW5lXzFfdjERAHX-B2XmnQEA&_nc_gid=iNCzoWlqtvU4s4jPzijnug&_nc_ss=7a22e&_nc_zt=28&oh=00_AQCRqwYAGScYw-R5UyMVXz_IJVw0seHtkY1DQkTPmJ-A6g&oe=6A51DC8E
CmUylCarylD,https://www.instagram.com/reel/CmUylCarylD/,"Há 2 anos, exatamente no final de dezembro eu estava me preparando pra começar a criar conteúdo dia 1 de janeiro de 2021. E assim eu fiz. Tomar essa decisão foi a melhor coisa que poderia fazer. Minha vida mudou pra sempre. Profissionalmente; Financeiramente; Mentalmente; Emocionalmente; Hoje você tem a mesma chance. Comece agora e se agradeça daqui 1 ano.",1671400214,20552,518,64.36599731445312,clips,https://scontent-poa1-1.cdninstagram.com/o1/v/t2/f2/m82/AQNO83vY1p6qsbsUZ8qP_aTQFNWJ1SkbaGvaUDFDXukYBzTQne08hArTI25cz_8iqPQGEcMesHHhySYXwOrty7YuJXLA2seO-BWMa6E.mp4?_nc_cat=103&_nc_sid=5e9851&_nc_ht=scontent-poa1-1.cdninstagram.com&_nc_ohc=1AH04wvoeY8Q7kNvwGS36EB&efg=eyJ2ZW5jb2RlX3RhZyI6Inhwdl9wcm9ncmVzc2l2ZS5JTlNUQUdSQU0uQ0xJUFMuQzMuNzIwLmRhc2hfYmFzZWxpbmVfMV92MSIsInhwdl9hc3NldF9pZCI6NjA0NjM4MzQxNDI3NTE2LCJhc3NldF9hZ2VfZGF5cyI6MTI5OCwidmlfdXNlY2FzZV9pZCI6MTAwOTksImR1cmF0aW9uX3MiOjY0LCJ1cmxnZW5fc291cmNlIjoid3d3In0%3D&ccb=17-1&vs=2780b15ea6de3128&_nc_vs=HBksFQIYT2lnX3hwdl9yZWVsc19wZXJtYW5lbnRfcHJvZC9GODRGMjM4NjBDODE3OEU1NDQzMDNBOUEyODFFQUY5OF92aWRlb19kYXNoaW5pdC5tcDQVAALIARIAFQIYOnBhc3N0aHJvdWdoX2V2ZXJzdG9yZS9HTVhYSWhOYWVBeXFCMzhDQUZJbFEyeC0wdGRzYnFfRUFBQUYVAgLIARIAKAAYABsCiAd1c2Vfb2lsATEScHJvZ3Jlc3NpdmVfcmVjaXBlATEVAAAm-MT32Mr6kgIVAigCQzMsF0BQF2yLQ5WBGBJkYXNoX2Jhc2VsaW5lXzFfdjERAHX-B2XmnQEA&_nc_gid=iNCzoWlqtvU4s4jPzijnug&_nc_ss=7a22e&_nc_zt=28&oh=00_AQC8noyxgrFEXYWbkZt2PQRoNVThctHlAfu95AkDh5XVLQ&oe=6A51D3F4
Cl9sMEkOGmW,https://www.instagram.com/reel/Cl9sMEkOGmW/,"Humanização não é apenas sobre aparecer, é o que te torna HUMANO: Suas histórias, suas crenças, suas opiniões, seus sentimentos…",1670625535,39456,584,51.233001708984375,clips,https://scontent-poa1-1.cdninstagram.com/o1/v/t2/f2/m82/AQMievGJWmDTmSydkAfyWwIAQ8WLuYwcfvMLFIDhJbol1OK7i6fWbDiVhUxYv38-jWYUoWhOhAxH4qW4nUoH8C6ez9pNuTXXVrTgfV4.mp4?_nc_cat=109&_nc_sid=5e9851&_nc_ht=scontent-poa1-1.cdninstagram.com&_nc_ohc=aQ-B2FBee5IQ7kNvwGIp-f-&efg=eyJ2ZW5jb2RlX3RhZyI6Inhwdl9wcm9ncmVzc2l2ZS5JTlNUQUdSQU0uQ0xJUFMuQzMuNzIwLmRhc2hfYmFzZWxpbmVfMV92MSIsInhwdl9hc3NldF9pZCI6NTQyMzQ1NDI3NDU5MDYwLCJhc3NldF9hZ2VfZGF5cyI6MTMwNywidmlfdXNlY2FzZV9pZCI6MTAwOTksImR1cmF0aW9uX3MiOjUxLCJ1cmxnZW5fc291cmNlIjoid3d3In0%3D&ccb=17-1&vs=55e146e1d860abcb&_nc_vs=HBksFQIYT2lnX3hwdl9yZWVsc19wZXJtYW5lbnRfcHJvZC85RTRGOEU3Q0IyMzE5RkQ5NUVFRTVENTM5QzhCQkI5RF92aWRlb19kYXNoaW5pdC5tcDQVAALIARIAFQIYOnBhc3N0aHJvdWdoX2V2ZXJzdG9yZS9HRG1tQ3hQTnJOamJvcUlFQUpVQnVIU18yYjVDYnFfRUFBQUYVAgLIARIAKAAYABsCiAd1c2Vfb2lsATEScHJvZ3Jlc3NpdmVfcmVjaXBlATEVAAAm6O_kqNTQ9gEVAigCQzMsF0BJndLxqfvnGBJkYXNoX2Jhc2VsaW5lXzFfdjERAHX-B2XmnQEA&_nc_gid=iNCzoWlqtvU4s4jPzijnug&_nc_ss=7a22e&_nc_zt=28&oh=00_AQDeWMWa2k5TAWgAl3criQse28Luj5jI2FA1Zx_z88gIAg&oe=6A51E72E
ClgfXjfNAe1,https://www.instagram.com/reel/ClgfXjfNAe1/,"Fuja da normalidade, seja muito bem-vindo ao FUTURO! ⚡️ Hoje é sua última chance de pagar 12x 29,60 na Comunidade Criadores do Futuro. 🔗 Link na bio.",1669645227,8387,392,89.83300018310547,clips,https://scontent-poa1-1.cdninstagram.com/o1/v/t2/f2/m82/AQOuIah2wLKFx438_ynDuWSJsBj_DvWlUKAUGmk8D3_D7WMihVuKEzhQuJSd0J5UDJVs7ZoovIujitLHIm7BK8FSDpJOc3EmSP0Z4n0.mp4?_nc_cat=107&_nc_sid=5e9851&_nc_ht=scontent-poa1-1.cdninstagram.com&_nc_ohc=YX4Ngn4EUEcQ7kNvwGt_apx&efg=eyJ2ZW5jb2RlX3RhZyI6Inhwdl9wcm9ncmVzc2l2ZS5JTlNUQUdSQU0uQ0xJUFMuQzMuNzIwLmRhc2hfYmFzZWxpbmVfMV92MSIsInhwdl9hc3NldF9pZCI6Njk2NDc4MTgxODEzMTIxLCJhc3NldF9hZ2VfZGF5cyI6MTMxOSwidmlfdXNlY2FzZV9pZCI6MTAwOTksImR1cmF0aW9uX3MiOjg5LCJ1cmxnZW5fc291cmNlIjoid3d3In0%3D&ccb=17-1&vs=9e748cf00b7fb2c5&_nc_vs=HBksFQIYT2lnX3hwdl9yZWVsc19wZXJtYW5lbnRfcHJvZC9GMDQ2Mzc2QkM4RDRFMjZCQ0M0QjhFRjE2NjlGNjI5Nl92aWRlb19kYXNoaW5pdC5tcDQVAALIARIAFQIYOnBhc3N0aHJvdWdoX2V2ZXJzdG9yZS9HSUptdmhJLW5yWXZKMXdCQUx2OXJ2ckxwUGhLYnFfRUFBQUYVAgLIARIAKAAYABsCiAd1c2Vfb2lsATEScHJvZ3Jlc3NpdmVfcmVjaXBlATEVAAAmgq736a7cvAIVAigCQzMsF0BWdU_fO2RaGBJkYXNoX2Jhc2VsaW5lXzFfdjERAHX-B2XmnQEA&_nc_gid=iNCzoWlqtvU4s4jPzijnug&_nc_ss=7a22e&_nc_zt=28&oh=00_AQA5jxoUGESzHmUNQCD9fNZ_4WIlrK3ckn18k9lmll-9IA&oe=6A51C3FC
ClZhxFJOcrz,https://www.instagram.com/reel/ClZhxFJOcrz/,Queira isso mais do que você quer respirar! 🫡⚡️,1669411565,5554,267,56.444000244140625,clips,https://scontent-poa1-1.cdninstagram.com/o1/v/t2/f2/m82/AQOS51wGyIY8ZTx_uKIkPoDwdQVLqOqunMNSSSyzf0q3s0K3FRH6yGs311euqdHgU38NDF_hajWehGNfUSQNKzc-E-cSksrNL29TEyo.mp4?_nc_cat=108&_nc_sid=5e9851&_nc_ht=scontent-poa1-1.cdninstagram.com&_nc_ohc=srTP18i48CIQ7kNvwFD6cU7&efg=eyJ2ZW5jb2RlX3RhZyI6Inhwdl9wcm9ncmVzc2l2ZS5JTlNUQUdSQU0uQ0xJUFMuQzMuNzIwLmRhc2hfYmFzZWxpbmVfMV92MSIsInhwdl9hc3NldF9pZCI6NTQwNjk1NTI3NTMyODg3LCJhc3NldF9hZ2VfZGF5cyI6MTMyMSwidmlfdXNlY2FzZV9pZCI6MTAwOTksImR1cmF0aW9uX3MiOjU2LCJ1cmxnZW5fc291cmNlIjoid3d3In0%3D&ccb=17-1&vs=6f29a8b012f0d35c&_nc_vs=HBksFQIYT2lnX3hwdl9yZWVsc19wZXJtYW5lbnRfcHJvZC9GRDRGQjE5MUJENEIwRkIxRkY2NTc4RjM0NTExREZBRV92aWRlb19kYXNoaW5pdC5tcDQVAALIARIAFQIYOnBhc3N0aHJvdWdoX2V2ZXJzdG9yZS9HTVZlNkJLQ0Y1RktKcnNFQUlwYjc3YW1pQ1VhYnFfRUFBQUYVAgLIARIAKAAYABsCiAd1c2Vfb2lsATEScHJvZ3Jlc3NpdmVfcmVjaXBlATEVAAAmrqXNzc_w9QEVAigCQzMsF0BMN2yLQ5WBGBJkYXNoX2Jhc2VsaW5lXzFfdjERAHX-B2XmnQEA&_nc_gid=iNCzoWlqtvU4s4jPzijnug&_nc_ss=7a22e&_nc_zt=28&oh=00_AQDD43FUVMGoeI6s43CYMux6CRhUu6zbJVL_xmOjL0mSNQ&oe=6A51C151
ClT1OwpL40z,https://www.instagram.com/reel/ClT1OwpL40z/,Ainda bem que isso não aconteceu e vamos estrear na copa de goleadaaaa! 🇧🇷⚡️🙌🏼,1669220314,9058,403,68.7040023803711,clips,https://scontent-poa1-1.cdninstagram.com/o1/v/t2/f2/m82/AQPgn5zNLOaP9osDPN6dP4Z1ImmHEAeOm7QX8ZeOx-KK5b9LxDVT_8I0j1g7IeDfld7TYsfvEkO49kEsbXyN67NORIUXdx2Wnu42ELo.mp4?_nc_cat=107&_nc_sid=5e9851&_nc_ht=scontent-poa1-1.cdninstagram.com&_nc_ohc=Bj9yapXz0lEQ7kNvwGCAhOJ&efg=eyJ2ZW5jb2RlX3RhZyI6Inhwdl9wcm9ncmVzc2l2ZS5JTlNUQUdSQU0uQ0xJUFMuQzMuNzIwLmRhc2hfYmFzZWxpbmVfMV92MSIsInhwdl9hc3NldF9pZCI6MTIxOTkzNDAxODk1Mzc3NiwiYXNzZXRfYWdlX2RheXMiOjEzMjQsInZpX3VzZWNhc2VfaWQiOjEwMDk5LCJkdXJhdGlvbl9zIjo2OCwidXJsZ2VuX3NvdXJjZSI6Ind3dyJ9&ccb=17-1&vs=7002cf1be987192d&_nc_vs=HBksFQIYT2lnX3hwdl9yZWVsc19wZXJtYW5lbnRfcHJvZC80RjQ0NUZEMDBGNTI4M0UyRDVFQjE4RjMyOTA4QUE4OF92aWRlb19kYXNoaW5pdC5tcDQVAALIARIAFQIYOnBhc3N0aHJvdWdoX2V2ZXJzdG9yZS9HRkE5cXhKT0s1eVdkZDRCQUUyQnJwbGx5QnhfYnFfRUFBQUYVAgLIARIAKAAYABsCiAd1c2Vfb2lsATEScHJvZ3Jlc3NpdmVfcmVjaXBlATEVAAAm4IjL3cDhqgQVAigCQzMsF0BRLMzMzMzNGBJkYXNoX2Jhc2VsaW5lXzFfdjERAHX-B2XmnQEA&_nc_gid=iNCzoWlqtvU4s4jPzijnug&_nc_ss=7a22e&_nc_zt=28&oh=00_AQDoC37F_v14kJV4VAlTOxTbYnZnIyjOCJ1NrLIQ9xpnag&oe=6A51EE34
ClSE1XOvqf4,https://www.instagram.com/reel/ClSE1XOvqf4/,🏳️ Essa é a melhor hora pra você virar um CRIADOR. White Friday até dia 28. ⚡️ Valendo!,1669161412,7155,342,114.53299713134766,clips,https://scontent-poa1-1.cdninstagram.com/o1/v/t2/f2/m82/AQOAbJhjGxaO-0bE0xJjh1xpXsTuPHKiPqLh6XGzAVXfLuD6XBMucM-6Q4-_vRl_7f3k4fBOtKCdkchXaoF74FXQoEGN7KDuZlq4HLQ.mp4?_nc_cat=106&_nc_sid=5e9851&_nc_ht=scontent-poa1-1.cdninstagram.com&_nc_ohc=r0bkUAgAtcUQ7kNvwHGdcRi&efg=eyJ2ZW5jb2RlX3RhZyI6Inhwdl9wcm9ncmVzc2l2ZS5JTlNUQUdSQU0uQ0xJUFMuQzMuNzIwLmRhc2hfYmFzZWxpbmVfMV92MSIsInhwdl9hc3NldF9pZCI6ODc2ODAyOTQ3MDExODU4LCJhc3NldF9hZ2VfZGF5cyI6MTMyNCwidmlfdXNlY2FzZV9pZCI6MTAwOTksImR1cmF0aW9uX3MiOjExNCwidXJsZ2VuX3NvdXJjZSI6Ind3dyJ9&ccb=17-1&vs=4bfdfb4f008117cf&_nc_vs=HBksFQIYT2lnX3hwdl9yZWVsc19wZXJtYW5lbnRfcHJvZC9CQzQ3RkYzRDg5MEM2ODU5RUI4RkYyRjQwMzc0MjU5Nl92aWRlb19kYXNoaW5pdC5tcDQVAALIARIAFQIYOnBhc3N0aHJvdWdoX2V2ZXJzdG9yZS9HSnRnMnhJV0RRMEQzbndBQUQ2ZmxyWFkzVUJ2YnFfRUFBQUYVAgLIARIAKAAYABsCiAd1c2Vfb2lsATEScHJvZ3Jlc3NpdmVfcmVjaXBlATEVAAAmpNSOg9PcjgMVAigCQzMsF0BcohysCDEnGBJkYXNoX2Jhc2VsaW5lXzFfdjERAHX-B2XmnQEA&_nc_gid=iNCzoWlqtvU4s4jPzijnug&_nc_ss=7a22e&_nc_zt=28&oh=00_AQA7Rj8yoM2f049JWkz2SOSOcv_39zqqWAZSu12oaSrG1g&oe=6A51DEEB
ClMX_5FAc0F,https://www.instagram.com/reel/ClMX_5FAc0F/,Complete: A repetição é a mãe da….? ⚡️ #criadordeconteudo #dicasdemarketing #mentalidadedesucesso,1668970221,76113,1344,38.2400016784668,clips,https://scontent-poa1-1.cdninstagram.com/o1/v/t2/f2/m82/AQOiGZEJHfAa49tMCjH6sWwbWc8PssALA7Xnf-8NqvWyt0JfZCyZKBWib7utjMWi1_N9Dy_2LvRHzz19CmLDg6yzAX2bSnRD0d-lSa0.mp4?_nc_cat=104&_nc_sid=5e9851&_nc_ht=scontent-poa1-1.cdninstagram.com&_nc_ohc=ouIxEi9xcqMQ7kNvwGWBzp9&efg=eyJ2ZW5jb2RlX3RhZyI6Inhwdl9wcm9ncmVzc2l2ZS5JTlNUQUdSQU0uQ0xJUFMuQzMuNzIwLmRhc2hfYmFzZWxpbmVfMV92MSIsInhwdl9hc3NldF9pZCI6NjkwMzc2NDQyNDUxNDU1LCJhc3NldF9hZ2VfZGF5cyI6MTMyNywidmlfdXNlY2FzZV9pZCI6MTAwOTksImR1cmF0aW9uX3MiOjM4LCJ1cmxnZW5fc291cmNlIjoid3d3In0%3D&ccb=17-1&vs=5315c0d0c89c749&_nc_vs=HBksFQIYT2lnX3hwdl9yZWVsc19wZXJtYW5lbnRfcHJvZC82RjQ4MjVFRDg5M0U4OUU3RjU3N0JDRTEwNDQ3REI5OF92aWRlb19kYXNoaW5pdC5tcDQVAALIARIAFQIYOnBhc3N0aHJvdWdoX2V2ZXJzdG9yZS9HSnE1MlJMZEF6M01Rak1EQUxWcmQxblJiOWxjYnFfRUFBQUYVAgLIARIAKAAYABsCiAd1c2Vfb2lsATEScHJvZ3Jlc3NpdmVfcmVjaXBlATEVAAAm_tfoqZn5uQIVAigCQzMsF0BDHdLxqfvnGBJkYXNoX2Jhc2VsaW5lXzFfdjERAHX-B2XmnQEA&_nc_gid=J7ucPUfAMZS-WOmr8EcHFQ&_nc_ss=7a22e&_nc_zt=28&oh=00_AQBzZ2fY2_Q_VzR5C9tOp4BABNPSvdr9nm_hD92oijyqmQ&oe=6A51BE15
Ck_zqG2u5IZ,https://www.instagram.com/reel/Ck_zqG2u5IZ/,Ja passou da hora de você fazer o marketing do futuro! ⚡️ #criadordeconteudo #dicasdemarketing #marketingdigitalbrasil,1668548459,7888,401,84.83300018310547,clips,https://scontent-poa1-1.cdninstagram.com/o1/v/t2/f2/m82/AQO20J4tSkDf859bS1XSXemI9I87hEXYz-tsSP9BovRFruVCmxbXsjDXyRBj5S-UdhDcUPL5L9AKW4Cb9HErffSsl2iBgMzMdMqFIio.mp4?_nc_cat=109&_nc_sid=5e9851&_nc_ht=scontent-poa1-1.cdninstagram.com&_nc_ohc=rdYEGtcI5FoQ7kNvwGnHwHG&efg=eyJ2ZW5jb2RlX3RhZyI6Inhwdl9wcm9ncmVzc2l2ZS5JTlNUQUdSQU0uQ0xJUFMuQzMuNzIwLmRhc2hfYmFzZWxpbmVfMV92MSIsInhwdl9hc3NldF9pZCI6MTAxNDg3NzgyMjgxODc5OCwiYXNzZXRfYWdlX2RheXMiOjEzMzEsInZpX3VzZWNhc2VfaWQiOjEwMDk5LCJkdXJhdGlvbl9zIjo4NCwidXJsZ2VuX3NvdXJjZSI6Ind3dyJ9&ccb=17-1&vs=5b3f272b55022936&_nc_vs=HBksFQIYT2lnX3hwdl9yZWVsc19wZXJtYW5lbnRfcHJvZC9BMTQwQ0U0MDQ1MjA1QjM5NTczMEY1NDkyMkZCNUNCMF92aWRlb19kYXNoaW5pdC5tcDQVAALIARIAFQIYOnBhc3N0aHJvdWdoX2V2ZXJzdG9yZS9HUEVuMVJKMUdmSnJPdmdMQUJIaF9CRjN1Y3c3YnFfRUFBQUYVAgLIARIAKAAYABsCiAd1c2Vfb2lsATEScHJvZ3Jlc3NpdmVfcmVjaXBlATEVAAAm3Of0gdXBzQMVAigCQzMsF0BVNU_fO2RaGBJkYXNoX2Jhc2VsaW5lXzFfdjERAHX-B2XmnQEA&_nc_gid=J7ucPUfAMZS-WOmr8EcHFQ&_nc_ss=7a22e&_nc_zt=28&oh=00_AQBuUmNZD8PPXTZjkn8Die9Xf5cJaWXwaaNSnOlcsjt15Q&oe=6A51D1AA
Ck6huG-jZdW,https://www.instagram.com/reel/Ck6huG-jZdW/,Vai continuar passando pano? #criadordeconteudo #mentalidadedesucesso,1668371515,9152,513,40.678001403808594,clips,https://scontent-poa1-1.cdninstagram.com/o1/v/t2/f2/m86/AQPjKqDSMqK67U1J1l63z51vIA3OvRfO4T4o4WG0sI_3l0Qa2m3Xr9CQXMKgjgFX9o3IIZ85eUBCpH09xmq2tw.mp4?_nc_cat=110&_nc_sid=5e9851&_nc_ht=scontent-poa1-1.cdninstagram.com&_nc_ohc=-Uy7F5qOLRgQ7kNvwGcQ5DW&efg=eyJ2ZW5jb2RlX3RhZyI6Inhwdl9wcm9ncmVzc2l2ZS5JTlNUQUdSQU0uQ0xJUFMuQzMuMTA4MC5kYXNoX2hpZ2hfMTA4MHBfdjEiLCJ4cHZfYXNzZXRfaWQiOjg1NjE1NDEwNTgwNTQ4NSwiYXNzZXRfYWdlX2RheXMiOjEzMzMsInZpX3VzZWNhc2VfaWQiOjEwMDk5LCJkdXJhdGlvbl9zIjo0MCwidXJsZ2VuX3NvdXJjZSI6Ind3dyJ9&ccb=17-1&vs=1ee242fe1bd9843b&_nc_vs=HBksFQIYRWlnX3hwdl9yZWVsc19wZXJtYW5lbnRfc3JfcHJvZC80MjY2ODM5MzI4MTc3OTRfNjY3MTQyNjkwODE4MTc2NzQwLm1wNBUAAsgBEgAVAhg6cGFzc3Rocm91Z2hfZXZlcnN0b3JlL0dINVUwUks5SlZXMktwQUdBRGVpS1FWZ0xGWmJicV9FQUFBRhUCAsgBEgAoABgAGwKIB3VzZV9vaWwBMRJwcm9ncmVzc2l2ZV9yZWNpcGUBMRUAACba6suV3aqFAxUCKAJDMywXQERVP3ztkWgYEmRhc2hfaGlnaF8xMDgwcF92MREAdf4HZeadAQA&_nc_gid=J7ucPUfAMZS-WOmr8EcHFQ&_nc_ss=7a22e&_nc_zt=28&oh=00_AQD3KwRLVa6pDy_6OlAjgf-ldpD-XJQ80AmTLXEDyrP-ng&oe=6A51D68D
Ck1bG4vjaf6,https://www.instagram.com/reel/Ck1bG4vjaf6/,Seja incansável buscando inspirações! ⚡️ Fazer esse exercício vai acelerar muito sua produção de conteúdo! Pare de produzir o aue você ACHA que deve e busque referências com intenção daqui pra frente.,1668200087,5750,362,89.51000213623047,clips,https://scontent-poa1-1.cdninstagram.com/o1/v/t2/f2/m86/AQPZnGINg0FJnAo-hHy6eLKu5GztMhunrboo4KxF5gKknZh1xCBpHK2sN4Le4FClzOorostEXnx0WYj6e1ibK70.mp4?_nc_cat=104&_nc_sid=5e9851&_nc_ht=scontent-poa1-1.cdninstagram.com&_nc_ohc=h_hn38-8aJ8Q7kNvwGb8gbf&efg=eyJ2ZW5jb2RlX3RhZyI6Inhwdl9wcm9ncmVzc2l2ZS5JTlNUQUdSQU0uQ0xJUFMuQzMuMTA4MC5kYXNoX2hpZ2hfMTA4MHBfdjEiLCJ4cHZfYXNzZXRfaWQiOjUxNjc5MTY4NjMzMTM5MzQsImFzc2V0X2FnZV9kYXlzIjoxMzM1LCJ2aV91c2VjYXNlX2lkIjoxMDA5OSwiZHVyYXRpb25fcyI6ODksInVybGdlbl9zb3VyY2UiOiJ3d3cifQ%3D%3D&ccb=17-1&vs=815e02813f41fabc&_nc_vs=HBksFQIYRmlnX3hwdl9yZWVsc19wZXJtYW5lbnRfc3JfcHJvZC85MDQ1NTIwNjA1MzMyNjRfNzg3MDEwODk1MzMwNTkzMTY5OS5tcDQVAALIARIAFQIYOnBhc3N0aHJvdWdoX2V2ZXJzdG9yZS9HT1hteWhJUm50TXZURUVGQUVOYTN0dTM5TFlNYnFfRUFBQUYVAgLIARIAKAAYABsCiAd1c2Vfb2lsATEScHJvZ3Jlc3NpdmVfcmVjaXBlATEVAAAmnODuja2MrhIVAigCQzMsF0BWYAAAAAAAGBJkYXNoX2hpZ2hfMTA4MHBfdjERAHX-B2XmnQEA&_nc_gid=J7ucPUfAMZS-WOmr8EcHFQ&_nc_ss=7a22e&_nc_zt=28&oh=00_AQCL_XnG-hWvKgGVeXMrOs1-S_yLLTOd6D4rsYNqlk3D8g&oe=6A51BDB0
CkZKscIpwUz,https://www.instagram.com/reel/CkZKscIpwUz/,Chega de ter medo de emitir sua opinião! Isso é marketing do futuro ⚡️ #criadordeconteudo #mentalidadedesucesso #dicasdemarketing,1667251866,5283,252,32.86600112915039,clips,https://scontent-poa1-1.cdninstagram.com/o1/v/t2/f2/m82/AQPWd2LMZ0-9iG7V0zHC33tSO40nHn_BfgSl3S5MbVjwNm38ItHoOO1-PnufAc_V1FTfzD4MJglngthDG992hO9c23lpK8KnOg5ou4E.mp4?_nc_cat=110&_nc_sid=5e9851&_nc_ht=scontent-poa1-1.cdninstagram.com&_nc_ohc=0mmt-H7lsRsQ7kNvwGnUkRr&efg=eyJ2ZW5jb2RlX3RhZyI6Inhwdl9wcm9ncmVzc2l2ZS5JTlNUQUdSQU0uQ0xJUFMuQzMuNzIwLmRhc2hfYmFzZWxpbmVfMV92MSIsInhwdl9hc3NldF9pZCI6NjUyOTczNzI5ODc5ODkwLCJhc3NldF9hZ2VfZGF5cyI6MTM0NiwidmlfdXNlY2FzZV9pZCI6MTAwOTksImR1cmF0aW9uX3MiOjMyLCJ1cmxnZW5fc291cmNlIjoid3d3In0%3D&ccb=17-1&vs=e5a3eb4b4c4e5c08&_nc_vs=HBksFQIYT2lnX3hwdl9yZWVsc19wZXJtYW5lbnRfcHJvZC81ODQ2MEU5MTY0RkMzQUQ5RTJBOEM5REI0QzYzNkRCRV92aWRlb19kYXNoaW5pdC5tcDQVAALIARIAFQIYOnBhc3N0aHJvdWdoX2V2ZXJzdG9yZS9HSkJIdGhMc1hyZjVvbElMQUJuYnlQN1BKZk03YnFfRUFBQUYVAgLIARIAKAAYABsCiAd1c2Vfb2lsATEScHJvZ3Jlc3NpdmVfcmVjaXBlATEVAAAmpN28s4n4qAIVAigCQzMsF0BAbtkWhysCGBJkYXNoX2Jhc2VsaW5lXzFfdjERAHX-B2XmnQEA&_nc_gid=J7ucPUfAMZS-WOmr8EcHFQ&_nc_ss=7a22e&_nc_zt=28&oh=00_AQBCy0HdAP8qMIjLSsGriY6G0q-_WLIgGu4pAt-x0gvncA&oe=6A51E1AF
CkHZ3TnLitp,https://www.instagram.com/reel/CkHZ3TnLitp/,"Primeiro vídeo no apê novo! 🥹 Foi nessa de fingir, que estamos nos tornando as pessoas que sempre sonhamos ser! ⚡️♥️",1666656023,9607,787,82,clips,https://scontent-poa1-1.cdninstagram.com/o1/v/t2/f2/m86/AQML0eB73KBn2HK40kpekAkUb9Q7Bf_NIuYtrUeOSzAOz71orjRm_Aa5PNQMzxUAteNFuXQVywEfcbtqygdIOeI.mp4?_nc_cat=100&_nc_sid=5e9851&_nc_ht=scontent-poa1-1.cdninstagram.com&_nc_ohc=gWriq5ngup0Q7kNvwGteMtY&efg=eyJ2ZW5jb2RlX3RhZyI6Inhwdl9wcm9ncmVzc2l2ZS5JTlNUQUdSQU0uQ0xJUFMuQzMuMTA4MC5kYXNoX2hpZ2hfMTA4MHBfdjEiLCJ4cHZfYXNzZXRfaWQiOjcwMzYxMTU5MDY4MzU5NCwiYXNzZXRfYWdlX2RheXMiOjEzNTMsInZpX3VzZWNhc2VfaWQiOjEwMDk5LCJkdXJhdGlvbl9zIjo4MSwidXJsZ2VuX3NvdXJjZSI6Ind3dyJ9&ccb=17-1&vs=3b28cb4359990564&_nc_vs=HBksFQIYRmlnX3hwdl9yZWVsc19wZXJtYW5lbnRfc3JfcHJvZC8xMTI0MzQ1NzYxNjEwOTc5XzcwOTA2OTEzODUzMzA4NTY3Ni5tcDQVAALIARIAFQIYOnBhc3N0aHJvdWdoX2V2ZXJzdG9yZS9HSjZrcGhJMlA5N2RNQjhJQU1DcWJ3M3ZiWXBTYnFfRUFBQUYVAgLIARIAKAAYABsCiAd1c2Vfb2lsATEScHJvZ3Jlc3NpdmVfcmVjaXBlATEVAAAmlK_h7sr7vwIVAigCQzMsF0BUgAAAAAAAGBJkYXNoX2hpZ2hfMTA4MHBfdjERAHX-B2XmnQEA&_nc_gid=J7ucPUfAMZS-WOmr8EcHFQ&_nc_ss=7a22e&_nc_zt=28&oh=00_AQDl8ep1aTFi5-Xvu_s6aEBW4L8UFf6m63r6bBX1A6FVjw&oe=6A51E600
CkECQJOpUos,https://www.instagram.com/reel/CkECQJOpUos/,Pensamentos.. Geram sentimentos.. Geram ações.. Geram resultados! ⚡️ #Desafio100Desculpinha,1666542909,5690,369,99.47100067138672,clips,https://scontent-poa1-1.cdninstagram.com/o1/v/t2/f2/m86/AQNRcCY6AxqGT6nqjRUQPZIS6kqyf4zC-T3ML--dVAo-taj9ssG4Cppsp7JrAWXTYeeNMbpdjXQ7Qa-Nr_aig2l1.mp4?_nc_cat=109&_nc_sid=5e9851&_nc_ht=scontent-poa1-1.cdninstagram.com&_nc_ohc=WITF0HhW8tYQ7kNvwEuw-EN&efg=eyJ2ZW5jb2RlX3RhZyI6Inhwdl9wcm9ncmVzc2l2ZS5JTlNUQUdSQU0uQ0xJUFMuQzMuMTA4MC5kYXNoX2hpZ2hfMTA4MHBfdjEiLCJ4cHZfYXNzZXRfaWQiOjU0ODA5MzE5MTg2MjE2MjQsImFzc2V0X2FnZV9kYXlzIjoxMzU1LCJ2aV91c2VjYXNlX2lkIjoxMDA5OSwiZHVyYXRpb25fcyI6OTksInVybGdlbl9zb3VyY2UiOiJ3d3cifQ%3D%3D&ccb=17-1&vs=380f406faacedb39&_nc_vs=HBksFQIYR2lnX3hwdl9yZWVsc19wZXJtYW5lbnRfc3JfcHJvZC8zMzE4Nzk4MTgxNzI5ODc0Xzg0NTQyNTA4NTMxNzM0MTU5MzEubXA0FQACyAESABUCGDpwYXNzdGhyb3VnaF9ldmVyc3RvcmUvR01tc3BSSWp4ZlUwVU1FRUFJbjFQTHB4dXlBZWJxX0VBQUFGFQICyAESACgAGAAbAogHdXNlX29pbAExEnByb2dyZXNzaXZlX3JlY2lwZQExFQAAJvCu4YCduLwTFQIoAkMzLBdAWN3S8an75xgSZGFzaF9oaWdoXzEwODBwX3YxEQB1_gdl5p0BAA&_nc_gid=J7ucPUfAMZS-WOmr8EcHFQ&_nc_ss=7a22e&_nc_zt=28&oh=00_AQCBjXAXVxo_rE88fMPVORU5Yok8RygEd-EVqA2Gyv7Ruw&oe=6A51E0C5
Cj6lzfjv_Es,https://www.instagram.com/reel/Cj6lzfjv_Es/,Lembre-se: A repetição é a mãe da construção de marca! ⚡️,1666225922,4796,312,73.20899963378906,clips,https://scontent-poa1-1.cdninstagram.com/o1/v/t2/f2/m86/AQN-YEFIkdwYnt3Kz97NXdQmDCPxXiIvXi8fD0WWQ2YyW0RHyj6Ml0YqPxF1Ka1bAJmeLdO283ocsgjTH-ld2du2DTJW8L2ipftTMdU.mp4?_nc_cat=105&_nc_sid=5e9851&_nc_ht=scontent-poa1-1.cdninstagram.com&_nc_ohc=0-R6dGmdH78Q7kNvwFuQlN3&efg=eyJ2ZW5jb2RlX3RhZyI6Inhwdl9wcm9ncmVzc2l2ZS5JTlNUQUdSQU0uQ0xJUFMuQzMuNzIwLmRhc2hfYmFzZWxpbmVfMV92MSIsInhwdl9hc3NldF9pZCI6MjAyOTU4NDI1NzI0NzM0NCwiYXNzZXRfYWdlX2RheXMiOjEzNTgsInZpX3VzZWNhc2VfaWQiOjEwMDk5LCJkdXJhdGlvbl9zIjo3MywidXJsZ2VuX3NvdXJjZSI6Ind3dyJ9&ccb=17-1&vs=ba7b8e659796fb07&_nc_vs=HBksFQIYUmlnX3hwdl9yZWVsc19wZXJtYW5lbnRfc3JfcHJvZC9EQTQ4MEEzQTEyQUVDRUVCMzY3RjM4QzhBN0U0REQ4NF92aWRlb19kYXNoaW5pdC5tcDQVAALIARIAFQIYOnBhc3N0aHJvdWdoX2V2ZXJzdG9yZS9HSWszbnhLVzNsXzJjN1lCQUxMbkJYXy1VSzBkYnFfRUFBQUYVAgLIARIAKAAYABsCiAd1c2Vfb2lsATEScHJvZ3Jlc3NpdmVfcmVjaXBlATEVAAAm4KGPi635mgcVAigCQzMsF0BSTMzMzMzNGBJkYXNoX2Jhc2VsaW5lXzFfdjERAHX-B2XmnQEA&_nc_gid=J7ucPUfAMZS-WOmr8EcHFQ&_nc_ss=7a22e&_nc_zt=28&oh=00_AQCiZIrPLCeHiaD2lPVytimwKek2F9g21FaIrtVnmRJYxw&oe=6A51DCDE
CjwIbjnPFep,https://www.instagram.com/reel/CjwIbjnPFep/,Só quem se arrisca merece viver o extraordinário! 🖤⚡️,1665875005,4700,208,83.56600189208984,clips,https://scontent-poa1-1.cdninstagram.com/o1/v/t2/f2/m86/AQNxdHCO7XYsyKKaFbZK_MkWmU-9-giIgkF2yYpEkWA7X8rw7jN2HG_IoKt6IL3ebCRuASLPraxLVkrIejvMH9mjI7yYKoV4X-SrdrM.mp4?_nc_cat=109&_nc_sid=5e9851&_nc_ht=scontent-poa1-1.cdninstagram.com&_nc_ohc=s7RdBCQYVeEQ7kNvwGeU-cf&efg=eyJ2ZW5jb2RlX3RhZyI6Inhwdl9wcm9ncmVzc2l2ZS5JTlNUQUdSQU0uQ0xJUFMuQzMuNzIwLmRhc2hfYmFzZWxpbmVfMV92MSIsInhwdl9hc3NldF9pZCI6OTE4MDc2MTQ2MjQ2Njg2LCJhc3NldF9hZ2VfZGF5cyI6MTM2MiwidmlfdXNlY2FzZV9pZCI6MTAwOTksImR1cmF0aW9uX3MiOjgzLCJ1cmxnZW5fc291cmNlIjoid3d3In0%3D&ccb=17-1&vs=3e35ac78383cf248&_nc_vs=HBksFQIYUmlnX3hwdl9yZWVsc19wZXJtYW5lbnRfc3JfcHJvZC9GRTRBMTA4Q0ZDRkM0OUQ2RDUyNzY4MENFQjYwOTBCNF92aWRlb19kYXNoaW5pdC5tcDQVAALIARIAFQIYOnBhc3N0aHJvdWdoX2V2ZXJzdG9yZS9HTlBmaUJLazVaSGVhYWNBQUc1SENJeE91MVE2YnFfRUFBQUYVAgLIARIAKAAYABsCiAd1c2Vfb2lsATEScHJvZ3Jlc3NpdmVfcmVjaXBlATEVAAAmvJCXqYi_oQMVAigCQzMsF0BU5DlYEGJOGBJkYXNoX2Jhc2VsaW5lXzFfdjERAHX-B2XmnQEA&_nc_gid=J7ucPUfAMZS-WOmr8EcHFQ&_nc_ss=7a22e&_nc_zt=28&oh=00_AQDNYyHPFsHh9IQwST5F0Vzu49ty3qfjEIKgPlHgfvpnNw&oe=6A51D4A2
Cjq6N5GNEYm,https://www.instagram.com/reel/Cjq6N5GNEYm/,Troque o foco nos seguidores por focar em evoluir! ⚡️,1665699791,7187,465,61.11199951171875,clips,https://scontent-poa1-1.cdninstagram.com/o1/v/t2/f2/m86/AQNEKIEobac6nZIXl74GgSYgfdWreWL_WlZsyE3xJM90T9Ilhv2T9VBZL-x0zIgNp6gphML-Gb-QGgAaxKIkFydi7wed1vVVf558deA.mp4?_nc_cat=107&_nc_sid=5e9851&_nc_ht=scontent-poa1-1.cdninstagram.com&_nc_ohc=HY8q1ApaZWcQ7kNvwG8YpWf&efg=eyJ2ZW5jb2RlX3RhZyI6Inhwdl9wcm9ncmVzc2l2ZS5JTlNUQUdSQU0uQ0xJUFMuQzMuNzIwLmRhc2hfYmFzZWxpbmVfMV92MSIsInhwdl9hc3NldF9pZCI6ODMyMzg0NzgxMTQ1MDQ1LCJhc3NldF9hZ2VfZGF5cyI6MTM2NCwidmlfdXNlY2FzZV9pZCI6MTAwOTksImR1cmF0aW9uX3MiOjYxLCJ1cmxnZW5fc291cmNlIjoid3d3In0%3D&ccb=17-1&vs=6fa49e420037f8b8&_nc_vs=HBksFQIYUmlnX3hwdl9yZWVsc19wZXJtYW5lbnRfc3JfcHJvZC84QzRGOEM0M0IzNUQyRkNCOEQ0NzQ5OTYzMzQ3QUZBRF92aWRlb19kYXNoaW5pdC5tcDQVAALIARIAFQIYOnBhc3N0aHJvdWdoX2V2ZXJzdG9yZS9HSE1wa3hLc1JFVDJVZGtUQUZYakVIazNYRXNDYnFfRUFBQUYVAgLIARIAKAAYABsCiAd1c2Vfb2lsATEScHJvZ3Jlc3NpdmVfcmVjaXBlATEVAAAmqs-S85XD-gIVAigCQzMsF0BOjMzMzMzNGBJkYXNoX2Jhc2VsaW5lXzFfdjERAHX-B2XmnQEA&_nc_gid=J7ucPUfAMZS-WOmr8EcHFQ&_nc_ss=7a22e&_nc_zt=28&oh=00_AQA3JR76gfj2jyDFA7scQtvRjxKoUdDHzThXLlEMauhR_w&oe=6A51E740
Cjf44OlstAz,https://www.instagram.com/reel/Cjf44OlstAz/,Testado e aprovado por mim e por alunos Criadores! ⚡️ #criadordeconteudo #mentalidadedesucesso #dicasdemarketing #marketingnoinstagram #marketingdigitalbrasil,1665330247,4669,229,139.46600341796875,clips,https://scontent-poa1-1.cdninstagram.com/o1/v/t2/f2/m86/AQOkyo95jpN0M5drf9iWji3qAbdQUisbdbwYSvoAH_KEfYdK6XxM-A0vXuGqYImuKg1twVjlKHrl9NVRyJEAAuqumvqedS6LBNC8i10.mp4?_nc_cat=105&_nc_sid=5e9851&_nc_ht=scontent-poa1-1.cdninstagram.com&_nc_ohc=-haLi3d3jKcQ7kNvwFno03H&efg=eyJ2ZW5jb2RlX3RhZyI6Inhwdl9wcm9ncmVzc2l2ZS5JTlNUQUdSQU0uQ0xJUFMuQzMuNzIwLmRhc2hfYmFzZWxpbmVfMV92MSIsInhwdl9hc3NldF9pZCI6Mzg1MjA0MDcwMzU2MTIxLCJhc3NldF9hZ2VfZGF5cyI6MTM2OSwidmlfdXNlY2FzZV9pZCI6MTAwOTksImR1cmF0aW9uX3MiOjEzOSwidXJsZ2VuX3NvdXJjZSI6Ind3dyJ9&ccb=17-1&vs=900af57edf926f31&_nc_vs=HBksFQIYUmlnX3hwdl9yZWVsc19wZXJtYW5lbnRfc3JfcHJvZC80RjQ5NDU0NTJBREFCM0VENkZCQjNBNzVERDBFMENCNF92aWRlb19kYXNoaW5pdC5tcDQVAALIARIAFQIYOnBhc3N0aHJvdWdoX2V2ZXJzdG9yZS9HTC1SZ2hKZnpjTkQ2bklCQUU4bVA5ZUU4MlF6YnFfRUFBQUYVAgLIARIAKAAYABsCiAd1c2Vfb2lsATEScHJvZ3Jlc3NpdmVfcmVjaXBlATEVAAAmstK8_OmVrwEVAigCQzMsF0Bhbul41P30GBJkYXNoX2Jhc2VsaW5lXzFfdjERAHX-B2XmnQEA&_nc_gid=J7ucPUfAMZS-WOmr8EcHFQ&_nc_ss=7a22e&_nc_zt=28&oh=00_AQC2ailhBzLdTftLyszI8-kR1O5evT7pDdJUhXmbX5ZLkw&oe=6A51C312
CjbjsOHrUJF,https://www.instagram.com/reel/CjbjsOHrUJF/,Só existe um segredo pro seu story dar certo: Ser inconformado em fazer dar certo! ⚡️,1665184588,6005,355,119.86599731445312,clips,https://scontent-poa1-1.cdninstagram.com/o1/v/t2/f2/m86/AQNa7Sbvx9hD09HxCfYw2av0FnleUoGSaXajP9ryLdpy6w8NAp4UOEeuplNf_2SHuWqnMC2e_rwC4zxD8Qwuoc6lh2jl6OfpBswv19g.mp4?_nc_cat=109&_nc_sid=5e9851&_nc_ht=scontent-poa1-1.cdninstagram.com&_nc_ohc=Y189iwXTETgQ7kNvwFY5ikf&efg=eyJ2ZW5jb2RlX3RhZyI6Inhwdl9wcm9ncmVzc2l2ZS5JTlNUQUdSQU0uQ0xJUFMuQzMuNzIwLmRhc2hfYmFzZWxpbmVfMV92MSIsInhwdl9hc3NldF9pZCI6Nzc5NzQ5MjY5OTIxNjU2LCJhc3NldF9hZ2VfZGF5cyI6MTM3MCwidmlfdXNlY2FzZV9pZCI6MTAwOTksImR1cmF0aW9uX3MiOjExOSwidXJsZ2VuX3NvdXJjZSI6Ind3dyJ9&ccb=17-1&vs=8135c32548433ab7&_nc_vs=HBksFQIYUmlnX3hwdl9yZWVsc19wZXJtYW5lbnRfc3JfcHJvZC82MTRCQjRFMEM5QjExMTlERUVBREZBNzhFQUZFQUJBNV92aWRlb19kYXNoaW5pdC5tcDQVAALIARIAFQIYOnBhc3N0aHJvdWdoX2V2ZXJzdG9yZS9HT0NuaHhKMVAzeno3c1lDQUZqblBUT1BOWUVXYnFfRUFBQUYVAgLIARIAKAAYABsCiAd1c2Vfb2lsATEScHJvZ3Jlc3NpdmVfcmVjaXBlATEVAAAm8P3647DL4gIVAigCQzMsF0Bd92yLQ5WBGBJkYXNoX2Jhc2VsaW5lXzFfdjERAHX-B2XmnQEA&_nc_gid=J7ucPUfAMZS-WOmr8EcHFQ&_nc_ss=7a22e&_nc_zt=28&oh=00_AQDIqOfY8L849A7_aVQ5UXWZhVeLzipZ8GWFHFd5tosYvQ&oe=6A51BF86
CjY5nqsLDJO,https://www.instagram.com/reel/CjY5nqsLDJO/,Perfeccionismo? Aqui NÃO! ⚡️,1665095471,40917,668,57.76599884033203,clips,https://scontent-poa1-1.cdninstagram.com/o1/v/t2/f2/m86/AQNH3zargtzm7FNNG6dwdsCkRV_N7-kWArjzbqddjyXI59czzInQo1uQA6yNzJ8nXTolS5y71OWl__9btb1p5SrJwFeajMVyM4U1AWM.mp4?_nc_cat=100&_nc_sid=5e9851&_nc_ht=scontent-poa1-1.cdninstagram.com&_nc_ohc=jbcoYs8QtuIQ7kNvwE940zI&efg=eyJ2ZW5jb2RlX3RhZyI6Inhwdl9wcm9ncmVzc2l2ZS5JTlNUQUdSQU0uQ0xJUFMuQzMuNzIwLmRhc2hfYmFzZWxpbmVfMV92MSIsInhwdl9hc3NldF9pZCI6MTg2NDcxODUwMDU4Njg1OSwiYXNzZXRfYWdlX2RheXMiOjEzNzEsInZpX3VzZWNhc2VfaWQiOjEwMDk5LCJkdXJhdGlvbl9zIjo1NywidXJsZ2VuX3NvdXJjZSI6Ind3dyJ9&ccb=17-1&vs=7214709773ecef2d&_nc_vs=HBksFQIYUmlnX3hwdl9yZWVsc19wZXJtYW5lbnRfc3JfcHJvZC9DNTQ0MDQ3REYxMDREODU3NjEwNzdDQ0U0QkYwQTVBQV92aWRlb19kYXNoaW5pdC5tcDQVAALIARIAFQIYOnBhc3N0aHJvdWdoX2V2ZXJzdG9yZS9HS1BianhJQXNjRXNpa3dDQUczUUVfQVlrRFVsYnFfRUFBQUYVAgLIARIAKAAYABsCiAd1c2Vfb2lsATEScHJvZ3Jlc3NpdmVfcmVjaXBlATEVAAAm1pWrvfP8zwYVAigCQzMsF0BM4gxJul41GBJkYXNoX2Jhc2VsaW5lXzFfdjERAHX-B2XmnQEA&_nc_gid=eFr4iRTWziR4-AC83A5W0A&_nc_ss=7a22e&_nc_zt=28&oh=00_AQAThzumhQZdZRk1rd733gaJKR8A5_7BHMEyDR0xL4Jn4w&oe=6A51E6D1
CjTlaumO5aV,https://www.instagram.com/reel/CjTlaumO5aV/,O princípio que já me salvou um milhão de vezes.,1664917344,7370,487,88.0999984741211,clips,https://scontent-poa1-1.cdninstagram.com/o1/v/t2/f2/m86/AQMlt-tIhOZUDDSSRTaXHOYl_Y4tCrvcnJhHP0RMYFXSeUtzHdxdvmB-bbF8jmVjJuxFm2lNaLbDG7Picv49ps5_gBjnbXdwqx6NqfQ.mp4?_nc_cat=111&_nc_sid=5e9851&_nc_ht=scontent-poa1-1.cdninstagram.com&_nc_ohc=QyvMNF2sqasQ7kNvwFre4AE&efg=eyJ2ZW5jb2RlX3RhZyI6Inhwdl9wcm9ncmVzc2l2ZS5JTlNUQUdSQU0uQ0xJUFMuQzMuNzIwLmRhc2hfYmFzZWxpbmVfMV92MSIsInhwdl9hc3NldF9pZCI6NjIwNjY2MDY5NTA0NDIzLCJhc3NldF9hZ2VfZGF5cyI6MTM3MywidmlfdXNlY2FzZV9pZCI6MTAwOTksImR1cmF0aW9uX3MiOjg4LCJ1cmxnZW5fc291cmNlIjoid3d3In0%3D&ccb=17-1&vs=fa589d6aa275cf06&_nc_vs=HBksFQIYUmlnX3hwdl9yZWVsc19wZXJtYW5lbnRfc3JfcHJvZC9FODQ3OTI0MkU1NEM3MDYyMTUxMkE1OUQxNjQxNTc5QV92aWRlb19kYXNoaW5pdC5tcDQVAALIARIAFQIYOnBhc3N0aHJvdWdoX2V2ZXJzdG9yZS9HQmotaEJKMVFFZEtKc1lBQUctX0lmM2o2dkFVYnFfRUFBQUYVAgLIARIAKAAYABsCiAd1c2Vfb2lsATEScHJvZ3Jlc3NpdmVfcmVjaXBlATEVAAAmzsbGycKfmgIVAigCQzMsF0BWBmZmZmZmGBJkYXNoX2Jhc2VsaW5lXzFfdjERAHX-B2XmnQEA&_nc_gid=eFr4iRTWziR4-AC83A5W0A&_nc_ss=7a22e&_nc_zt=28&oh=00_AQDdLI3kj0LHAIpTS_uRGGfRYLedCe5U41e-THOdfTQETA&oe=6A51C670
CjG2m_XMTp8,https://www.instagram.com/reel/CjG2m_XMTp8/,Se organizar direitinho da pra aumentar essa frequência SIMMM! ⚡️,1664489872,4776,250,78.33300018310547,clips,https://scontent-poa1-1.cdninstagram.com/o1/v/t2/f2/m86/AQP7wBjOxMSB1l1JWxk2U9yiJ4ergynEpG3Rb3Ve1wk3UrpMzwEmnT76bQRGmNdxDcpOYA8n7i_er9gMvdveksdQRSti1og9jX4SwMU.mp4?_nc_cat=100&_nc_sid=5e9851&_nc_ht=scontent-poa1-1.cdninstagram.com&_nc_ohc=YmWNCx1HcEUQ7kNvwFBrF8_&efg=eyJ2ZW5jb2RlX3RhZyI6Inhwdl9wcm9ncmVzc2l2ZS5JTlNUQUdSQU0uQ0xJUFMuQzMuNzIwLmRhc2hfYmFzZWxpbmVfMV92MSIsInhwdl9hc3NldF9pZCI6NTcwMzk5Mjc0ODkyMTg0LCJhc3NldF9hZ2VfZGF5cyI6MTM3OCwidmlfdXNlY2FzZV9pZCI6MTAwOTksImR1cmF0aW9uX3MiOjc4LCJ1cmxnZW5fc291cmNlIjoid3d3In0%3D&ccb=17-1&vs=1a67efcf0fb26f89&_nc_vs=HBksFQIYUmlnX3hwdl9yZWVsc19wZXJtYW5lbnRfc3JfcHJvZC8wMTQwQjQ0NTlERjg1MkVDOEE4OEY5QTk4Q0FFOUJBRl92aWRlb19kYXNoaW5pdC5tcDQVAALIARIAFQIYOnBhc3N0aHJvdWdoX2V2ZXJzdG9yZS9HSFg2YlJMMFhrWC1GN01DQU1zU0MxWXVpMWROYnFfRUFBQUYVAgLIARIAKAAYABsCiAd1c2Vfb2lsATEScHJvZ3Jlc3NpdmVfcmVjaXBlATEVAAAmsO7H4s2xgwIVAigCQzMsF0BTlU_fO2RaGBJkYXNoX2Jhc2VsaW5lXzFfdjERAHX-B2XmnQEA&_nc_gid=eFr4iRTWziR4-AC83A5W0A&_nc_ss=7a22e&_nc_zt=28&oh=00_AQBX3CIxmCtVEX7l39IdSrxy6eJJTs0KJBUxhfhibEeJrQ&oe=6A51DFB9
CjBsvgirsqk,https://www.instagram.com/reel/CjBsvgirsqk/,Use o seu “tempo livre nas redes sociais” para buscar referências usando O Olhar do Criador! ⚡️,1664317193,5740,374,70.4000015258789,clips,https://scontent-poa1-1.cdninstagram.com/o1/v/t2/f2/m86/AQO1UJNTFogBvvuUKeFhd-_hCSbQPm0lF0V0XDe5EBbYdjZRLQqMG66VRvmLOvfBSJ7vb5xBaYdgJphefi4WRmjnCMUhCoAg0NCyu-M.mp4?_nc_cat=106&_nc_sid=5e9851&_nc_ht=scontent-poa1-1.cdninstagram.com&_nc_ohc=f6EKngzBxbsQ7kNvwHNuo3N&efg=eyJ2ZW5jb2RlX3RhZyI6Inhwdl9wcm9ncmVzc2l2ZS5JTlNUQUdSQU0uQ0xJUFMuQzMuNzIwLmRhc2hfYmFzZWxpbmVfMV92MSIsInhwdl9hc3NldF9pZCI6Njc0OTUzMDAwMjkzNTkzLCJhc3NldF9hZ2VfZGF5cyI6MTM4MCwidmlfdXNlY2FzZV9pZCI6MTAwOTksImR1cmF0aW9uX3MiOjcwLCJ1cmxnZW5fc291cmNlIjoid3d3In0%3D&ccb=17-1&vs=9c02a62ebfd0fd60&_nc_vs=HBksFQIYUmlnX3hwdl9yZWVsc19wZXJtYW5lbnRfc3JfcHJvZC8zOTQ0N0FGQTNEOTJENEYwMTdCQTAyNUI3NDkzNzM5M192aWRlb19kYXNoaW5pdC5tcDQVAALIARIAFQIYOnBhc3N0aHJvdWdoX2V2ZXJzdG9yZS9HTWhJWmhMdF9RV0FkcDBMQUVraHF0NGV6SjhWYnFfRUFBQUYVAgLIARIAKAAYABsCiAd1c2Vfb2lsATEScHJvZ3Jlc3NpdmVfcmVjaXBlATEVAAAmstOU3bf3sgIVAigCQzMsF0BRmZmZmZmaGBJkYXNoX2Jhc2VsaW5lXzFfdjERAHX-B2XmnQEA&_nc_gid=eFr4iRTWziR4-AC83A5W0A&_nc_ss=7a22e&_nc_zt=28&oh=00_AQBTX2Ls4pw0FJ2tROlGUy9T0_gIGd0BOkGSpMqJX1WqWA&oe=6A51EB7B
Ci8U2O6OCnC,https://www.instagram.com/reel/Ci8U2O6OCnC/,"Faça STORY com intenção! ⚡️ Se você produz conteúdo profissionalmente precisa DAR MOTIVOS pras pessoas te acompanhares, e uma ótima opção são as Narrativas! #criadordeconteudo",1664136925,147894,2666,69.19999694824219,clips,https://scontent-poa1-1.cdninstagram.com/o1/v/t2/f2/m86/AQOhB0ytvZUNRst8A9dbVwadxUor_sd-TMdv1fpLNFN5jxBi4dlyOK8h2nJtv09v-fs4P3N1nROA6EZCa_6JqU4S4aPJRAV5Mi9q8VE.mp4?_nc_cat=106&_nc_sid=5e9851&_nc_ht=scontent-poa1-1.cdninstagram.com&_nc_ohc=94IsNz2aWJQQ7kNvwGycKgp&efg=eyJ2ZW5jb2RlX3RhZyI6Inhwdl9wcm9ncmVzc2l2ZS5JTlNUQUdSQU0uQ0xJUFMuQzMuNzIwLmRhc2hfYmFzZWxpbmVfMV92MSIsInhwdl9hc3NldF9pZCI6NDI4OTg0Mjg5MTM1NzI3LCJhc3NldF9hZ2VfZGF5cyI6MTM4MiwidmlfdXNlY2FzZV9pZCI6MTAwOTksImR1cmF0aW9uX3MiOjY5LCJ1cmxnZW5fc291cmNlIjoid3d3In0%3D&ccb=17-1&vs=18653bd7b6595c31&_nc_vs=HBksFQIYUmlnX3hwdl9yZWVsc19wZXJtYW5lbnRfc3JfcHJvZC9GQjQyNzlGNTY0REQ4NzQxMEMyQUFDQjlFRkU2MzI4QV92aWRlb19kYXNoaW5pdC5tcDQVAALIARIAFQIYOnBhc3N0aHJvdWdoX2V2ZXJzdG9yZS9HTnd6YlJJOFZ1WmVMUlVDQU1CMXBoa0VMM2NXYnFfRUFBQUYVAgLIARIAKAAYABsCiAd1c2Vfb2lsATEScHJvZ3Jlc3NpdmVfcmVjaXBlATEVAAAm3rHYgpaKwwEVAigCQzMsF0BRTMzMzMzNGBJkYXNoX2Jhc2VsaW5lXzFfdjERAHX-B2XmnQEA&_nc_gid=eFr4iRTWziR4-AC83A5W0A&_nc_ss=7a22e&_nc_zt=28&oh=00_AQCoGtCM_A90lw1Evd5Pwo9rR1OLJ-ulU0SEhjaDyz1GlA&oe=6A51CFF3
Ci3Xt8OtqT9,https://www.instagram.com/reel/Ci3Xt8OtqT9/,"100 desculpinha! Dia 1 tá finalizado com sucesso, que venham os outros 99 🤘⚡️ Quem começa desafio na sexta já tem lugar no céu kkkk Vamos nessa timeee! Contem comigo, vamos nos apoiando, estamos juntos! Comece agora e de agradeça daqui 100 dias!!!!",1663970363,4940,273,89.43299865722656,clips,https://scontent-poa1-1.cdninstagram.com/o1/v/t2/f2/m86/AQOIAU59aH5wrO9xlCL3PB8ShnotCw-6WZrcGC-lvuxbOBAOf0NCVnat2lwaDqDAb-ZlaRCyCgaNtcdZziet4RlDIAnk2urNlGP7A2o.mp4?_nc_cat=104&_nc_sid=5e9851&_nc_ht=scontent-poa1-1.cdninstagram.com&_nc_ohc=JBVk1jnM_xEQ7kNvwGy1kry&efg=eyJ2ZW5jb2RlX3RhZyI6Inhwdl9wcm9ncmVzc2l2ZS5JTlNUQUdSQU0uQ0xJUFMuQzMuNzIwLmRhc2hfYmFzZWxpbmVfMV92MSIsInhwdl9hc3NldF9pZCI6MTI3NDIxOTM4MzE1MTIxOSwiYXNzZXRfYWdlX2RheXMiOjEzODQsInZpX3VzZWNhc2VfaWQiOjEwMDk5LCJkdXJhdGlvbl9zIjo4OSwidXJsZ2VuX3NvdXJjZSI6Ind3dyJ9&ccb=17-1&vs=7c0cfc0565ece65a&_nc_vs=HBksFQIYUmlnX3hwdl9yZWVsc19wZXJtYW5lbnRfc3JfcHJvZC81MTQyQTgwMDgwNkM1NDU0REFCMDFCNUZGNDg4ODU5Nl92aWRlb19kYXNoaW5pdC5tcDQVAALIARIAFQIYOnBhc3N0aHJvdWdoX2V2ZXJzdG9yZS9HR3Q1WXhMTV9kZUVZZE1CQU9lR1NNMnktaWhuYnFfRUFBQUYVAgLIARIAKAAYABsCiAd1c2Vfb2lsATEScHJvZ3Jlc3NpdmVfcmVjaXBlATEVAAAm5umWm6q5wwQVAigCQzMsF0BWW7ZFocrBGBJkYXNoX2Jhc2VsaW5lXzFfdjERAHX-B2XmnQEA&_nc_gid=eFr4iRTWziR4-AC83A5W0A&_nc_ss=7a22e&_nc_zt=28&oh=00_AQDiw9PWGGAm1Bwi922-Rzsi8DkYaoeHpnY4vbzvw9o1tw&oe=6A51E4AD
Ci2oPelPjBB,https://www.instagram.com/reel/Ci2oPelPjBB/,Você é criativo? ⚡️,1663945490,5364,328,63.400001525878906,clips,https://scontent-poa1-1.cdninstagram.com/o1/v/t2/f2/m86/AQMMNFAnwOQjIG7lM-HiLXfTYtKozbaKbUA64jj560TLgMKbyMAbB1H4fbyjD_iujRp_d5qHju_y6Jr3GKiempxo.mp4?_nc_cat=107&_nc_sid=5e9851&_nc_ht=scontent-poa1-1.cdninstagram.com&_nc_ohc=wtvk-56kwmwQ7kNvwHj3qMJ&efg=eyJ2ZW5jb2RlX3RhZyI6Inhwdl9wcm9ncmVzc2l2ZS5JTlNUQUdSQU0uQ0xJUFMuQzMuMTA4MC5kYXNoX2hpZ2hfMTA4MHBfdjEiLCJ4cHZfYXNzZXRfaWQiOjE3NDEwODc5NDk1ODIyNTUsImFzc2V0X2FnZV9kYXlzIjoxMzg1LCJ2aV91c2VjYXNlX2lkIjoxMDA5OSwiZHVyYXRpb25fcyI6NjMsInVybGdlbl9zb3VyY2UiOiJ3d3cifQ%3D%3D&ccb=17-1&vs=d4fce7b3f6788a9c&_nc_vs=HBksFQIYR2lnX3hwdl9yZWVsc19wZXJtYW5lbnRfc3JfcHJvZC8yMjg5NzU5OTAxMTc0NTA0XzQxMzIxNzQzMzU4MTkwMjE5ODEubXA0FQACyAESABUCGDpwYXNzdGhyb3VnaF9ldmVyc3RvcmUvR05jRlh4THAwRkdGNDFFQ0FHcml1UEtlckRZU2JxX0VBQUFGFQICyAESACgAGAAbAogHdXNlX29pbAExEnByb2dyZXNzaXZlX3JlY2lwZQExFQAAJt6-j4zU4JcGFQIoAkMzLBdAT7MzMzMzMxgSZGFzaF9oaWdoXzEwODBwX3YxEQB1_gdl5p0BAA&_nc_gid=eFr4iRTWziR4-AC83A5W0A&_nc_ss=7a22e&_nc_zt=28&oh=00_AQCqGZJLYN2llfWNp5K6q_kYn4HUboJQ3CwKZvab5HB-pg&oe=6A51E21B
Civ3TyQswV-,https://www.instagram.com/reel/Civ3TyQswV-/,"100 dias é daqui 2 dias, ainda da tempo de você tomar essa decisão também! ⚡️",1663718654,9305,708,83.00800323486328,clips,https://scontent-poa1-1.cdninstagram.com/o1/v/t2/f2/m86/AQNczSUll82Qg7o1JBHbzy4BRpFt9Zz_f8kYrlEgex2qPAvzt3RWfPWbWfND-afW9IElNjrIo2rWeiTrnSFHcKwliH5D7TrqORcwpBc.mp4?_nc_cat=101&_nc_sid=5e9851&_nc_ht=scontent-poa1-1.cdninstagram.com&_nc_ohc=VIq0GLMQPy0Q7kNvwGrFFqf&efg=eyJ2ZW5jb2RlX3RhZyI6Inhwdl9wcm9ncmVzc2l2ZS5JTlNUQUdSQU0uQ0xJUFMuQzMuNzIwLmRhc2hfYmFzZWxpbmVfMV92MSIsInhwdl9hc3NldF9pZCI6NTgwOTM5MDU1OTA5NDcyOSwiYXNzZXRfYWdlX2RheXMiOjEzODcsInZpX3VzZWNhc2VfaWQiOjEwMDk5LCJkdXJhdGlvbl9zIjo4MywidXJsZ2VuX3NvdXJjZSI6Ind3dyJ9&ccb=17-1&vs=880c6568dbb28d37&_nc_vs=HBksFQIYUmlnX3hwdl9yZWVsc19wZXJtYW5lbnRfc3JfcHJvZC83QjQzRkMwQzNFQTlBMjVEMTIyOTk5OUM2NTFEMDc5NV92aWRlb19kYXNoaW5pdC5tcDQVAALIARIAFQIYOnBhc3N0aHJvdWdoX2V2ZXJzdG9yZS9HS2g2U2hJTS14TFBxcmdDQUZKamduZHVVMEJHYnFfRUFBQUYVAgLIARIAKAAYABsCiAd1c2Vfb2lsATEScHJvZ3Jlc3NpdmVfcmVjaXBlATEVAAAmkp-XyoTn0RQVAigCQzMsF0BUwAAAAAAAGBJkYXNoX2Jhc2VsaW5lXzFfdjERAHX-B2XmnQEA&_nc_gid=eFr4iRTWziR4-AC83A5W0A&_nc_ss=7a22e&_nc_zt=28&oh=00_AQD_t9xkL_2q-y6WfFQ9x2o_Ag7XXBdqwkbiX_LUUdg76w&oe=6A51C28A
CinwpyaMaVM,https://www.instagram.com/reel/CinwpyaMaVM/,Erros que fazem seu engajamento diminuir! Você está cometendo algum deles? 👀,1663446670,5754,286,80.24500274658203,clips,https://scontent-poa1-1.cdninstagram.com/o1/v/t2/f2/m86/AQMzddeomCx1zRrGhXc017XJwKjgZT2HlAPWkLZXmCFMZWjpWWOLzItgV9uK9vRFyyDGHjXVfw3I-U2Om0AePTU.mp4?_nc_cat=106&_nc_sid=5e9851&_nc_ht=scontent-poa1-1.cdninstagram.com&_nc_ohc=sJMlmS7W06wQ7kNvwHC5Rp9&efg=eyJ2ZW5jb2RlX3RhZyI6Inhwdl9wcm9ncmVzc2l2ZS5JTlNUQUdSQU0uQ0xJUFMuQzMuMTA4MC5kYXNoX2hpZ2hfMTA4MHBfdjEiLCJ4cHZfYXNzZXRfaWQiOjgwNDczMjg0NzIzMTQxMywiYXNzZXRfYWdlX2RheXMiOjEzOTAsInZpX3VzZWNhc2VfaWQiOjEwMDk5LCJkdXJhdGlvbl9zIjo4MCwidXJsZ2VuX3NvdXJjZSI6Ind3dyJ9&ccb=17-1&vs=b7df54e05cd60860&_nc_vs=HBksFQIYRmlnX3hwdl9yZWVsc19wZXJtYW5lbnRfc3JfcHJvZC8xMDQxNjQxMDk2NTQ5MTUxXzkxMjEwMTUyMDA1OTE5NTA2Ny5tcDQVAALIARIAFQIYOnBhc3N0aHJvdWdoX2V2ZXJzdG9yZS9HR2E1V0JLMW11RkJsQjhUQU5tT3ZxVk0tSkYxYnFfRUFBQUYVAgLIARIAKAAYABsCiAd1c2Vfb2lsATEScHJvZ3Jlc3NpdmVfcmVjaXBlATEVAAAm6sb898757QIVAigCQzMsF0BUDul41P30GBJkYXNoX2hpZ2hfMTA4MHBfdjERAHX-B2XmnQEA&_nc_gid=eFr4iRTWziR4-AC83A5W0A&_nc_ss=7a22e&_nc_zt=28&oh=00_AQDISmLvnel2UrayzzrrCEba0JcjQ9UCk88Vf1N0iXKsrQ&oe=6A51BCDE
CilmKCwLG_V,https://www.instagram.com/reel/CilmKCwLG_V/,o que o Criador faria? ⚡️⚡️⚡️⚡️⚡️⚡️⚡️ ⚡️⚡️⚡️⚡️⚡️⚡️⚡️⚡️,1663374612,7543,333,167.60000610351562,clips,https://scontent-poa1-1.cdninstagram.com/o1/v/t2/f2/m86/AQMr5Rj-dbxuHB83reL7RYBijR9BUgDahKhKMYIezh7mdgAUqeB3JGpJWH5E92qd9nD0D76Z8KCNyC8PqkAPA3CSPHcix8kFfdjc6Uc.mp4?_nc_cat=109&_nc_sid=5e9851&_nc_ht=scontent-poa1-1.cdninstagram.com&_nc_ohc=WKSQKpOsTYMQ7kNvwHQiRX3&efg=eyJ2ZW5jb2RlX3RhZyI6Inhwdl9wcm9ncmVzc2l2ZS5JTlNUQUdSQU0uQ0xJUFMuQzMuNzIwLmRhc2hfYmFzZWxpbmVfMV92MSIsInhwdl9hc3NldF9pZCI6MTE5NjQwMzk1NzYwNjUzMSwiYXNzZXRfYWdlX2RheXMiOjEzOTEsInZpX3VzZWNhc2VfaWQiOjEwMDk5LCJkdXJhdGlvbl9zIjoxNjcsInVybGdlbl9zb3VyY2UiOiJ3d3cifQ%3D%3D&ccb=17-1&vs=36827acd0b2fed63&_nc_vs=HBksFQIYUmlnX3hwdl9yZWVsc19wZXJtYW5lbnRfc3JfcHJvZC9BOTQ5QUFFNUQ2MTg0MUMwODE5OEZCNEQ0NkQ0REZCQl92aWRlb19kYXNoaW5pdC5tcDQVAALIARIAFQIYOnBhc3N0aHJvdWdoX2V2ZXJzdG9yZS9HR0xMUlJLcDVMMHBFSWtHQUZPd3hyaVdDRWN3YnFfRUFBQUYVAgLIARIAKAAYABsCiAd1c2Vfb2lsATEScHJvZ3Jlc3NpdmVfcmVjaXBlATEVAAAmhqK1jvCHoAQVAigCQzMsF0Bk8zMzMzMzGBJkYXNoX2Jhc2VsaW5lXzFfdjERAHX-B2XmnQEA&_nc_gid=eFr4iRTWziR4-AC83A5W0A&_nc_ss=7a22e&_nc_zt=28&oh=00_AQCjTehTa_RwoppVQfMdwlbCxtqyHufjvzL7pvoyCkkYGw&oe=6A51E34E
CigaghnudXS,https://www.instagram.com/reel/CigaghnudXS/,"Branding é a BASE para construir uma comunicação forte por cima dela! 🏰 Se quiserem, tem 7 passos principais que posso trazer aqui! ⚡️ Comente um raio:",1663200189,13553,543,89.83499908447266,clips,https://scontent-poa1-1.cdninstagram.com/o1/v/t2/f2/m86/AQNHDmaa2Ud02PUVhNvdT2G87Cnt-BGwwJsofQsRRjrJky72WmsnIFt1WlqG4gPHyujAdg3BVW4yYrodFluvp3Gsb1XtJ_z0_Kr-iqg.mp4?_nc_cat=106&_nc_sid=5e9851&_nc_ht=scontent-poa1-1.cdninstagram.com&_nc_ohc=MfsvjXHf5xUQ7kNvwERvU-v&efg=eyJ2ZW5jb2RlX3RhZyI6Inhwdl9wcm9ncmVzc2l2ZS5JTlNUQUdSQU0uQ0xJUFMuQzMuNzIwLmRhc2hfYmFzZWxpbmVfMV92MSIsInhwdl9hc3NldF9pZCI6Mzk2ODk0MDI5MDg1NTU3LCJhc3NldF9hZ2VfZGF5cyI6MTM5MywidmlfdXNlY2FzZV9pZCI6MTAwOTksImR1cmF0aW9uX3MiOjg5LCJ1cmxnZW5fc291cmNlIjoid3d3In0%3D&ccb=17-1&vs=7aaabe4e40dd0251&_nc_vs=HBksFQIYUmlnX3hwdl9yZWVsc19wZXJtYW5lbnRfc3JfcHJvZC80NjRFOTM0RDc3RkQ5QTZFRDEwM0Y5NjJFRDJGMzNCOV92aWRlb19kYXNoaW5pdC5tcDQVAALIARIAFQIYOnBhc3N0aHJvdWdoX2V2ZXJzdG9yZS9HTjl0UkJMdDZCalVlN01CQURtZDFUVU5xalJOYnFfRUFBQUYVAgLIARIAKAAYABsCiAd1c2Vfb2lsATEScHJvZ3Jlc3NpdmVfcmVjaXBlATEVAAAm6u3v-aK-tAEVAigCQzMsF0BWdU_fO2RaGBJkYXNoX2Jhc2VsaW5lXzFfdjERAHX-B2XmnQEA&_nc_gid=eFr4iRTWziR4-AC83A5W0A&_nc_ss=7a22e&_nc_zt=28&oh=00_AQDj3DBp9MIrf4bMnEslkiNqN-qZEFtSZR3bbehzaGfuAQ&oe=6A51E93B
CidqAt2PZNU,https://www.instagram.com/reel/CidqAt2PZNU/,"Eu acredito TANTO nessas trocas, que te desafio a executa-las por 30 dias e não ter uma mudança significativa no seu perfil! ⚡️",1663107618,5524,318,73.69999694824219,clips,https://scontent-poa1-1.cdninstagram.com/o1/v/t2/f2/m86/AQMPd7mZ5vGV0Q2tion06sndZHlyIFfxesPkVxIFtd4cYEb7xiCETsoAOeR2eXBv-tfUuCvs3Ha9wsicybakK_uL-1Fqz2IvIcc5Q8M.mp4?_nc_cat=100&_nc_sid=5e9851&_nc_ht=scontent-poa1-1.cdninstagram.com&_nc_ohc=0XMt3Qob5_8Q7kNvwGPRlBY&efg=eyJ2ZW5jb2RlX3RhZyI6Inhwdl9wcm9ncmVzc2l2ZS5JTlNUQUdSQU0uQ0xJUFMuQzMuNzIwLmRhc2hfYmFzZWxpbmVfMV92MSIsInhwdl9hc3NldF9pZCI6MzU5MTcwNjUzMDAxMTEzLCJhc3NldF9hZ2VfZGF5cyI6MTM5NCwidmlfdXNlY2FzZV9pZCI6MTAwOTksImR1cmF0aW9uX3MiOjczLCJ1cmxnZW5fc291cmNlIjoid3d3In0%3D&ccb=17-1&vs=25cff9c92be03863&_nc_vs=HBksFQIYUmlnX3hwdl9yZWVsc19wZXJtYW5lbnRfc3JfcHJvZC83QjQyRTBENjY3QjZFMTNBMjI4QzhFRkQ5QUYzODJCMF92aWRlb19kYXNoaW5pdC5tcDQVAALIARIAFQIYOnBhc3N0aHJvdWdoX2V2ZXJzdG9yZS9HR3JQUUJKRXQxd2J5VlFMQUJoNXM1Q21uX2NLYnFfRUFBQUYVAgLIARIAKAAYABsCiAd1c2Vfb2lsATEScHJvZ3Jlc3NpdmVfcmVjaXBlATEVAAAmstb88r2qowEVAigCQzMsF0BSbMzMzMzNGBJkYXNoX2Jhc2VsaW5lXzFfdjERAHX-B2XmnQEA&_nc_gid=eFr4iRTWziR4-AC83A5W0A&_nc_ss=7a22e&_nc_zt=28&oh=00_AQC_8MsyGCa5m-L2q9scgBx-yhJlJw1Cp10A6NvtmJ9tYQ&oe=6A51DD11
CibIW7Tsbzu,https://www.instagram.com/reel/CibIW7Tsbzu/,O ambiente que você tá inserido pode ser a diferença entre: O fundo do poço ou a melhor vida que você poderia viver! Esse é um dos pilares do JEITO DO FUTURO de criar conteúdo. O que você vai descobrir no link da bio não é só sobre O MELHOR caminho chamar atenção e gerar desejo usando a internet… A gente pensou em TUDO e criou o ambiente perfeito pra você se evoluir RÁPIDO. Clica na bio e vem! ⚡️,1663022811,5557,279,98.46600341796875,clips,https://scontent-poa1-1.cdninstagram.com/o1/v/t2/f2/m86/AQOSq_s8VK9rWnpum70GMX82J3_n3pD0pWUVJfMkn5xPMN9La17cxY73-TdQ3aCgBIQX0aJxqTzbVgE_dC4wgg.mp4?_nc_cat=110&_nc_sid=5e9851&_nc_ht=scontent-poa1-1.cdninstagram.com&_nc_ohc=cGYrm-TC2bIQ7kNvwHzithV&efg=eyJ2ZW5jb2RlX3RhZyI6Inhwdl9wcm9ncmVzc2l2ZS5JTlNUQUdSQU0uQ0xJUFMuQzMuMTA4MC5kYXNoX2hpZ2hfMTA4MHBfdjEiLCJ4cHZfYXNzZXRfaWQiOjEwMjQxMDgyMTQ5MjU1MTUsImFzc2V0X2FnZV9kYXlzIjoxMzk1LCJ2aV91c2VjYXNlX2lkIjoxMDA5OSwiZHVyYXRpb25fcyI6OTgsInVybGdlbl9zb3VyY2UiOiJ3d3cifQ%3D%3D&ccb=17-1&vs=91ed925a37b63837&_nc_vs=HBksFQIYRWlnX3hwdl9yZWVsc19wZXJtYW5lbnRfc3JfcHJvZC8zOTQxMDI2MTI4Nzg3ODFfNjY3MDc0NzM2NzU4NTg1OTY2Lm1wNBUAAsgBEgAVAhg6cGFzc3Rocm91Z2hfZXZlcnN0b3JlL0dCLVVTUkpqSko0eDFMSUNBQWVBYXBxa3VoQTlicV9FQUFBRhUCAsgBEgAoABgAGwKIB3VzZV9vaWwBMRJwcm9ncmVzc2l2ZV9yZWNpcGUBMRUAACaW4-Xl-NrRAxUCKAJDMywXQFid0vGp--cYEmRhc2hfaGlnaF8xMDgwcF92MREAdf4HZeadAQA&_nc_gid=rA8kuCdBadHxEBP1R6fjQw&_nc_ss=7a22e&_nc_zt=28&oh=00_AQBaIeyi8RofR2ttZEI73rEf6y6YY5uONZlPriay5H-2OA&oe=6A51C1C1
CiYWWZlpo3c,https://www.instagram.com/reel/CiYWWZlpo3c/,"Você está exatamente onde deveria, de frente com a oportunidade de transformar o seu jogo. O poder da criação já está em você, a Criadores do Futuro é um atalho pra você encontrar. Eu sei que você sabe que deveria fazer parte disso, caso contrário não estaria aqui… A decisão já foi tomada. Clique no link da bio para você descobrir “o Jeito do Futuro de criar conteúdo”. Te vejo do outro lado da matrix!",1662929497,15700,847,158.1999969482422,clips,https://scontent-poa1-1.cdninstagram.com/o1/v/t2/f2/m86/AQNN7B7obYAGNbQBmCGCva6400pGRmqvwhIOwmN0WKDT-vcTdnMqHakjY5_xtJBXIQ83nQuZ4Ack3H0YzURurjE-SOLQuHnVZu17BSs.mp4?_nc_cat=106&_nc_sid=5e9851&_nc_ht=scontent-poa1-1.cdninstagram.com&_nc_ohc=EyuKAcAzeP8Q7kNvwFjVa5g&efg=eyJ2ZW5jb2RlX3RhZyI6Inhwdl9wcm9ncmVzc2l2ZS5JTlNUQUdSQU0uQ0xJUFMuQzMuNzIwLmRhc2hfYmFzZWxpbmVfMV92MSIsInhwdl9hc3NldF9pZCI6NTY3NjMwMTg4MzgzMjQ5LCJhc3NldF9hZ2VfZGF5cyI6MTM5NiwidmlfdXNlY2FzZV9pZCI6MTAwOTksImR1cmF0aW9uX3MiOjE1OCwidXJsZ2VuX3NvdXJjZSI6Ind3dyJ9&ccb=17-1&vs=1f4b99280cf56d4&_nc_vs=HBksFQIYUmlnX3hwdl9yZWVsc19wZXJtYW5lbnRfc3JfcHJvZC9BQzQzMkM4Q0I0NkQyMkY1REFBRTk1MzM3MjMzRjJCRF92aWRlb19kYXNoaW5pdC5tcDQVAALIARIAFQIYOnBhc3N0aHJvdWdoX2V2ZXJzdG9yZS9HTjFjUlJLVHhzd1pPNXdCQUZPZHdBZ2lzRGMyYnFfRUFBQUYVAgLIARIAKAAYABsCiAd1c2Vfb2lsATEScHJvZ3Jlc3NpdmVfcmVjaXBlATEVAAAmorDwu7aQggIVAigCQzMsF0BjxmZmZmZmGBJkYXNoX2Jhc2VsaW5lXzFfdjERAHX-B2XmnQEA&_nc_gid=rA8kuCdBadHxEBP1R6fjQw&_nc_ss=7a22e&_nc_zt=28&oh=00_AQCvjwnVIDeIDtHogLLXUUJIRq_S4d__sEk_74bR14pChQ&oe=6A51C08B
CiWBF6RsVjc,https://www.instagram.com/reel/CiWBF6RsVjc/,E se a gente comprasse marketing digital no mercado? 🛒,1662851208,10872,472,49.066001892089844,clips,https://scontent-poa1-1.cdninstagram.com/o1/v/t2/f2/m86/AQOtsQad_6inMBOS3Dg10pzp_IhAVFiWntq0-6UjWWMGONjwPLOvoV-T0nt-lFbl78lAOwKCYHSiXGvMMS6vZpGRfcSyF0W7QvZjExc.mp4?_nc_cat=107&_nc_sid=5e9851&_nc_ht=scontent-poa1-1.cdninstagram.com&_nc_ohc=d_8RTu9rfxkQ7kNvwFe_1Gd&efg=eyJ2ZW5jb2RlX3RhZyI6Inhwdl9wcm9ncmVzc2l2ZS5JTlNUQUdSQU0uQ0xJUFMuQzMuNzIwLmRhc2hfYmFzZWxpbmVfMV92MSIsInhwdl9hc3NldF9pZCI6ODEyNDk3ODgxMDg3Nzk4NSwiYXNzZXRfYWdlX2RheXMiOjEzOTcsInZpX3VzZWNhc2VfaWQiOjEwMDk5LCJkdXJhdGlvbl9zIjo0OSwidXJsZ2VuX3NvdXJjZSI6Ind3dyJ9&ccb=17-1&vs=22f6521421a0ef3f&_nc_vs=HBksFQIYUmlnX3hwdl9yZWVsc19wZXJtYW5lbnRfc3JfcHJvZC9GQjQ4NTRDMzVFNzlERjQ5RTlENzhFQzNCQTlDOTdCMV92aWRlb19kYXNoaW5pdC5tcDQVAALIARIAFQIYOnBhc3N0aHJvdWdoX2V2ZXJzdG9yZS9HRldtUFJJc1ZwUnFmaGtCQU0yRGx1cEhpQWxDYnFfRUFBQUYVAgLIARIAKAAYABsCiAd1c2Vfb2lsATEScHJvZ3Jlc3NpdmVfcmVjaXBlATEVAAAmwuCjvYHo7hwVAigCQzMsF0BIiHKwIMScGBJkYXNoX2Jhc2VsaW5lXzFfdjERAHX-B2XmnQEA&_nc_gid=rA8kuCdBadHxEBP1R6fjQw&_nc_ss=7a22e&_nc_zt=28&oh=00_AQDNVFiWETL_ZxeE2SIBzBbhN43TwGxvI1J1Q9QapAYxAw&oe=6A51BD64
CiP3S0AMadT,https://www.instagram.com/reel/CiP3S0AMadT/,"Sentir vergonha é normal, mas se você quiser tomar ações para mudar isso… estabeleça uma meta e ação! ⚡️ Quais dessas dicas você vai escolher pra começar?",1662644722,5250,287,57.965999603271484,clips,https://scontent-poa1-1.cdninstagram.com/o1/v/t2/f2/m86/AQOqINeT8GAntrSzjEtvsxDgdQRYXohPz87chfV8kmGyhO2Em3Q_T-H7Hp_9jDb3KppTdXj8cyJI4zpWm2RbTPlEPy54V_OemP7MTXw.mp4?_nc_cat=103&_nc_sid=5e9851&_nc_ht=scontent-poa1-1.cdninstagram.com&_nc_ohc=ZB5XBDuaBqgQ7kNvwFDYl2i&efg=eyJ2ZW5jb2RlX3RhZyI6Inhwdl9wcm9ncmVzc2l2ZS5JTlNUQUdSQU0uQ0xJUFMuQzMuNzIwLmRhc2hfYmFzZWxpbmVfMV92MSIsInhwdl9hc3NldF9pZCI6NTY3OTg2NTA4MzQ2NjM0LCJhc3NldF9hZ2VfZGF5cyI6MTQwMCwidmlfdXNlY2FzZV9pZCI6MTAwOTksImR1cmF0aW9uX3MiOjU3LCJ1cmxnZW5fc291cmNlIjoid3d3In0%3D&ccb=17-1&vs=48596ca8d4994ed4&_nc_vs=HBksFQIYUmlnX3hwdl9yZWVsc19wZXJtYW5lbnRfc3JfcHJvZC9GNzQ5RDRFN0M2OUVBMzMyMTlCMkRFRTc3NjQ0RkI4NF92aWRlb19kYXNoaW5pdC5tcDQVAALIARIAFQIYOnBhc3N0aHJvdWdoX2V2ZXJzdG9yZS9HREE5TkJLdDNLTTFJMUFGQVBpUDlPT3VXVmRiYnFfRUFBQUYVAgLIARIAKAAYABsCiAd1c2Vfb2lsATEScHJvZ3Jlc3NpdmVfcmVjaXBlATEVAAAmlNSJoZWlggIVAigCQzMsF0BM-6XjU_fPGBJkYXNoX2Jhc2VsaW5lXzFfdjERAHX-B2XmnQEA&_nc_gid=rA8kuCdBadHxEBP1R6fjQw&_nc_ss=7a22e&_nc_zt=28&oh=00_AQAtoRjz5F5Z6dnNQ9y1DYpAAiUQHP1gC28EeMaIXLVLlQ&oe=6A51C2F8
CiN-DCavIvY,https://www.instagram.com/reel/CiN-DCavIvY/,Independência ou morte!,1662581232,5687,282,136,clips,https://scontent-poa1-1.cdninstagram.com/o1/v/t2/f2/m86/AQNoX-rYI-2aMSlfSh4wTENPubxwcGTHaIn8rOmWXU0FrhBA4n03fJgAa_RtANYijfMiRYeuOaHhsgm_-XQU957HuTBDJ2YHAu79bbE.mp4?_nc_cat=102&_nc_sid=5e9851&_nc_ht=scontent-poa1-1.cdninstagram.com&_nc_ohc=_LeXWvJruw0Q7kNvwE97rhS&efg=eyJ2ZW5jb2RlX3RhZyI6Inhwdl9wcm9ncmVzc2l2ZS5JTlNUQUdSQU0uQ0xJUFMuQzMuNzIwLmRhc2hfYmFzZWxpbmVfMV92MSIsInhwdl9hc3NldF9pZCI6NTM0NzA0MjE4NTM4NjkwNCwiYXNzZXRfYWdlX2RheXMiOjE0MDAsInZpX3VzZWNhc2VfaWQiOjEwMDk5LCJkdXJhdGlvbl9zIjoxMzYsInVybGdlbl9zb3VyY2UiOiJ3d3cifQ%3D%3D&ccb=17-1&vs=59040d13154e80f3&_nc_vs=HBksFQIYUmlnX3hwdl9yZWVsc19wZXJtYW5lbnRfc3JfcHJvZC8wOTQwNURGMDM0RkY0M0FGNkE3RTY0MjNBMEY4RkQ4Rl92aWRlb19kYXNoaW5pdC5tcDQVAALIARIAFQIYOnBhc3N0aHJvdWdoX2V2ZXJzdG9yZS9HTlpRSFJGdW5FWWdndllDQUNyQ2dOT2lZOUFHYnFfRUFBQUYVAgLIARIAKAAYABsCiAd1c2Vfb2lsATEScHJvZ3Jlc3NpdmVfcmVjaXBlATEVAAAmsO744OjG_xIVAigCQzMsF0BhAAAAAAAAGBJkYXNoX2Jhc2VsaW5lXzFfdjERAHX-B2XmnQEA&_nc_gid=rA8kuCdBadHxEBP1R6fjQw&_nc_ss=7a22e&_nc_zt=28&oh=00_AQCuF70Uq1T9Ap2NO9YTyo0ruZKtqOjFG962q5HnFDkJPQ&oe=6A51CF1F
CiLojSbpGQB,https://www.instagram.com/reel/CiLojSbpGQB/,"Eu não gosto muito de futebol, mas é nítido que ele sabe o que tá fazendo e tem todo meu respeito! Aprendam com ele! ❤️ #criadordeconteudo #dicasdemarketing",1662502789,22161,751,88.83599853515625,clips,https://scontent-poa1-1.cdninstagram.com/o1/v/t2/f2/m86/AQNV5IfBhJY5vtTnTYUr391RgF09Mxec13uhcZHVD-bzR4ZQveiwoDVlWyqbVyDunWjOMEk_XsKkR0DiFhr39Ec.mp4?_nc_cat=110&_nc_sid=5e9851&_nc_ht=scontent-poa1-1.cdninstagram.com&_nc_ohc=iEb3X3Cq-7IQ7kNvwGg-Vo-&efg=eyJ2ZW5jb2RlX3RhZyI6Inhwdl9wcm9ncmVzc2l2ZS5JTlNUQUdSQU0uQ0xJUFMuQzMuMTA4MC5kYXNoX2hpZ2hfMTA4MHBfdjEiLCJ4cHZfYXNzZXRfaWQiOjE3MjI0NTExMTE0Njc2NjksImFzc2V0X2FnZV9kYXlzIjoxNDAxLCJ2aV91c2VjYXNlX2lkIjoxMDA5OSwiZHVyYXRpb25fcyI6ODgsInVybGdlbl9zb3VyY2UiOiJ3d3cifQ%3D%3D&ccb=17-1&vs=f728888f6ca91fc2&_nc_vs=HBksFQIYRmlnX3hwdl9yZWVsc19wZXJtYW5lbnRfc3JfcHJvZC83NTU1OTU3NDkwMDQ5ODVfMjA4MjM4ODI3NTkwMDUyOTI0OC5tcDQVAALIARIAFQIYOnBhc3N0aHJvdWdoX2V2ZXJzdG9yZS9HTHpZTmhJem54VDVWYVFEQUo4UExxQzRLWWtuYnFfRUFBQUYVAgLIARIAKAAYABsCiAd1c2Vfb2lsATEScHJvZ3Jlc3NpdmVfcmVjaXBlATEVAAAmquqi6uyjjwYVAigCQzMsF0BWNU_fO2RaGBJkYXNoX2hpZ2hfMTA4MHBfdjERAHX-B2XmnQEA&_nc_gid=rA8kuCdBadHxEBP1R6fjQw&_nc_ss=7a22e&_nc_zt=28&oh=00_AQDhWZROMZ5xjPwsymRRNcMljXNwe6g54YfKArh60iyIIQ&oe=6A51EA1E
CiAngErsc9N,https://www.instagram.com/reel/CiAngErsc9N/,"Eu diria que o maior fator pro sucesso é o ambiente que você está inserido. Se você estiver rodeado de pessoas que te impulsionam, você vai conquistar tudo que sonhar…. Mas se estiver em um lugar onde as pessoas te fazem acreditar nos seus medos, você se bloqueia cara vez mais e nunca saíra do lugar. Pense nisso!",1662133385,12971,536,23.365999221801758,clips,https://scontent-poa1-1.cdninstagram.com/o1/v/t2/f2/m86/AQPE4aJl1br4As0FSyt7-hOI7nHcbHxJzz75ESdjarIbj7WT_Pt-SpRrmgbHQtDORKO1_lvJRK-qqo3P6NzLnfsVu0Td7EsDuIQXtuU.mp4?_nc_cat=109&_nc_sid=5e9851&_nc_ht=scontent-poa1-1.cdninstagram.com&_nc_ohc=MzCIiZGRBI8Q7kNvwHiBXR-&efg=eyJ2ZW5jb2RlX3RhZyI6Inhwdl9wcm9ncmVzc2l2ZS5JTlNUQUdSQU0uQ0xJUFMuQzMuNzIwLmRhc2hfYmFzZWxpbmVfMV92MSIsInhwdl9hc3NldF9pZCI6MTI5MTc5MTI0MTY5NDk2OCwiYXNzZXRfYWdlX2RheXMiOjE0MDYsInZpX3VzZWNhc2VfaWQiOjEwMDk5LCJkdXJhdGlvbl9zIjoyMywidXJsZ2VuX3NvdXJjZSI6Ind3dyJ9&ccb=17-1&vs=1c2990b124b29fd3&_nc_vs=HBksFQIYUmlnX3hwdl9yZWVsc19wZXJtYW5lbnRfc3JfcHJvZC8yNTQ1NUI4OTYwMDRCMTAwNTEyN0I3MEU2MjJCOERBQ192aWRlb19kYXNoaW5pdC5tcDQVAALIARIAFQIYOnBhc3N0aHJvdWdoX2V2ZXJzdG9yZS9HSEM2X0JGY3k5RF9QN01BQUxqa2lwVEVxLTBGYnFfRUFBQUYVAgLIARIAKAAYABsCiAd1c2Vfb2lsATEScHJvZ3Jlc3NpdmVfcmVjaXBlATEVAAAm8Luu4ZK4ywQVAigCQzMsF0A3XbItDlYEGBJkYXNoX2Jhc2VsaW5lXzFfdjERAHX-B2XmnQEA&_nc_gid=rA8kuCdBadHxEBP1R6fjQw&_nc_ss=7a22e&_nc_zt=28&oh=00_AQCmjBWKi3QW5eMm9QGCpesimthN64gJ3g0E8GdXU4aitQ&oe=6A51D162
Ch50_P5vvxH,https://www.instagram.com/reel/Ch50_P5vvxH/,Sua identidade visual pode ser tão importante quanto o seu conteúdo! Muito cuidado ao neglicenciar isso… ⚡️ Depois de seguir esses passos você não terá mais problemas com isso!,1661905954,4805,339,112.33499908447266,clips,https://scontent-poa1-1.cdninstagram.com/o1/v/t2/f2/m86/AQMirB8jNECc26hUhWKjU6n_tlz_Ld5gTNqFB9hNKYZMQQADaQVZVlwxEUw7LB5uhePPVpiSG0zv1jxBVadJkNzTMNltoSgTdzZRMhI.mp4?_nc_cat=106&_nc_sid=5e9851&_nc_ht=scontent-poa1-1.cdninstagram.com&_nc_ohc=u7MSxzmAdAIQ7kNvwFtmHTc&efg=eyJ2ZW5jb2RlX3RhZyI6Inhwdl9wcm9ncmVzc2l2ZS5JTlNUQUdSQU0uQ0xJUFMuQzMuNzIwLmRhc2hfYmFzZWxpbmVfMV92MSIsInhwdl9hc3NldF9pZCI6MzE4OTQyOTk3NDYyOTA4MiwiYXNzZXRfYWdlX2RheXMiOjE0MDgsInZpX3VzZWNhc2VfaWQiOjEwMDk5LCJkdXJhdGlvbl9zIjoxMTIsInVybGdlbl9zb3VyY2UiOiJ3d3cifQ%3D%3D&ccb=17-1&vs=e3f6654abad35cd3&_nc_vs=HBksFQIYUmlnX3hwdl9yZWVsc19wZXJtYW5lbnRfc3JfcHJvZC8xODQwNDQ4MjA0MUZCMUE5Mzk2NEFEQzZERDI4NTlBQ192aWRlb19kYXNoaW5pdC5tcDQVAALIARIAFQIYOnBhc3N0aHJvdWdoX2V2ZXJzdG9yZS9HR0NGNFJHd2RhRGRoWFlCQVBsdFBsRjRsbThFYnFfRUFBQUYVAgLIARIAKAAYABsCiAd1c2Vfb2lsATEScHJvZ3Jlc3NpdmVfcmVjaXBlATEVAAAmtOvjiqGxqgsVAigCQzMsF0BcFU_fO2RaGBJkYXNoX2Jhc2VsaW5lXzFfdjERAHX-B2XmnQEA&_nc_gid=rA8kuCdBadHxEBP1R6fjQw&_nc_ss=7a22e&_nc_zt=28&oh=00_AQCc7Wk5Su332BChvK7T4f0e3F0Kvt_08KNryN4qizQPCw&oe=6A51EED3
Ch4hrH9OyGu,https://www.instagram.com/reel/Ch4hrH9OyGu/,"Se você não sabe o que postar, invista em descobrir os desejos e problemas da sua audiência! ❤️ As pessoas são movidas por esses 2 pontos.",1661861745,9456,378,37.900001525878906,clips,https://scontent-poa1-1.cdninstagram.com/o1/v/t2/f2/m86/AQMFIj488_v9mqDasde5wKGOBnn5k0R2neYkJhyQ1W6cBoFypqfQq0pS39sbPcwZTlzDWrG4OHLCJDkW-E2a1URyDvrg1aYnhbYdr7I.mp4?_nc_cat=108&_nc_sid=5e9851&_nc_ht=scontent-poa1-1.cdninstagram.com&_nc_ohc=fSzB_3CTWoIQ7kNvwEFTkg5&efg=eyJ2ZW5jb2RlX3RhZyI6Inhwdl9wcm9ncmVzc2l2ZS5JTlNUQUdSQU0uQ0xJUFMuQzMuNzIwLmRhc2hfYmFzZWxpbmVfMV92MSIsInhwdl9hc3NldF9pZCI6ODI1OTM2MDY1MjQ4MTkyLCJhc3NldF9hZ2VfZGF5cyI6MTQwOSwidmlfdXNlY2FzZV9pZCI6MTAwOTksImR1cmF0aW9uX3MiOjM3LCJ1cmxnZW5fc291cmNlIjoid3d3In0%3D&ccb=17-1&vs=4a83df2c775cc6c&_nc_vs=HBksFQIYUmlnX3hwdl9yZWVsc19wZXJtYW5lbnRfc3JfcHJvZC8zNzRCMkM2OTM1QTg2N0E5MkY3QkNDNUUwMjFEQzBCRV92aWRlb19kYXNoaW5pdC5tcDQVAALIARIAFQIYOnBhc3N0aHJvdWdoX2V2ZXJzdG9yZS9HQXkzRGhMdDk2cTNUNmdBQUxtU2FuUEpuQ1oxYnFfRUFBQUYVAgLIARIAKAAYABsCiAd1c2Vfb2lsATEScHJvZ3Jlc3NpdmVfcmVjaXBlATEVAAAmgO-1nOfL9wIVAigCQzMsF0BC8zMzMzMzGBJkYXNoX2Jhc2VsaW5lXzFfdjERAHX-B2XmnQEA&_nc_gid=rA8kuCdBadHxEBP1R6fjQw&_nc_ss=7a22e&_nc_zt=28&oh=00_AQDUBAW1YaYGwtYBILbM0NLhiwNMDa0EM8Earv-DpnXKBQ&oe=6A51DC7D
ChxpoDIL-86,https://www.instagram.com/reel/ChxpoDIL-86/,"Inconstância se resolve com Planejamento! Por mais de três anos eu fiz isso toda semana para meus clientes e posso garantir que funciona. Com planejamento alinhado, você tem uma semana inteira pra pensar com mais estratégia no próximo cronograma. ⚡️",1661631305,4218,211,90,clips,https://scontent-poa1-1.cdninstagram.com/o1/v/t2/f2/m86/AQPGqxYEWY3unAYGqP3Ay_dhcLEQASYGfaRwhsDo3-_l5cU0C9milB25CYjkY5El1Zidn6XqAGp4zIL1ONKIYKhLv79aN8DrKvWgrMI.mp4?_nc_cat=104&_nc_sid=5e9851&_nc_ht=scontent-poa1-1.cdninstagram.com&_nc_ohc=29fgC5TrIS0Q7kNvwEoGk6F&efg=eyJ2ZW5jb2RlX3RhZyI6Inhwdl9wcm9ncmVzc2l2ZS5JTlNUQUdSQU0uQ0xJUFMuQzMuNDgwLmRhc2hfYmFzZWxpbmVfMl92MSIsInhwdl9hc3NldF9pZCI6ODE1MTYwNzcyOTg5OTM5LCJhc3NldF9hZ2VfZGF5cyI6MTQxMSwidmlfdXNlY2FzZV9pZCI6MTAwOTksImR1cmF0aW9uX3MiOjkwLCJ1cmxnZW5fc291cmNlIjoid3d3In0%3D&ccb=17-1&vs=9551165f32534e8b&_nc_vs=HBksFQIYUmlnX3hwdl9yZWVsc19wZXJtYW5lbnRfc3JfcHJvZC85NDQ0QkRCNThBQUYwN0FCNUUyQTgzQTZGNjZGNTY5RF92aWRlb19kYXNoaW5pdC5tcDQVAALIARIAFQIYOnBhc3N0aHJvdWdoX2V2ZXJzdG9yZS9HTVFpLVJGQ1MxUUZvNkFCQUlIWFR6SG41MDA2YnFfRUFBQUYVAgLIARIAKAAYABsCiAd1c2Vfb2lsATEScHJvZ3Jlc3NpdmVfcmVjaXBlATEVAAAm5s_4hM3Y8gIVAigCQzMsF0BWgAAAAAAAGBJkYXNoX2Jhc2VsaW5lXzJfdjERAHX-B2XmnQEA&_nc_gid=rA8kuCdBadHxEBP1R6fjQw&_nc_ss=7a22e&_nc_zt=28&oh=00_AQCZAczhGvdryHArNEGFKY6FWks9dPnwRp-Dem7Q6QTjzA&oe=6A51F039
ChxZEFtrarG,https://www.instagram.com/reel/ChxZEFtrarG/,"Eu vou ser breve: Piada é você desistir tão fácil de lutar pela sua vida e gastar seu tempo tentando desanimar alguém! Com essa mensagem, a gente encerra o assunto “hater”. Essa pessoa não sabe como me ensinou, e espero que você possa ter tirado algo disso também! Nunca deixe que pessoas infelizes tentem te influenciar! Você veio pra criar o seu futuro SIM! 🖤⚡️",1661622883,7181,383,22.83300018310547,clips,https://scontent-poa1-1.cdninstagram.com/o1/v/t2/f2/m86/AQMlfNtZ0M-w1UvnNbZBR0CU1TKMN6lYOg2voxbwN2HYM6CUxgMRMEduEEdsA0UT6-dzHhuddAxO_RTW_J9qE0XB.mp4?_nc_cat=102&_nc_sid=5e9851&_nc_ht=scontent-poa1-1.cdninstagram.com&_nc_ohc=GfTeuEtzIbUQ7kNvwEwPGga&efg=eyJ2ZW5jb2RlX3RhZyI6Inhwdl9wcm9ncmVzc2l2ZS5JTlNUQUdSQU0uQ0xJUFMuQzMuMTA4MC5kYXNoX2hpZ2hfMTA4MHBfdjEiLCJ4cHZfYXNzZXRfaWQiOjEyMzMxNjQzMTc1MjEzNTQsImFzc2V0X2FnZV9kYXlzIjoxNDEyLCJ2aV91c2VjYXNlX2lkIjoxMDA5OSwiZHVyYXRpb25fcyI6MjIsInVybGdlbl9zb3VyY2UiOiJ3d3cifQ%3D%3D&ccb=17-1&vs=7b1677898d15bd49&_nc_vs=HBksFQIYR2lnX3hwdl9yZWVsc19wZXJtYW5lbnRfc3JfcHJvZC8xMDQ2MDU0NDA5NDQwNDE5XzY5OTQwODMyODExOTM5ODA1OTcubXA0FQACyAESABUCGDpwYXNzdGhyb3VnaF9ldmVyc3RvcmUvR0lMN0FSSUJ2Z3p1NFRJQ0FCLWxfMGdxaHk4aWJxX0VBQUFGFQICyAESACgAGAAbAogHdXNlX29pbAExEnByb2dyZXNzaXZlX3JlY2lwZQExFQAAJpTXw5HO47AEFQIoAkMzLBdANtU_fO2RaBgSZGFzaF9oaWdoXzEwODBwX3YxEQB1_gdl5p0BAA&_nc_gid=rA8kuCdBadHxEBP1R6fjQw&_nc_ss=7a22e&_nc_zt=28&oh=00_AQCADoS-A2o-n5iOcP4uO3noG2DmnT_6g0vpUZpdfptnxA&oe=6A51DEC8
ChvUNIOJ8LT,https://www.instagram.com/reel/ChvUNIOJ8LT/,"ENTENDA: Você não precisa de muitos seguidores pra fazer dinheiro na internet, basta a estratégia certa! ⚡️",1661553039,3442,181,87.43299865722656,clips,https://scontent-poa1-1.cdninstagram.com/o1/v/t2/f2/m86/AQOxIGXgy0SuQBK3AhFl93EYDncIm6FyEE-wgt-7nRL1cKoMAev6rjQHOgdUEzyFKJaeT83U8JfwhjBKbXKxnYUZCvQBW8Jih53VfHs.mp4?_nc_cat=106&_nc_sid=5e9851&_nc_ht=scontent-poa1-1.cdninstagram.com&_nc_ohc=nYB1rWBG_0sQ7kNvwFYlnmt&efg=eyJ2ZW5jb2RlX3RhZyI6Inhwdl9wcm9ncmVzc2l2ZS5JTlNUQUdSQU0uQ0xJUFMuQzMuNzIwLmRhc2hfYmFzZWxpbmVfMV92MSIsInhwdl9hc3NldF9pZCI6MTIzMjM4MDk3NzYxMDE0MiwiYXNzZXRfYWdlX2RheXMiOjE0MTIsInZpX3VzZWNhc2VfaWQiOjEwMDk5LCJkdXJhdGlvbl9zIjo4NywidXJsZ2VuX3NvdXJjZSI6Ind3dyJ9&ccb=17-1&vs=7c6ac631b74c244c&_nc_vs=HBksFQIYUmlnX3hwdl9yZWVsc19wZXJtYW5lbnRfc3JfcHJvZC9CRDREMzcwOTY1Q0E1QjBFOTgyRTY3QTM0NzFDRDE4Ql92aWRlb19kYXNoaW5pdC5tcDQVAALIARIAFQIYOnBhc3N0aHJvdWdoX2V2ZXJzdG9yZS9HQVRDQUJLYzVjbTA5S3NBQUZyem9mZnFzLXhtYnFfRUFBQUYVAgLIARIAKAAYABsCiAd1c2Vfb2lsATEScHJvZ3Jlc3NpdmVfcmVjaXBlATEVAAAmvPav5oG2sAQVAigCQzMsF0BV27ZFocrBGBJkYXNoX2Jhc2VsaW5lXzFfdjERAHX-B2XmnQEA&_nc_gid=rA8kuCdBadHxEBP1R6fjQw&_nc_ss=7a22e&_nc_zt=28&oh=00_AQCPrsEzU8FxBTIdGVWEO3ZXd3XPkzJvU04KHrciDGqU0g&oe=6A51EA27
Chudn58M7Lo,https://www.instagram.com/reel/Chudn58M7Lo/,"Falta de direção paralisa. Então estou te passando os caminhos que eu uso toda semana para meus conteúdos! ⚡️ Com esses caminhos você se coloca em movimento! E a partir da quantidade, você melhora a sua qualidade e se torna cada vez mais original! 💻 Você já testou quais deles?",1661524163,4173,227,89.63300323486328,clips,https://scontent-poa1-1.cdninstagram.com/o1/v/t2/f2/m86/AQMOnlzwIkLSTCakUkCIl9vrnYzBfegysgRofjyQfMlKC8wiMO-lVsA2F6tmpM9nUruVj4dS5NNpQN4OGF3Jo6ZHpbdZEVmHfVD_0Qw.mp4?_nc_cat=109&_nc_sid=5e9851&_nc_ht=scontent-poa1-1.cdninstagram.com&_nc_ohc=cyXIYenih20Q7kNvwGyKNmo&efg=eyJ2ZW5jb2RlX3RhZyI6Inhwdl9wcm9ncmVzc2l2ZS5JTlNUQUdSQU0uQ0xJUFMuQzMuNzIwLmRhc2hfYmFzZWxpbmVfMV92MSIsInhwdl9hc3NldF9pZCI6NTYwNDMyOTE0OTYxMDk3NywiYXNzZXRfYWdlX2RheXMiOjE0MTMsInZpX3VzZWNhc2VfaWQiOjEwMDk5LCJkdXJhdGlvbl9zIjo4OSwidXJsZ2VuX3NvdXJjZSI6Ind3dyJ9&ccb=17-1&vs=196ef204806381ad&_nc_vs=HBksFQIYUmlnX3hwdl9yZWVsc19wZXJtYW5lbnRfc3JfcHJvZC8wMTREOTJEQ0EyRTE3RDMxMTk2ODFDM0FBQjAzODFBQ192aWRlb19kYXNoaW5pdC5tcDQVAALIARIAFQIYOnBhc3N0aHJvdWdoX2V2ZXJzdG9yZS9HQ2VLOWhHRm1RdVpCNkFCQUlmelFFZk5xWFlSYnFfRUFBQUYVAgLIARIAKAAYABsCiAd1c2Vfb2lsATEScHJvZ3Jlc3NpdmVfcmVjaXBlATEVAAAmwu_VgvLG9BMVAigCQzMsF0BWaIMSbpeNGBJkYXNoX2Jhc2VsaW5lXzFfdjERAHX-B2XmnQEA&_nc_gid=fVuLHgU0m3p2cxor4yTEfw&_nc_ss=7a22e&_nc_zt=28&oh=00_AQCIFmNvHibnYbV_XI5kS0cmNQi6i-A-fEpjf-7ynvrijw&oe=6A51DDD6
Chs0fbmlHqb,https://www.instagram.com/reel/Chs0fbmlHqb/,"Isso é o vírus da mentalidade de escassez na prática. Quem não é capaz de enxergar prosperidade no mundo, faz de tudo para que você também não a veja! Prefiro morrer tentando, do que viver uma vida de desculpas, assim como você. 2/4",1661469447,4516,245,34.316001892089844,clips,https://scontent-poa1-1.cdninstagram.com/o1/v/t2/f2/m86/AQOhPNpWM1GGfEIKmbAp9R1WLRPH3PN_3K2eI_AZ67oLk4EKKvizhy1NwjdUGIX-YKwVaX1n91t5TrMnVhFa2Fla66NcskzWRIOO24Q.mp4?_nc_cat=104&_nc_sid=5e9851&_nc_ht=scontent-poa1-1.cdninstagram.com&_nc_ohc=OjtOc4q0r8EQ7kNvwHZE3N5&efg=eyJ2ZW5jb2RlX3RhZyI6Inhwdl9wcm9ncmVzc2l2ZS5JTlNUQUdSQU0uQ0xJUFMuQzMuNzIwLmRhc2hfYmFzZWxpbmVfMV92MSIsInhwdl9hc3NldF9pZCI6Nzk3NDg5Mjk4MjIyNjA5LCJhc3NldF9hZ2VfZGF5cyI6MTQxMywidmlfdXNlY2FzZV9pZCI6MTAwOTksImR1cmF0aW9uX3MiOjM0LCJ1cmxnZW5fc291cmNlIjoid3d3In0%3D&ccb=17-1&vs=3d96ae9d1aea950f&_nc_vs=HBksFQIYUmlnX3hwdl9yZWVsc19wZXJtYW5lbnRfc3JfcHJvZC9FODQzMUZCQ0VFNjYyOUI1M0ExQTJDNDlEOTVGRDRBOV92aWRlb19kYXNoaW5pdC5tcDQVAALIARIAFQIYOnBhc3N0aHJvdWdoX2V2ZXJzdG9yZS9HSjA0X2hHWXZNemJjc01EQUdrcWNBb3VsYmNuYnFfRUFBQUYVAgLIARIAKAAYABsCiAd1c2Vfb2lsATEScHJvZ3Jlc3NpdmVfcmVjaXBlATEVAAAmorippf7T6gIVAigCQzMsF0BBJmZmZmZmGBJkYXNoX2Jhc2VsaW5lXzFfdjERAHX-B2XmnQEA&_nc_gid=fVuLHgU0m3p2cxor4yTEfw&_nc_ss=7a22e&_nc_zt=28&oh=00_AQDlzb_9k1TZiujSm9TLdKvGU9Jg1hOoiP3xb29xie_Wvg&oe=6A51C2C9
ChspdBWFR-L,https://www.instagram.com/reel/ChspdBWFR-L/,Isso não é um vídeo sobre relacionamento. ⚡️,1661463069,11313,2993,143.76600646972656,clips,https://scontent-poa1-1.cdninstagram.com/o1/v/t2/f2/m86/AQOJPDhqweqJ6yZx9LKn44aonZvQC2WjWTgiL1wgidKCGyx5rOSp3AEB8BxOBV6WhTrR7HTCiYq1fJdMGpQph0Ki.mp4?_nc_cat=108&_nc_sid=5e9851&_nc_ht=scontent-poa1-1.cdninstagram.com&_nc_ohc=Kx7ooRuQ2oMQ7kNvwHW4ue-&efg=eyJ2ZW5jb2RlX3RhZyI6Inhwdl9wcm9ncmVzc2l2ZS5JTlNUQUdSQU0uQ0xJUFMuQzMuMTA4MC5kYXNoX2hpZ2hfMTA4MHBfdjEiLCJ4cHZfYXNzZXRfaWQiOjEwMzM2NjcxMzA1OTQyOTcsImFzc2V0X2FnZV9kYXlzIjoxNDEzLCJ2aV91c2VjYXNlX2lkIjoxMDA5OSwiZHVyYXRpb25fcyI6MTQzLCJ1cmxnZW5fc291cmNlIjoid3d3In0%3D&ccb=17-1&vs=805fe872be4bf22c&_nc_vs=HBksFQIYR2lnX3hwdl9yZWVsc19wZXJtYW5lbnRfc3JfcHJvZC8xMTM0ODkwMTY0MDM3ODQ1XzI1OTUwMTYyODg1ODQ5MDAxNzUubXA0FQACyAESABUCGDpwYXNzdGhyb3VnaF9ldmVyc3RvcmUvR0VCUV94R09RT2JrZ0Y0QUFHRkRlTWpITVNkZGJxX0VBQUFGFQICyAESACgAGAAbAogHdXNlX29pbAExEnByb2dyZXNzaXZlX3JlY2lwZQExFQAAJvLPlKKsh9YDFQIoAkMzLBdAYfiDEm6XjRgSZGFzaF9oaWdoXzEwODBwX3YxEQB1_gdl5p0BAA&_nc_gid=fVuLHgU0m3p2cxor4yTEfw&_nc_ss=7a22e&_nc_zt=28&oh=00_AQA_mKPl83Is4vvSycTs55BIDJlPIKxm6vwfFUQnVW7xHA&oe=6A51D7EA
ChrqQMdFi8-,https://www.instagram.com/reel/ChrqQMdFi8-/,Usar os destaques da maneira estratégia é um grande aliado que você tem na sua comunicação! ⚡️ Seu perfil anda organizado para receber visitas? Ou acha que ele está assustando que chega por aí? 👀,1661429956,3852,163,35.43299865722656,clips,https://scontent-poa1-1.cdninstagram.com/o1/v/t2/f2/m86/AQPBObeNlTCzkAqqCBaK92F-nBSl9G9Fa290pozVRwyM7pQn8fadMiD9idySR0Pp_Z-BdySm1BKYkqB1d-bE5B2z3CDmeqXae3Pmy78.mp4?_nc_cat=105&_nc_sid=5e9851&_nc_ht=scontent-poa1-1.cdninstagram.com&_nc_ohc=0ktUwxSnzpYQ7kNvwEriEFu&efg=eyJ2ZW5jb2RlX3RhZyI6Inhwdl9wcm9ncmVzc2l2ZS5JTlNUQUdSQU0uQ0xJUFMuQzMuNzIwLmRhc2hfYmFzZWxpbmVfMV92MSIsInhwdl9hc3NldF9pZCI6Mjc0Mjk5MTIxNTgzNzQxMiwiYXNzZXRfYWdlX2RheXMiOjE0MTQsInZpX3VzZWNhc2VfaWQiOjEwMDk5LCJkdXJhdGlvbl9zIjozNSwidXJsZ2VuX3NvdXJjZSI6Ind3dyJ9&ccb=17-1&vs=664dc754bc4399cd&_nc_vs=HBksFQIYUmlnX3hwdl9yZWVsc19wZXJtYW5lbnRfc3JfcHJvZC8wODRBMzJDQzZDMkUyMkI2RTAxOUFEQjBEMTVGMTk4QV92aWRlb19kYXNoaW5pdC5tcDQVAALIARIAFQIYOnBhc3N0aHJvdWdoX2V2ZXJzdG9yZS9HQURtOGhHeXNFZ0pWSjBBQUNKY1JQNzI2ZnRoYnFfRUFBQUYVAgLIARIAKAAYABsCiAd1c2Vfb2lsATEScHJvZ3Jlc3NpdmVfcmVjaXBlATEVAAAmyIPWkI2v3wkVAigCQzMsF0BBt2yLQ5WBGBJkYXNoX2Jhc2VsaW5lXzFfdjERAHX-B2XmnQEA&_nc_gid=fVuLHgU0m3p2cxor4yTEfw&_nc_ss=7a22e&_nc_zt=28&oh=00_AQBGl1J4KV00ou5JTaOeRu9UrWANufV8wOCY-RmfZfbNvw&oe=6A51EDF2
ChqCp-_FAqP,https://www.instagram.com/reel/ChqCp-_FAqP/,"Aposto que você já viu alguém querer ofender uma pessoa chamando de “blogueirinha”! Sempre soube que esse era o primeiro passo pro sucesso, então adorava quando me chamavam assim. Essas respostas são pra você também não se calar e pegar o que poderia estar de destruindo e usar como combustível pra acelerar ainda mais! ⚡️ E se você que mandou estiver por aí, eu só posso te agradecer. Ainda vou produzir conteúdo com sua inveja. 1/4",1661375884,11555,680,50.965999603271484,clips,https://scontent-poa1-1.cdninstagram.com/o1/v/t2/f2/m86/AQPluOApjwAli3lbfHIIsiWGHYJwlctTg9Ohk0C0FtjpUtY5veMJ31V7Z4-E3DGdc8QLIhx0VQSycTaVwjbbpcg.mp4?_nc_cat=110&_nc_sid=5e9851&_nc_ht=scontent-poa1-1.cdninstagram.com&_nc_ohc=Nl_28qYCWgYQ7kNvwHFOFgV&efg=eyJ2ZW5jb2RlX3RhZyI6Inhwdl9wcm9ncmVzc2l2ZS5JTlNUQUdSQU0uQ0xJUFMuQzMuMTA4MC5kYXNoX2hpZ2hfMTA4MHBfdjEiLCJ4cHZfYXNzZXRfaWQiOjEzMzI2NTM5MjA1OTY4NDYsImFzc2V0X2FnZV9kYXlzIjoxNDE0LCJ2aV91c2VjYXNlX2lkIjoxMDA5OSwiZHVyYXRpb25fcyI6NTAsInVybGdlbl9zb3VyY2UiOiJ3d3cifQ%3D%3D&ccb=17-1&vs=ecfdd1fcaf4a792d&_nc_vs=HBksFQIYRmlnX3hwdl9yZWVsc19wZXJtYW5lbnRfc3JfcHJvZC83ODg4MTM0NjIxNTQxODJfMTc0MDk0NTExMjI2MDg4OTI5Mi5tcDQVAALIARIAFQIYOnBhc3N0aHJvdWdoX2V2ZXJzdG9yZS9HQ1o3OGhFZlFRZzV3dG9EQUJ1enkwbVdkRUlyYnFfRUFBQUYVAgLIARIAKAAYABsCiAd1c2Vfb2lsATEScHJvZ3Jlc3NpdmVfcmVjaXBlATEVAAAm3M3duNWC3gQVAigCQzMsF0BJe6XjU_fPGBJkYXNoX2hpZ2hfMTA4MHBfdjERAHX-B2XmnQEA&_nc_gid=fVuLHgU0m3p2cxor4yTEfw&_nc_ss=7a22e&_nc_zt=28&oh=00_AQBjfVwqlg0f0GlBfTYbm3eCn-OfScSMpK_6E5d1xQTRFQ&oe=6A51BF2E
Chpf5PRFpWQ,https://www.instagram.com/reel/Chpf5PRFpWQ/,"Não entregue menos do que sua audiência merece, impressione seus seguidores e seu faturamento será diretamente impactado com isso! ⚡️",1661357695,3242,183,42.36600112915039,clips,https://scontent-poa1-1.cdninstagram.com/o1/v/t2/f2/m86/AQOPB0pyZceSdOWhM4fJLm5HW9i1qaA1VRCxp2mOi62wYGNbP4kGSe-1uVKFhbBtwgxMApsjD-rMfZxn5oY1vRaB-gqiR3hT_408NhA.mp4?_nc_cat=106&_nc_sid=5e9851&_nc_ht=scontent-poa1-1.cdninstagram.com&_nc_ohc=rB8MGa6snxgQ7kNvwGILGOH&efg=eyJ2ZW5jb2RlX3RhZyI6Inhwdl9wcm9ncmVzc2l2ZS5JTlNUQUdSQU0uQ0xJUFMuQzMuNzIwLmRhc2hfYmFzZWxpbmVfMV92MSIsInhwdl9hc3NldF9pZCI6MTI1NTc2NjY4NDk4NjE4OSwiYXNzZXRfYWdlX2RheXMiOjE0MTUsInZpX3VzZWNhc2VfaWQiOjEwMDk5LCJkdXJhdGlvbl9zIjo0MiwidXJsZ2VuX3NvdXJjZSI6Ind3dyJ9&ccb=17-1&vs=7599910d2b43ab38&_nc_vs=HBksFQIYUmlnX3hwdl9yZWVsc19wZXJtYW5lbnRfc3JfcHJvZC8yNjRDMzQ3MEY5NzhDRUM5MDlFMTA2NzU4Q0E1QjU5NF92aWRlb19kYXNoaW5pdC5tcDQVAALIARIAFQIYOnBhc3N0aHJvdWdoX2V2ZXJzdG9yZS9HTWp3OGhHcHFrb0tReXdDQUlNQW5WVG96dFZPYnFfRUFBQUYVAgLIARIAKAAYABsCiAd1c2Vfb2lsATEScHJvZ3Jlc3NpdmVfcmVjaXBlATEVAAAmmq3v8p6HuwQVAigCQzMsF0BFLtkWhysCGBJkYXNoX2Jhc2VsaW5lXzFfdjERAHX-B2XmnQEA&_nc_gid=fVuLHgU0m3p2cxor4yTEfw&_nc_ss=7a22e&_nc_zt=28&oh=00_AQAOrNLZN5GCObmOtKIhnYBei0GsoZFJ4JaKFAjiyAQ-5w&oe=6A51D667
Chm8Uv3FmRp,https://www.instagram.com/reel/Chm8Uv3FmRp/,"Menos reclamações e mais MOVIMENTO, galera… garanto que você se tornará mais próspero assim! Onde você vem colocando seu foco, no problema ou na solução? ⚡️",1661271703,29427,826,76.69999694824219,clips,https://scontent-poa1-1.cdninstagram.com/o1/v/t2/f2/m86/AQMgVxuAIi0mDgr-FAuVjP1y2Fuo7nKh5Kpee_CI9rN4nVhkWPJCxXHLoWUIpjfJ5iZtplRz3lEwTydMsPVcvuQ0.mp4?_nc_cat=100&_nc_sid=5e9851&_nc_ht=scontent-poa1-1.cdninstagram.com&_nc_ohc=WWIfyHpjXqgQ7kNvwEoGXdh&efg=eyJ2ZW5jb2RlX3RhZyI6Inhwdl9wcm9ncmVzc2l2ZS5JTlNUQUdSQU0uQ0xJUFMuQzMuMTA4MC5kYXNoX2hpZ2hfMTA4MHBfdjEiLCJ4cHZfYXNzZXRfaWQiOjEyODU5MjM2Nzg4ODQyNDUsImFzc2V0X2FnZV9kYXlzIjoxNDE2LCJ2aV91c2VjYXNlX2lkIjoxMDA5OSwiZHVyYXRpb25fcyI6NzYsInVybGdlbl9zb3VyY2UiOiJ3d3cifQ%3D%3D&ccb=17-1&vs=82607e4faafbe45&_nc_vs=HBksFQIYR2lnX3hwdl9yZWVsc19wZXJtYW5lbnRfc3JfcHJvZC8yMjg1MDYxMTgxNjQxNzkyXzgxNjcwMDQ3MTMyNDAxNjA2MjYubXA0FQACyAESABUCGDpwYXNzdGhyb3VnaF9ldmVyc3RvcmUvR0ZpaTRSSEw4UXNjd1RVRUFBclB3Ty1hZHljMWJxX0VBQUFGFQICyAESACgAGAAbAogHdXNlX29pbAExEnByb2dyZXNzaXZlX3JlY2lwZQExFQAAJqrGtIHO4sgEFQIoAkMzLBdAUyzMzMzMzRgSZGFzaF9oaWdoXzEwODBwX3YxEQB1_gdl5p0BAA&_nc_gid=fVuLHgU0m3p2cxor4yTEfw&_nc_ss=7a22e&_nc_zt=28&oh=00_AQDl1Cnt6h2wTBwD6RZ_HWVAJ64VQGLMDA4FK8MOt3FRWA&oe=6A51DCEA
ChcrBNHlVC-,https://www.instagram.com/reel/ChcrBNHlVC-/,A sua biografia é a primeira coisa que a pessoa repara no seu perfil e muitas vezes definitiva se vai clicar pra te seguir ou não! ⚡️ #criadordeconteudo #dicasdemarketing #marketingdigitalbrasil,1660927060,4042,207,40.53900146484375,clips,https://scontent-poa1-1.cdninstagram.com/o1/v/t2/f2/m86/AQOFaUQCtxl4MzbzPQSnWRq44iQixUoWY1xNtfYlulRNVTUydBm6dIy2V_k8BXu-JSwsFy0xz5wy4SCkv6nO-5pgotHolHi2HPp1q_A.mp4?_nc_cat=108&_nc_sid=5e9851&_nc_ht=scontent-poa1-1.cdninstagram.com&_nc_ohc=E8bjyf27lM4Q7kNvwHBVPpk&efg=eyJ2ZW5jb2RlX3RhZyI6Inhwdl9wcm9ncmVzc2l2ZS5JTlNUQUdSQU0uQ0xJUFMuQzMuNzIwLmRhc2hfYmFzZWxpbmVfMV92MSIsInhwdl9hc3NldF9pZCI6NzQyOTg5NTAwMTIzNjQwLCJhc3NldF9hZ2VfZGF5cyI6MTQyMCwidmlfdXNlY2FzZV9pZCI6MTAwOTksImR1cmF0aW9uX3MiOjQwLCJ1cmxnZW5fc291cmNlIjoid3d3In0%3D&ccb=17-1&vs=e74c85b6c31c39b6&_nc_vs=HBksFQIYUmlnX3hwdl9yZWVsc19wZXJtYW5lbnRfc3JfcHJvZC82MzRDNEFDQUJEMzIxQzBERkQ3MDhGMTkzRDI2ODJBOV92aWRlb19kYXNoaW5pdC5tcDQVAALIARIAFQIYOnBhc3N0aHJvdWdoX2V2ZXJzdG9yZS9HTWxIMkJFcUhCSWxkckVBQUFjT0RvdWk2VVI2YnFfRUFBQUYVAgLIARIAKAAYABsCiAd1c2Vfb2lsATEScHJvZ3Jlc3NpdmVfcmVjaXBlATEVAAAm8KfQk9fv0QIVAigCQzMsF0BERDlYEGJOGBJkYXNoX2Jhc2VsaW5lXzFfdjERAHX-B2XmnQEA&_nc_gid=fVuLHgU0m3p2cxor4yTEfw&_nc_ss=7a22e&_nc_zt=28&oh=00_AQCsse08DTFEnt2jd2e7syNJu3NGfRFIRV5fQsozXHN6Ww&oe=6A51D5D9
ChYMAK4lGAk,https://www.instagram.com/reel/ChYMAK4lGAk/,Uma relação de ódio e amor. No final os aprendizados que os erros de traz valem muito mais do que se nunca tivesse errado! Se desfie mais!!! Errar também é caminho. ⚡️ Você tem medo de cometer erros?,1660776624,15278,694,45.599998474121094,clips,https://scontent-poa1-1.cdninstagram.com/o1/v/t2/f2/m86/AQOPkDrEw-wbzKUnEYJi6uvqEyRW-EBTCSC3_S0Ztu8M2W0ZNatnPAaOtnl-aEVBBMLL85e3y-TlOK_-aeU_IVuy.mp4?_nc_cat=107&_nc_sid=5e9851&_nc_ht=scontent-poa1-1.cdninstagram.com&_nc_ohc=mxjAluSorE0Q7kNvwHqA1q_&efg=eyJ2ZW5jb2RlX3RhZyI6Inhwdl9wcm9ncmVzc2l2ZS5JTlNUQUdSQU0uQ0xJUFMuQzMuMTA4MC5kYXNoX2hpZ2hfMTA4MHBfdjEiLCJ4cHZfYXNzZXRfaWQiOjQ1MzQzNzY1MzE2ODU0NSwiYXNzZXRfYWdlX2RheXMiOjE0MjEsInZpX3VzZWNhc2VfaWQiOjEwMDk5LCJkdXJhdGlvbl9zIjo0NSwidXJsZ2VuX3NvdXJjZSI6Ind3dyJ9&ccb=17-1&vs=562b1c913a3a3ad3&_nc_vs=HBksFQIYR2lnX3hwdl9yZWVsc19wZXJtYW5lbnRfc3JfcHJvZC8xMjA2ODkyMjYzNDI5OTYxXzUzMjM0OTk0MTc2MDMwNzI1MzEubXA0FQACyAESABUCGDpwYXNzdGhyb3VnaF9ldmVyc3RvcmUvR0RHODRoRVA3eG8wcTZNQkFJNTdVZExWRkt4TGJxX0VBQUFGFQICyAESACgAGAAbAogHdXNlX29pbAExEnByb2dyZXNzaXZlX3JlY2lwZQExFQAAJsLG9ePFmc4BFQIoAkMzLBdARszMzMzMzRgSZGFzaF9oaWdoXzEwODBwX3YxEQB1_gdl5p0BAA&_nc_gid=fVuLHgU0m3p2cxor4yTEfw&_nc_ss=7a22e&_nc_zt=28&oh=00_AQBPFXRlODvX7Q5qj3hw7z6eAjVb5Bu5neDOdfVSzQUT8g&oe=6A51C11F
ChVke78l69N,https://www.instagram.com/reel/ChVke78l69N/,"Quando você entender que nasceu pra Criar seu próprio Futuro, ACABOU! ⚡️ Ouse mais, se arrisque mais, seja mais autossuficiente e pare de ter medo do que vão pensar. Porque sinceramente, no fundo ninguém se importa! Quem tá afim de romper?",1660688780,7767,373,67.9000015258789,clips,https://scontent-poa1-1.cdninstagram.com/o1/v/t2/f2/m86/AQMNBPfKC9NebCFsI8g1q36uBT5G5jhOl7fL-kYjXRrDfjvCCiMkC4Y3HqbT_58tB8JmocCJ6MU_qfXYqUXXto2v3DWeX3CluPSZ4HU.mp4?_nc_cat=105&_nc_sid=5e9851&_nc_ht=scontent-poa1-1.cdninstagram.com&_nc_ohc=jmH7rS8sueAQ7kNvwEfhXD4&efg=eyJ2ZW5jb2RlX3RhZyI6Inhwdl9wcm9ncmVzc2l2ZS5JTlNUQUdSQU0uQ0xJUFMuQzMuNzIwLmRhc2hfYmFzZWxpbmVfMV92MSIsInhwdl9hc3NldF9pZCI6ODI4NTQxMDIxNjQ3NTMwLCJhc3NldF9hZ2VfZGF5cyI6MTQyMiwidmlfdXNlY2FzZV9pZCI6MTAwOTksImR1cmF0aW9uX3MiOjY3LCJ1cmxnZW5fc291cmNlIjoid3d3In0%3D&ccb=17-1&vs=90cf73984e2ba05f&_nc_vs=HBksFQIYUmlnX3hwdl9yZWVsc19wZXJtYW5lbnRfc3JfcHJvZC9GMDQyNjQ1Q0YyQUU2Mjc3ODQwOTI2OTgxRUU3NjA5NV92aWRlb19kYXNoaW5pdC5tcDQVAALIARIAFQIYOnBhc3N0aHJvdWdoX2V2ZXJzdG9yZS9HUGczNUJIQXpJWTE1b3dCQUMxYlI0OVdQUW9TYnFfRUFBQUYVAgLIARIAKAAYABsCiAd1c2Vfb2lsATEScHJvZ3Jlc3NpdmVfcmVjaXBlATEVAAAm1Mq31Lfj-AIVAigCQzMsF0BQ-ZmZmZmaGBJkYXNoX2Jhc2VsaW5lXzFfdjERAHX-B2XmnQEA&_nc_gid=fVuLHgU0m3p2cxor4yTEfw&_nc_ss=7a22e&_nc_zt=28&oh=00_AQBLL6-MkRLTefCUw6MluOO3AxYjLCJO7-CDFtCa1xQLSA&oe=6A51BFF2
ChTPqs-Dq7-,https://www.instagram.com/reel/ChTPqs-Dq7-/,Deixar seu perfil arrumado para que as visitas queiram voltar é o mínimo! ⚡️ Já salva pra você lembrar. #dicasdemarketing,1660611019,6878,275,63.29999923706055,clips,https://scontent-poa1-1.cdninstagram.com/o1/v/t2/f2/m86/AQO4LAl734TzaDEpI31TnpKGcyXPrHzhV42cZAcyzQ4BRgIHNy2KeRuDbf_SMcSiNWBxkfIiIxE7SbpUt6B7z7S_jsVblXOfxY2dzBQ.mp4?_nc_cat=105&_nc_sid=5e9851&_nc_ht=scontent-poa1-1.cdninstagram.com&_nc_ohc=S4JVsVe6U5sQ7kNvwG5Up7Y&efg=eyJ2ZW5jb2RlX3RhZyI6Inhwdl9wcm9ncmVzc2l2ZS5JTlNUQUdSQU0uQ0xJUFMuQzMuNzIwLmRhc2hfYmFzZWxpbmVfMV92MSIsInhwdl9hc3NldF9pZCI6MjkyMjczNDgzODAyNjM1NiwiYXNzZXRfYWdlX2RheXMiOjE0MjMsInZpX3VzZWNhc2VfaWQiOjEwMDk5LCJkdXJhdGlvbl9zIjo2MywidXJsZ2VuX3NvdXJjZSI6Ind3dyJ9&ccb=17-1&vs=f6c7b5b1da9a4843&_nc_vs=HBksFQIYUmlnX3hwdl9yZWVsc19wZXJtYW5lbnRfc3JfcHJvZC84MjQzQjNGQjc2MjhFRTE4OTJGQTFDOUYwNTk4NzNBNF92aWRlb19kYXNoaW5pdC5tcDQVAALIARIAFQIYOnBhc3N0aHJvdWdoX2V2ZXJzdG9yZS9HQ3hRM3hIUzJFS2hhclVCQUl4UUVfNC16UTkyYnFfRUFBQUYVAgLIARIAKAAYABsCiAd1c2Vfb2lsATEScHJvZ3Jlc3NpdmVfcmVjaXBlATEVAAAm6MHYvMeNsQoVAigCQzMsF0BPpmZmZmZmGBJkYXNoX2Jhc2VsaW5lXzFfdjERAHX-B2XmnQEA&_nc_gid=fVuLHgU0m3p2cxor4yTEfw&_nc_ss=7a22e&_nc_zt=28&oh=00_AQBR0aN5KReb9MZOzB3h9Ix4wFBFAhYaC8N3XKC5SbWOpw&oe=6A51EE86
ChGBB9GFM6y,https://www.instagram.com/reel/ChGBB9GFM6y/,MOVIMENTO GERA PROSPERIDADE!! ⚡️ Foquem menos no problema e mais no movimento.,1660166811,143142,3589,74.4000015258789,clips,https://scontent-poa1-1.cdninstagram.com/o1/v/t2/f2/m86/AQP8f-Di7NcGUyhMHvOd9n-1A9trU8RBf96IZYGvRSEmJijR7u1VPVLJoplM6k0GZ8DILvFHLOCfPiAo4g1YzOU.mp4?_nc_cat=101&_nc_sid=5e9851&_nc_ht=scontent-poa1-1.cdninstagram.com&_nc_ohc=EFc5NVxpIi8Q7kNvwHecp7i&efg=eyJ2ZW5jb2RlX3RhZyI6Inhwdl9wcm9ncmVzc2l2ZS5JTlNUQUdSQU0uQ0xJUFMuQzMuMTA4MC5kYXNoX2hpZ2hfMTA4MHBfdjEiLCJ4cHZfYXNzZXRfaWQiOjU3Nzg5NTQ2NzMyODU3MywiYXNzZXRfYWdlX2RheXMiOjE0MjgsInZpX3VzZWNhc2VfaWQiOjEwMDk5LCJkdXJhdGlvbl9zIjo3NCwidXJsZ2VuX3NvdXJjZSI6Ind3dyJ9&ccb=17-1&vs=fb77a23173cbfed4&_nc_vs=HBksFQIYRmlnX3hwdl9yZWVsc19wZXJtYW5lbnRfc3JfcHJvZC80NTg4MjUzNzI3NzcyNzBfNTIwNDMyNzg0OTMxMzEyOTQwNC5tcDQVAALIARIAFQIYOnBhc3N0aHJvdWdoX2V2ZXJzdG9yZS9HQzcyMGhHVUdncXA4cWdCQUM5anFIS2JNYjlOYnFfRUFBQUYVAgLIARIAKAAYABsCiAd1c2Vfb2lsATEScHJvZ3Jlc3NpdmVfcmVjaXBlATEVAAAm-pDh4PjlhgIVAigCQzMsF0BSmZmZmZmaGBJkYXNoX2hpZ2hfMTA4MHBfdjERAHX-B2XmnQEA&_nc_gid=fVuLHgU0m3p2cxor4yTEfw&_nc_ss=7a22e&_nc_zt=28&oh=00_AQC_bdpkG08Eyb1vTbY04UITvocW4N7cJP-PmgkL7BcbKQ&oe=6A51DB67
ChDBRqqlhOS,https://www.instagram.com/reel/ChDBRqqlhOS/,3 Coisas que eu gostaria de ter escutado quando comecei a produzir conteúdo! ⚡️ #dicasdemarketing #criadordeconteudo,1660066413,9196,509,112.73300170898438,clips,https://scontent-poa1-1.cdninstagram.com/o1/v/t2/f2/m86/AQPfv37JzAOsWeN0BgEtKk9MP0XmxEiA7QbjJvl-zblmD4g9GP-oiy41hui3PUGd5ksoJhElWbmzEEJiLosok9Hn.mp4?_nc_cat=105&_nc_sid=5e9851&_nc_ht=scontent-poa1-1.cdninstagram.com&_nc_ohc=fvnwYO_Y4rgQ7kNvwHhLHx3&efg=eyJ2ZW5jb2RlX3RhZyI6Inhwdl9wcm9ncmVzc2l2ZS5JTlNUQUdSQU0uQ0xJUFMuQzMuMTA4MC5kYXNoX2hpZ2hfMTA4MHBfdjEiLCJ4cHZfYXNzZXRfaWQiOjgwMjY5Njg3NzQwNTMxNywiYXNzZXRfYWdlX2RheXMiOjE0MzAsInZpX3VzZWNhc2VfaWQiOjEwMDk5LCJkdXJhdGlvbl9zIjoxMTIsInVybGdlbl9zb3VyY2UiOiJ3d3cifQ%3D%3D&ccb=17-1&vs=8d7bbf49d65b7ef&_nc_vs=HBksFQIYR2lnX3hwdl9yZWVsc19wZXJtYW5lbnRfc3JfcHJvZC8xMTA2Mjg3MjU2NjY3NTkyXzY5NDAzMDk4MzU2NDcxMjMwMTQubXA0FQACyAESABUCGDpwYXNzdGhyb3VnaF9ldmVyc3RvcmUvR0JEdXpCRWRGZVFzTnJ3Q0FLWUxSeG9obHNJa2JxX0VBQUFGFQICyAESACgAGAAbAogHdXNlX29pbAExEnByb2dyZXNzaXZlX3JlY2lwZQExFQAAJorS6-ONg-0CFQIoAkMzLBdAXC7peNT99BgSZGFzaF9oaWdoXzEwODBwX3YxEQB1_gdl5p0BAA&_nc_gid=VFSbt80YLpMq923JBqkbtA&_nc_ss=7a22e&_nc_zt=28&oh=00_AQDPlTDzZLZ1sfQdbVk_zySp3f3_mzDOwptmGB_aXzfLMQ&oe=6A51D249
Cg92fbclkPG,https://www.instagram.com/reel/Cg92fbclkPG/,"Com esses caminhos você se coloca em movimento, e a partir da quantidade você melhorar a sua qualidade se torna cada vez mais original! 🖤⚡️ #criadordeconteudo",1659892862,6911,307,89.63300323486328,clips,https://scontent-poa1-1.cdninstagram.com/o1/v/t2/f2/m86/AQOd1DBnqhlsoLhvaMuSEF_dJfxPdwOBZmMOLcksUahNMRw-tDlKthPwFftfbyTggtbqWFqX6u_HBZHdd5eUROTR3d8psYLY2rW7WPE.mp4?_nc_cat=108&_nc_sid=5e9851&_nc_ht=scontent-poa1-1.cdninstagram.com&_nc_ohc=MQCNee76IHUQ7kNvwEv8TLF&efg=eyJ2ZW5jb2RlX3RhZyI6Inhwdl9wcm9ncmVzc2l2ZS5JTlNUQUdSQU0uQ0xJUFMuQzMuNzIwLmRhc2hfYmFzZWxpbmVfMV92MSIsInhwdl9hc3NldF9pZCI6NTM4NzU4NzU5MTMyODk2NywiYXNzZXRfYWdlX2RheXMiOjE0MzIsInZpX3VzZWNhc2VfaWQiOjEwMDk5LCJkdXJhdGlvbl9zIjo4OSwidXJsZ2VuX3NvdXJjZSI6Ind3dyJ9&ccb=17-1&vs=5f49b30dff3c3479&_nc_vs=HBksFQIYUmlnX3hwdl9yZWVsc19wZXJtYW5lbnRfc3JfcHJvZC8xMzQyRUNCRUFCQkJCRjQ2NThBNkU0NDQ1QjFENUI5Nl92aWRlb19kYXNoaW5pdC5tcDQVAALIARIAFQIYOnBhc3N0aHJvdWdoX2V2ZXJzdG9yZS9HR3Bqd1JHaVh0T19NVklCQU9YQmN5RzBwS1l5YnFfRUFBQUYVAgLIARIAKAAYABsCiAd1c2Vfb2lsATEScHJvZ3Jlc3NpdmVfcmVjaXBlATEVAAAmjtOeye_-kRMVAigCQzMsF0BWaIMSbpeNGBJkYXNoX2Jhc2VsaW5lXzFfdjERAHX-B2XmnQEA&_nc_gid=VFSbt80YLpMq923JBqkbtA&_nc_ss=7a22e&_nc_zt=28&oh=00_AQC49zoHLExoYulI6glguJwhFrypB4yqV0PcmfRMfcYwQQ&oe=6A51E139
Cg4Xf-8FwE8,https://www.instagram.com/reel/Cg4Xf-8FwE8/,Você tem mais o que aprender com a família Shelby do que imagina!! 👀 Eles com certeza seriam produtores de conteúdo estratégicos. #criadordeconteudo #dicasdemarketing,1659708997,173384,6119,75.87899780273438,clips,https://scontent-poa1-1.cdninstagram.com/o1/v/t2/f2/m86/AQOyp5jWONKyh6cVzUgkhGeg79BzKOG47r0wvFocuyAHL0BGlZbC1oOZOxuShxIZN5hlf5QG3kxyV-Ga176tWz4.mp4?_nc_cat=106&_nc_sid=5e9851&_nc_ht=scontent-poa1-1.cdninstagram.com&_nc_ohc=8b5ZadMuyEEQ7kNvwENn4TO&efg=eyJ2ZW5jb2RlX3RhZyI6Inhwdl9wcm9ncmVzc2l2ZS5JTlNUQUdSQU0uQ0xJUFMuQzMuNDgwLmRhc2hfYmFzZWxpbmVfMl92MSIsInhwdl9hc3NldF9pZCI6NzgwMzUzMzA2MzMzNzkyLCJhc3NldF9hZ2VfZGF5cyI6MTQzNCwidmlfdXNlY2FzZV9pZCI6MTAwOTksImR1cmF0aW9uX3MiOjc1LCJ1cmxnZW5fc291cmNlIjoid3d3In0%3D&ccb=17-1&vs=8878b12ba3309dac&_nc_vs=HBksFQIYRmlnX3hwdl9yZWVsc19wZXJtYW5lbnRfc3JfcHJvZC82MDUwNDc0NjQzMTY1MDBfNTE1NzE0NjQyMDYzNDgxNDYyMS5tcDQVAALIARIAFQIYOnBhc3N0aHJvdWdoX2V2ZXJzdG9yZS9HRkMtdFJHQnh2LXVNZTBDQUx4bHdxNFhZR1kyYnFfRUFBQUYVAgLIARIAKAAYABsCiAd1c2Vfb2lsATEScHJvZ3Jlc3NpdmVfcmVjaXBlATEVAAAmwMn8mcXu4gIVAigCQzMsF0BS92yLQ5WBGBJkYXNoX2Jhc2VsaW5lXzJfdjERAHX-B2XmnQEA&_nc_gid=VFSbt80YLpMq923JBqkbtA&_nc_ss=7a22e&_nc_zt=28&oh=00_AQDYde_c7ncn06xAl-mZokhFUOy576ftBPap6i7-Ks6RYA&oe=6A51C2C6
Cgz9_7il27L,https://www.instagram.com/reel/Cgz9_7il27L/,"A vida é bela pra quem tem coragem! 🖤 Vale a pena correr atrás do que você sempre sonhou, porque no final das contas ser feliz é a única coisa que importa! ⚡️",1659561264,5615,412,98.26599884033203,clips,https://scontent-poa1-1.cdninstagram.com/o1/v/t2/f2/m86/AQN3yatINLv1PLmN1t4eVaSbXK7nesnodt3UE7SVDhpmiApCRcTzEGDQclq0ikBmoONiXVbLA5KCu-2slK8KnA1IEAdHRWs-cVaX7Tg.mp4?_nc_cat=107&_nc_sid=5e9851&_nc_ht=scontent-poa1-1.cdninstagram.com&_nc_ohc=L3CyQ75k1XEQ7kNvwGsIjYX&efg=eyJ2ZW5jb2RlX3RhZyI6Inhwdl9wcm9ncmVzc2l2ZS5JTlNUQUdSQU0uQ0xJUFMuQzMuNzIwLmRhc2hfYmFzZWxpbmVfMV92MSIsInhwdl9hc3NldF9pZCI6MzIzODA3ODU2OTc5MzY1OSwiYXNzZXRfYWdlX2RheXMiOjE0MzUsInZpX3VzZWNhc2VfaWQiOjEwMDk5LCJkdXJhdGlvbl9zIjo5OCwidXJsZ2VuX3NvdXJjZSI6Ind3dyJ9&ccb=17-1&vs=eae6aaf4a28a8458&_nc_vs=HBksFQIYUmlnX3hwdl9yZWVsc19wZXJtYW5lbnRfc3JfcHJvZC8yOTQ1MEM1RjI0RkU3N0JFRDU2QTlBQjY3RDg3MUNCQl92aWRlb19kYXNoaW5pdC5tcDQVAALIARIAFQIYOnBhc3N0aHJvdWdoX2V2ZXJzdG9yZS9HTHI2dWhFQlVkYlppN0VEQU5QQU5XRlJ5WE45YnFfRUFBQUYVAgLIARIAKAAYABsCiAd1c2Vfb2lsATEScHJvZ3Jlc3NpdmVfcmVjaXBlATEVAAAm9qHCrv3AwAsVAigCQzMsF0BYkQYk3S8bGBJkYXNoX2Jhc2VsaW5lXzFfdjERAHX-B2XmnQEA&_nc_gid=VFSbt80YLpMq923JBqkbtA&_nc_ss=7a22e&_nc_zt=28&oh=00_AQC36hwWUxpdRclzrLLL6I1ryWvJAldO6ofHw7wwMv1LFg&oe=6A51CBA8
Cgu2gy0lW9z,https://www.instagram.com/reel/Cgu2gy0lW9z/,Os primeiros segundos do seu vídeo define se ele vive ou não! ⚡️ Observação: A primeira dica não se aplica se você quiser usar o gatilho de curiosidade intencionalmente ;),1659389550,9777,455,38.26599884033203,clips,https://scontent-poa1-1.cdninstagram.com/o1/v/t2/f2/m86/AQNCnwqu_yhIjSSCxfNDehO6aXuOhDgvPyXwaJdM4hvCl0ZkA_sxmjeRPUwAUIde11djpsgQqH0mr3omkctXQdsSc7TY4jztHAcdCbc.mp4?_nc_cat=110&_nc_sid=5e9851&_nc_ht=scontent-poa1-1.cdninstagram.com&_nc_ohc=8Z6xdbBzbYoQ7kNvwEE8Kfe&efg=eyJ2ZW5jb2RlX3RhZyI6Inhwdl9wcm9ncmVzc2l2ZS5JTlNUQUdSQU0uQ0xJUFMuQzMuNzIwLmRhc2hfYmFzZWxpbmVfMV92MSIsInhwdl9hc3NldF9pZCI6MTM4NTY5OTM4NTI3MjQyNywiYXNzZXRfYWdlX2RheXMiOjE0MzcsInZpX3VzZWNhc2VfaWQiOjEwMDk5LCJkdXJhdGlvbl9zIjozOCwidXJsZ2VuX3NvdXJjZSI6Ind3dyJ9&ccb=17-1&vs=fe5fbd9e2130afe7&_nc_vs=HBksFQIYUmlnX3hwdl9yZWVsc19wZXJtYW5lbnRfc3JfcHJvZC8xRDQyOUY3M0RENTQ3MUJGOTI1RjlBNjM0RkQ4MUFCNl92aWRlb19kYXNoaW5pdC5tcDQVAALIARIAFQIYOnBhc3N0aHJvdWdoX2V2ZXJzdG9yZS9HS1dDdFJIU201VFlyX1lTQUpOemh0S1NLRlJiYnFfRUFBQUYVAgLIARIAKAAYABsCiAd1c2Vfb2lsATEScHJvZ3Jlc3NpdmVfcmVjaXBlATEVAAAm1qH_-aiS9gQVAigCQzMsF0BDIgxJul41GBJkYXNoX2Jhc2VsaW5lXzFfdjERAHX-B2XmnQEA&_nc_gid=VFSbt80YLpMq923JBqkbtA&_nc_ss=7a22e&_nc_zt=28&oh=00_AQDBkEa-7q5DNilespzGFa86p8AAz2kO7D5eemOQ-m_pHg&oe=6A51F1C3
Cgj5aVdFOB8,https://www.instagram.com/reel/Cgj5aVdFOB8/,"Empreender é complicado demais, então só produção de conteúdo não precisa ser! 🥰 Foque no que importa esqueça todo resto! Seu público tem desejos que nos movem problemas a serem resolvidos! ⚡️",1659022026,2636,138,63.433998107910156,clips,https://scontent-poa1-1.cdninstagram.com/o1/v/t2/f2/m86/AQO5DLmO6agaWQ-m_izaSU53KDagc--iV-IDKHD1ONcUK8vyDmYwM7pMOaocQBmj3SujkjRj0t1dCcJGtasJ4RTOxhw3lZtRhgEDZcc.mp4?_nc_cat=106&_nc_sid=5e9851&_nc_ht=scontent-poa1-1.cdninstagram.com&_nc_ohc=yiWvmYCLGjYQ7kNvwExEMnJ&efg=eyJ2ZW5jb2RlX3RhZyI6Inhwdl9wcm9ncmVzc2l2ZS5JTlNUQUdSQU0uQ0xJUFMuQzMuNzIwLmRhc2hfYmFzZWxpbmVfMV92MSIsInhwdl9hc3NldF9pZCI6NDE4NTQyOTczNjMzOTM5LCJhc3NldF9hZ2VfZGF5cyI6MTQ0MiwidmlfdXNlY2FzZV9pZCI6MTAwOTksImR1cmF0aW9uX3MiOjYzLCJ1cmxnZW5fc291cmNlIjoid3d3In0%3D&ccb=17-1&vs=c85e5fbf0bdaf4d3&_nc_vs=HBksFQIYUmlnX3hwdl9yZWVsc19wZXJtYW5lbnRfc3JfcHJvZC84QzQzMDk4MjZEOUFFMkQ4NDlFQUQ5NkRFQUI2NzZCNV92aWRlb19kYXNoaW5pdC5tcDQVAALIARIAFQIYOnBhc3N0aHJvdWdoX2V2ZXJzdG9yZS9HT01QcnhHUEhQTko0UkFGQUg2Z1lqeW9aQ1F5YnFfRUFBQUYVAgLIARIAKAAYABsCiAd1c2Vfb2lsATEScHJvZ3Jlc3NpdmVfcmVjaXBlATEVAAAmppailLSqvgEVAigCQzMsF0BPt2yLQ5WBGBJkYXNoX2Jhc2VsaW5lXzFfdjERAHX-B2XmnQEA&_nc_gid=VFSbt80YLpMq923JBqkbtA&_nc_ss=7a22e&_nc_zt=28&oh=00_AQBhwNHxxURkUGCCJJz53vu80RTpNCEQDeRI0r4Q6LHjZg&oe=6A51D0AF
CgfYzxMlRX-,https://www.instagram.com/reel/CgfYzxMlRX-/,"As pessoas mudam e as redes sociais mudam junto! 📲⚡️ Resta aos interessados se adaptarem às atualizações… Sempre foi assim e sempre será. Você prefere ficar chorando, ou quer aprender a dominar esse novo instagram? Eu posso te ajudar nisso!",1658870824,3203,164,89.90399932861328,clips,https://scontent-poa1-1.cdninstagram.com/o1/v/t2/f2/m86/AQO_WA1v1SezWnw5Wt6L56toT4x_73tKx2TD5-yqsGSt-ZONBdJyR4SYnLhpj5mL1j4X40WBWJJPOqUHEi9yiotk4gCsLezjRjDWJGg.mp4?_nc_cat=107&_nc_sid=5e9851&_nc_ht=scontent-poa1-1.cdninstagram.com&_nc_ohc=KwqmTCy0croQ7kNvwGHGTOH&efg=eyJ2ZW5jb2RlX3RhZyI6Inhwdl9wcm9ncmVzc2l2ZS5JTlNUQUdSQU0uQ0xJUFMuQzMuNzIwLmRhc2hfYmFzZWxpbmVfMV92MSIsInhwdl9hc3NldF9pZCI6MzYwOTkwNDg2MDMzODYwLCJhc3NldF9hZ2VfZGF5cyI6MTQ0MywidmlfdXNlY2FzZV9pZCI6MTAwOTksImR1cmF0aW9uX3MiOjg5LCJ1cmxnZW5fc291cmNlIjoid3d3In0%3D&ccb=17-1&vs=b7f8c9ebac978239&_nc_vs=HBksFQIYUmlnX3hwdl9yZWVsc19wZXJtYW5lbnRfc3JfcHJvZC9EMDRBQzAzRTUxNDQ0OTNFMEFCQzNDMjQ2NDlGQzk4MV92aWRlb19kYXNoaW5pdC5tcDQVAALIARIAFQIYOnBhc3N0aHJvdWdoX2V2ZXJzdG9yZS9HTkp5cEJHWXhCQkw0RllDQUxVYTQ4cnhPMGNmYnFfRUFBQUYVAgLIARIAKAAYABsCiAd1c2Vfb2lsATEScHJvZ3Jlc3NpdmVfcmVjaXBlATEVAAAmiNf_2rSUpAEVAigCQzMsF0BWeZmZmZmaGBJkYXNoX2Jhc2VsaW5lXzFfdjERAHX-B2XmnQEA&_nc_gid=VFSbt80YLpMq923JBqkbtA&_nc_ss=7a22e&_nc_zt=28&oh=00_AQAgKCtmeyTydCST31xugELm17zBgfgG_8q4gO0JXixIAQ&oe=6A51EEF4
CgdCtyPlRD-,https://www.instagram.com/reel/CgdCtyPlRD-/,"Quem dá certo na internet repete, repete, repete… Então você não precisa ter medo de ser repetitivo! ⚡️ Seja repetindo suas crenças, seus rituais, suas melhores postagens… Igual eu fiz com esse post aqui! 😉",1658792280,1235,119,103.30000305175781,igtv,https://scontent-poa1-1.cdninstagram.com/o1/v/t16/f2/m69/AQO_VNcnfv24Y6YntHHlXszue7aWv_QOxUbr8xUVGYjeqNdDOC-BvQ-4hCr9uKt-_yWqvAsuFkufoxnRnmNC9vqQ.mp4?strext=1&_nc_cat=109&_nc_sid=5e9851&_nc_ht=scontent-poa1-1.cdninstagram.com&_nc_ohc=0Mc13T6iG3EQ7kNvwH6u44Y&efg=eyJ2ZW5jb2RlX3RhZyI6Inhwdl9wcm9ncmVzc2l2ZS5JTlNUQUdSQU0uSUdUVi5DMy43MjAuZGFzaF9iYXNlbGluZV8xX3YxIiwieHB2X2Fzc2V0X2lkIjoxMjcxNzQ3NjMzNTk5MzE0LCJhc3NldF9hZ2VfZGF5cyI6MTQ0NCwidmlfdXNlY2FzZV9pZCI6MTAxNDUsImR1cmF0aW9uX3MiOjEwMywidXJsZ2VuX3NvdXJjZSI6Ind3dyJ9&ccb=17-1&vs=ac37457b772a708&_nc_vs=HBksFQIYOnBhc3N0aHJvdWdoX2V2ZXJzdG9yZS9HSUNXbUFEN0wzbkVNc0FDQU9qaGluM2hKZllaYnZWQkFBQUYVAALIARIAFQIYOnBhc3N0aHJvdWdoX2V2ZXJzdG9yZS9HSFJlcFJFZHNsaXlCeG9DQUl0WU9YYkdVLVY4YnZWQkFBQUYVAgLIARIAKAAYABsCiAd1c2Vfb2lsATEScHJvZ3Jlc3NpdmVfcmVjaXBlATEVAAAmpM2On7qpwgQVAigCQzMsF0BZ0zMzMzMzGBJkYXNoX2Jhc2VsaW5lXzFfdjERAHXsB2XCngEA&_nc_gid=VFSbt80YLpMq923JBqkbtA&_nc_zt=28&_nc_ss=7a22e&oh=00_AQC6IBptn43E9JD3Dpy3Q37M7aAqMIxWMZfT7O7UAU2coA&oe=6A55C953
CgXw0kQFyJ6,https://www.instagram.com/reel/CgXw0kQFyJ6/,"🏃🏻‍♀️ Fuja de cliente que acha que você é o salvador da empresa dele, isso é pedir pra dar errado depois. Social Media não salva gargalos gerais da empresa como atendimento ruim, produto ruim, experiência ruim. E digo mais: Se ele coloca essa responsabilidade sobre você, é sinal que não entendeu que é um trabalho de 4 mãos e principalmente.. NÃO É do dia pra noite! Falo por experiência própria :) Alguém já teve experiência assim?",1658615645,6684,229,8.166000366210938,clips,https://scontent-poa1-1.cdninstagram.com/o1/v/t2/f2/m86/AQNg_PA2bi_5LmZnsAuCRoQFkl8BmCdJ99RFxp7G5S7y2KaZAtrcC9G-z__cVssCmXfy36JKf2cJ51BoBflp0dYZxodyeS0LA136UcY.mp4?_nc_cat=100&_nc_sid=5e9851&_nc_ht=scontent-poa1-1.cdninstagram.com&_nc_ohc=-Ox51EmiQPkQ7kNvwE_CZ0r&efg=eyJ2ZW5jb2RlX3RhZyI6Inhwdl9wcm9ncmVzc2l2ZS5JTlNUQUdSQU0uQ0xJUFMuQzMuNzIwLmRhc2hfYmFzZWxpbmVfMV92MSIsInhwdl9hc3NldF9pZCI6MzA0MTcwODQxODc3NTc2LCJhc3NldF9hZ2VfZGF5cyI6MTQ0NiwidmlfdXNlY2FzZV9pZCI6MTAwOTksImR1cmF0aW9uX3MiOjgsInVybGdlbl9zb3VyY2UiOiJ3d3cifQ%3D%3D&ccb=17-1&vs=d0ca3f004bd66ca3&_nc_vs=HBksFQIYUmlnX3hwdl9yZWVsc19wZXJtYW5lbnRfc3JfcHJvZC81RDQ2M0YwRTk0RUE5M0FFMzFBQ0E0ODUwOTE2OEM4Nl92aWRlb19kYXNoaW5pdC5tcDQVAALIARIAFQIYOnBhc3N0aHJvdWdoX2V2ZXJzdG9yZS9HRVpmbGhGcHQtaWEyUWdDQUZrSjdlZVNKOGtNYnFfRUFBQUYVAgLIARIAKAAYABsCiAd1c2Vfb2lsATEScHJvZ3Jlc3NpdmVfcmVjaXBlATEVAAAmkLHZr4mpigEVAigCQzMsF0AgVP3ztkWiGBJkYXNoX2Jhc2VsaW5lXzFfdjERAHX-B2XmnQEA&_nc_gid=VFSbt80YLpMq923JBqkbtA&_nc_ss=7a22e&_nc_zt=28&oh=00_AQBO7MeKHUCKufWL6MAwW8dQ2kkXiLmR0E0BQ5DqG9hflA&oe=6A51D7DD
CgPM7dIFX_i,https://www.instagram.com/reel/CgPM7dIFX_i/,"Crie uma estratégia pra incentivar respistas ao seu direct e seu engajamento agradece! ⚡️ Afinal, o grande segredo das redes sociais, é se relacionar! #criadordeconteudo #dicasdemarketing",1658327626,6888,410,62.400001525878906,clips,https://scontent-poa1-1.cdninstagram.com/o1/v/t2/f2/m86/AQNIsGc8GCBrt-dx2GJJ2noPv6fUog-SUKGoDyeD-e4VQYHgX0Lf_HUEMUWMLYQq4r7lVc74D6_6nWv5ckD8qeHJhgGozzWgsws_Prg.mp4?_nc_cat=110&_nc_sid=5e9851&_nc_ht=scontent-poa1-1.cdninstagram.com&_nc_ohc=WR-5DyA6gGQQ7kNvwEvgt0H&efg=eyJ2ZW5jb2RlX3RhZyI6Inhwdl9wcm9ncmVzc2l2ZS5JTlNUQUdSQU0uQ0xJUFMuQzMuNzIwLmRhc2hfYmFzZWxpbmVfMV92MSIsInhwdl9hc3NldF9pZCI6ODQ1ODU1NTQwMTM1MDcwLCJhc3NldF9hZ2VfZGF5cyI6MTQ1MCwidmlfdXNlY2FzZV9pZCI6MTAwOTksImR1cmF0aW9uX3MiOjYyLCJ1cmxnZW5fc291cmNlIjoid3d3In0%3D&ccb=17-1&vs=aff97001158a05d8&_nc_vs=HBksFQIYUmlnX3hwdl9yZWVsc19wZXJtYW5lbnRfc3JfcHJvZC8wQTRFNzgwNUZBRDQ5NDE4NUY0MjM0NjNCN0E4NkNBM192aWRlb19kYXNoaW5pdC5tcDQVAALIARIAFQIYOnBhc3N0aHJvdWdoX2V2ZXJzdG9yZS9HRTJia0JHeU9ZMmxRcFFBQUdSWDF6aGZ2dHNKYnFfRUFBQUYVAgLIARIAKAAYABsCiAd1c2Vfb2lsATEScHJvZ3Jlc3NpdmVfcmVjaXBlATEVAAAmvJKC8KLTgAMVAigCQzMsF0BPMzMzMzMzGBJkYXNoX2Jhc2VsaW5lXzFfdjERAHX-B2XmnQEA&_nc_gid=VFSbt80YLpMq923JBqkbtA&_nc_ss=7a22e&_nc_zt=28&oh=00_AQDc9t5MAuv_MVYKTlam3DkK8oN268cJKUE4j5Y9ohObxQ&oe=6A51D70B
CgFstnfF4Ab,https://www.instagram.com/reel/CgFstnfF4Ab/,"Eu perdi muito tempo tentando encontrar atalhos, a fórmula mágica… Mas isso não existe e só te faz perder mais tempo, comece agora e comece certo! ⚡️",1658008745,3429,109,27.200000762939453,clips,https://scontent-poa1-1.cdninstagram.com/o1/v/t2/f2/m86/AQPQn7UkKHuoRwN9-1QwFDoTbJpLnQFtF72irmgHw8RILzUWtgr8_PQsHe_I1usQDv_6A8kdUYlBsKQgE2i0lVxCHpzyGdKqOYe5xv8.mp4?_nc_cat=109&_nc_sid=5e9851&_nc_ht=scontent-poa1-1.cdninstagram.com&_nc_ohc=xXHv3cpCNr4Q7kNvwHGyGd6&efg=eyJ2ZW5jb2RlX3RhZyI6Inhwdl9wcm9ncmVzc2l2ZS5JTlNUQUdSQU0uQ0xJUFMuQzMuNzIwLmRhc2hfYmFzZWxpbmVfMV92MSIsInhwdl9hc3NldF9pZCI6MzI0MTY2MDkyOTQxNTQ1MSwiYXNzZXRfYWdlX2RheXMiOjE0NTMsInZpX3VzZWNhc2VfaWQiOjEwMDk5LCJkdXJhdGlvbl9zIjoyNywidXJsZ2VuX3NvdXJjZSI6Ind3dyJ9&ccb=17-1&vs=78c0f82bd16ed84c&_nc_vs=HBksFQIYUmlnX3hwdl9yZWVsc19wZXJtYW5lbnRfc3JfcHJvZC85RDQ5OTNBMkQ4NkI2RjA0OUM1Mjk3NTBEQ0I4QTg5MF92aWRlb19kYXNoaW5pdC5tcDQVAALIARIAFQIYOnBhc3N0aHJvdWdoX2V2ZXJzdG9yZS9HSHNTaXhGcnRRb0JnU29FQUZaYmxWeExLNDFGYnFfRUFBQUYVAgLIARIAKAAYABsCiAd1c2Vfb2lsATEScHJvZ3Jlc3NpdmVfcmVjaXBlATEVAAAmtuTwgsCRwgsVAigCQzMsF0A7MzMzMzMzGBJkYXNoX2Jhc2VsaW5lXzFfdjERAHX-B2XmnQEA&_nc_gid=VFSbt80YLpMq923JBqkbtA&_nc_ss=7a22e&_nc_zt=28&oh=00_AQAUmnR3uZXE3ixH52q20f0B82hgNPWiW8w1hWztOI3m-g&oe=6A51CBB2
CgDFfgrFVBp,https://www.instagram.com/reel/CgDFfgrFVBp/,"Vender não é o problema, o problema é fazer isso de forma invasiva e chata.. Preparei 3 possibilidades de você vender, sem vender! ⚡️ • Bastidores • Cliente transformado • Depoimentos Tudo isso fica ainda mais forte quando você conta histórias em cima das opções. Lembre-se que seu instagram profissional não é um hobby, então não tenha medo de ofertar seu produto! ⬇️ Você vende pelo seu perfil?",1657921201,11992,382,41.965999603271484,clips,https://scontent-poa1-1.cdninstagram.com/o1/v/t2/f2/m86/AQNR62dibE6sCRgId71q_LJIwCL_euRI0LRVqJgtgCIBa1esjl4v6E4G2V7DxDh7hkuImX0a5ru5U18OArP8619_EuVyov_xxx4PahQ.mp4?_nc_cat=109&_nc_sid=5e9851&_nc_ht=scontent-poa1-1.cdninstagram.com&_nc_ohc=_msEzjd5mWUQ7kNvwHKHz2m&efg=eyJ2ZW5jb2RlX3RhZyI6Inhwdl9wcm9ncmVzc2l2ZS5JTlNUQUdSQU0uQ0xJUFMuQzMuNzIwLmRhc2hfYmFzZWxpbmVfMV92MSIsInhwdl9hc3NldF9pZCI6MTQ5NTI0NjIyNzU2MzU4MCwiYXNzZXRfYWdlX2RheXMiOjE0NTQsInZpX3VzZWNhc2VfaWQiOjEwMDk5LCJkdXJhdGlvbl9zIjo0MSwidXJsZ2VuX3NvdXJjZSI6Ind3dyJ9&ccb=17-1&vs=cee517fbdb0e027b&_nc_vs=HBksFQIYUmlnX3hwdl9yZWVsc19wZXJtYW5lbnRfc3JfcHJvZC9CNjRFNzBCRjU1NjQxNDRCM0I5NEUxMUM5RTRFODlBRl92aWRlb19kYXNoaW5pdC5tcDQVAALIARIAFQIYOnBhc3N0aHJvdWdoX2V2ZXJzdG9yZS9HSWpuaHhHd0RpUzhHdk1HQUtwOW5DZG0wYmtrYnFfRUFBQUYVAgLIARIAKAAYABsCiAd1c2Vfb2lsATEScHJvZ3Jlc3NpdmVfcmVjaXBlATEVAAAm-JD3w-T6pwUVAigCQzMsF0BE-6XjU_fPGBJkYXNoX2Jhc2VsaW5lXzFfdjERAHX-B2XmnQEA&_nc_gid=VFSbt80YLpMq923JBqkbtA&_nc_ss=7a22e&_nc_zt=28&oh=00_AQA8DeRM61KENZ3cTo1PPTjY0sOM5aBR0WlOz6r9XKR4ZQ&oe=6A51E356
CgAtK1IFbrp,https://www.instagram.com/reel/CgAtK1IFbrp/,"Escrevemos uma carta pro nosso Eu do passado não cometer esses erros que atrapalham quem tá começando… Mas enquanto não descobrimos como mandá-la, talvez possa te ajudar! 🫢 1- Não existe hack; 2- Medo do que vão pensar; 3- Falta de estratégia. Veja até o final e descubra como solucionar como um deles, e Criar o Futuro que você sonha! ⚡️",1657841256,3303,245,117.06600189208984,igtv,https://scontent-poa1-1.cdninstagram.com/o1/v/t2/f2/m86/AQM2lpK6QWUdsf7u4NKFaGqXlx2Lpp99Wq7U8HgS2XiE_oGWI8PS0e0WSBFRStjtysD8H6ZH5AvzFk-t2GOHynQ.mp4?_nc_cat=100&_nc_sid=5e9851&_nc_ht=scontent-poa1-1.cdninstagram.com&_nc_ohc=B_ypYX8PC60Q7kNvwFlmY4G&efg=eyJ2ZW5jb2RlX3RhZyI6Inhwdl9wcm9ncmVzc2l2ZS5JTlNUQUdSQU0uSUdUVi5DMi4xMDgwLmRhc2hfaGlnaF8xMDgwcF92MSIsInhwdl9hc3NldF9pZCI6NjI0ODkwODkxOTc2Mzk5LCJhc3NldF9hZ2VfZGF5cyI6MTQ1NSwidmlfdXNlY2FzZV9pZCI6MTAxNDUsImR1cmF0aW9uX3MiOjExNywidXJsZ2VuX3NvdXJjZSI6Ind3dyJ9&ccb=17-1&vs=ff466e38f8a3cffe&_nc_vs=HBksFQIYRmlnX3hwdl9yZWVsc19wZXJtYW5lbnRfc3JfcHJvZC84MTAyNjcwMTMyNzY1OTdfNTQ3MzM1NjU5NDU5Mjk0NzkyNy5tcDQVAALIARIAFQIYOnBhc3N0aHJvdWdoX2V2ZXJzdG9yZS9HTVRLZXhIZXB2RjEzZEFDQUd3M3J6d3lWNlVmYnZWQkFBQUYVAgLIARIAKAAYABsCiAd1c2Vfb2lsATEScHJvZ3Jlc3NpdmVfcmVjaXBlATEVAAAmnvud-reVnAIVAigCQzIsF0BdRDlYEGJOGBJkYXNoX2hpZ2hfMTA4MHBfdjERAHXsB2XCngEA&_nc_gid=9aQ7YiAJtL3JBMF-zuGXxQ&_nc_zt=28&_nc_ss=7a22e&oh=00_AQBCm2hP_MEsHSvcTUHoMa3VK1wEuSpuHQOMLec47PUMsw&oe=6A51F35C
Cf_ioORFu0y,https://www.instagram.com/reel/Cf_ioORFu0y/,"Se sua empresa ainda não está nas redes sociais, você corre risco! A atenção está aqui 📲 💦 O digital é pra sua marca, assim como água é pra você!",1657802077,6970,239,30.399999618530273,clips,https://scontent-poa1-1.cdninstagram.com/o1/v/t2/f2/m86/AQPE-r06uGgCj54qkO9cmAWC03w1k5YDhOoj57YQDvi5HwIAFqqFDCAZ6CXD1jyu3kTmlYqIq1b9AFm5MRGDbPJasTFV97I2pBSeQpI.mp4?_nc_cat=110&_nc_sid=5e9851&_nc_ht=scontent-poa1-1.cdninstagram.com&_nc_ohc=hfPd_g8q7JYQ7kNvwFA5rot&efg=eyJ2ZW5jb2RlX3RhZyI6Inhwdl9wcm9ncmVzc2l2ZS5JTlNUQUdSQU0uQ0xJUFMuQzIuNzIwLmRhc2hfYmFzZWxpbmVfMV92MSIsInhwdl9hc3NldF9pZCI6NzczODgzNTY3MDk4NzMyLCJhc3NldF9hZ2VfZGF5cyI6MTQ1NiwidmlfdXNlY2FzZV9pZCI6MTAwOTksImR1cmF0aW9uX3MiOjMwLCJ1cmxnZW5fc291cmNlIjoid3d3In0%3D&ccb=17-1&vs=39f2fb1de312517b&_nc_vs=HBksFQIYUmlnX3hwdl9yZWVsc19wZXJtYW5lbnRfc3JfcHJvZC9FNDQzQUFDQjRCQjc0RTY2RjM0RUUwMzE5MEJFMTU4N192aWRlb19kYXNoaW5pdC5tcDQVAALIARIAFQIYOnBhc3N0aHJvdWdoX2V2ZXJzdG9yZS9HSEw2ZnhGMmNQRVgwZmtEQUh6Rl9mTmx1X2hEYnFfRUFBQUYVAgLIARIAKAAYABsCiAd1c2Vfb2lsATEScHJvZ3Jlc3NpdmVfcmVjaXBlATEVAAAm2K3q8fn13wIVAigCQzIsF0A-ZmZmZmZmGBJkYXNoX2Jhc2VsaW5lXzFfdjERAHX-B2XmnQEA&_nc_gid=9aQ7YiAJtL3JBMF-zuGXxQ&_nc_ss=7a22e&_nc_zt=28&oh=00_AQDRiii6hwXrrjNwbeDtQ4M4u5lmDO0vuJF62YB-WsZEjg&oe=6A51F097
Cf98lbclyXb,https://www.instagram.com/reel/Cf98lbclyXb/,"O problema em esperar segredos e hacks de engajamento é que se seu post não performa bem, você acha que o algoritmo está te sacaneando… Enquanto você achar que o algoritmo é vilão, você continua sem entender o que realmente importa: A produção de conteúdo intencional! ⚡️ #marketingnotiktok #marketingdigitalbrasil #dicasdemarketing",1657748619,7332,279,68.66600036621094,clips,https://scontent-poa1-1.cdninstagram.com/o1/v/t2/f2/m86/AQMFtaGg2Dt-ZvFt5BENXLwADy4aDaS2KZYnU3BalLJld_xmposzJajj3ibsKPF6Q5XTd45cqUJWUnZV48lNgY4stcBnzm716mtRL6E.mp4?_nc_cat=107&_nc_sid=5e9851&_nc_ht=scontent-poa1-1.cdninstagram.com&_nc_ohc=w16O0ZB8SFAQ7kNvwG3Lw4n&efg=eyJ2ZW5jb2RlX3RhZyI6Inhwdl9wcm9ncmVzc2l2ZS5JTlNUQUdSQU0uQ0xJUFMuQzIuNzIwLmRhc2hfYmFzZWxpbmVfMV92MSIsInhwdl9hc3NldF9pZCI6NzIyMTY3MTU5MDc4NTIzLCJhc3NldF9hZ2VfZGF5cyI6MTQ1NiwidmlfdXNlY2FzZV9pZCI6MTAwOTksImR1cmF0aW9uX3MiOjY4LCJ1cmxnZW5fc291cmNlIjoid3d3In0%3D&ccb=17-1&vs=1c9607f96dae5a83&_nc_vs=HBksFQIYUmlnX3hwdl9yZWVsc19wZXJtYW5lbnRfc3JfcHJvZC85MTQ4OTg3QjMzNTYwMjc4RkRGOEQxRTY0MzJENTM4Q192aWRlb19kYXNoaW5pdC5tcDQVAALIARIAFQIYOnBhc3N0aHJvdWdoX2V2ZXJzdG9yZS9HRE1EZGhFOHRQUVB2WVFBQUFleThvN0pfQkl6YnFfRUFBQUYVAgLIARIAKAAYABsCiAd1c2Vfb2lsATEScHJvZ3Jlc3NpdmVfcmVjaXBlATEVAAAm9vnhz9SzyAIVAigCQzIsF0BRKp--dsi0GBJkYXNoX2Jhc2VsaW5lXzFfdjERAHX-B2XmnQEA&_nc_gid=9aQ7YiAJtL3JBMF-zuGXxQ&_nc_ss=7a22e&_nc_zt=28&oh=00_AQAlHVd0E79clv8KpRI_bnsIMCSXw6hGbSkuFi1med9S8g&oe=6A51F2C4
Cf469yBFyiP,https://www.instagram.com/reel/Cf469yBFyiP/,"Esse é um erro que eu vejo muitas pessoas cometendo e eu certeza que ele é responsável por atrapalhar os seus resultados! Fale sobre assuntos que estejam incomodando realmente sua audiência, assuntos que ela tem interesse genuíno em saber… Para de postar o que você quer e comece a postar o que seus cliente querem, focando em Desejos e Problemas. Envia esse vídeo pra um amigo que produz conteúdo pra ele ficar sabendo também!",1657580086,7417,334,40.400001525878906,clips,https://scontent-poa1-1.cdninstagram.com/o1/v/t2/f2/m86/AQNMNt7m_O-jjFjqEwYXAmtyChVT7ZcY3fumzLSxnxjCaXczVG-2wZX5Q99QVi6iLGe-lTrgJnwcpRywcLjUCaacVoo2h3VnXOR6rVI.mp4?_nc_cat=111&_nc_sid=5e9851&_nc_ht=scontent-poa1-1.cdninstagram.com&_nc_ohc=tDlv2z2FSbgQ7kNvwH4y6s4&efg=eyJ2ZW5jb2RlX3RhZyI6Inhwdl9wcm9ncmVzc2l2ZS5JTlNUQUdSQU0uQ0xJUFMuQzIuNzIwLmRhc2hfYmFzZWxpbmVfMV92MSIsInhwdl9hc3NldF9pZCI6MzMxNjIzOTgyMTk5MjM1MywiYXNzZXRfYWdlX2RheXMiOjE0NTgsInZpX3VzZWNhc2VfaWQiOjEwMDk5LCJkdXJhdGlvbl9zIjo0MCwidXJsZ2VuX3NvdXJjZSI6Ind3dyJ9&ccb=17-1&vs=448c2c95a179a3d9&_nc_vs=HBksFQIYUmlnX3hwdl9yZWVsc19wZXJtYW5lbnRfc3JfcHJvZC9GMzQ1NDg4QjE2NTZCNkZERDQ0MUJCMDI4MTg0RjdCOF92aWRlb19kYXNoaW5pdC5tcDQVAALIARIAFQIYOnBhc3N0aHJvdWdoX2V2ZXJzdG9yZS9HQzNaYmhHbXlYWTNEd0lDQUhSOHY3VDNNazRuYnFfRUFBQUYVAgLIARIAKAAYABsCiAd1c2Vfb2lsATEScHJvZ3Jlc3NpdmVfcmVjaXBlATEVAAAmwsajiciG5AsVAigCQzIsF0BEMzMzMzMzGBJkYXNoX2Jhc2VsaW5lXzFfdjERAHX-B2XmnQEA&_nc_gid=9aQ7YiAJtL3JBMF-zuGXxQ&_nc_ss=7a22e&_nc_zt=28&oh=00_AQAR3b0nPaiV06RgJCVOjXRxitVexqJ_tQUX19EqN_yMhA&oe=6A51DD48
CfkIR7hl_6p,https://www.instagram.com/reel/CfkIR7hl_6p/,"Essa é a forma mais efetiva de você voltar pros trilhos depois de ter falhado na produção de conteúdo! Recomeçar é lindo! 🌻 Depois de uma semana me recuperando de um covid, estou pronta para recomeçar! E você? O que escolhe recomeçar essa semana?",1656882378,6698,298,29.347000122070312,clips,https://scontent-poa1-1.cdninstagram.com/o1/v/t2/f2/m86/AQMeh5QP3r212L9Ab_jONUxWW0GAutwZ3NuIaM8nnnCw0soiyGh2-pYOg1VbhJGOiqcQ9-0s06tp4308VxOPIKlqwEvKYKt60C7-3X0.mp4?_nc_cat=100&_nc_sid=5e9851&_nc_ht=scontent-poa1-1.cdninstagram.com&_nc_ohc=TaNHCJhabAAQ7kNvwEzW5Sl&efg=eyJ2ZW5jb2RlX3RhZyI6Inhwdl9wcm9ncmVzc2l2ZS5JTlNUQUdSQU0uQ0xJUFMuQzIuNzIwLmRhc2hfYmFzZWxpbmVfMV92MSIsInhwdl9hc3NldF9pZCI6MzMzOTM2ODc1NjAzNjE3LCJhc3NldF9hZ2VfZGF5cyI6MTQ2NiwidmlfdXNlY2FzZV9pZCI6MTAwOTksImR1cmF0aW9uX3MiOjI5LCJ1cmxnZW5fc291cmNlIjoid3d3In0%3D&ccb=17-1&vs=21bf06fd42c6d3d8&_nc_vs=HBksFQIYUmlnX3hwdl9yZWVsc19wZXJtYW5lbnRfc3JfcHJvZC9CNzQwMENDQ0QxMEM0RjdEQTQ1RjI1NDc0MDlDNTVBMF92aWRlb19kYXNoaW5pdC5tcDQVAALIARIAFQIYOnBhc3N0aHJvdWdoX2V2ZXJzdG9yZS9HSFZ3V1JIWGJ5X0VNZ29MQU9FaHRkdkxSUTBIYnFfRUFBQUYVAgLIARIAKAAYABsCiAd1c2Vfb2lsATEScHJvZ3Jlc3NpdmVfcmVjaXBlATEVAAAmwprIzdftlwEVAigCQzIsF0A9VT987ZFoGBJkYXNoX2Jhc2VsaW5lXzFfdjERAHX-B2XmnQEA&_nc_gid=9aQ7YiAJtL3JBMF-zuGXxQ&_nc_ss=7a22e&_nc_zt=28&oh=00_AQDB3FMQm3V4j3O5qgaXnR_3lrmaim_AFnAfUZYdTHmFxg&oe=6A51EC15
CfPpEXVlVMI,https://www.instagram.com/reel/CfPpEXVlVMI/,"Se vc sente medo do que os outros vão pensar, esse vídeo é pra você! É o SEU FUTURO que tá em jogo, vai deixar mesmo uma pessoa qualquer destruir ele?",1656195164,7876,306,20.533000946044922,clips,https://scontent-poa1-1.cdninstagram.com/o1/v/t2/f2/m86/AQM3nVj89zBv8IN8m4IGaGTTMGpT3Pjy1HvAW4gw3EmuBXLZKULQyaNkvowlzx1IWp1b6h7z0yxTs1-ya-RKviT0A_CEFVtoq2eyp3g.mp4?_nc_cat=100&_nc_sid=5e9851&_nc_ht=scontent-poa1-1.cdninstagram.com&_nc_ohc=GPeya5ufSEYQ7kNvwGI84F1&efg=eyJ2ZW5jb2RlX3RhZyI6Inhwdl9wcm9ncmVzc2l2ZS5JTlNUQUdSQU0uQ0xJUFMuQzIuNzIwLmRhc2hfYmFzZWxpbmVfMV92MSIsInhwdl9hc3NldF9pZCI6MzYwOTQ4ODcyODQ2Njk2LCJhc3NldF9hZ2VfZGF5cyI6MTQ3NCwidmlfdXNlY2FzZV9pZCI6MTAwOTksImR1cmF0aW9uX3MiOjIwLCJ1cmxnZW5fc291cmNlIjoid3d3In0%3D&ccb=17-1&vs=858099fb4a4047b5&_nc_vs=HBksFQIYUmlnX3hwdl9yZWVsc19wZXJtYW5lbnRfc3JfcHJvZC84QTQzOTNEMUJDMkZDQ0Y1MkQxMzU1RTM3MTY5RDZBQl92aWRlb19kYXNoaW5pdC5tcDQVAALIARIAFQIYOnBhc3N0aHJvdWdoX2V2ZXJzdG9yZS9HRE1NVHhFNFYzRmVTOGtEQU1ZRmhrVExaRXNXYnFfRUFBQUYVAgLIARIAKAAYABsCiAd1c2Vfb2lsATEScHJvZ3Jlc3NpdmVfcmVjaXBlATEVAAAm0PXI1f6RpAEVAigCQzIsF0A0iHKwIMScGBJkYXNoX2Jhc2VsaW5lXzFfdjERAHX-B2XmnQEA&_nc_gid=9aQ7YiAJtL3JBMF-zuGXxQ&_nc_ss=7a22e&_nc_zt=28&oh=00_AQBjY937NyWLQEFcQBY4LwnR_Vs7uZ_CF3tak0Wfc48T8Q&oe=6A51F085
Ce4mIn0lHTv,https://www.instagram.com/reel/Ce4mIn0lHTv/,"É claro que ter seu rosto ali torna tudo mais fácil, mas quem não quer aparecer ainda tem algumas soluções.. Nada que um esforço a mais em outras coisas não resolva! 👥 Seu perfil é humanizado? #marketingnoinstagram #dicasdemarketing #marketingdigitalbrasil",1655421673,4975,144,57.03300094604492,clips,https://scontent-poa1-1.cdninstagram.com/o1/v/t2/f2/m86/AQNYnm1Ltic0NdY0ln1Ft0zUA9C-cMITjWXmtxTPAlcFfYd_Vx11c9fRQePUn732QHKXj1JMJ1Y2HMOHXwLXFNOfgGP1bmtrKeDySNs.mp4?_nc_cat=107&_nc_sid=5e9851&_nc_ht=scontent-poa1-1.cdninstagram.com&_nc_ohc=SN1AuRrTHbEQ7kNvwHK_kLe&efg=eyJ2ZW5jb2RlX3RhZyI6Inhwdl9wcm9ncmVzc2l2ZS5JTlNUQUdSQU0uQ0xJUFMuQzIuNzIwLmRhc2hfYmFzZWxpbmVfMV92MSIsInhwdl9hc3NldF9pZCI6NDkwMjkxODE2MjIzNjc5LCJhc3NldF9hZ2VfZGF5cyI6MTQ4MywidmlfdXNlY2FzZV9pZCI6MTAwOTksImR1cmF0aW9uX3MiOjU3LCJ1cmxnZW5fc291cmNlIjoid3d3In0%3D&ccb=17-1&vs=7c658a113aec8526&_nc_vs=HBksFQIYUmlnX3hwdl9yZWVsc19wZXJtYW5lbnRfc3JfcHJvZC9DMzQ5QTJGMjQxNEQyMjczQzU1NUFGMThBRDA2RkZCNF92aWRlb19kYXNoaW5pdC5tcDQVAALIARIAFQIYOnBhc3N0aHJvdWdoX2V2ZXJzdG9yZS9HTFBiSXhGcHpuREZyVW9CQUlBUnU0aklkVnhUYnFfRUFBQUYVAgLIARIAKAAYABsCiAd1c2Vfb2lsATEScHJvZ3Jlc3NpdmVfcmVjaXBlATEVAAAm_s7W2N763gEVAigCQzIsF0BMhDlYEGJOGBJkYXNoX2Jhc2VsaW5lXzFfdjERAHX-B2XmnQEA&_nc_gid=9aQ7YiAJtL3JBMF-zuGXxQ&_nc_ss=7a22e&_nc_zt=28&oh=00_AQA5XfsI_ba5OeniRGADHnOqZYJ7lhSN9uV-PlolNdIi4A&oe=6A51E640
Cew5ER_l3QL,https://www.instagram.com/reel/Cew5ER_l3QL/,A bio normalmente é a primeira impressão que seu cliente tem de você no insta! 👀 Você sabe usa da forma estratégica? #marketingdigitalbrasil #dicasdeinstagram,1655163137,7918,312,60,clips,https://scontent-poa1-1.cdninstagram.com/o1/v/t2/f2/m86/AQPwNaIVG3_ndb2hQ3-GnhH5a_ZiEExwyOy43My1Ly9996mni3-bHvvXxvigITqqxVjyc3WXXeexiNMDiLe0tRr-SzKsOw7oomx70Lw.mp4?_nc_cat=105&_nc_sid=5e9851&_nc_ht=scontent-poa1-1.cdninstagram.com&_nc_ohc=tFXjQxQA2WYQ7kNvwHPhbiL&efg=eyJ2ZW5jb2RlX3RhZyI6Inhwdl9wcm9ncmVzc2l2ZS5JTlNUQUdSQU0uQ0xJUFMuQzIuNzIwLmRhc2hfYmFzZWxpbmVfMV92MSIsInhwdl9hc3NldF9pZCI6NTg1NDMyNjY2MzA1MTkwLCJhc3NldF9hZ2VfZGF5cyI6MTQ4NiwidmlfdXNlY2FzZV9pZCI6MTAwOTksImR1cmF0aW9uX3MiOjYwLCJ1cmxnZW5fc291cmNlIjoid3d3In0%3D&ccb=17-1&vs=ccf7da80d6df3f9c&_nc_vs=HBksFQIYUmlnX3hwdl9yZWVsc19wZXJtYW5lbnRfc3JfcHJvZC81MzQyNTMyQkQwMUVDQUJBQUVCNjRGQzcxQTNDODZCRV92aWRlb19kYXNoaW5pdC5tcDQVAALIARIAFQIYOnBhc3N0aHJvdWdoX2V2ZXJzdG9yZS9HUFZJRnhIV1NCSVh6andFQUhKQTAyOWtBckIxYnFfRUFBQUYVAgLIARIAKAAYABsCiAd1c2Vfb2lsATEScHJvZ3Jlc3NpdmVfcmVjaXBlATEVAAAmzMrrodWcigIVAigCQzIsF0BOAAAAAAAAGBJkYXNoX2Jhc2VsaW5lXzFfdjERAHX-B2XmnQEA&_nc_gid=9aQ7YiAJtL3JBMF-zuGXxQ&_nc_ss=7a22e&_nc_zt=28&oh=00_AQB6f5xjbWkrXMQcqOZqXN6yiAEETDCRXDlUJgpd1GZO7g&oe=6A51DA56
CemSIcGlLSs,https://www.instagram.com/reel/CemSIcGlLSs/,"Quando você começa a entender que toda ação gera uma reação, sua mente faz: 🤯🤯 Porque você consegue de fato escolher seus resultados já que nada é por acaso! Quer alcançar novas pessoas… então foque em ser COMPARTILHADO. ⚡ #marketingnoinstagram #dicasdemarketing #marketingdigitalbrasil",1654807074,5488,257,56.676998138427734,clips,https://scontent-poa1-1.cdninstagram.com/o1/v/t2/f2/m86/AQP6eePW50VLQ-g34_xxbiJLVneUUcJJ-T9LrAUTPU2L3qSkUH6kaSvnRsyjDW6QWvdR1X-NwiAI0eBjlRRsyU3tYes1KOg5xMtet94.mp4?_nc_cat=109&_nc_sid=5e9851&_nc_ht=scontent-poa1-1.cdninstagram.com&_nc_ohc=2pGCZecTQk8Q7kNvwHEGCyp&efg=eyJ2ZW5jb2RlX3RhZyI6Inhwdl9wcm9ncmVzc2l2ZS5JTlNUQUdSQU0uQ0xJUFMuQzIuNzIwLmRhc2hfYmFzZWxpbmVfMV92MSIsInhwdl9hc3NldF9pZCI6NTg1Nzc2ODY2MTg1NzcwLCJhc3NldF9hZ2VfZGF5cyI6MTQ5MCwidmlfdXNlY2FzZV9pZCI6MTAwOTksImR1cmF0aW9uX3MiOjU2LCJ1cmxnZW5fc291cmNlIjoid3d3In0%3D&ccb=17-1&vs=572a8c76764b29b&_nc_vs=HBksFQIYUmlnX3hwdl9yZWVsc19wZXJtYW5lbnRfc3JfcHJvZC85ODQ5M0NGQjU0QzZERDEyRTFENzJCRjU3OEQ5MzFBQl92aWRlb19kYXNoaW5pdC5tcDQVAALIARIAFQIYOnBhc3N0aHJvdWdoX2V2ZXJzdG9yZS9HR2lnRFJIc2pPZkY0ZkVCQU11TmY4ZTVod0JNYnFfRUFBQUYVAgLIARIAKAAYABsCiAd1c2Vfb2lsATEScHJvZ3Jlc3NpdmVfcmVjaXBlATEVAAAm1Mi24NmwigIVAigCQzIsF0BMVT987ZFoGBJkYXNoX2Jhc2VsaW5lXzFfdjERAHX-B2XmnQEA&_nc_gid=9aQ7YiAJtL3JBMF-zuGXxQ&_nc_ss=7a22e&_nc_zt=28&oh=00_AQBPO2lnnHsZnGd5NJt1sup2A1Jpyk12sNqbnxm41jOVPg&oe=6A51D51E
CeW5LZTFfGJ,https://www.instagram.com/reel/CeW5LZTFfGJ/,"Não existe mercado saturado pra quem sabe usar a própria personalidade para crescer! E você faz isso com ajuda do seu Branding, começando com suas CRENÇAS. > O que você acredita sobre seu nicho/ sobre a vida? Liste e fale delas sempre que der! Além de atrair pessoas que concordam com suas crenças, você conquista seu espaço usando sua personalidade. Chocante né? ⚡️",1654290723,3687,228,80,clips,https://scontent-poa1-1.cdninstagram.com/o1/v/t2/f2/m86/AQPlQjunQsfLdlOX0DvrzW-WQZ75bLkqjnXpH8WoqjvQD9QDGA1VfXzSz60KRhf-5DjFZcDWQMghy0XRBn-QJr725eSQEfPBbOMQCNk.mp4?_nc_cat=109&_nc_sid=5e9851&_nc_ht=scontent-poa1-1.cdninstagram.com&_nc_ohc=o7ztaWUQpY0Q7kNvwERXoq7&efg=eyJ2ZW5jb2RlX3RhZyI6Inhwdl9wcm9ncmVzc2l2ZS5JTlNUQUdSQU0uQ0xJUFMuQzIuNzIwLmRhc2hfYmFzZWxpbmVfMV92MSIsInhwdl9hc3NldF9pZCI6MTI1MDQzMTUyNTQ5MjExMCwiYXNzZXRfYWdlX2RheXMiOjE0OTYsInZpX3VzZWNhc2VfaWQiOjEwMDk5LCJkdXJhdGlvbl9zIjo3OSwidXJsZ2VuX3NvdXJjZSI6Ind3dyJ9&ccb=17-1&vs=b92bd5017628b0e6&_nc_vs=HBksFQIYUmlnX3hwdl9yZWVsc19wZXJtYW5lbnRfc3JfcHJvZC9CNzQyM0U2ODRCNzA4MzExMTcwMkY2NTQ5OTFCMURBQ192aWRlb19kYXNoaW5pdC5tcDQVAALIARIAFQIYOnBhc3N0aHJvdWdoX2V2ZXJzdG9yZS9HQlZvQnhFRWtFbGg2LTRFQUZTTXp1MTBETm94YnFfRUFBQUYVAgLIARIAKAAYABsCiAd1c2Vfb2lsATEScHJvZ3Jlc3NpdmVfcmVjaXBlATEVAAAmnNak7tjQuAQVAigCQzIsF0BUAAAAAAAAGBJkYXNoX2Jhc2VsaW5lXzFfdjERAHX-B2XmnQEA&_nc_gid=9aQ7YiAJtL3JBMF-zuGXxQ&_nc_ss=7a22e&_nc_zt=28&oh=00_AQAT2oBGteIXYq3yUDSfOLz96kdm3B_Cl5H_do7VgYDeGw&oe=6A51CABA
CeUVMYaFpHv,https://www.instagram.com/reel/CeUVMYaFpHv/,"Não, story não é 100% espontâneo! Eu canso de repetir que “nada é por acaso, tudo é intencional” e com o story não seria diferente! 👄 A Bianca (Boca Rosa), uma das maiores empresárias do país, compartilhou que segue um planejamento estratégico pro story e algumas pessoas não gostaram.. Mas isso é marketing! O Instagram é uma máquina de vendas e não seria profissional deixar “a Deus dará”... Quem sabe onde quer chegar, monta um planejamento! ⚡ Você já pensou nisso?",1654204668,7301,381,78.30000305175781,clips,https://scontent-poa1-1.cdninstagram.com/o1/v/t2/f2/m86/AQPn9qhdVja0GO3ua-tmUdb_scSJMN5pI3HwlJ4xQEk0xVdgXSEM1ZhP-CaleF6HyAyvZk-dPrO5ZF309BYEuUdXelfkE2FllMho2f4.mp4?_nc_cat=108&_nc_sid=5e9851&_nc_ht=scontent-poa1-1.cdninstagram.com&_nc_ohc=dX_Ja1ZSuGMQ7kNvwGcgE3Q&efg=eyJ2ZW5jb2RlX3RhZyI6Inhwdl9wcm9ncmVzc2l2ZS5JTlNUQUdSQU0uQ0xJUFMuQzIuNzIwLmRhc2hfYmFzZWxpbmVfMV92MSIsInhwdl9hc3NldF9pZCI6NDA4MjEyMTQ0NTMzMzU2LCJhc3NldF9hZ2VfZGF5cyI6MTQ5NywidmlfdXNlY2FzZV9pZCI6MTAwOTksImR1cmF0aW9uX3MiOjc4LCJ1cmxnZW5fc291cmNlIjoid3d3In0%3D&ccb=17-1&vs=a3e7ac61165ddcc0&_nc_vs=HBksFQIYUmlnX3hwdl9yZWVsc19wZXJtYW5lbnRfc3JfcHJvZC82MDRCQkJGQjY4OUQ3QTM1MDA2NkNCNDQ2QTE4MEZCRl92aWRlb19kYXNoaW5pdC5tcDQVAALIARIAFQIYOnBhc3N0aHJvdWdoX2V2ZXJzdG9yZS9HT1hpREJFUlFMTEFWWWdDQU1vZUNLb043R05aYnFfRUFBQUYVAgLIARIAKAAYABsCiAd1c2Vfb2lsATEScHJvZ3Jlc3NpdmVfcmVjaXBlATEVAAAm2L3xvYnRuQEVAigCQzIsF0BTkzMzMzMzGBJkYXNoX2Jhc2VsaW5lXzFfdjERAHX-B2XmnQEA&_nc_gid=9aQ7YiAJtL3JBMF-zuGXxQ&_nc_ss=7a22e&_nc_zt=28&oh=00_AQDo8Ik4XGMFgN81I_DLJdfdxbYSTlG8HfJG9sz8eslSVQ&oe=6A51E7C5
CeModQ-lDUH,https://www.instagram.com/reel/CeModQ-lDUH/,"4 verdades que ninguém fala sobre produzir conteúdo! 👀 De fato tomar essa decisão MUDOU A MINHA VIDA, mas nem tudo são flores e você precisa saber disso… Qual dessas verdades mais te chama atenção?",1653946391,5351,291,59.83300018310547,clips,https://scontent-poa1-1.cdninstagram.com/o1/v/t2/f2/m86/AQOagF1F4x5CyQ0EB0oXFi7AIG6ns3kNXW4yPNwCBZjil1EMLRYEEAwMDW_d4D2pFY1gv8LlLKjJ8b_QQbhkxCYlyRpTUzP8Sn-uZAA.mp4?_nc_cat=111&_nc_sid=5e9851&_nc_ht=scontent-poa1-1.cdninstagram.com&_nc_ohc=q8FCBSye6rgQ7kNvwHsrO1O&efg=eyJ2ZW5jb2RlX3RhZyI6Inhwdl9wcm9ncmVzc2l2ZS5JTlNUQUdSQU0uQ0xJUFMuQzIuNzIwLmRhc2hfYmFzZWxpbmVfMV92MSIsInhwdl9hc3NldF9pZCI6NTE3ODU0Nzk2NzA2NzI0LCJhc3NldF9hZ2VfZGF5cyI6MTUwMCwidmlfdXNlY2FzZV9pZCI6MTAwOTksImR1cmF0aW9uX3MiOjU5LCJ1cmxnZW5fc291cmNlIjoid3d3In0%3D&ccb=17-1&vs=6d33b33974ac9077&_nc_vs=HBksFQIYUmlnX3hwdl9yZWVsc19wZXJtYW5lbnRfc3JfcHJvZC9DMzRDNTA1NERCODZGQjRDMjQwNjU4ODc1RkZERUM5RV92aWRlb19kYXNoaW5pdC5tcDQVAALIARIAFQIYOnBhc3N0aHJvdWdoX2V2ZXJzdG9yZS9HRHMtQXhFOFpaTUZQdVFFQVBoaGhwUjhnWG9UYnFfRUFBQUYVAgLIARIAKAAYABsCiAd1c2Vfb2lsATEScHJvZ3Jlc3NpdmVfcmVjaXBlATEVAAAmyM6f846_6wEVAigCQzIsF0BN6p--dsi0GBJkYXNoX2Jhc2VsaW5lXzFfdjERAHX-B2XmnQEA&_nc_gid=9aQ7YiAJtL3JBMF-zuGXxQ&_nc_ss=7a22e&_nc_zt=28&oh=00_AQCrId3UZhj299XZK83sspLo6nU_EQ4_xmT_wXLORKO87g&oe=6A51CCB8
CeKAH5OlD8b,https://www.instagram.com/reel/CeKAH5OlD8b/,"As músicas do Ret vão além de melodia, elas dão aulas pra quem sabe ouvir! 🎙 Pra minha sorte, escuto ele há quase uma década, então aprendi desde cedo sobre Liberdade com o maior Libertário! ⚡️ Qual sua frase favoritas dessas do vídeo? E faltou alguma frase clássica?? A minha é: Pra ser bom é preciso sentir raiva da mediocridade! @filiperet",1653858164,16477,572,49.106998443603516,clips,https://scontent-poa1-1.cdninstagram.com/o1/v/t2/f2/m86/AQP8ADYDfQyKZR7as0KC8Oa0yD006KBN3sKy8nuOPh_j8NEt0wGPWppcS1LqnxAk-B-OeCec28DJM5ePM9hvMCgmqeyYAl2WH46wpWg.mp4?_nc_cat=101&_nc_sid=5e9851&_nc_ht=scontent-poa1-1.cdninstagram.com&_nc_ohc=qnGFLE1zf-MQ7kNvwEcTObU&efg=eyJ2ZW5jb2RlX3RhZyI6Inhwdl9wcm9ncmVzc2l2ZS5JTlNUQUdSQU0uQ0xJUFMuQzMuNzIwLmRhc2hfYmFzZWxpbmVfMV92MSIsInhwdl9hc3NldF9pZCI6MTQzMTY5MjcyMDU5NTExMCwiYXNzZXRfYWdlX2RheXMiOjE1MDEsInZpX3VzZWNhc2VfaWQiOjEwMDk5LCJkdXJhdGlvbl9zIjo0OSwidXJsZ2VuX3NvdXJjZSI6Ind3dyJ9&ccb=17-1&vs=cd76fa1e08b43c0a&_nc_vs=HBksFQIYUmlnX3hwdl9yZWVsc19wZXJtYW5lbnRfc3JfcHJvZC80MDRBM0FGMDI1NEM0QjYwMTk4QUVDNDg3Q0EyOTRBMV92aWRlb19kYXNoaW5pdC5tcDQVAALIARIAFQIYOnBhc3N0aHJvdWdoX2V2ZXJzdG9yZS9HQjRKX1JESUNXTGhSbUlBQUUxNlRBVkdvNWRjYnFfRUFBQUYVAgLIARIAKAAYABsCiAd1c2Vfb2lsATEScHJvZ3Jlc3NpdmVfcmVjaXBlATEVAAAmzILPgL6HiwUVAigCQzMsF0BIjMzMzMzNGBJkYXNoX2Jhc2VsaW5lXzFfdjERAHX-B2XmnQEA&_nc_gid=muAy7biUmQvdU_5Y5Kqiaw&_nc_ss=7a22e&_nc_zt=28&oh=00_AQB6LJoOkvOl3m3UIJjWU82sQvKxULi8jJ5UCmkL8if9YA&oe=6A51D90E
CeCY1O2FnpO,https://www.instagram.com/reel/CeCY1O2FnpO/,"Se você já deixou de seguir seus sonhos por medo do que os outros pensam, esse vídeo é pra você! Eu consegui me livrar esse peso com ajuda dessas dicas e estou aqui pra te ajudar! ❤️ > Como agora e se torne bom no caminho; > Só quem fala de você é porque não teve coragem de fazer também; > Você tem muito potencial e merece viver a vida que sempre sonhou! O rompimento mora na intensidade! ⚡️",1653602908,5610,206,50.917999267578125,clips,https://scontent-poa1-1.cdninstagram.com/o1/v/t2/f2/m86/AQNx58ZROpCUHcDfwHaxSZan0FEvQcIYH6rO4JYH1D6geR8mKOAW4MwVCTGe-Y8rbqgshSHhv4idm8RRqoAUhPLMEr4j48xzinmYkUY.mp4?_nc_cat=104&_nc_sid=5e9851&_nc_ht=scontent-poa1-1.cdninstagram.com&_nc_ohc=HF8FLMaxJpIQ7kNvwHTrczL&efg=eyJ2ZW5jb2RlX3RhZyI6Inhwdl9wcm9ncmVzc2l2ZS5JTlNUQUdSQU0uQ0xJUFMuQzMuNzIwLmRhc2hfYmFzZWxpbmVfMV92MSIsInhwdl9hc3NldF9pZCI6NzUxNjU4MDAzNTA4MTkyMSwiYXNzZXRfYWdlX2RheXMiOjE1MDQsInZpX3VzZWNhc2VfaWQiOjEwMDk5LCJkdXJhdGlvbl9zIjo1MCwidXJsZ2VuX3NvdXJjZSI6Ind3dyJ9&ccb=17-1&vs=f5d59c4a86af3fba&_nc_vs=HBksFQIYUmlnX3hwdl9yZWVsc19wZXJtYW5lbnRfc3JfcHJvZC9CNTQwQ0E4OTEyNjFEODFGRTMyNkY4NDJFMUQ3REM5Q192aWRlb19kYXNoaW5pdC5tcDQVAALIARIAFQIYOnBhc3N0aHJvdWdoX2V2ZXJzdG9yZS9HTjh2NEJDX2c4SUN0cWdBQUxLZ0lVUndCaVliYnFfRUFBQUYVAgLIARIAKAAYABsCiAd1c2Vfb2lsATEScHJvZ3Jlc3NpdmVfcmVjaXBlATEVAAAmgtvVrsWS2hoVAigCQzMsF0BJczMzMzMzGBJkYXNoX2Jhc2VsaW5lXzFfdjERAHX-B2XmnQEA&_nc_gid=muAy7biUmQvdU_5Y5Kqiaw&_nc_ss=7a22e&_nc_zt=28&oh=00_AQCPuYkypobZhB8D8_Vcnjq7jwFUbmk_6k7Vepq_QqbW4Q&oe=6A51E3E5
Cd_AWrjF7wI,https://www.instagram.com/reel/Cd_AWrjF7wI/,"Repete comigo: Tudo é intencional! 🗣 Se você quer atrair novos seguidores, precisa fazer postagens que tenham esse objetivo! #marketingdigitalbrasil #dicasdemarketingdigital #producaodeconteudo",1653489157,3803,225,55.965999603271484,clips,https://scontent-poa1-1.cdninstagram.com/o1/v/t2/f2/m86/AQN5DePelh847L-qO1N3NVoWy8L9aV5gOiSnXtTO9jrkhQregERmaWpDoksD3fJAhTSejeVnxcQat4ERbJ4PLrD-ZrwuI7vfmNfK5Bc.mp4?_nc_cat=102&_nc_sid=5e9851&_nc_ht=scontent-poa1-1.cdninstagram.com&_nc_ohc=HH2QKLtbxjgQ7kNvwHm7NwZ&efg=eyJ2ZW5jb2RlX3RhZyI6Inhwdl9wcm9ncmVzc2l2ZS5JTlNUQUdSQU0uQ0xJUFMuQzMuNzIwLmRhc2hfYmFzZWxpbmVfMV92MSIsInhwdl9hc3NldF9pZCI6NTYxNDQ4MjM4OTMxMjYzLCJhc3NldF9hZ2VfZGF5cyI6MTUwNiwidmlfdXNlY2FzZV9pZCI6MTAwOTksImR1cmF0aW9uX3MiOjU1LCJ1cmxnZW5fc291cmNlIjoid3d3In0%3D&ccb=17-1&vs=846e94bc0c9f4a24&_nc_vs=HBksFQIYUmlnX3hwdl9yZWVsc19wZXJtYW5lbnRfc3JfcHJvZC9BRDQ5QUIyNURCNUExRTFERkM2RDJEQzE2QkI2NTFCRF92aWRlb19kYXNoaW5pdC5tcDQVAALIARIAFQIYOnBhc3N0aHJvdWdoX2V2ZXJzdG9yZS9HTzZlNkJEN0pvOE5mbmNCQU5rSzJtTkQzSE55YnFfRUFBQUYVAgLIARIAKAAYABsCiAd1c2Vfb2lsATEScHJvZ3Jlc3NpdmVfcmVjaXBlATEVAAAm_vS6rcuo_wEVAigCQzMsF0BL-6XjU_fPGBJkYXNoX2Jhc2VsaW5lXzFfdjERAHX-B2XmnQEA&_nc_gid=muAy7biUmQvdU_5Y5Kqiaw&_nc_ss=7a22e&_nc_zt=28&oh=00_AQDnP3raxmkvt89m6p_xVt823dbpU9B6XYcoifn_ztyoMw&oe=6A51E88F
Cd1djBalY0x,https://www.instagram.com/reel/Cd1djBalY0x/,Ditados populares que parecem inofensivos podem moldar suas ações e te ensinar princípios que nem sempre são eficazes… Querem a parte 4? 👀,1653169054,3284,184,56.900001525878906,clips,https://scontent-poa1-1.cdninstagram.com/o1/v/t2/f2/m86/AQOB9Frzg2SPG-uj5fq0qKWnkqBVdQX9KafSPlkPIgBnEZgZG8Ad3My-U2rRznHAdmcXKiYhQ3dYNIUhhjMsG858vo8_Dvc6-2POH4c.mp4?_nc_cat=106&_nc_sid=5e9851&_nc_ht=scontent-poa1-1.cdninstagram.com&_nc_ohc=mtUveKf1CBkQ7kNvwGgYDY4&efg=eyJ2ZW5jb2RlX3RhZyI6Inhwdl9wcm9ncmVzc2l2ZS5JTlNUQUdSQU0uQ0xJUFMuQzMuNzIwLmRhc2hfYmFzZWxpbmVfMV92MSIsInhwdl9hc3NldF9pZCI6NTMyNzE1NDQxNjk1NzA0LCJhc3NldF9hZ2VfZGF5cyI6MTUwOSwidmlfdXNlY2FzZV9pZCI6MTAwOTksImR1cmF0aW9uX3MiOjU2LCJ1cmxnZW5fc291cmNlIjoid3d3In0%3D&ccb=17-1&vs=c0e9249b3d8e76ec&_nc_vs=HBksFQIYUmlnX3hwdl9yZWVsc19wZXJtYW5lbnRfc3JfcHJvZC82ODRDRTA5NTA3NEYyNUFDRjg3QThDRDQzOUZBOUJCMl92aWRlb19kYXNoaW5pdC5tcDQVAALIARIAFQIYOnBhc3N0aHJvdWdoX2V2ZXJzdG9yZS9HRWZGdXhBRHBaQkZNQWtHQUs3eDdhNHhWLTh3YnFfRUFBQUYVAgLIARIAKAAYABsCiAd1c2Vfb2lsATEScHJvZ3Jlc3NpdmVfcmVjaXBlATEVAAAmsK_Zqo-g8gEVAigCQzMsF0BMczMzMzMzGBJkYXNoX2Jhc2VsaW5lXzFfdjERAHX-B2XmnQEA&_nc_gid=muAy7biUmQvdU_5Y5Kqiaw&_nc_ss=7a22e&_nc_zt=28&oh=00_AQC8IfAHMDSfj7t5t9FVL75d80xJPDLDCPB3T2ZAn-mEjA&oe=6A51D9C7
CdwU7RFlXEu,https://www.instagram.com/reel/CdwU7RFlXEu/,"Saber que cada ação tem uma reação te da controle para escolher seus frutos! Se você quer CRESCER, faça ações para esse objetivo! > Postagens em Collabs.. Se você tem uma loja, pode usar do marketing de influência para postar em collab e aumentar o alcance do seu perfil! > Assunto do momento.. Quando você fala de algo que está na boca do povo, pode ter certeza que você terá mais tração e irá chegar em mais pessoas! > Produção de reels.. Quando você produz reels intencionais, com capricho e copy você está no caminho certo! Eles ainda são a melhor maneira de mostra seu conteúdo para além da massa de seguidores que você já tem! Gostou das dicas? Então já salva esse post para relembrar quando quiser! ⚡️ #CriadoresdoFuturo",1652996835,3468,172,59.965999603271484,clips,https://scontent-poa1-1.cdninstagram.com/o1/v/t2/f2/m86/AQNeZhlsxdF8bH_1JnKdFHHgDGF_8CKHzmP14oZ9m8kR5vzl6Du2Z0ylUvf0fw7c0SdMcpK5OiVKgdk8OU5oXxymmvvKfljXBnFzAb0.mp4?_nc_cat=110&_nc_sid=5e9851&_nc_ht=scontent-poa1-1.cdninstagram.com&_nc_ohc=LNVwbH3CPz0Q7kNvwGnunTm&efg=eyJ2ZW5jb2RlX3RhZyI6Inhwdl9wcm9ncmVzc2l2ZS5JTlNUQUdSQU0uQ0xJUFMuQzMuNzIwLmRhc2hfYmFzZWxpbmVfMV92MSIsInhwdl9hc3NldF9pZCI6NTMzNzQ5NzAxNzEyOTYyLCJhc3NldF9hZ2VfZGF5cyI6MTUxMSwidmlfdXNlY2FzZV9pZCI6MTAwOTksImR1cmF0aW9uX3MiOjU5LCJ1cmxnZW5fc291cmNlIjoid3d3In0%3D&ccb=17-1&vs=32bb4657414592a0&_nc_vs=HBksFQIYUmlnX3hwdl9yZWVsc19wZXJtYW5lbnRfc3JfcHJvZC83MzQ4ODEwMzYyNzk3NDMwQkZENTcyOTMxNTAzRDY4RV92aWRlb19kYXNoaW5pdC5tcDQVAALIARIAFQIYOnBhc3N0aHJvdWdoX2V2ZXJzdG9yZS9HTS1ZM2hDSXlzelR4T0FEQUNTOGZOMEVYRGxRYnFfRUFBQUYVAgLIARIAKAAYABsCiAd1c2Vfb2lsATEScHJvZ3Jlc3NpdmVfcmVjaXBlATEVAAAmhPH0lanc8gEVAigCQzMsF0BN-6XjU_fPGBJkYXNoX2Jhc2VsaW5lXzFfdjERAHX-B2XmnQEA&_nc_gid=muAy7biUmQvdU_5Y5Kqiaw&_nc_ss=7a22e&_nc_zt=28&oh=00_AQCKB4-hHdqeAqpqPtqNhfh2VPJZkcNd0TrBD-cMzkiKMw&oe=6A51EC33
Cdoo2JylZun,https://www.instagram.com/reel/Cdoo2JylZun/,"Falta de ideias de conteúdo é muuuuito normal, a minha vantagem é que faço isso todos os dias há anos! Então tô aqui pra ajudar vocês ⚡ 📸 Já encaminha esse vídeo pra um fotógrafo/a que você conheça eee.. ⬇️ Comente aqui qual próximo nicho?? #dicasdemarketing #marketingdigitalbrasil",1652738640,3734,194,57.768001556396484,clips,https://scontent-poa1-1.cdninstagram.com/o1/v/t2/f2/m86/AQO0gK1Jn54ac0IoiXv9i60ixzxdNLugivA1uUS4tWmEcTdQlvvioIxA0t1DlcrCsBFMne66v_tuSUZMR2vKqd84poibyqRsVoYOhk4.mp4?_nc_cat=101&_nc_sid=5e9851&_nc_ht=scontent-poa1-1.cdninstagram.com&_nc_ohc=zmN8cnzyw0YQ7kNvwHwNQBd&efg=eyJ2ZW5jb2RlX3RhZyI6Inhwdl9wcm9ncmVzc2l2ZS5JTlNUQUdSQU0uQ0xJUFMuQzMuNzIwLmRhc2hfYmFzZWxpbmVfMV92MSIsInhwdl9hc3NldF9pZCI6Mzg2MTM1NDU2NzkzNDkxLCJhc3NldF9hZ2VfZGF5cyI6MTUxNCwidmlfdXNlY2FzZV9pZCI6MTAwOTksImR1cmF0aW9uX3MiOjU3LCJ1cmxnZW5fc291cmNlIjoid3d3In0%3D&ccb=17-1&vs=1817b6df95a0ef59&_nc_vs=HBksFQIYUmlnX3hwdl9yZWVsc19wZXJtYW5lbnRfc3JfcHJvZC9CRTQyQkM2NzEwOUJCNUIwQjlCN0ZFMzIyRkEwRTlBQV92aWRlb19kYXNoaW5pdC5tcDQVAALIARIAFQIYOnBhc3N0aHJvdWdoX2V2ZXJzdG9yZS9HQVhRd2hCcHczUkFzdGtGQUQyMklUVnJfS3dGYnFfRUFBQUYVAgLIARIAKAAYABsCiAd1c2Vfb2lsATEScHJvZ3Jlc3NpdmVfcmVjaXBlATEVAAAmpo7mq4XMrwEVAigCQzMsF0BM4gxJul41GBJkYXNoX2Jhc2VsaW5lXzFfdjERAHX-B2XmnQEA&_nc_gid=muAy7biUmQvdU_5Y5Kqiaw&_nc_ss=7a22e&_nc_zt=28&oh=00_AQDml-VtyvxzcUnvJv5X8cWb6BUEy5nRlDFcvJv66XII9w&oe=6A51E0EE
CdmRiAPlL9_,https://www.instagram.com/reel/CdmRiAPlL9_/,"Eu acredito fielmente no meu sucesso profissional, e mais.. Acredito que o primeiro passo para dar certo é ter uma crença inabalável nele. A diferença entre desistir e fracassar é que uma você parou de tentar e outra você aprendeu e foi pro próximo nível. Não me parabenize por não ter parado, me parabenize pela evolução.. Eu nunca vou parar! ⚡️❤️",1652659256,10885,671,59.733001708984375,clips,https://scontent-poa1-1.cdninstagram.com/o1/v/t2/f2/m86/AQPevVI_wMIxjXtbKD5WUpMjDfTvY-u_2rC21ym6rK1gOkg_KFmKupQg5T5zDtECo2Bghpwp6ZOw-uWmMkg8gQUTN9iul6La_Jtp68w.mp4?_nc_cat=107&_nc_sid=5e9851&_nc_ht=scontent-poa1-1.cdninstagram.com&_nc_ohc=fLM9ClAOg1gQ7kNvwGz3OEm&efg=eyJ2ZW5jb2RlX3RhZyI6Inhwdl9wcm9ncmVzc2l2ZS5JTlNUQUdSQU0uQ0xJUFMuQzMuNzIwLmRhc2hfYmFzZWxpbmVfMV92MSIsInhwdl9hc3NldF9pZCI6MTEzOTg4NzA1MzQ3NzE1MSwiYXNzZXRfYWdlX2RheXMiOjE1MTUsInZpX3VzZWNhc2VfaWQiOjEwMDk5LCJkdXJhdGlvbl9zIjo1OSwidXJsZ2VuX3NvdXJjZSI6Ind3dyJ9&ccb=17-1&vs=1014c38bb6531c0c&_nc_vs=HBksFQIYUmlnX3hwdl9yZWVsc19wZXJtYW5lbnRfc3JfcHJvZC9BQzRDRkM2QzJFQzZCQUNFREZBM0IyQjRFRDlGNDc5Ml92aWRlb19kYXNoaW5pdC5tcDQVAALIARIAFQIYOnBhc3N0aHJvdWdoX2V2ZXJzdG9yZS9HT05YdkJDSWZqRldIX1FEQUw1R2EzWWZKbDhKYnFfRUFBQUYVAgLIARIAKAAYABsCiAd1c2Vfb2lsATEScHJvZ3Jlc3NpdmVfcmVjaXBlATEVAAAmvtTArpSuhgQVAigCQzMsF0BN3dLxqfvnGBJkYXNoX2Jhc2VsaW5lXzFfdjERAHX-B2XmnQEA&_nc_gid=muAy7biUmQvdU_5Y5Kqiaw&_nc_ss=7a22e&_nc_zt=28&oh=00_AQA2U1_rwcNMVY1dpXCTlrgjB988J2hqSd2fAiXHtwMdiQ&oe=6A51C978
CdEdRhnlGKm,https://www.instagram.com/reel/CdEdRhnlGKm/,"Ter ideias de conteúdo é muito simples pra mim que faço isso todos os dias.. todos os dias MESMO! 🤯 Se você tem muita dificuldade para pensar em ideias, pode estar faltando referências pra você.. 💡 • O que seus concorrentes estão postando? 💡 • Tem algum assunto do momento no seu nicho? 💡 • Quais problemas as pessoas que te seguem, estão passando e precisam de ajuda? 💡 • Quais assuntos você mais domina? 💄 Se você conhece alguém que produz conteúdo de maquiagem, já manda esse vídeo pra ela! 💋 ⬇️ Comenta aqui qual próximo nicho você quer que eu de ideias!",1651525115,7375,260,46.97100067138672,clips,https://scontent-poa1-1.cdninstagram.com/o1/v/t2/f2/m86/AQMQjItYl4wpCWqlUAdeyrhirmCg-z28NN3AkU7LI5YdiohA-O7mxsDSztAyB4ytmeWKWb4sSue5SqgAMW5w3RWJkK4OOkFs3WdJ3-A.mp4?_nc_cat=111&_nc_sid=5e9851&_nc_ht=scontent-poa1-1.cdninstagram.com&_nc_ohc=6suELsx9900Q7kNvwH07Oat&efg=eyJ2ZW5jb2RlX3RhZyI6Inhwdl9wcm9ncmVzc2l2ZS5JTlNUQUdSQU0uQ0xJUFMuQzMuNzIwLmRhc2hfYmFzZWxpbmVfMV92MSIsInhwdl9hc3NldF9pZCI6MTA1OTI4Njg1ODMwMDc1MiwiYXNzZXRfYWdlX2RheXMiOjE1MjgsInZpX3VzZWNhc2VfaWQiOjEwMDk5LCJkdXJhdGlvbl9zIjo0NiwidXJsZ2VuX3NvdXJjZSI6Ind3dyJ9&ccb=17-1&vs=4c931cdd6b502bba&_nc_vs=HBksFQIYUmlnX3hwdl9yZWVsc19wZXJtYW5lbnRfc3JfcHJvZC8xQjQxNDlGQzc4NzRGMTNDRDI3OUY5ODc2QjQzQzU4MF92aWRlb19kYXNoaW5pdC5tcDQVAALIARIAFQIYOnBhc3N0aHJvdWdoX2V2ZXJzdG9yZS9HRjZackJDQk1fUVdCSUVDQUpjMVNCVWQ4b0lnYnFfRUFBQUYVAgLIARIAKAAYABsCiAd1c2Vfb2lsATEScHJvZ3Jlc3NpdmVfcmVjaXBlATEVAAAmoPW7js7a4QMVAigCQzMsF0BHe6XjU_fPGBJkYXNoX2Jhc2VsaW5lXzFfdjERAHX-B2XmnQEA&_nc_gid=muAy7biUmQvdU_5Y5Kqiaw&_nc_ss=7a22e&_nc_zt=28&oh=00_AQA0bFpPj45VcB1Td4zaUyQQdMo4JvePt0OYk0HF0jG1cA&oe=6A51DFE0
Cc1JflolVjt,https://www.instagram.com/reel/Cc1JflolVjt/,Definir seus símbolos é um dos passos para tornar sua comunicação inesquecível! ⚡️ SUA VEZ: Qual o seu símbolo?,1651010924,7779,300,60.03300094604492,clips,https://scontent-poa1-1.cdninstagram.com/o1/v/t2/f2/m86/AQP1bs8hM1WjDETQf6lDkiXxslEo2pGA3LUHrmf9Jico3QdJ9mxhX4j8v6CmNYZN1UUsM5CVuIKuUOpXPGam2SI14WfflHXW3h0TJCE.mp4?_nc_cat=109&_nc_sid=5e9851&_nc_ht=scontent-poa1-1.cdninstagram.com&_nc_ohc=SbtgJiP9iikQ7kNvwHVA3Sw&efg=eyJ2ZW5jb2RlX3RhZyI6Inhwdl9wcm9ncmVzc2l2ZS5JTlNUQUdSQU0uQ0xJUFMuQzMuNzIwLmRhc2hfYmFzZWxpbmVfMV92MSIsInhwdl9hc3NldF9pZCI6NzA0NTk2ODAwNTgzMTA5LCJhc3NldF9hZ2VfZGF5cyI6MTUzNCwidmlfdXNlY2FzZV9pZCI6MTAwOTksImR1cmF0aW9uX3MiOjYwLCJ1cmxnZW5fc291cmNlIjoid3d3In0%3D&ccb=17-1&vs=8b0488cfa696578c&_nc_vs=HBksFQIYUmlnX3hwdl9yZWVsc19wZXJtYW5lbnRfc3JfcHJvZC82ODRBRDdEQ0Y1RDBCOEMyNUEwMzQxQzBBQkQ0QUZBQ192aWRlb19kYXNoaW5pdC5tcDQVAALIARIAFQIYOnBhc3N0aHJvdWdoX2V2ZXJzdG9yZS9HS2tMb1JEaU5VS0VUX1VEQU9zaGNqSG9jZ0lSYnFfRUFBQUYVAgLIARIAKAAYABsCiAd1c2Vfb2lsATEScHJvZ3Jlc3NpdmVfcmVjaXBlATEVAAAmiteRoPe0wAIVAigCQzMsF0BOBDlYEGJOGBJkYXNoX2Jhc2VsaW5lXzFfdjERAHX-B2XmnQEA&_nc_gid=muAy7biUmQvdU_5Y5Kqiaw&_nc_ss=7a22e&_nc_zt=28&oh=00_AQAciCvmM6LFIrIi--L0jifyXFFnspBZrpUoczqWiRwZ_w&oe=6A51E1CA
CctcVilFfgW,https://www.instagram.com/reel/CctcVilFfgW/,Testado e aprovado! 😍 Esse gatilho mental aumentou meu engajamento e minhas vendass e você pode começar a aplicar hoje mesmooo! Você já conhecia esse gatilho mental?,1650752309,11103,445,60.02000045776367,clips,https://scontent-poa1-1.cdninstagram.com/o1/v/t2/f2/m86/AQOJoxZPa5KhQR2BDQtQb0re-t2cc5Nu8DIul0XFLA1c0UYz8S_CG8bhcnANjesiAvdl_rJFxxAInEvRVBamOOR0iAroEsxs6tpYHeA.mp4?_nc_cat=103&_nc_sid=5e9851&_nc_ht=scontent-poa1-1.cdninstagram.com&_nc_ohc=hC0ck9nuApEQ7kNvwEabG1O&efg=eyJ2ZW5jb2RlX3RhZyI6Inhwdl9wcm9ncmVzc2l2ZS5JTlNUQUdSQU0uQ0xJUFMuQzMuNzIwLmRhc2hfYmFzZWxpbmVfMV92MSIsInhwdl9hc3NldF9pZCI6MTgyOTQwOTQzMDU3ODY0NSwiYXNzZXRfYWdlX2RheXMiOjE1MzcsInZpX3VzZWNhc2VfaWQiOjEwMDk5LCJkdXJhdGlvbl9zIjo2MCwidXJsZ2VuX3NvdXJjZSI6Ind3dyJ9&ccb=17-1&vs=a544f4aec316bf7e&_nc_vs=HBksFQIYUmlnX3hwdl9yZWVsc19wZXJtYW5lbnRfc3JfcHJvZC8yQjRFMkIzMjI5MzA4RkRDMTgzQjYzNTFCOEQwNUFCRF92aWRlb19kYXNoaW5pdC5tcDQVAALIARIAFQIYOnBhc3N0aHJvdWdoX2V2ZXJzdG9yZS9HTkJrbmhBZ0E3UEt2UzhFQUJRVjVBaTItSDBxYnFfRUFBQUYVAgLIARIAKAAYABsCiAd1c2Vfb2lsATEScHJvZ3Jlc3NpdmVfcmVjaXBlATEVAAAmqpeRtNL1vwYVAigCQzMsF0BOAAAAAAAAGBJkYXNoX2Jhc2VsaW5lXzFfdjERAHX-B2XmnQEA&_nc_gid=muAy7biUmQvdU_5Y5Kqiaw&_nc_ss=7a22e&_nc_zt=28&oh=00_AQCEYLigHBYw713VveabDIHwYjBtVnO_8swC-m_cVZw2uw&oe=6A51D0F0
CclmL02lUlZ,https://www.instagram.com/reel/CclmL02lUlZ/,"Palavras, frases, crenças ou bordões são algumas maneiras de você ocupar ainda mais espaço mental dos seus seguidores! Chocante, né? ⚡️ Você já pensou nas suas palavras? Tem alguma minha que você se lembra? 👀",1650489060,9386,295,59.599998474121094,clips,https://scontent-poa1-1.cdninstagram.com/o1/v/t2/f2/m86/AQPYqJqkF030peBS8EtFJ-n9pUm6DtpAByu2kvlHHSpRF2wHEbl4lqZKf0m-Cl90C06dWYsPZIrLTGQIZ2bPg_H25PgrYDB1rCASITE.mp4?_nc_cat=103&_nc_sid=5e9851&_nc_ht=scontent-poa1-1.cdninstagram.com&_nc_ohc=gZ2PK7o6RyAQ7kNvwEGqBOf&efg=eyJ2ZW5jb2RlX3RhZyI6Inhwdl9wcm9ncmVzc2l2ZS5JTlNUQUdSQU0uQ0xJUFMuQzMuNzIwLmRhc2hfYmFzZWxpbmVfMV92MSIsInhwdl9hc3NldF9pZCI6MzQ1NDAzNTg0MzE4Nzk1LCJhc3NldF9hZ2VfZGF5cyI6MTU0MCwidmlfdXNlY2FzZV9pZCI6MTAwOTksImR1cmF0aW9uX3MiOjU5LCJ1cmxnZW5fc291cmNlIjoid3d3In0%3D&ccb=17-1&vs=1ed7df594a31553b&_nc_vs=HBksFQIYUmlnX3hwdl9yZWVsc19wZXJtYW5lbnRfc3JfcHJvZC80RTQxODZCODg3RkFFRjM1QUEwRUYzMzYwMzhCODRBQl92aWRlb19kYXNoaW5pdC5tcDQVAALIARIAFQIYOnBhc3N0aHJvdWdoX2V2ZXJzdG9yZS9HTjhJbkJCcUwxaFNKdVlCQUdCaDVYR0hBVFJCYnFfRUFBQUYVAgLIARIAKAAYABsCiAd1c2Vfb2lsATEScHJvZ3Jlc3NpdmVfcmVjaXBlATEVAAAmlrWUn5GJnQEVAigCQzMsF0BNzMzMzMzNGBJkYXNoX2Jhc2VsaW5lXzFfdjERAHX-B2XmnQEA&_nc_gid=muAy7biUmQvdU_5Y5Kqiaw&_nc_ss=7a22e&_nc_zt=28&oh=00_AQCoXqXfiwJXyChmZ_Zj_Sm91LpwuimcBQvkSGavymfeqg&oe=6A51D8A4
CcTkiw4FIpb,https://www.instagram.com/reel/CcTkiw4FIpb/,"Quanto antes você entender o poder em Recomeçar sempre que for preciso, menos serão as vezes que você será parado por desânimo! ⚡️ Você já foi parado por estar desanimado? Eu já!",1649884322,4654,219,60,clips,https://scontent-poa1-1.cdninstagram.com/o1/v/t2/f2/m86/AQPLogepoXHqJS0wFd7szcs6rdoJm84x89Slnkzo4BQMAoa6mXBG3SJ-ApGY2sYXNT9gSNdYlvkAIawXF73oxhNFGiOn0eEIEd_cqsY.mp4?_nc_cat=106&_nc_sid=5e9851&_nc_ht=scontent-poa1-1.cdninstagram.com&_nc_ohc=RTkoEjgFLi0Q7kNvwH-5qDA&efg=eyJ2ZW5jb2RlX3RhZyI6Inhwdl9wcm9ncmVzc2l2ZS5JTlNUQUdSQU0uQ0xJUFMuQzMuNzIwLmRhc2hfYmFzZWxpbmVfMV92MSIsInhwdl9hc3NldF9pZCI6MzQ3NDQyOTcwNzgwNTE3LCJhc3NldF9hZ2VfZGF5cyI6MTU0NywidmlfdXNlY2FzZV9pZCI6MTAwOTksImR1cmF0aW9uX3MiOjYwLCJ1cmxnZW5fc291cmNlIjoid3d3In0%3D&ccb=17-1&vs=178ea873455eddb1&_nc_vs=HBksFQIYUmlnX3hwdl9yZWVsc19wZXJtYW5lbnRfc3JfcHJvZC9GQTRBMEM1QTM3RkZDRjc3RTFEREI1MkU5QjkyMDY5Q192aWRlb19kYXNoaW5pdC5tcDQVAALIARIAFQIYOnBhc3N0aHJvdWdoX2V2ZXJzdG9yZS9HS2FrbUJCdUZMRmI5VjhCQUNRYmp0NEJEeGc1YnFfRUFBQUYVAgLIARIAKAAYABsCiAd1c2Vfb2lsATEScHJvZ3Jlc3NpdmVfcmVjaXBlATEVAAAmyo3T7ev_nQEVAigCQzMsF0BOAAAAAAAAGBJkYXNoX2Jhc2VsaW5lXzFfdjERAHX-B2XmnQEA&_nc_gid=muAy7biUmQvdU_5Y5Kqiaw&_nc_ss=7a22e&_nc_zt=28&oh=00_AQAjpVPBYOmSZVAtA3u7rC_fUoyjfqrzD8ryMrCKINclNw&oe=6A51E4CB
CcJSR98F3X4,https://www.instagram.com/reel/CcJSR98F3X4/,"Estratégia de compartilhamento é automaticamente estratégia de crescimento! 🤯 Sabendo disso, foca na coisa certa e vai produzir! ⚡️",1649539225,5199,273,56.909000396728516,clips,https://scontent-poa1-1.cdninstagram.com/o1/v/t2/f2/m86/AQNMYyEyBU76uQ42oILNgfxI1JakBFUNgSeKuvBozYmcss7T4BOh8DtReXvRzDZnRTB4BXtI3lMFEx3-F9KZOSyX1Hxo2wUJhtV1EWw.mp4?_nc_cat=108&_nc_sid=5e9851&_nc_ht=scontent-poa1-1.cdninstagram.com&_nc_ohc=Owb04s56RSYQ7kNvwG04KGd&efg=eyJ2ZW5jb2RlX3RhZyI6Inhwdl9wcm9ncmVzc2l2ZS5JTlNUQUdSQU0uQ0xJUFMuQzMuNzIwLmRhc2hfYmFzZWxpbmVfMV92MSIsInhwdl9hc3NldF9pZCI6MzcyMjUwMDA0Nzg5Mjg0LCJhc3NldF9hZ2VfZGF5cyI6MTU1MSwidmlfdXNlY2FzZV9pZCI6MTAwOTksImR1cmF0aW9uX3MiOjU2LCJ1cmxnZW5fc291cmNlIjoid3d3In0%3D&ccb=17-1&vs=752f19cda467a81d&_nc_vs=HBksFQIYUmlnX3hwdl9yZWVsc19wZXJtYW5lbnRfc3JfcHJvZC9DNTRFQkU2NUQyNkRDRERCNDgxMTc0NUJCNzZCNDg4MF92aWRlb19kYXNoaW5pdC5tcDQVAALIARIAFQIYOnBhc3N0aHJvdWdoX2V2ZXJzdG9yZS9HTVFWa1JER2o4d2dscHNDQUtwcWlrV3VXTlI2YnFfRUFBQUYVAgLIARIAKAAYABsCiAd1c2Vfb2lsATEScHJvZ3Jlc3NpdmVfcmVjaXBlATEVAAAmyODs1OajqQEVAigCQzMsF0BMczMzMzMzGBJkYXNoX2Jhc2VsaW5lXzFfdjERAHX-B2XmnQEA&_nc_gid=gW0LS_tsh9lolxJQkMu_XQ&_nc_ss=7a22e&_nc_zt=28&oh=00_AQAlX_ZBMoVGiMM4C4VJhC2jrTKgYe7hiexgW4MA-vccRA&oe=6A51E7D5
CcEMvehFwov,https://www.instagram.com/reel/CcEMvehFwov/,"Pensamentos geram sentimentos, sentimentos geram ações, e ações geram resultados! Então repete comigo: A curiosidade ENRIQUECEU o gato! 👀😌⚡",1649368408,5789,366,59.858001708984375,clips,https://scontent-poa1-1.cdninstagram.com/o1/v/t2/f2/m86/AQPO49ekZpJ7FGJzY9NtxDBAO05vF0X4WbVOkRNZaR84jkJOGtDjm_BluYQKbrdrgJV2DX7oZG2Lxfw_XC3y84ExCCgMd6xUYUrWSoQ.mp4?_nc_cat=105&_nc_sid=5e9851&_nc_ht=scontent-poa1-1.cdninstagram.com&_nc_ohc=LTbUUJbKQw0Q7kNvwEAdVlA&efg=eyJ2ZW5jb2RlX3RhZyI6Inhwdl9wcm9ncmVzc2l2ZS5JTlNUQUdSQU0uQ0xJUFMuQzMuNzIwLmRhc2hfYmFzZWxpbmVfMV92MSIsInhwdl9hc3NldF9pZCI6MzA4NzY4NDM0NjQ5MjM1LCJhc3NldF9hZ2VfZGF5cyI6MTU1MywidmlfdXNlY2FzZV9pZCI6MTAwOTksImR1cmF0aW9uX3MiOjU5LCJ1cmxnZW5fc291cmNlIjoid3d3In0%3D&ccb=17-1&vs=b8a7ebd5d467617f&_nc_vs=HBksFQIYUmlnX3hwdl9yZWVsc19wZXJtYW5lbnRfc3JfcHJvZC80RjQxRjlBMjFGOTI1QkRBM0MzM0YxRUFGM0REODVBMF92aWRlb19kYXNoaW5pdC5tcDQVAALIARIAFQIYOnBhc3N0aHJvdWdoX2V2ZXJzdG9yZS9HQ3ZzaXhEUlZlZTZ0OHdEQUc3TWNhN3lkRTQtYnFfRUFBQUYVAgLIARIAKAAYABsCiAd1c2Vfb2lsATEScHJvZ3Jlc3NpdmVfcmVjaXBlATEVAAAmpuLrjdi0jAEVAigCQzMsF0BN6p--dsi0GBJkYXNoX2Jhc2VsaW5lXzFfdjERAHX-B2XmnQEA&_nc_gid=gW0LS_tsh9lolxJQkMu_XQ&_nc_ss=7a22e&_nc_zt=28&oh=00_AQAPOW6tA27oMs5c3lFWke15r_HE1-hGMhA4E3lyWscAxw&oe=6A51BF32
Cb8bVpXlUf1,https://www.instagram.com/reel/Cb8bVpXlUf1/,"Guarde bem o que vou te falar! O conceito de ROUBAR COMO UM ARTISTA vai mudar a forma como você enxerga a produção de conteúdo. Pra quem tá começando, entender isso é o que vai te colocar em movimento.. e NO MOVIMENTO você descobre a sua originalidade! > Busque referências; > Descubra os melhores posts delas; > Roube um pouco de cada; > Adicione sua essência. A ação traz todas as respostas! ⚡️ Confia! Agora vai lá criar <3",1649107667,6787,343,55.29999923706055,clips,https://scontent-poa1-1.cdninstagram.com/o1/v/t2/f2/m86/AQN3b4oov7CZW2HfiHDuw_W-3ynLsY9hVQKLi8cldbU7UFa7BR1IJdAoqLNrnUp8His7f1B7vrMy75aKFv_zZdB9ZISdzmL2fq7BsZg.mp4?_nc_cat=102&_nc_sid=5e9851&_nc_ht=scontent-poa1-1.cdninstagram.com&_nc_ohc=HOTQBnxZwQQQ7kNvwHI8FAG&efg=eyJ2ZW5jb2RlX3RhZyI6Inhwdl9wcm9ncmVzc2l2ZS5JTlNUQUdSQU0uQ0xJUFMuQzMuNzIwLmRhc2hfYmFzZWxpbmVfMV92MSIsInhwdl9hc3NldF9pZCI6MzA4Mzc1MDU4ODU0MTk4MSwiYXNzZXRfYWdlX2RheXMiOjE1NTYsInZpX3VzZWNhc2VfaWQiOjEwMDk5LCJkdXJhdGlvbl9zIjo1NSwidXJsZ2VuX3NvdXJjZSI6Ind3dyJ9&ccb=17-1&vs=8e8c1f658b3b72e5&_nc_vs=HBksFQIYUmlnX3hwdl9yZWVsc19wZXJtYW5lbnRfc3JfcHJvZC9GRjRDOUFCN0M5RjZGMEUyRkRDQ0NCRDkzOUVDQjU4N192aWRlb19kYXNoaW5pdC5tcDQVAALIARIAFQIYOnBhc3N0aHJvdWdoX2V2ZXJzdG9yZS9HRV93a1JCSTBWZlA1NjhCQUxMTHlNemliYlVRYnFfRUFBQUYVAgLIARIAKAAYABsCiAd1c2Vfb2lsATEScHJvZ3Jlc3NpdmVfcmVjaXBlATEVAAAmurC_pvSp-goVAigCQzMsF0BLpmZmZmZmGBJkYXNoX2Jhc2VsaW5lXzFfdjERAHX-B2XmnQEA&_nc_gid=gW0LS_tsh9lolxJQkMu_XQ&_nc_ss=7a22e&_nc_zt=28&oh=00_AQCSwhWHVYWE_OCf-bS0oF3XKCabTC_CzzIlQB_JbOs62w&oe=6A51DE07
Cbz9DTVlEN8,https://www.instagram.com/reel/Cbz9DTVlEN8/,Não deixe que pessoas coloquem mentiras na sua cabeça! 👀 Você só tem vantagens em começar a produzir conteúdo HOJEEE ⚡️ ⬇️ Você já faz parte desse mercado bilionário? Eu sim!,1648823338,16067,269,59.439998626708984,clips,https://scontent-poa1-1.cdninstagram.com/o1/v/t2/f2/m86/AQMDRhGEIqw3aPJxHvfN-390pbUvqWeTLjoVmvdkmWZz6pwbgWQVVBx1WHMg_BRVnWNPTNpSXIeTk8hyuVo-IhB0I-YhA8M6MNBadxE.mp4?_nc_cat=109&_nc_sid=5e9851&_nc_ht=scontent-poa1-1.cdninstagram.com&_nc_ohc=vmHFjHLdrWwQ7kNvwF6k0my&efg=eyJ2ZW5jb2RlX3RhZyI6Inhwdl9wcm9ncmVzc2l2ZS5JTlNUQUdSQU0uQ0xJUFMuQzMuNzIwLmRhc2hfYmFzZWxpbmVfMV92MSIsInhwdl9hc3NldF9pZCI6NjMzOTI1NzgxMDM4MjA1LCJhc3NldF9hZ2VfZGF5cyI6MTU2MCwidmlfdXNlY2FzZV9pZCI6MTAwOTksImR1cmF0aW9uX3MiOjU5LCJ1cmxnZW5fc291cmNlIjoid3d3In0%3D&ccb=17-1&vs=7a8b12bd50116bf8&_nc_vs=HBksFQIYUmlnX3hwdl9yZWVsc19wZXJtYW5lbnRfc3JfcHJvZC9GNTQxODM3NzM2NDIwNDk2M0NFOTc4Rjk1MjlCOUI4Q192aWRlb19kYXNoaW5pdC5tcDQVAALIARIAFQIYOnBhc3N0aHJvdWdoX2V2ZXJzdG9yZS9HRVRwaGhBUnVnbnA3d1VRQUExaXFpYVU1R1oxYnFfRUFBQUYVAgLIARIAKAAYABsCiAd1c2Vfb2lsATEScHJvZ3Jlc3NpdmVfcmVjaXBlATEVAAAm-pHxj6ujoAIVAigCQzMsF0BNt2yLQ5WBGBJkYXNoX2Jhc2VsaW5lXzFfdjERAHX-B2XmnQEA&_nc_gid=gW0LS_tsh9lolxJQkMu_XQ&_nc_ss=7a22e&_nc_zt=28&oh=00_AQCDM0To7Kh4tA2CEG5DcebOHN3xO0TzxZdtX1dZAd12_A&oe=6A51CC62
CbsNGh6lUj5,https://www.instagram.com/reel/CbsNGh6lUj5/,"Esse lugar é extremamente estratégico para que, quem está te vendo pela primeira vez, tenha certeza de que vale a pena te seguir! A bio é a primeira coisa que as pessoas reparam quando chegam no seu perfil, então cada um dos 150 caracteres precisam ter intenção. ⚡️ Mas atire a primeira pedra quem nunca cometeu algum desses erros! 😂 ⬇️ Quais deles você JÁ FEZ?",1648563306,7460,333,59.93299865722656,clips,https://scontent-poa1-1.cdninstagram.com/o1/v/t2/f2/m86/AQMzW4FCDQAEdiho4qSR84uqZGMynzhZj4xQCEeLBXIq2wSv7zd4u9XMEtVLx9ZshNvPoPoj7UBcVKNWldfrdMF19JaVDjclpTeRDr4.mp4?_nc_cat=101&_nc_sid=5e9851&_nc_ht=scontent-poa1-1.cdninstagram.com&_nc_ohc=Iyhl7MgEvnoQ7kNvwHPlW6z&efg=eyJ2ZW5jb2RlX3RhZyI6Inhwdl9wcm9ncmVzc2l2ZS5JTlNUQUdSQU0uQ0xJUFMuQzMuNzIwLmRhc2hfYmFzZWxpbmVfMV92MSIsInhwdl9hc3NldF9pZCI6MTE1NzU0MjE3NTA2NTI2OCwiYXNzZXRfYWdlX2RheXMiOjE1NjMsInZpX3VzZWNhc2VfaWQiOjEwMDk5LCJkdXJhdGlvbl9zIjo1OSwidXJsZ2VuX3NvdXJjZSI6Ind3dyJ9&ccb=17-1&vs=2ddb65a6b8eece8a&_nc_vs=HBksFQIYUmlnX3hwdl9yZWVsc19wZXJtYW5lbnRfc3JfcHJvZC9FMDQwREE4M0ZDMTkzQkVEN0M4QkQ0MDE2MUJGODc5Nl92aWRlb19kYXNoaW5pdC5tcDQVAALIARIAFQIYOnBhc3N0aHJvdWdoX2V2ZXJzdG9yZS9HQ081aHhBVkFyM0NsRVFCQURSaDluVi1jRjRZYnFfRUFBQUYVAgLIARIAKAAYABsCiAd1c2Vfb2lsATEScHJvZ3Jlc3NpdmVfcmVjaXBlATEVAAAm6JLCoumxjgQVAigCQzMsF0BN92yLQ5WBGBJkYXNoX2Jhc2VsaW5lXzFfdjERAHX-B2XmnQEA&_nc_gid=gW0LS_tsh9lolxJQkMu_XQ&_nc_ss=7a22e&_nc_zt=28&oh=00_AQDcfWcSLoFU7_Q3aqWsuRKUqns9zheVQY_5wXzNrcsqJA&oe=6A51CEB2
CbpuWG1lovN,https://www.instagram.com/reel/CbpuWG1lovN/,Como você quer que as pessoa voltem no seu perfil se tá uma bagunça?? 🧹🪣💦 Hoje vamos arrumar isso!,1648480053,7530,279,59.78799819946289,clips,https://scontent-poa1-1.cdninstagram.com/o1/v/t2/f2/m86/AQNx4dOgaDSCR8q_CTVAPypN1MAgwvScW-1hKZ_u2DElJz5pvqPiptJWH9MJcw47JZww_f_pxznb6VNDXtym2SVAlEtENdajazMemhg.mp4?_nc_cat=100&_nc_sid=5e9851&_nc_ht=scontent-poa1-1.cdninstagram.com&_nc_ohc=6NW5GPliVTAQ7kNvwHX06zy&efg=eyJ2ZW5jb2RlX3RhZyI6Inhwdl9wcm9ncmVzc2l2ZS5JTlNUQUdSQU0uQ0xJUFMuQzMuNzIwLmRhc2hfYmFzZWxpbmVfMV92MSIsInhwdl9hc3NldF9pZCI6NjYxMTkyMzMxNzYwMzU5LCJhc3NldF9hZ2VfZGF5cyI6MTU2NCwidmlfdXNlY2FzZV9pZCI6MTAwOTksImR1cmF0aW9uX3MiOjU5LCJ1cmxnZW5fc291cmNlIjoid3d3In0%3D&ccb=17-1&vs=70da24f033da32f0&_nc_vs=HBksFQIYUmlnX3hwdl9yZWVsc19wZXJtYW5lbnRfc3JfcHJvZC8yOTQwMDAwREQzOTM3QTg3N0UzQUQ2Qjc2ODdCMEM4QV92aWRlb19kYXNoaW5pdC5tcDQVAALIARIAFQIYOnBhc3N0aHJvdWdoX2V2ZXJzdG9yZS9HT3FoaGhBYTFrVnptbmtBQUFySGVMZktobTBsYnFfRUFBQUYVAgLIARIAKAAYABsCiAd1c2Vfb2lsATEScHJvZ3Jlc3NpdmVfcmVjaXBlATEVAAAmzsuA4brWrAIVAigCQzMsF0BN4gxJul41GBJkYXNoX2Jhc2VsaW5lXzFfdjERAHX-B2XmnQEA&_nc_gid=gW0LS_tsh9lolxJQkMu_XQ&_nc_ss=7a22e&_nc_zt=28&oh=00_AQC2bdgqhJigdEZ2P5SJKo_phvzSiUUPtMsgmMn7I_3reA&oe=6A51D8A5
CbdeicDl-AG,https://www.instagram.com/reel/CbdeicDl-AG/,Porque algumas marcas ocupam mais espaço na sua mente do que outras? 🤔 É simples: Umas pensam com intenção em como fazer isso! Vou falar mais sobre como você pode construir um triplex não mente da sua audiência. Começando com.. RITUAIS. “Pronta pra fazer um bom dia!” Nunca foi por acaso! Qual ritual combina com você? ⬇️ Você acompanha algum influenciador que faz rituais?,1648069097,6289,277,52.965999603271484,clips,https://scontent-poa1-1.cdninstagram.com/o1/v/t2/f2/m86/AQPJpzH8XJ9WOISowLr6yguGpZRdGixw1cc_M-vDlmFCwdk5GQYbX3zssopYxlCI4EvN8icnAVqQ0PxqILcw1NmTqCrT6zen6gmQGsU.mp4?_nc_cat=100&_nc_sid=5e9851&_nc_ht=scontent-poa1-1.cdninstagram.com&_nc_ohc=zQAWsmOS3E4Q7kNvwHf0qRx&efg=eyJ2ZW5jb2RlX3RhZyI6Inhwdl9wcm9ncmVzc2l2ZS5JTlNUQUdSQU0uQ0xJUFMuQzMuNzIwLmRhc2hfYmFzZWxpbmVfMV92MSIsInhwdl9hc3NldF9pZCI6NjQ0NzQ1MzY5OTI4NTgyLCJhc3NldF9hZ2VfZGF5cyI6MTU2OCwidmlfdXNlY2FzZV9pZCI6MTAwOTksImR1cmF0aW9uX3MiOjUyLCJ1cmxnZW5fc291cmNlIjoid3d3In0%3D&ccb=17-1&vs=1f5ed745de486fa3&_nc_vs=HBksFQIYUmlnX3hwdl9yZWVsc19wZXJtYW5lbnRfc3JfcHJvZC8zMzRFQzc3MDgwMzdBOTFFMUIyMDEzMEY4N0YxMzc5M192aWRlb19kYXNoaW5pdC5tcDQVAALIARIAFQIYOnBhc3N0aHJvdWdoX2V2ZXJzdG9yZS9HR2NjaHhCbEtSWmhKa1lTQUxtVnpwaWxiZFZpYnFfRUFBQUYVAgLIARIAKAAYABsCiAd1c2Vfb2lsATEScHJvZ3Jlc3NpdmVfcmVjaXBlATEVAAAmjI72q4-ZpQIVAigCQzMsF0BKe6XjU_fPGBJkYXNoX2Jhc2VsaW5lXzFfdjERAHX-B2XmnQEA&_nc_gid=gW0LS_tsh9lolxJQkMu_XQ&_nc_ss=7a22e&_nc_zt=28&oh=00_AQASwPUuRb6qQBgrhdQR4AJUPFHbuGISA9ALlgz9I9sESw&oe=6A51D0C1
CbTPPoTFdWM,https://www.instagram.com/reel/CbTPPoTFdWM/,"Se sente perdido na estratégia pro story? Dicas que valem ouroo! 3 Pilares pro story engajado: > Técnica; > Conteúdo; > Linguagem corporal. Conhecimento acumulado não vale nada, você precisa aplicar, confia! ⚡️ Qual dos 3 você tem mais facilidade?",1647725550,5538,189,60,clips,https://scontent-poa1-1.cdninstagram.com/o1/v/t2/f2/m86/AQNm7nViL_FBP3g8K2iK2NXSFYiZYZpSXWjNzsU--__ZGcOFIakDQ1JQHE2WPVqDZ00JE9PLvQPqYW1rLxZ3zA8SleyZdyBHMuOJ_44.mp4?_nc_cat=103&_nc_sid=5e9851&_nc_ht=scontent-poa1-1.cdninstagram.com&_nc_ohc=INOroSROLd0Q7kNvwH8I6nD&efg=eyJ2ZW5jb2RlX3RhZyI6Inhwdl9wcm9ncmVzc2l2ZS5JTlNUQUdSQU0uQ0xJUFMuQzMuNzIwLmRhc2hfYmFzZWxpbmVfMV92MSIsInhwdl9hc3NldF9pZCI6NDMyMTk3NzI4NjU4MjI0LCJhc3NldF9hZ2VfZGF5cyI6MTU3MiwidmlfdXNlY2FzZV9pZCI6MTAwOTksImR1cmF0aW9uX3MiOjYwLCJ1cmxnZW5fc291cmNlIjoid3d3In0%3D&ccb=17-1&vs=3a5fe418885b1063&_nc_vs=HBksFQIYUmlnX3hwdl9yZWVsc19wZXJtYW5lbnRfc3JfcHJvZC9CRDRGOUY5RUI0QzQyNjE0QjA0ODc1NTkyQjhERTk5MV92aWRlb19kYXNoaW5pdC5tcDQVAALIARIAFQIYOnBhc3N0aHJvdWdoX2V2ZXJzdG9yZS9HUGFoYXhCZ2FBRV8ySmNBQUFNdWNyeWhjRTVrYnFfRUFBQUYVAgLIARIAKAAYABsCiAd1c2Vfb2lsATEScHJvZ3Jlc3NpdmVfcmVjaXBlATEVAAAm4Iy3gZzFxAEVAigCQzMsF0BOAAAAAAAAGBJkYXNoX2Jhc2VsaW5lXzFfdjERAHX-B2XmnQEA&_nc_gid=gW0LS_tsh9lolxJQkMu_XQ&_nc_ss=7a22e&_nc_zt=28&oh=00_AQBBNR-GZJadydS8CFNx6X-tWCBkICMrINMI8kygCu2dvw&oe=6A51E4CC
CbP9nyDFbmi,https://www.instagram.com/reel/CbP9nyDFbmi/,"Essa vai pra quem NÃO AMA o caminho tradicional que escolheu seguir, como faculdade, concurso ou carteira assinada… Mas não tem coragem de investir em si mesmo com ajuda do digital POR MEDO! ☠️ Presta atenção em 2 pontos e comece a Criar Conteúdo HOJE: 1️⃣ Esse mercado tem estimativa de valor avaliado de 104 bilhões de dólares para 2022, então basta você colocar como prioridade que você terá a uma vida ainda melhor do que um trabalho convencional. 2️⃣ Não tem concorrência, o futuro digital! E quanto antes você perceber, antes vai começar a plantar para colher os frutos. > Você já pensou em viver do digital?",1647615645,4191,143,59.233001708984375,clips,https://scontent-poa1-1.cdninstagram.com/o1/v/t2/f2/m86/AQNkuaO4D308oiyw28OcZou16o7d0fSm5BdwYNlqi6KiypaEscIvAZvHHfuqBzOTFy1NRCiG0tlbOc8ojFPigrC_KSZcxxWNaMff4Og.mp4?_nc_cat=100&_nc_sid=5e9851&_nc_ht=scontent-poa1-1.cdninstagram.com&_nc_ohc=VN1lXLDPKWcQ7kNvwHsafjm&efg=eyJ2ZW5jb2RlX3RhZyI6Inhwdl9wcm9ncmVzc2l2ZS5JTlNUQUdSQU0uQ0xJUFMuQzMuNzIwLmRhc2hfYmFzZWxpbmVfMV92MSIsInhwdl9hc3NldF9pZCI6OTc5MDkxMTY5Mzc4MjA4LCJhc3NldF9hZ2VfZGF5cyI6MTU3NCwidmlfdXNlY2FzZV9pZCI6MTAwOTksImR1cmF0aW9uX3MiOjU5LCJ1cmxnZW5fc291cmNlIjoid3d3In0%3D&ccb=17-1&vs=35663309f1fc1351&_nc_vs=HBksFQIYUmlnX3hwdl9yZWVsc19wZXJtYW5lbnRfc3JfcHJvZC84MDRDMTUzNjgyREUyMUJDNzVENDA3QzM0RURBNTk5NF92aWRlb19kYXNoaW5pdC5tcDQVAALIARIAFQIYOnBhc3N0aHJvdWdoX2V2ZXJzdG9yZS9HRURsY2hCT2JqQlBSdVlEQUV0VFRGODRILVJ3YnFfRUFBQUYVAgLIARIAKAAYABsCiAd1c2Vfb2lsATEScHJvZ3Jlc3NpdmVfcmVjaXBlATEVAAAmwP7T1c2evQMVAigCQzMsF0BNndLxqfvnGBJkYXNoX2Jhc2VsaW5lXzFfdjERAHX-B2XmnQEA&_nc_gid=gW0LS_tsh9lolxJQkMu_XQ&_nc_ss=7a22e&_nc_zt=28&oh=00_AQB8AxvONC8RXjGk88-wnVy7CewQjWk2TPqR3X_0vGn5uw&oe=6A51BF9D
Ca8Ok36lKBw,https://www.instagram.com/reel/Ca8Ok36lKBw/,"Usar Gatilhos Mentais de forma intencional podem fazer a diferença as suas vendas diariamente, e principalmente nos lançamentos de campanhas! 3 Gatilhos para você aplicar hoje mesmo: ➡️ Prova Social: Mostre que tem pessoas que compram seus produtos, poste print das pessoas respondendo seus stories… Quanto mais pessoas fazem, mais pessoas querem fazer! ➡️ Escassez: As pessoas só dão valor quando estão perdendo! Então reforce os últimos momentos, tempo limitado, últimas unidades.. ➡️ Antecipação: Aumente a expectativa sobre algum evento para criar um espaço mental na cabeça das pessoas, pode ser uma campanha de novos produtos, pelo exemplo! É importante dizer que apenas usar os gatinhos mentais não trará o sucesso do seu lançamento! Eles veem para somar como mais uma estratégia e não a única. ⚡️ Existem mais de 16 deles, se vocês quiserem posso trazer a parte 2. Você já usou algum gatilho mental no se instagram?",1646953610,4664,208,47.805999755859375,clips,https://scontent-poa1-1.cdninstagram.com/o1/v/t2/f2/m86/AQOhiOFAkCATEMyaeImUEgPirtjLKftAsWCFWNETNpzbc_AEnEe-d0VggIIh6afZG3uqBSB_PTfRaKT5DWianj-luVeG0y8ZtqZhkSM.mp4?_nc_cat=103&_nc_sid=5e9851&_nc_ht=scontent-poa1-1.cdninstagram.com&_nc_ohc=TvFcMm4qcnoQ7kNvwELt_zZ&efg=eyJ2ZW5jb2RlX3RhZyI6Inhwdl9wcm9ncmVzc2l2ZS5JTlNUQUdSQU0uQ0xJUFMuQzMuNzIwLmRhc2hfYmFzZWxpbmVfMV92MSIsInhwdl9hc3NldF9pZCI6NzA5MjI0NTQwMjQzNjYzLCJhc3NldF9hZ2VfZGF5cyI6MTU4MSwidmlfdXNlY2FzZV9pZCI6MTAwOTksImR1cmF0aW9uX3MiOjQ3LCJ1cmxnZW5fc291cmNlIjoid3d3In0%3D&ccb=17-1&vs=aed41b2ec691c7f7&_nc_vs=HBksFQIYUmlnX3hwdl9yZWVsc19wZXJtYW5lbnRfc3JfcHJvZC9FMTRDQjgyRDEwNDQ4MUI5MjlFRjkyNkIzQjk2NDlCM192aWRlb19kYXNoaW5pdC5tcDQVAALIARIAFQIYOnBhc3N0aHJvdWdoX2V2ZXJzdG9yZS9HQjVSYlJBZVNITXZjM2tFQUFwUU1xdTNLakVsYnFfRUFBQUYVAgLIARIAKAAYABsCiAd1c2Vfb2lsATEScHJvZ3Jlc3NpdmVfcmVjaXBlATEVAAAmnpvMzKbCwgIVAigCQzMsF0BH5mZmZmZmGBJkYXNoX2Jhc2VsaW5lXzFfdjERAHX-B2XmnQEA&_nc_gid=gW0LS_tsh9lolxJQkMu_XQ&_nc_ss=7a22e&_nc_zt=28&oh=00_AQDRkG8xlrAcQCLfJvcMnLUMM08i8Ggxel-fQcnz7bRK0Q&oe=6A51D644
Ca0PU5DlHKv,https://www.instagram.com/reel/Ca0PU5DlHKv/,"Eu não vou mentir pra você, começar é difícil mesmo… Mas esse caminho vale tanto a pena que você em pouco tempo vai se agradecer por não ter desistido! 🧡 ⚡️ Dicas para você não desistir no começo mesmo sendo difícil: 1) Tenha um planejamento! Use plataformas para te darem mais clareza; 2) Enxergue seus poucos seguidores como um “treino” para quando você tiver muitos; 3) Investir em conhecimento vai te dar mais segurança nesse começo; 4) Não espere apoio de ninguém, essa jornada é sua; 5) Escolher desistir é a diferença de pessoas que deram certo, e as que não. ♥️ Eu ainda tenho muito caminho pela frente, mas já passei por essa fase do “começo”, então no que eu puder te ajudar, será uma honra pra mim! Qual sua maior dificuldade?",1646685433,2959,150,59.90399932861328,clips,https://scontent-poa1-1.cdninstagram.com/o1/v/t2/f2/m86/AQPkVmuKQiKx_tMrFRmyaPn_Hbog_tnMl4se26ae7mILn49nmCi5b9T3nMYQFpEOdBeRxo82HCggNLQk1Me1hFr_Q8kmMvmaGwQ2MdM.mp4?_nc_cat=103&_nc_sid=5e9851&_nc_ht=scontent-poa1-1.cdninstagram.com&_nc_ohc=49Jx9Hqr_VQQ7kNvwGui64Y&efg=eyJ2ZW5jb2RlX3RhZyI6Inhwdl9wcm9ncmVzc2l2ZS5JTlNUQUdSQU0uQ0xJUFMuQzMuNzIwLmRhc2hfYmFzZWxpbmVfMV92MSIsInhwdl9hc3NldF9pZCI6MzU5NzIxOTY5MzU2NTYxLCJhc3NldF9hZ2VfZGF5cyI6MTU4NCwidmlfdXNlY2FzZV9pZCI6MTAwOTksImR1cmF0aW9uX3MiOjU5LCJ1cmxnZW5fc291cmNlIjoid3d3In0%3D&ccb=17-1&vs=d92e4492cf51a685&_nc_vs=HBksFQIYUmlnX3hwdl9yZWVsc19wZXJtYW5lbnRfc3JfcHJvZC9BNDRGMzRDRThDN0I3NkJGNTNBMEU0NEQyRkNBRDZCNV92aWRlb19kYXNoaW5pdC5tcDQVAALIARIAFQIYOnBhc3N0aHJvdWdoX2V2ZXJzdG9yZS9HQW85YVJCdGVud05HV1VBQUYtZGp3ZGNRYlJqYnFfRUFBQUYVAgLIARIAKAAYABsCiAd1c2Vfb2lsATEScHJvZ3Jlc3NpdmVfcmVjaXBlATEVAAAmorycw8nKowEVAigCQzMsF0BN8zMzMzMzGBJkYXNoX2Jhc2VsaW5lXzFfdjERAHX-B2XmnQEA&_nc_gid=gW0LS_tsh9lolxJQkMu_XQ&_nc_ss=7a22e&_nc_zt=28&oh=00_AQBFIxgPmeAjw62zskqi1UdjmxycSZwtxgLjMjtys4LbpA&oe=6A51D848
Cax0Za-FMu8,https://www.instagram.com/reel/Cax0Za-FMu8/,"É comum você acabar “seguindo a boiada”, mas esse vídeo tem a intensão de ser uma faísca ⚡️ na sua forma de enxergar o futuro! 3 assuntos para você estudar se não quiser ficar para trás da próxima era: 1)NFT, Metaverso, Web 3.0; 2)Marketing Digital; 3)Formação de comunidade. Essa é a diferença entre o seu “eu do futuro” te amar, ou te odiar! 🥰🤬 Você já deu um google em algum desse tópicos? 🔍",1646604205,11687,253,59.369998931884766,clips,https://scontent-poa1-1.cdninstagram.com/o1/v/t2/f2/m86/AQOuV4amVMxeNF3BHA344Q1Qz17-rnLdy_ctQkYHWPMkStOhAcEE1SGu0L3pxwRhEhxhXW46l0cmYuTVIydaNOLPxb2Q2aQ6VDpPq4o.mp4?_nc_cat=100&_nc_sid=5e9851&_nc_ht=scontent-poa1-1.cdninstagram.com&_nc_ohc=d4lkS3Y7QIAQ7kNvwEQse4c&efg=eyJ2ZW5jb2RlX3RhZyI6Inhwdl9wcm9ncmVzc2l2ZS5JTlNUQUdSQU0uQ0xJUFMuQzMuNzIwLmRhc2hfYmFzZWxpbmVfMV92MSIsInhwdl9hc3NldF9pZCI6MzExNzkzMjQ3NjExNTMyLCJhc3NldF9hZ2VfZGF5cyI6MTU4NSwidmlfdXNlY2FzZV9pZCI6MTAwOTksImR1cmF0aW9uX3MiOjU5LCJ1cmxnZW5fc291cmNlIjoid3d3In0%3D&ccb=17-1&vs=b17d785f551f9d17&_nc_vs=HBksFQIYUmlnX3hwdl9yZWVsc19wZXJtYW5lbnRfc3JfcHJvZC85NTQyNTY5RTIwOUFCQ0E4QkYyRUM5NTA3NEJDQkNBNF92aWRlb19kYXNoaW5pdC5tcDQVAALIARIAFQIYOnBhc3N0aHJvdWdoX2V2ZXJzdG9yZS9HQVU2YUJEa0FpVzV0UTBJQU9BdkpncFBMaGtqYnFfRUFBQUYVAgLIARIAKAAYABsCiAd1c2Vfb2lsATEScHJvZ3Jlc3NpdmVfcmVjaXBlATEVAAAmmKqj3ODkjQEVAigCQzMsF0BNrtkWhysCGBJkYXNoX2Jhc2VsaW5lXzFfdjERAHX-B2XmnQEA&_nc_gid=gW0LS_tsh9lolxJQkMu_XQ&_nc_ss=7a22e&_nc_zt=28&oh=00_AQAVyvah94pV4EtDrNfU2_vzYjWTjuWvnHuBTo02vqlRxw&oe=6A51D485
Cam9et1FBtn,https://www.instagram.com/reel/Cam9et1FBtn/,"Ser estratégico é ser intencional. 💡 Se você não tem intenção, dificilmente vai conseguir quebrar a barreira e alcançar seus objetivos. Tudo o que você pensar, falar, postar, precisa ter um porquê. Nada de pontas soltas! > Tem algum assunto no hype? Fale sobre ele com intenção se alcançar novas pessoas. > Você tem uma opinião forte sobre algo que existem pessoas que pensam diferente? Expresse ela e crie a turma que luta do seu lado. > Produza conteúdo com começo, meio e fim para guiar sua audiência por um caminho, ou melhor, por um funil… 😏 ISSO É ESTRATÉGIA. Fez sentido pra você? ⚡️ Existem várias outras que não couberam nesse vídeo! Querem parte 2?",1646239857,3535,219,54.61000061035156,clips,https://scontent-poa1-1.cdninstagram.com/o1/v/t2/f2/m86/AQNCYSFHA5SDlNZzSMit4dqxmnRWCu3glQomlFWlPAOX48u1iRTOz5Yv6FME86P5eif5yGECKKIb1QkKMIXiiHYX7UyWtBIO3O75oZA.mp4?_nc_cat=111&_nc_sid=5e9851&_nc_ht=scontent-poa1-1.cdninstagram.com&_nc_ohc=ZbOKX_BfWScQ7kNvwHEarWs&efg=eyJ2ZW5jb2RlX3RhZyI6Inhwdl9wcm9ncmVzc2l2ZS5JTlNUQUdSQU0uQ0xJUFMuQzMuNzIwLmRhc2hfYmFzZWxpbmVfMV92MSIsInhwdl9hc3NldF9pZCI6MTMxNTkyNzU4ODkxMDA2OSwiYXNzZXRfYWdlX2RheXMiOjE1OTAsInZpX3VzZWNhc2VfaWQiOjEwMDk5LCJkdXJhdGlvbl9zIjo1NCwidXJsZ2VuX3NvdXJjZSI6Ind3dyJ9&ccb=17-1&vs=8d8e338ecf2d5565&_nc_vs=HBksFQIYUmlnX3hwdl9yZWVsc19wZXJtYW5lbnRfc3JfcHJvZC9BQzQwRTE1MDI4N0Q5ODBFRDQ1ODQ5NTIzNTREOEY5M192aWRlb19kYXNoaW5pdC5tcDQVAALIARIAFQIYOnBhc3N0aHJvdWdoX2V2ZXJzdG9yZS9HSnNlWWhEUklBQ1RkQU1UQU9XQ3VLaGJ0QkpPYnFfRUFBQUYVAgLIARIAKAAYABsCiAd1c2Vfb2lsATEScHJvZ3Jlc3NpdmVfcmVjaXBlATEVAAAm6s_lx4i11gQVAigCQzMsF0BLTMzMzMzNGBJkYXNoX2Jhc2VsaW5lXzFfdjERAHX-B2XmnQEA&_nc_gid=7LXzMvDvUIshIhCUZDStQQ&_nc_ss=7a22e&_nc_zt=28&oh=00_AQCR5ppNKxoqqXOYhCbypqWBkdxErHMr9aHPpdPI3pSRqg&oe=6A51F0D4
Cak080XFd2H,https://www.instagram.com/reel/Cak080XFd2H/,"⚡️ Se você precisa de ideia para conteúdo, aqui tem algumas pra você! Lembre-se que é impossível começar perfeito, mas você precisa começar pra melhorar no caminho. A ação traz todas as respostas! ❤️‍🔥 Encaminha esse reels para a empreendedora que você conhece que esteja em algum desse nichos e incentive ela/ ele a buscar seu sonho! Tá faltando algum nicho que você queira na parte 2? ⬇️",1646168474,3185,79,15.633000373840332,clips,https://scontent-poa1-1.cdninstagram.com/o1/v/t2/f2/m86/AQNggKFlnRCyXZmJh-oyh47KeHnBMHK3E4bZsRg4p9zv39arPQG3aoj_-kxM1Z8QSqM_f9rBUqfaHw0O0jD_jEvrdHXkQ5k_stfCGnM.mp4?_nc_cat=108&_nc_sid=5e9851&_nc_ht=scontent-poa1-1.cdninstagram.com&_nc_ohc=SwIqCGG5r30Q7kNvwFC5CYi&efg=eyJ2ZW5jb2RlX3RhZyI6Inhwdl9wcm9ncmVzc2l2ZS5JTlNUQUdSQU0uQ0xJUFMuQzMuNzIwLmRhc2hfYmFzZWxpbmVfMV92MSIsInhwdl9hc3NldF9pZCI6Mjk5MzkxMjIyMTgyMjk2LCJhc3NldF9hZ2VfZGF5cyI6MTU5MCwidmlfdXNlY2FzZV9pZCI6MTAwOTksImR1cmF0aW9uX3MiOjE1LCJ1cmxnZW5fc291cmNlIjoid3d3In0%3D&ccb=17-1&vs=99cc73d255430197&_nc_vs=HBkcFQIYUmlnX3hwdl9yZWVsc19wZXJtYW5lbnRfc3JfcHJvZC9GQTQ0Q0QzREUxOUM3MjU3MDMwQjA5Q0YwMjdBODhCRF92aWRlb19kYXNoaW5pdC5tcDQVAALIARIAKAAYABsCiAd1c2Vfb2lsATEScHJvZ3Jlc3NpdmVfcmVjaXBlATEVAAAmsMaTt-6SiAEVAigCQzMsF0AvRBiTdLxqGBJkYXNoX2Jhc2VsaW5lXzFfdjERAHX-B2XmnQEA&_nc_gid=7LXzMvDvUIshIhCUZDStQQ&_nc_ss=7a22e&_nc_zt=28&oh=00_AQDty8pBMvaGM5aKk_L6Nr3aobWAa4okBsEh22zdjIjdTA&oe=6A51C785
Cafzjf4lN5N,https://www.instagram.com/reel/Cafzjf4lN5N/,"A mensagem é simples: Use cada oportunidade que você tem para transmitir algo! O instagram tem gente demais e se você quer se destacar, você precisa ter posicionamento. ✨ Postar uma selfie com 3 emojis não significa nada ✨ Não sabe o que escrever e não quer passar conteúdo em uma simples selfie? ⚡️ Reforça uma crença sua! ⚡️ Exemplo, eu falaria sobre: > Determinação; > Eu crio minha realidade; > Ação; > Fé; Quais são as suas crenças, você já sabe? Posso fazer um post falando sobre isso se vocês quiserem! 🧡",1645999744,3038,62,11.234999656677246,clips,https://scontent-poa1-1.cdninstagram.com/o1/v/t2/f2/m86/AQMSdw2noalhq88fqUplPBEt-dtmCKyN2SgLaMwS4bO9iJhgN3S2HUJKnYO2qlJLW5Rx7-7hea_W4KZHASYGbxJELBgGXHEo7Nxr4V4.mp4?_nc_cat=105&_nc_sid=5e9851&_nc_ht=scontent-poa1-1.cdninstagram.com&_nc_ohc=Zr965gl43_8Q7kNvwGHE1Hn&efg=eyJ2ZW5jb2RlX3RhZyI6Inhwdl9wcm9ncmVzc2l2ZS5JTlNUQUdSQU0uQ0xJUFMuQzMuNzIwLmRhc2hfYmFzZWxpbmVfMV92MSIsInhwdl9hc3NldF9pZCI6MjU2NDg3NjI5OTkyMDc4LCJhc3NldF9hZ2VfZGF5cyI6MTU5MiwidmlfdXNlY2FzZV9pZCI6MTAwOTksImR1cmF0aW9uX3MiOjExLCJ1cmxnZW5fc291cmNlIjoid3d3In0%3D&ccb=17-1&vs=e30f08e53fdeaad3&_nc_vs=HBksFQIYUmlnX3hwdl9yZWVsc19wZXJtYW5lbnRfc3JfcHJvZC9CQzRCNDQ2NkVDRkEyMDRENkJGQjIzMDIyMzlBNjRCN192aWRlb19kYXNoaW5pdC5tcDQVAALIARIAFQIYOnBhc3N0aHJvdWdoX2V2ZXJzdG9yZS9HUHdVWVJBUUVvcEFXT2dCQUZHYnl6dUF6WnhjYnFfRUFBQUYVAgLIARIAKAAYABsCiAd1c2Vfb2lsATEScHJvZ3Jlc3NpdmVfcmVjaXBlATEVAAAmnMKZ4cXRdBUCKAJDMywXQCZ3S8an754YEmRhc2hfYmFzZWxpbmVfMV92MREAdf4HZeadAQA&_nc_gid=7LXzMvDvUIshIhCUZDStQQ&_nc_ss=7a22e&_nc_zt=28&oh=00_AQD0p5piXo-YlmHhiWBlUX6UfX4DSQHdqvBTqCMgW00m-w&oe=6A51BE52
CadTURtFeAN,https://www.instagram.com/reel/CadTURtFeAN/,"Escolher 3 princípios foi um desafio, esse livro tem dezenas de ensinamentos que expandem sua consciência! 🤯 O que eu mais gostei foi a didática de passo a passo e aplicações! Quem estiver disposto a seguir, terá a vida transformada. 📖🙋🏻‍♀️ Você já leu? Tem algum outro ensinamento que te impactou?",1645916234,3098,142,52.599998474121094,clips,https://scontent-poa1-1.cdninstagram.com/o1/v/t2/f2/m86/AQMlN-K-CHTWmi0xpOdQEODvt5UaDRcnO-98317U0t4wuCNIs9f9dQJHZeH3L9G3kAFn8fmb2zbB44DDrY6hNIieJ-6gg7t1zTw0u8M.mp4?_nc_cat=100&_nc_sid=5e9851&_nc_ht=scontent-poa1-1.cdninstagram.com&_nc_ohc=8ObIsIZP9TAQ7kNvwGVXRVY&efg=eyJ2ZW5jb2RlX3RhZyI6Inhwdl9wcm9ncmVzc2l2ZS5JTlNUQUdSQU0uQ0xJUFMuQzMuNzIwLmRhc2hfYmFzZWxpbmVfMV92MSIsInhwdl9hc3NldF9pZCI6MTA3NjA5Nzg4MjkzNDgxNCwiYXNzZXRfYWdlX2RheXMiOjE1OTMsInZpX3VzZWNhc2VfaWQiOjEwMDk5LCJkdXJhdGlvbl9zIjo1MiwidXJsZ2VuX3NvdXJjZSI6Ind3dyJ9&ccb=17-1&vs=30a611703d7cca61&_nc_vs=HBksFQIYUmlnX3hwdl9yZWVsc19wZXJtYW5lbnRfc3JfcHJvZC84RTREQTk5RjIxREEwMDNGRDhFQURDNjcxRkE5MzM4Q192aWRlb19kYXNoaW5pdC5tcDQVAALIARIAFQIYOnBhc3N0aHJvdWdoX2V2ZXJzdG9yZS9HTzNuWEJDUDZxakxicjRCQUt5QS1GWW9oOFl0YnFfRUFBQUYVAgLIARIAKAAYABsCiAd1c2Vfb2lsATEScHJvZ3Jlc3NpdmVfcmVjaXBlATEVAAAmvLjygJKt6QMVAigCQzMsF0BKTMzMzMzNGBJkYXNoX2Jhc2VsaW5lXzFfdjERAHX-B2XmnQEA&_nc_gid=7LXzMvDvUIshIhCUZDStQQ&_nc_ss=7a22e&_nc_zt=28&oh=00_AQA3nAbDYC7PrdzbEs2a74uJb38GuVChqv1SSiNM8XHkMw&oe=6A51D9E9
CaacrYIlS_C,https://www.instagram.com/reel/CaacrYIlS_C/,Acha que eu não sei? 😂🤗 👀,1645820094,5750,274,8.166000366210938,clips,https://scontent-poa1-1.cdninstagram.com/o1/v/t2/f2/m86/AQOCVGLJw7ngsNuA4XzWNM--CAz6dkQ6YozKXOzTFB92voa0w8DG-P74Ha87BF8zDNaXzK0SbAxrTrQ0QMUpnRuIL8QB-tddD2x4fGg.mp4?_nc_cat=104&_nc_sid=5e9851&_nc_ht=scontent-poa1-1.cdninstagram.com&_nc_ohc=eT3sNc2dA0sQ7kNvwHh7UXn&efg=eyJ2ZW5jb2RlX3RhZyI6Inhwdl9wcm9ncmVzc2l2ZS5JTlNUQUdSQU0uQ0xJUFMuQzMuNzIwLmRhc2hfYmFzZWxpbmVfMV92MSIsInhwdl9hc3NldF9pZCI6NjM2MjgzMjc0MTUzMDQxLCJhc3NldF9hZ2VfZGF5cyI6MTU5NCwidmlfdXNlY2FzZV9pZCI6MTAwOTksImR1cmF0aW9uX3MiOjgsInVybGdlbl9zb3VyY2UiOiJ3d3cifQ%3D%3D&ccb=17-1&vs=4948310ac0a8a51e&_nc_vs=HBksFQIYUmlnX3hwdl9yZWVsc19wZXJtYW5lbnRfc3JfcHJvZC9FMTQyMTcxMDJFRUY0OTA1NjVFMDBFODk3ODBENzVBMF92aWRlb19kYXNoaW5pdC5tcDQVAALIARIAFQIYOnBhc3N0aHJvdWdoX2V2ZXJzdG9yZS9HRVVsWGhCT3RIZnpEOTBCQURMcnpFSEwyM0EwYnFfRUFBQUYVAgLIARIAKAAYABsCiAd1c2Vfb2lsATEScHJvZ3Jlc3NpdmVfcmVjaXBlATEVAAAmorHC6MesoQIVAigCQzMsF0AgVP3ztkWiGBJkYXNoX2Jhc2VsaW5lXzFfdjERAHX-B2XmnQEA&_nc_gid=7LXzMvDvUIshIhCUZDStQQ&_nc_ss=7a22e&_nc_zt=28&oh=00_AQC58yteNf4FIXTmAKiUfAeQ3WDsLjPhRK6W4zkzQvht3w&oe=6A51CA5D
CaXUDlQOnac,https://www.instagram.com/reel/CaXUDlQOnac/,"Tudo é energia, e os seus pensamentos têm um poder de criação sobrenatural. * Foque nos problemas e nas perdas; * Se aproxime de pessoas negativas; * Procrastine seus sonhos; Sinta suas forças indo embora e a negatividade se instalando. Por outro lado… * Seja grato; * Se movimente; * Escolha bem com quem você se relaciona; * Defina conscientemente o que passa pela sua mente… Sinta a energia infinita cuidando de você! ⚡️ Estamos aqui para viver uma jornada, uma história com começo, meio e fim. Decisão, luta, mudanças. Você cria tudo!",1645714958,4548,102,17.992000579833984,clips,https://scontent-poa1-1.cdninstagram.com/o1/v/t2/f2/m86/AQO9BEPc6iImd9NNmr6VldVIZmJSEj9ExqZ-gc84yOBuO0yES4xQpFIM2Pj-2pDzAbe_CkE6Q6kt1EhRl_sSOMLBdwlz69KjulY2NPE.mp4?_nc_cat=110&_nc_sid=5e9851&_nc_ht=scontent-poa1-1.cdninstagram.com&_nc_ohc=M4VtbZVSpl4Q7kNvwHWSRjX&efg=eyJ2ZW5jb2RlX3RhZyI6Inhwdl9wcm9ncmVzc2l2ZS5JTlNUQUdSQU0uQ0xJUFMuQzMuNzIwLmRhc2hfYmFzZWxpbmVfMV92MSIsInhwdl9hc3NldF9pZCI6MTEzMjk1Mzc3NDEyNTg2MCwiYXNzZXRfYWdlX2RheXMiOjE1OTYsInZpX3VzZWNhc2VfaWQiOjEwMDk5LCJkdXJhdGlvbl9zIjoxNywidXJsZ2VuX3NvdXJjZSI6Ind3dyJ9&ccb=17-1&vs=88cf29c3f052e061&_nc_vs=HBksFQIYUmlnX3hwdl9yZWVsc19wZXJtYW5lbnRfc3JfcHJvZC8xOTQ0REZDNTM2MjkyQTBCRDQ1RDI2NDIyNjNEMDRCNF92aWRlb19kYXNoaW5pdC5tcDQVAALIARIAFQIYOnBhc3N0aHJvdWdoX2V2ZXJzdG9yZS9HTFh4WGhBa283TnhsNGtBQURXamoyY0pCTlFvYnFfRUFBQUYVAgLIARIAKAAYABsCiAd1c2Vfb2lsATEScHJvZ3Jlc3NpdmVfcmVjaXBlATEVAAAmyMyHtMuagwQVAigCQzMsF0Ax90vGp--eGBJkYXNoX2Jhc2VsaW5lXzFfdjERAHX-B2XmnQEA&_nc_gid=7LXzMvDvUIshIhCUZDStQQ&_nc_ss=7a22e&_nc_zt=28&oh=00_AQBHTkVMb7rbn-WnYvIo5to2L4VxK-EMl5LANGkht-qHjw&oe=6A51DFF3
CaTBLdhFunI,https://www.instagram.com/reel/CaTBLdhFunI/,"1) Destrua o medo e comece; 2) Melhore todos os dias; 3) Se torne bom. Não inverta a ordem❕ As pessoas acham que para começar precisa ser bom, sendo que na verdade é o contrário! 🔁",1645570955,4280,277,56.86199951171875,clips,https://scontent-poa1-1.cdninstagram.com/o1/v/t2/f2/m86/AQNkoRmY1YQhJSI5GpkOE4Ggk5I2wu-XY90d7FFvRZtb5dKUnoaIAVO1JUxTUZpk3JDIwxRZkS7DSfgSWgayxe30BsC0vdX6PdL5AJw.mp4?_nc_cat=104&_nc_sid=5e9851&_nc_ht=scontent-poa1-1.cdninstagram.com&_nc_ohc=yfzKAkE3nYYQ7kNvwFWACzG&efg=eyJ2ZW5jb2RlX3RhZyI6Inhwdl9wcm9ncmVzc2l2ZS5JTlNUQUdSQU0uQ0xJUFMuQzMuNzIwLmRhc2hfYmFzZWxpbmVfMV92MSIsInhwdl9hc3NldF9pZCI6OTk1NTEzMjE4MDQ2MTMwLCJhc3NldF9hZ2VfZGF5cyI6MTU5NywidmlfdXNlY2FzZV9pZCI6MTAwOTksImR1cmF0aW9uX3MiOjU2LCJ1cmxnZW5fc291cmNlIjoid3d3In0%3D&ccb=17-1&vs=9edfaf52292ddade&_nc_vs=HBksFQIYUmlnX3hwdl9yZWVsc19wZXJtYW5lbnRfc3JfcHJvZC8zQTQyMTBBNjUwQTFCNkRERDU4MDIwQjFFRDExRTBBOV92aWRlb19kYXNoaW5pdC5tcDQVAALIARIAFQIYOnBhc3N0aHJvdWdoX2V2ZXJzdG9yZS9HUDVRWGhBcDBiNEVISDhGQUtjWHJKYVNOZEJTYnFfRUFBQUYVAgLIARIAKAAYABsCiAd1c2Vfb2lsATEScHJvZ3Jlc3NpdmVfcmVjaXBlATEVAAAm5OLYu7_axAMVAigCQzMsF0BMap--dsi0GBJkYXNoX2Jhc2VsaW5lXzFfdjERAHX-B2XmnQEA&_nc_gid=7LXzMvDvUIshIhCUZDStQQ&_nc_ss=7a22e&_nc_zt=28&oh=00_AQB8Q7bNMgp6-6jmxBr33m5hTIl2A3ojzu9gsFP3DCaO7w&oe=6A51DB81
CaQUaoGF1Lh,https://www.instagram.com/reel/CaQUaoGF1Lh/,"Um quadro pra te alertar sobre as crenças de escassez que fazem parte da cultura Brasileira, mas que você pode tirar da sua mente agora mesmo e começar a prosperar! Pode parecer inofensivo, mas esses ditados podem guiar suas atitudes e te fazerem tomar várias decisões erradas. ❌ Comente aqui se alguém você já ouviu ou disse esse ditado para alguém!",1645480096,6987,289,50.16600036621094,clips,https://scontent-poa1-1.cdninstagram.com/o1/v/t2/f2/m86/AQN6B8w4po8vKPJKmSVFO38QopVhPHdeNzmmAa3czy6EXSzpsS0sfuO57c35yj3bIM5OmlfrRY0wMFYsJSXev25W2UfkDzSp1P_8NEA.mp4?_nc_cat=107&_nc_sid=5e9851&_nc_ht=scontent-poa1-1.cdninstagram.com&_nc_ohc=H1h582KJH_0Q7kNvwEIr0wc&efg=eyJ2ZW5jb2RlX3RhZyI6Inhwdl9wcm9ncmVzc2l2ZS5JTlNUQUdSQU0uQ0xJUFMuQzMuNzIwLmRhc2hfYmFzZWxpbmVfMV92MSIsInhwdl9hc3NldF9pZCI6NTQ5MjMwMTU5NDI5NzUwLCJhc3NldF9hZ2VfZGF5cyI6MTU5OCwidmlfdXNlY2FzZV9pZCI6MTAwOTksImR1cmF0aW9uX3MiOjUwLCJ1cmxnZW5fc291cmNlIjoid3d3In0%3D&ccb=17-1&vs=9d030baf824de4f1&_nc_vs=HBksFQIYUmlnX3hwdl9yZWVsc19wZXJtYW5lbnRfc3JfcHJvZC81NTRFRjE0OUEyQ0M1Q0ExOEM5NjcxQUQzOEQxOUNCOF92aWRlb19kYXNoaW5pdC5tcDQVAALIARIAFQIYOnBhc3N0aHJvdWdoX2V2ZXJzdG9yZS9HRTZKVnhDbW1JZ25WN2tCQU5ITlhxNEFsRmdBYnFfRUFBQUYVAgLIARIAKAAYABsCiAd1c2Vfb2lsATEScHJvZ3Jlc3NpdmVfcmVjaXBlATEVAAAm7IHsyLPh-QEVAigCQzMsF0BJFT987ZFoGBJkYXNoX2Jhc2VsaW5lXzFfdjERAHX-B2XmnQEA&_nc_gid=7LXzMvDvUIshIhCUZDStQQ&_nc_ss=7a22e&_nc_zt=28&oh=00_AQAscZKVfctUVmphKDWIPpvhrBPHR45q4ng36OC3F4q4-w&oe=6A51C52C
CaKhWbcFBc4,https://www.instagram.com/reel/CaKhWbcFBc4/,"Sei que muita gente aqui tem o dia corrido, assim como eu! ⏰ Mas para a produção de conteúdo não ser interrompido, trouxe hoje:: 8 TIPOS DE CONTEÚDOS PARA QUEM NÃO TEM TEMPO! Você vai conseguir preparar eles em menos de 30 minutos e sua constância agradece! > Lembretes > Checklist > Frases inspiradoras > Print do twitter > Foto pessoal > Bloco de notas do celular > Memes > Infográficos 🐇 Me conta! Você já usou eles no seu perfil? Eu vou usar bastante os “prints do twitter” por aqui 👀",1645285547,3367,184,8.800000190734863,clips,https://scontent-poa1-1.cdninstagram.com/o1/v/t2/f2/m86/AQOV77G79wu2altKeoyXXMtDdgligekrbrXGQA45lvigdj4NaX4E_QUFASganhIQ5Ii0Zb-PmzBKthrGycrH1ecOY7DlgIjzBxP6i8w.mp4?_nc_cat=109&_nc_sid=5e9851&_nc_ht=scontent-poa1-1.cdninstagram.com&_nc_ohc=zsHnW65MEgEQ7kNvwHXpo-j&efg=eyJ2ZW5jb2RlX3RhZyI6Inhwdl9wcm9ncmVzc2l2ZS5JTlNUQUdSQU0uQ0xJUFMuQzMuNzIwLmRhc2hfYmFzZWxpbmVfMV92MSIsInhwdl9hc3NldF9pZCI6NjMzNzE1NzI3ODU0MTg0LCJhc3NldF9hZ2VfZGF5cyI6MTYwMSwidmlfdXNlY2FzZV9pZCI6MTAwOTksImR1cmF0aW9uX3MiOjgsInVybGdlbl9zb3VyY2UiOiJ3d3cifQ%3D%3D&ccb=17-1&vs=d9ab9cb7946fa211&_nc_vs=HBksFQIYUmlnX3hwdl9yZWVsc19wZXJtYW5lbnRfc3JfcHJvZC84NjQzQjFCMEJBOThCRkNDNTRFQUM0RUUwN0Q3MEQ5N192aWRlb19kYXNoaW5pdC5tcDQVAALIARIAFQIYOnBhc3N0aHJvdWdoX2V2ZXJzdG9yZS9HRWNVV0JCdFZORUhweXdCQUFHd285Z0RQdHBNYnFfRUFBQUYVAgLIARIAKAAYABsCiAd1c2Vfb2lsATEScHJvZ3Jlc3NpdmVfcmVjaXBlATEVAAAm0KnHjY6XoAIVAigCQzMsF0AhmZmZmZmaGBJkYXNoX2Jhc2VsaW5lXzFfdjERAHX-B2XmnQEA&_nc_gid=7LXzMvDvUIshIhCUZDStQQ&_nc_ss=7a22e&_nc_zt=28&oh=00_AQDwhcG1ARiizUJOq9sWGF5Zffs7ZKVP5yjk4-xAX43x2Q&oe=6A51D3FE
CaGIpYSFsHk,https://www.instagram.com/reel/CaGIpYSFsHk/,"Tudo acontece 2x, primeiro na imaginação e depois na realidade! ⚡️ Esse é nosso quadro, ou melhor.. vídeo dos sonhos para 2022. Experimente fazer também e veja seus sonhos se realizando! Mas é claro, apenas imaginar não vai te tirar do lugar, você precisa agir também.. it’s time for action!",1645138432,3662,127,19.200000762939453,clips,https://scontent-poa1-1.cdninstagram.com/o1/v/t2/f2/m86/AQN_SrddVXoX9g5mHBAvlJ6fl3iR7TjLHTExQB4DtpWx_BqJTi5oqRAmSDLVU1_EgNVYpdGGJgyhoq2O2lctQCDRYYN97hxkv_l0iAk.mp4?_nc_cat=102&_nc_sid=5e9851&_nc_ht=scontent-poa1-1.cdninstagram.com&_nc_ohc=1X6kdL9ev7oQ7kNvwHw6aH5&efg=eyJ2ZW5jb2RlX3RhZyI6Inhwdl9wcm9ncmVzc2l2ZS5JTlNUQUdSQU0uQ0xJUFMuQzMuNzIwLmRhc2hfYmFzZWxpbmVfMV92MSIsInhwdl9hc3NldF9pZCI6MTEyMDk1NzMzMjA2MzE4NSwiYXNzZXRfYWdlX2RheXMiOjE2MDIsInZpX3VzZWNhc2VfaWQiOjEwMDk5LCJkdXJhdGlvbl9zIjoxOSwidXJsZ2VuX3NvdXJjZSI6Ind3dyJ9&ccb=17-1&vs=184dab65ad28bda1&_nc_vs=HBksFQIYUmlnX3hwdl9yZWVsc19wZXJtYW5lbnRfc3JfcHJvZC9BMjQxMURGQzJCOTk3RDkwQkQwMEExQzYzQTMyRDk4Ql92aWRlb19kYXNoaW5pdC5tcDQVAALIARIAFQIYOnBhc3N0aHJvdWdoX2V2ZXJzdG9yZS9HRXEyVnhCRmp2eHVpM1VBQUt3TDl0bnN1bVI1YnFfRUFBQUYVAgLIARIAKAAYABsCiAd1c2Vfb2lsATEScHJvZ3Jlc3NpdmVfcmVjaXBlATEVAAAmoo-w-abg_QMVAigCQzMsF0AzMzMzMzMzGBJkYXNoX2Jhc2VsaW5lXzFfdjERAHX-B2XmnQEA&_nc_gid=7LXzMvDvUIshIhCUZDStQQ&_nc_ss=7a22e&_nc_zt=28&oh=00_AQAmf4s8cdvw6GjUB3xqJB4kg-8q3NvoZ86hQRrcA5yfsg&oe=6A51D5BF
CaCzhvflaOa,https://www.instagram.com/reel/CaCzhvflaOa/,"Hoje vou te contar uma história, a minha história. Ela não é perfeita, mas é MINHA! As vezes da tudo certo! As vezes o mundo vira de cabeça pra baixo… E nos altos e baixos eu me fortaleci, obtive experiência, vivências, aprendi com os erros e tô aqui. Vivassa! Vou fazer tudo que for necessário para alcançar meus objetivos, levantando das quedas e criando calos! Cada vez mais forte sem desistir nunca, porque é a MINHA história! ⚡️ Você já passou por momentos de resiliência?",1645026670,8465,569,60,clips,https://scontent-poa1-1.cdninstagram.com/o1/v/t2/f2/m86/AQPBNqznvK04VabOG0tgMX-lu5Uqu23-xKT5_QfBUX8H46N7TkTuV28PV2d0zcG9WXrcmrJerHEsDIbK5VFlBwjiGfG7cfLewOdJWqA.mp4?_nc_cat=102&_nc_sid=5e9851&_nc_ht=scontent-poa1-1.cdninstagram.com&_nc_ohc=ZfIHi7KTOpMQ7kNvwERMZ22&efg=eyJ2ZW5jb2RlX3RhZyI6Inhwdl9wcm9ncmVzc2l2ZS5JTlNUQUdSQU0uQ0xJUFMuQzMuNzIwLmRhc2hfYmFzZWxpbmVfMV92MSIsInhwdl9hc3NldF9pZCI6MzcxODMwNjc0MzU3MTM3LCJhc3NldF9hZ2VfZGF5cyI6MTYwNCwidmlfdXNlY2FzZV9pZCI6MTAwOTksImR1cmF0aW9uX3MiOjYwLCJ1cmxnZW5fc291cmNlIjoid3d3In0%3D&ccb=17-1&vs=ff1a54693f498e4d&_nc_vs=HBksFQIYUmlnX3hwdl9yZWVsc19wZXJtYW5lbnRfc3JfcHJvZC81MjRFQkMyNENFRTA5RTI1NEE2NUI2MDc3RkRDRTBBNV92aWRlb19kYXNoaW5pdC5tcDQVAALIARIAFQIYOnBhc3N0aHJvdWdoX2V2ZXJzdG9yZS9HQTh1VnhBeVdDekdFTVVCQUVsVGZRb1lFT2dwYnFfRUFBQUYVAgLIARIAKAAYABsCiAd1c2Vfb2lsATEScHJvZ3Jlc3NpdmVfcmVjaXBlATEVAAAmou6XtLKLqQEVAigCQzMsF0BOAAAAAAAAGBJkYXNoX2Jhc2VsaW5lXzFfdjERAHX-B2XmnQEA&_nc_gid=7LXzMvDvUIshIhCUZDStQQ&_nc_ss=7a22e&_nc_zt=28&oh=00_AQDzqGF_06pp5tfYXL63F9vwcsLm0GeDsoe0QaZxlatvag&oe=6A51E9DB
CZexXjtJRPo,https://www.instagram.com/reel/CZexXjtJRPo/,Deixe seus preconceitos de lado se quiser se identificar com seu público! Para quem produz conteúdo aqui no instagram (pessoal ou para sua marca) é essencial falar a língua da audiência. Não vale a pena fechar os olhos para o assunto mais comentado do momento por pura implicância de gosto pessoal. VENDER É SOBRE IDENTIFICAÇÃO. Pense nisso! 🤍,1643817561,6431,326,28.464000701904297,clips,https://scontent-poa1-1.cdninstagram.com/o1/v/t2/f2/m86/AQOH180B13O1bmOjyuMa_PDX4glM2kIPUKm6oYrM4Iz6Y4vGWucmgQxSazLcNmKqNLyBBEiL6PhtkFSi08PzSVdZYd7RVHTD1bCbk2s.mp4?_nc_cat=107&_nc_sid=5e9851&_nc_ht=scontent-poa1-1.cdninstagram.com&_nc_ohc=v3OcnAllIqEQ7kNvwFjc7Kk&efg=eyJ2ZW5jb2RlX3RhZyI6Inhwdl9wcm9ncmVzc2l2ZS5JTlNUQUdSQU0uQ0xJUFMuQzMuNzIwLmRhc2hfYmFzZWxpbmVfMV92MSIsInhwdl9hc3NldF9pZCI6NDgzMjU0OTk5OTg0OTE1LCJhc3NldF9hZ2VfZGF5cyI6MTYxOCwidmlfdXNlY2FzZV9pZCI6MTAwOTksImR1cmF0aW9uX3MiOjI4LCJ1cmxnZW5fc291cmNlIjoid3d3In0%3D&ccb=17-1&vs=7767bc8311639cfb&_nc_vs=HBksFQIYUmlnX3hwdl9yZWVsc19wZXJtYW5lbnRfc3JfcHJvZC8zNzQ5OUZCMDY5REFFQTNENkVBREVFNEIzNzU2Nzg4N192aWRlb19kYXNoaW5pdC5tcDQVAALIARIAFQIYOnBhc3N0aHJvdWdoX2V2ZXJzdG9yZS9HSzNmUnhBNHp0cW16ajRCQU4tVEs0SVpycklSYnFfRUFBQUYVAgLIARIAKAAYABsCiAd1c2Vfb2lsATEScHJvZ3Jlc3NpdmVfcmVjaXBlATEVAAAmpqzhqZLh2wEVAigCQzMsF0A8btkWhysCGBJkYXNoX2Jhc2VsaW5lXzFfdjERAHX-B2XmnQEA&_nc_gid=7LXzMvDvUIshIhCUZDStQQ&_nc_ss=7a22e&_nc_zt=28&oh=00_AQD-ulahu_oCXUhATvR60W-xfIHjsBHGNbNGy0UDqY52Bw&oe=6A51E844
CZNbNoflzhG,https://www.instagram.com/reel/CZNbNoflzhG/,Você já se perguntou o que a Jade foi fazer na no BBB? Pelo dinheiro do prêmio que não foi! Inclusive ela já disse que doará todo o prêmio caso ganhe. 🌪👑 Mas já é claro: O prêmio é uma das menores quantias que você pode ganhar estando lá dentro. Você teria coragem de entrar? 👀,1643235561,4274,332,57.79999923706055,clips,https://scontent-poa1-1.cdninstagram.com/o1/v/t2/f2/m86/AQMbpCh0dPOQNcwWeRHa_xoul_uS6Y6_Ga682HDxegCP_A3Prn13jO1Py-h_Y9P6SdX_hrPzMBDIkegqo48p9QOu42xHVnWq5Tt4nEk.mp4?_nc_cat=108&_nc_sid=5e9851&_nc_ht=scontent-poa1-1.cdninstagram.com&_nc_ohc=qugVploa1DUQ7kNvwHfJ3LW&efg=eyJ2ZW5jb2RlX3RhZyI6Inhwdl9wcm9ncmVzc2l2ZS5JTlNUQUdSQU0uQ0xJUFMuQzMuNzIwLmRhc2hfYmFzZWxpbmVfMV92MSIsInhwdl9hc3NldF9pZCI6NDc1NjcxOTc5NDQ0MzM2MSwiYXNzZXRfYWdlX2RheXMiOjE2MjQsInZpX3VzZWNhc2VfaWQiOjEwMDk5LCJkdXJhdGlvbl9zIjo1NywidXJsZ2VuX3NvdXJjZSI6Ind3dyJ9&ccb=17-1&vs=8025a9b1987bf592&_nc_vs=HBksFQIYUmlnX3hwdl9yZWVsc19wZXJtYW5lbnRfc3JfcHJvZC9COTQ4RkI4ODVCMDBFNzc2MTk1REJFQzE3OEQ3QUM5RF92aWRlb19kYXNoaW5pdC5tcDQVAALIARIAFQIYOnBhc3N0aHJvdWdoX2V2ZXJzdG9yZS9HRS1EUWhCaTgxeXU1RXNDQUhPdGdISWc4bzVrYnFfRUFBQUYVAgLIARIAKAAYABsCiAd1c2Vfb2lsATEScHJvZ3Jlc3NpdmVfcmVjaXBlATEVAAAmwtGmmsSN8xAVAigCQzMsF0BM5mZmZmZmGBJkYXNoX2Jhc2VsaW5lXzFfdjERAHX-B2XmnQEA&_nc_gid=5jiJwdH2a9_XBMEcss3bbg&_nc_ss=7a22e&_nc_zt=28&oh=00_AQDEQktrdfy5MZm_gylcevEIenRP9iPwwPahycH3aJHgyQ&oe=6A51E5C1
CZKEqKRFpHc,https://www.instagram.com/reel/CZKEqKRFpHc/,"Confia! 😌👏 Com alguns anos na área já aprendi, testei e aprovei muitas estratégias. Agora se você quiser começar a fazer tudo sozinho sem um guiar vai passar por vários erros que eu já passei. Que tal pular etapas e confiar!? 🚀 #estrategistadigital #marketingdigital #socialmediamarketing",1643123331,2737,121,11.833000183105469,clips,https://scontent-poa1-1.cdninstagram.com/o1/v/t2/f2/m86/AQNwyweNTrCleYWzlD41TVcQGkm2k8gIm4m9fbF7j-dKUcY7OpnXvxYfPhxMPY_eS4ZNVtFCpICQ7X_um7tv-jBKMqLKv20ZKXEmK-g.mp4?_nc_cat=101&_nc_sid=5e9851&_nc_ht=scontent-poa1-1.cdninstagram.com&_nc_ohc=24wrcjQVqiIQ7kNvwGQszE5&efg=eyJ2ZW5jb2RlX3RhZyI6Inhwdl9wcm9ncmVzc2l2ZS5JTlNUQUdSQU0uQ0xJUFMuQzMuNzIwLmRhc2hfYmFzZWxpbmVfMV92MSIsInhwdl9hc3NldF9pZCI6NTE1MTA0ODMwMjUwMDU0LCJhc3NldF9hZ2VfZGF5cyI6MTYyNiwidmlfdXNlY2FzZV9pZCI6MTAwOTksImR1cmF0aW9uX3MiOjExLCJ1cmxnZW5fc291cmNlIjoid3d3In0%3D&ccb=17-1&vs=1f9b8fad9a126a56&_nc_vs=HBksFQIYUmlnX3hwdl9yZWVsc19wZXJtYW5lbnRfc3JfcHJvZC8zNzRGQTk5ODBCRTBBMzExMTMwQTlBMEM4Mzk5MTE5Ml92aWRlb19kYXNoaW5pdC5tcDQVAALIARIAFQIYOnBhc3N0aHJvdWdoX2V2ZXJzdG9yZS9HTHl5T1JCSTJiVTQ0aXdCQUc1cUNwRHJRbHR1YnFfRUFBQUYVAgLIARIAKAAYABsCiAd1c2Vfb2lsATEScHJvZ3Jlc3NpdmVfcmVjaXBlATEVAAAmjPHuhoaf6gEVAigCQzMsF0Anqn752yLRGBJkYXNoX2Jhc2VsaW5lXzFfdjERAHX-B2XmnQEA&_nc_gid=5jiJwdH2a9_XBMEcss3bbg&_nc_ss=7a22e&_nc_zt=28&oh=00_AQCiO8BGCMCs21NZ3m-3dZ4YJDQI5QYTDBig9Hr08btdQQ&oe=6A51D9FA
CY7V8mrF54o,https://www.instagram.com/reel/CY7V8mrF54o/,"O BBB já chegou fazendo barulho e engana-se quem pensa que é só perda de tempo! É inquestionável a grandiosidade do programa e quem for esperto vai saber tirar importantes sacadas de lá, e essa é uma delas: NÃO TENHA MEDO DE DEMONSTRAR SUAS FRAQUEZAS! O fato de todos nós termos nossos pontos fracos também, faz com que as pessoas se identifiquem com você! 💗 Você assiste bbb? 🎥",1642628781,14946,967,59.71799850463867,clips,https://scontent-poa1-1.cdninstagram.com/o1/v/t2/f2/m86/AQPlmc4PaYblVyV2Y7K3DE60xGRnC2dAvdy26QgNsd7KT-jzw_Yc1ROIDBwW08bJnUstF_XnPAOqM7ZUcDAIXxlPy1JvruFHCwCd-AA.mp4?_nc_cat=104&_nc_sid=5e9851&_nc_ht=scontent-poa1-1.cdninstagram.com&_nc_ohc=BqQj5_mPfr4Q7kNvwE8qbHd&efg=eyJ2ZW5jb2RlX3RhZyI6Inhwdl9wcm9ncmVzc2l2ZS5JTlNUQUdSQU0uQ0xJUFMuQzMuNzIwLmRhc2hfYmFzZWxpbmVfMV92MSIsInhwdl9hc3NldF9pZCI6MjE3OTI2MDI0NTU1NDI5MSwiYXNzZXRfYWdlX2RheXMiOjE2MzEsInZpX3VzZWNhc2VfaWQiOjEwMDk5LCJkdXJhdGlvbl9zIjo1OSwidXJsZ2VuX3NvdXJjZSI6Ind3dyJ9&ccb=17-1&vs=f14a9ef5812af21f&_nc_vs=HBksFQIYUmlnX3hwdl9yZWVsc19wZXJtYW5lbnRfc3JfcHJvZC9CRDQ0NkQyQjY1QjAyMTg5MkFBNkU4RkE1Rjk0MTY5MF92aWRlb19kYXNoaW5pdC5tcDQVAALIARIAFQIYOnBhc3N0aHJvdWdoX2V2ZXJzdG9yZS9HQWE0TVJDVW9qMi0zeUVOQURocDlCM095WFExYnFfRUFBQUYVAgLIARIAKAAYABsCiAd1c2Vfb2lsATEScHJvZ3Jlc3NpdmVfcmVjaXBlATEVAAAm5tH5jNKB3wcVAigCQzMsF0BN2ZmZmZmaGBJkYXNoX2Jhc2VsaW5lXzFfdjERAHX-B2XmnQEA&_nc_gid=5jiJwdH2a9_XBMEcss3bbg&_nc_ss=7a22e&_nc_zt=28&oh=00_AQA_W-6EXQHCW4_TYYyHwn6zp-jcZyGkLmWnEAHZbkHVXQ&oe=6A51C439
CY41C0Blx7j,https://www.instagram.com/reel/CY41C0Blx7j/,"Desbloqueie seu REELS de 60 segundos com apenas 2 passos! ⏱❤️ Reels de 30’ não te prende mais hahaha Esse caos eu não vivo mais! 🔥 Só quem já passou por essa situação sabe a desmotivação que é! Espero ter ajudado, sei como essa informação faz diferença 🥵",1642544568,3956,173,40.5,clips,https://scontent-poa1-1.cdninstagram.com/o1/v/t2/f2/m86/AQN4ZlqmBLKFZtv2Rwr8fkIImDed-7iEOSUKkhjlL0Tm_6-wlCQYQzED9BNhnL-HWnP-9NfstYKkAAwwaM0CiAzV20j8Q-gn8qxlUww.mp4?_nc_cat=107&_nc_sid=5e9851&_nc_ht=scontent-poa1-1.cdninstagram.com&_nc_ohc=wJZnCuYU3okQ7kNvwEWPREO&efg=eyJ2ZW5jb2RlX3RhZyI6Inhwdl9wcm9ncmVzc2l2ZS5JTlNUQUdSQU0uQ0xJUFMuQzMuNzIwLmRhc2hfYmFzZWxpbmVfMV92MSIsInhwdl9hc3NldF9pZCI6OTc2MzM2NzY5OTgzNTA1LCJhc3NldF9hZ2VfZGF5cyI6MTYzMiwidmlfdXNlY2FzZV9pZCI6MTAwOTksImR1cmF0aW9uX3MiOjQwLCJ1cmxnZW5fc291cmNlIjoid3d3In0%3D&ccb=17-1&vs=b223d8f7bbbf337c&_nc_vs=HBksFQIYUmlnX3hwdl9yZWVsc19wZXJtYW5lbnRfc3JfcHJvZC81MjQ2NjZFREE5QkMyMTcwNUZGQTgzRUUyQkJFMTRBNl92aWRlb19kYXNoaW5pdC5tcDQVAALIARIAFQIYOnBhc3N0aHJvdWdoX2V2ZXJzdG9yZS9HT1Q0T0JBY3owOEJTc0VLQUtMT2Y1NkZYNXc3YnFfRUFBQUYVAgLIARIAKAAYABsCiAd1c2Vfb2lsATEScHJvZ3Jlc3NpdmVfcmVjaXBlATEVAAAmopDZ5aP-uwMVAigCQzMsF0BEQAAAAAAAGBJkYXNoX2Jhc2VsaW5lXzFfdjERAHX-B2XmnQEA&_nc_gid=5jiJwdH2a9_XBMEcss3bbg&_nc_ss=7a22e&_nc_zt=28&oh=00_AQDyLiYVIKEA-ZnH_0bPpQsUUe2pi2IgKRH4exRN2x2CiQ&oe=6A51E628
CY2HBhulGJ6,https://www.instagram.com/reel/CY2HBhulGJ6/,"Quem mais tá na vibe de fazer 2022 o melhor ano das suas vidas? Nós estamos! 😍 E queremos fazer de tudo para evoluir, prosperar e fazer história! Para tornar isso ainda mais NO FLOW, preparamos 5 aplicativos que ajudam a dar um Up na produtividade! 📲 Você conhece alguns deles? Faltou algum?? Comente aqui para gente saber também! ⚡️",1642453188,6344,334,59.70000076293945,clips,https://scontent-poa1-1.cdninstagram.com/o1/v/t2/f2/m86/AQMalLubQYJpyzrVty_YuJBrtuzdvEBfmIvJNBoTEKAY-PGorjhSEIm02cuAsn1ezgp7OCTo7G0ViN4YFFNtwHRG4hrPU2Ltzh1r0WQ.mp4?_nc_cat=103&_nc_sid=5e9851&_nc_ht=scontent-poa1-1.cdninstagram.com&_nc_ohc=kYa5OhBlN_oQ7kNvwEIXZGF&efg=eyJ2ZW5jb2RlX3RhZyI6Inhwdl9wcm9ncmVzc2l2ZS5JTlNUQUdSQU0uQ0xJUFMuQzMuNzIwLmRhc2hfYmFzZWxpbmVfMV92MSIsInhwdl9hc3NldF9pZCI6OTU3MDYyMTA1MjE4NTQ1LCJhc3NldF9hZ2VfZGF5cyI6MTYzMywidmlfdXNlY2FzZV9pZCI6MTAwOTksImR1cmF0aW9uX3MiOjU5LCJ1cmxnZW5fc291cmNlIjoid3d3In0%3D&ccb=17-1&vs=c7d3d65b99c32687&_nc_vs=HBksFQIYUmlnX3hwdl9yZWVsc19wZXJtYW5lbnRfc3JfcHJvZC9EMjQ2M0M2NDNGN0ZBQzZBMDEyNzdDRjAwRUQ5MEE4NV92aWRlb19kYXNoaW5pdC5tcDQVAALIARIAFQIYOnBhc3N0aHJvdWdoX2V2ZXJzdG9yZS9HQzUxT1JCQnJsWktXMDRDQUxEVzJ5VzB0c002YnFfRUFBQUYVAgLIARIAKAAYABsCiAd1c2Vfb2lsATEScHJvZ3Jlc3NpdmVfcmVjaXBlATEVAAAm4vf5rKycswMVAigCQzMsF0BN2ZmZmZmaGBJkYXNoX2Jhc2VsaW5lXzFfdjERAHX-B2XmnQEA&_nc_gid=5jiJwdH2a9_XBMEcss3bbg&_nc_ss=7a22e&_nc_zt=28&oh=00_AQCD60YEWCiyqf1IcmivUbKKAnqa2W_Lnm5LdVyNfxW1oA&oe=6A51CF48
CYZBIaBl8EP,https://www.instagram.com/reel/CYZBIaBl8EP/,"Quem não é visto, não é comprado! 🚨 Já parou pra pensar em todas as oportunidades que você deixou por não fazer o que precisa ser feito? A mensagem desse vídeo é pra mim mesma, mas se você acha que fez sentido pra você, vamos crescer juntas! 💜 Você me incentiva e eu faço o mesmo com vocêee",1641477444,1519,195,38.6349983215332,igtv,https://scontent-poa1-1.cdninstagram.com/o1/v/t16/f2/m69/AQPBb61DNhNWrBMK5aDIxLcZYdAN3jfSEffnUBr3HuvE5orzt8irsKWM8VdjFmegeGfXzCWTtVvOELEUYhMqQOmd.mp4?strext=1&_nc_cat=103&_nc_sid=5e9851&_nc_ht=scontent-poa1-1.cdninstagram.com&_nc_ohc=f4WH1sIinOgQ7kNvwEO2s6w&efg=eyJ2ZW5jb2RlX3RhZyI6Inhwdl9wcm9ncmVzc2l2ZS5JTlNUQUdSQU0uSUdUVi5DMy43MjAuZGFzaF9iYXNlbGluZV8xX3YxIiwieHB2X2Fzc2V0X2lkIjo5Mzk1MzkxMDM2MjI3NjAsImFzc2V0X2FnZV9kYXlzIjoxNjQ1LCJ2aV91c2VjYXNlX2lkIjoxMDE0NSwiZHVyYXRpb25fcyI6MzgsInVybGdlbl9zb3VyY2UiOiJ3d3cifQ%3D%3D&ccb=17-1&vs=69bc41313b737af6&_nc_vs=HBksFQIYOnBhc3N0aHJvdWdoX2V2ZXJzdG9yZS9HSUNXbUFBSi1YbXctREFEQUxPZ0FVVmY1M1Z2YnZWQkFBQUYVAALIARIAFQIYOnBhc3N0aHJvdWdoX2V2ZXJzdG9yZS9HTWFmS3hETnBIVW41ek1DQUE2bjNkWE9pS3hDYnZWQkFBQUYVAgLIARIAKAAYABsCiAd1c2Vfb2lsATEScHJvZ3Jlc3NpdmVfcmVjaXBlATEVAAAm0Jmx6K-gqwMVAigCQzMsF0BDUQYk3S8bGBJkYXNoX2Jhc2VsaW5lXzFfdjERAHXsB2XCngEA&_nc_gid=5jiJwdH2a9_XBMEcss3bbg&_nc_ss=7a22e&_nc_zt=28&oh=00_AQDq5E2WY3xCqFlxFyg6FoV7ZMqOZ3zG4HsJF2zrp41phQ&oe=6A55E1F1
CYEi95KFSyi,https://www.instagram.com/reel/CYEi95KFSyi/,"O digital cresceu muito na pandemia, e agora que estamos prestes a sair dela, ele vai explodir de vez! 🚀 Ficar atento às mudanças do mercado não é bobeira, é estratégia! Se ainda não sabe como começar nesse universo, eu posso te ajudar! 💚",1640790125,7367,206,5.265999794006348,clips,https://scontent-poa1-1.cdninstagram.com/o1/v/t2/f2/m86/AQNbKIjwO3WNuUduFRaJnpOAuANLVH0YsElG1bn69PHDAVu2jT5cTPn1jnXj-CnXyLgjYuriIzNkLtecCik9mthViIv18fzclI3zcyg.mp4?_nc_cat=103&_nc_sid=5e9851&_nc_ht=scontent-poa1-1.cdninstagram.com&_nc_ohc=A7Bp3ZPsyr4Q7kNvwEv0TWs&efg=eyJ2ZW5jb2RlX3RhZyI6Inhwdl9wcm9ncmVzc2l2ZS5JTlNUQUdSQU0uQ0xJUFMuQzMuNzIwLmRhc2hfYmFzZWxpbmVfMV92MSIsInhwdl9hc3NldF9pZCI6NTAwNzYxODIyMjYzMjAxMiwiYXNzZXRfYWdlX2RheXMiOjE2NTMsInZpX3VzZWNhc2VfaWQiOjEwMDk5LCJkdXJhdGlvbl9zIjo1LCJ1cmxnZW5fc291cmNlIjoid3d3In0%3D&ccb=17-1&vs=cb5efdf4e969b782&_nc_vs=HBksFQIYUmlnX3hwdl9yZWVsc19wZXJtYW5lbnRfc3JfcHJvZC8xQzQyQ0IxNTczMTNBRjAwQzUxNzVFMDZGRTRCOEY5Nl92aWRlb19kYXNoaW5pdC5tcDQVAALIARIAFQIYOnBhc3N0aHJvdWdoX2V2ZXJzdG9yZS9HTHVLSFJBbXh3SHBybVVBQUJlV3dDZV91LW93YnFfRUFBQUYVAgLIARIAKAAYABsCiAd1c2Vfb2lsATEScHJvZ3Jlc3NpdmVfcmVjaXBlATEVAAAmmLGlld-Z5REVAigCQzMsF0AVEGJN0vGqGBJkYXNoX2Jhc2VsaW5lXzFfdjERAHX-B2XmnQEA&_nc_gid=5jiJwdH2a9_XBMEcss3bbg&_nc_ss=7a22e&_nc_zt=28&oh=00_AQC-tiKpdpHAyBSb-treNaJUX-CKWmJGuh8sG5ZAp7BiEQ&oe=6A51CD18
CX8mBz4lGtP,https://www.instagram.com/reel/CX8mBz4lGtP/,👀 É tão antiquado pensar que passar o dia no celular só é coisa de gente atoa... Então não me peça pra escolher 🤭 Cadê as pessoas que trabalharam no celular aiii?,1640523375,4164,162,11.465999603271484,clips,https://scontent-poa1-1.cdninstagram.com/o1/v/t2/f2/m86/AQNlMWcEnqVqjmR0JfkJgjOGighrUaMvxjB_fJ-rZpn34IVyyHRpCZSgwRvCGqDxaOS1eBYvPMH8-3_Z52aS6cAb_alFlk62xflB4p8.mp4?_nc_cat=101&_nc_sid=5e9851&_nc_ht=scontent-poa1-1.cdninstagram.com&_nc_ohc=rtfrtbnke2oQ7kNvwFxvc18&efg=eyJ2ZW5jb2RlX3RhZyI6Inhwdl9wcm9ncmVzc2l2ZS5JTlNUQUdSQU0uQ0xJUFMuQzMuNzIwLmRhc2hfYmFzZWxpbmVfMV92MSIsInhwdl9hc3NldF9pZCI6MTAwMTgyNzkxMDQwMTY0MCwiYXNzZXRfYWdlX2RheXMiOjE2NTYsInZpX3VzZWNhc2VfaWQiOjEwMDk5LCJkdXJhdGlvbl9zIjoxMSwidXJsZ2VuX3NvdXJjZSI6Ind3dyJ9&ccb=17-1&vs=98ffd42bf3207c20&_nc_vs=HBksFQIYUmlnX3hwdl9yZWVsc19wZXJtYW5lbnRfc3JfcHJvZC9DNjQxMTZFMTY5N0FGMTkxMzI4RkRCRDZBQjA1OTE5MF92aWRlb19kYXNoaW5pdC5tcDQVAALIARIAFQIYOnBhc3N0aHJvdWdoX2V2ZXJzdG9yZS9HTnlXR1JBOXJwWTZUbm9BQUNCWUkwV3Q1VkplYnFfRUFBQUYVAgLIARIAKAAYABsCiAd1c2Vfb2lsATEScHJvZ3Jlc3NpdmVfcmVjaXBlATEVAAAm0PnNy4fKxwMVAigCQzMsF0Am7peNT987GBJkYXNoX2Jhc2VsaW5lXzFfdjERAHX-B2XmnQEA&_nc_gid=5jiJwdH2a9_XBMEcss3bbg&_nc_ss=7a22e&_nc_zt=28&oh=00_AQCxP5zMg1JsUzN_LspiRc2U2YeLp3_znyYAbDOKLsEpRA&oe=6A51E17A
CX4rre_Flo1,https://www.instagram.com/reel/CX4rre_Flo1/,"Prontos ❤️ Feliz natal pra geraal, aproveitem muito a família de vocês!",1640392159,8377,475,9.586000442504883,clips,https://scontent-poa1-1.cdninstagram.com/o1/v/t2/f2/m86/AQOXMSqjV1M26iHy-7dQ2eHqmu95Wv4Cq4bbyfdb_4zy4tebvXiKJqaa1z8ZKftJpo-os8gYdtbWMFtnfEwkz0U1J75eb1a7tjPOzGQ.mp4?_nc_cat=104&_nc_sid=5e9851&_nc_ht=scontent-poa1-1.cdninstagram.com&_nc_ohc=Rqqb1quKcEwQ7kNvwF_lsIy&efg=eyJ2ZW5jb2RlX3RhZyI6Inhwdl9wcm9ncmVzc2l2ZS5JTlNUQUdSQU0uQ0xJUFMuQzMuNzIwLmRhc2hfYmFzZWxpbmVfMV92MSIsInhwdl9hc3NldF9pZCI6OTAxNTg1MzQ3MTcxNzgxLCJhc3NldF9hZ2VfZGF5cyI6MTY1NywidmlfdXNlY2FzZV9pZCI6MTAwOTksImR1cmF0aW9uX3MiOjksInVybGdlbl9zb3VyY2UiOiJ3d3cifQ%3D%3D&ccb=17-1&vs=6e2e08765d4098ee&_nc_vs=HBksFQIYUmlnX3hwdl9yZWVsc19wZXJtYW5lbnRfc3JfcHJvZC80QjQ4OUNBNDdGNjRENjFERjc0NTUyODgzQTc1RDlBNV92aWRlb19kYXNoaW5pdC5tcDQVAALIARIAFQIYOnBhc3N0aHJvdWdoX2V2ZXJzdG9yZS9HTXk5RnhCcDNFR283WlFSQUo0UzVsam9jV1V3YnFfRUFBQUYVAgLIARIAKAAYABsCiAd1c2Vfb2lsATEScHJvZ3Jlc3NpdmVfcmVjaXBlATEVAAAmitfSpZb_mQMVAigCQzMsF0AjIcrAgxJvGBJkYXNoX2Jhc2VsaW5lXzFfdjERAHX-B2XmnQEA&_nc_gid=5jiJwdH2a9_XBMEcss3bbg&_nc_ss=7a22e&_nc_zt=28&oh=00_AQATAxenj40Fb04kCMXqaQeJcigVJ0gH6DxwqditFF3bmA&oe=6A51E449
CXv6WwpFDCp,https://www.instagram.com/reel/CXv6WwpFDCp/,Eu montando a lista de metas do ano: 😍💗💪🏼✨🚀💸👑😌 / Eu conferindo no final do ano o que alcancei : 🥲❤️‍🔥🚧🤧🤣🚨🥴 O otimismo segue forte ano após anos kkkk Mais alguém se identifica?,1640097923,6117,232,21.034000396728516,clips,https://scontent-poa1-1.cdninstagram.com/o1/v/t2/f2/m86/AQNB63ZMstbfwOzTq2bQXzneHtpoSYBIjBX3xS_JUxAFXnsBL-0EAN5L9ludBGqAKDbUWMQBzFgbdYW2xmlPvDkauQ4jFlsEQeqr8VY.mp4?_nc_cat=105&_nc_sid=5e9851&_nc_ht=scontent-poa1-1.cdninstagram.com&_nc_ohc=4zy0RX8XT4gQ7kNvwF3gor5&efg=eyJ2ZW5jb2RlX3RhZyI6Inhwdl9wcm9ncmVzc2l2ZS5JTlNUQUdSQU0uQ0xJUFMuQzMuNzIwLmRhc2hfYmFzZWxpbmVfMV92MSIsInhwdl9hc3NldF9pZCI6MjgxMzE5NjA3Mzg1OTU3LCJhc3NldF9hZ2VfZGF5cyI6MTY2MSwidmlfdXNlY2FzZV9pZCI6MTAwOTksImR1cmF0aW9uX3MiOjIxLCJ1cmxnZW5fc291cmNlIjoid3d3In0%3D&ccb=17-1&vs=952a74267b4381ef&_nc_vs=HBksFQIYUmlnX3hwdl9yZWVsc19wZXJtYW5lbnRfc3JfcHJvZC9GNjQzMkU1MjE2MTNBNkRFRjEyMDlBNDk2MEZCMzFCMF92aWRlb19kYXNoaW5pdC5tcDQVAALIARIAFQIYOnBhc3N0aHJvdWdoX2V2ZXJzdG9yZS9HQk0yRlJEUmRHZVdrenNEQVBSV21LT2l0dW9mYnFfRUFBQUYVAgLIARIAKAAYABsCiAd1c2Vfb2lsATEScHJvZ3Jlc3NpdmVfcmVjaXBlATEVAAAmyv2htPr2fxUCKAJDMywXQDUIcrAgxJwYEmRhc2hfYmFzZWxpbmVfMV92MREAdf4HZeadAQA&_nc_gid=5jiJwdH2a9_XBMEcss3bbg&_nc_ss=7a22e&_nc_zt=28&oh=00_AQBhzQNIjYiJjzIxPvVbnMuVF87yxjG4j7iRWe0p5B91Yw&oe=6A51BDCA
CXtWBe0Fl7A,https://www.instagram.com/reel/CXtWBe0Fl7A/,"Copie você do passado! 🤯 Essa é uma estratégia que quase ninguém da a devida atenção❗️ Eu pelo exemplo tenho mais de 200 posts de valor no meu perfil, e VOCÊ (sim.. você mesmo!) provavelmente viu quantos deles? Nem a metade eu acredito! 💡 Então repetir postagens não é preguiça, é inteligência! Aqui vão 3 motivos pra você copiar você do passado: 1)A repetição é a mãe da didática! 2)Quem repete vira autoridade! 3)Postagens infinitas! Escolha seus melhores momentos e repita eles de formas diferentes.. O que era uma arte, faça um reels, ou um vídeo pelo exemplo! Eu vou fazer o mesmo no início do ano. O que achou da sacada? ⚡️",1640011597,2326,253,71.23500061035156,igtv,https://scontent-poa1-1.cdninstagram.com/o1/v/t16/f2/m69/AQMKY70tr6CLy6EnnkRh_M5KdIOYrJVwfS98_SeKgLjpTycRzWMo-FVc57sjNX3zaRWguuc5SrcmLNQE8XYXdo8e.mp4?strext=1&_nc_cat=105&_nc_sid=5e9851&_nc_ht=scontent-poa1-1.cdninstagram.com&_nc_ohc=cG4ulsO8BnIQ7kNvwGJMb2_&efg=eyJ2ZW5jb2RlX3RhZyI6Inhwdl9wcm9ncmVzc2l2ZS5JTlNUQUdSQU0uSUdUVi5DMy43MjAuZGFzaF9iYXNlbGluZV8xX3YxIiwieHB2X2Fzc2V0X2lkIjozMzMxNjQzMTUwMjM2NTEsImFzc2V0X2FnZV9kYXlzIjoxNjYyLCJ2aV91c2VjYXNlX2lkIjoxMDE0NSwiZHVyYXRpb25fcyI6NzEsInVybGdlbl9zb3VyY2UiOiJ3d3cifQ%3D%3D&ccb=17-1&vs=597d7be9afded9fc&_nc_vs=HBksFQIYOnBhc3N0aHJvdWdoX2V2ZXJzdG9yZS9HSUNXbUFBdkJYUjhuSVFRQUZBZkFCNkUtejVrYnZWQkFBQUYVAALIARIAFQIYOnBhc3N0aHJvdWdoX2V2ZXJzdG9yZS9HSFE5RlJEWHBHZDNKd1FCQUpMWGczOW45VGNyYnZWQkFBQUYVAgLIARIAKAAYABsCiAd1c2Vfb2lsATEScHJvZ3Jlc3NpdmVfcmVjaXBlATEVAAAmxuSwytvAlwEVAigCQzMsF0BRzul41P30GBJkYXNoX2Jhc2VsaW5lXzFfdjERAHXsB2XCngEA&_nc_gid=5jiJwdH2a9_XBMEcss3bbg&_nc_ss=7a22e&_nc_zt=28&oh=00_AQCdj9Kf_PPTai1ZIGNzK43XAVtyOZAY3fhMsEJRzrZm2A&oe=6A55B16F
CXl3ngQF3i5,https://www.instagram.com/reel/CXl3ngQF3i5/,"Brincadeiraa! Eu nem tenho terapeuta 🤣😈 O abençoado levou pelo menos 5 anos para construir sua empresa até hoje, e quer um império no Instagram com 30 dias... 🤌 Vai entender! #reels",1639760772,4790,195,9.899999618530273,clips,https://scontent-poa1-1.cdninstagram.com/o1/v/t2/f2/m86/AQMT7jUoNRZBOxdw6cViFTh_o7Gyki1CarkcV9VqytdcQ-rYbYw7zWvVCrB6QjfPkJ-9z0bi6HUTENYQ-N6dFvFGKXLyPNa3OUAVXns.mp4?_nc_cat=106&_nc_sid=5e9851&_nc_ht=scontent-poa1-1.cdninstagram.com&_nc_ohc=tC2m_EYniI0Q7kNvwGZBcgV&efg=eyJ2ZW5jb2RlX3RhZyI6Inhwdl9wcm9ncmVzc2l2ZS5JTlNUQUdSQU0uQ0xJUFMuQzMuNzIwLmRhc2hfYmFzZWxpbmVfMV92MSIsInhwdl9hc3NldF9pZCI6Mjc3MjI1MDk0NDY2NjY3LCJhc3NldF9hZ2VfZGF5cyI6MTY2NSwidmlfdXNlY2FzZV9pZCI6MTAwOTksImR1cmF0aW9uX3MiOjksInVybGdlbl9zb3VyY2UiOiJ3d3cifQ%3D%3D&ccb=17-1&vs=b84bb941200c31fd&_nc_vs=HBksFQIYUmlnX3hwdl9yZWVsc19wZXJtYW5lbnRfc3JfcHJvZC81MTQxRTU3Nzg5OUVFODNCOTREQURFQTAzMTcxMjQ5RV92aWRlb19kYXNoaW5pdC5tcDQVAALIARIAFQIYOnBhc3N0aHJvdWdoX2V2ZXJzdG9yZS9HSG5SN3ctSEVxbUJzZllBQUhSZ0E0UUhuUzBMYnFfRUFBQUYVAgLIARIAKAAYABsCiAd1c2Vfb2lsATEScHJvZ3Jlc3NpdmVfcmVjaXBlATEVAAAm1rG69M-IfhUCKAJDMywXQCPMzMzMzM0YEmRhc2hfYmFzZWxpbmVfMV92MREAdf4HZeadAQA&_nc_gid=5jiJwdH2a9_XBMEcss3bbg&_nc_ss=7a22e&_nc_zt=28&oh=00_AQAzVv_lxlEo1p5kvthxEDIB8F0S9RhGFUvf4W2HuIbA_Q&oe=6A51E7FF
CXhPD6XF6Sa,https://www.instagram.com/reel/CXhPD6XF6Sa/,"🔂 Simplesmente VOLTA! Acabou se perdendo no novo hábito? Falhou a dieta? A academia? O cronograma de postagem no Insta......? hehe A tendência é falharmos 1 dia e em decorrência disso 2, 3... de repente uma bola de neve foi se formada! 🚨 Ao invés de ficar se culpando simplesmente volta! RECOMEÇAR É LINDO! E eu to muito feliz em recomeçar aqui com vocês 💜",1639605319,2997,340,42.303001403808594,igtv,https://scontent-poa1-1.cdninstagram.com/o1/v/t16/f2/m69/AQPxtF6l7fHDCVXG5YkZkqFtxMvpB5jMa2Wru5jtyRnG5PE50CkjAi5YySwhLiiIGP8EnpjmLvTiAdpmaual1V0R.mp4?strext=1&_nc_cat=110&_nc_sid=5e9851&_nc_ht=scontent-poa1-1.cdninstagram.com&_nc_ohc=YpDwifOEBkkQ7kNvwGl3s7L&efg=eyJ2ZW5jb2RlX3RhZyI6Inhwdl9wcm9ncmVzc2l2ZS5JTlNUQUdSQU0uSUdUVi5DMy43MjAuZGFzaF9iYXNlbGluZV8xX3YxIiwieHB2X2Fzc2V0X2lkIjoyMzg1OTcyMjgzNzk4ODYsImFzc2V0X2FnZV9kYXlzIjoxNjY2LCJ2aV91c2VjYXNlX2lkIjoxMDE0NSwiZHVyYXRpb25fcyI6NDIsInVybGdlbl9zb3VyY2UiOiJ3d3cifQ%3D%3D&ccb=17-1&vs=1dfcd81e0971e656&_nc_vs=HBksFQIYOnBhc3N0aHJvdWdoX2V2ZXJzdG9yZS9HSUNXbUFDZXdndG9wUm9CQU10aXVNa25wRk1VYnZWQkFBQUYVAALIARIAFQIYOnBhc3N0aHJvdWdoX2V2ZXJzdG9yZS9HQU1aX3dfUXBQU1RNVDBDQUFNSDFBa21tX1VvYnZWQkFBQUYVAgLIARIAKAAYABsCiAd1c2Vfb2lsATEScHJvZ3Jlc3NpdmVfcmVjaXBlATEVAAAm3PvV8JfAbBUCKAJDMywXQEUmZmZmZmYYEmRhc2hfYmFzZWxpbmVfMV92MREAdewHZcKeAQA&_nc_gid=oLZakh2s6VonwLxcXJj1fw&_nc_zt=28&_nc_ss=7a22e&oh=00_AQAtMcF8wwLmjfKdyGNuy2Ey-FatgYs_L4CbTu-pcy_6yw&oe=6A55C306
CXRvDTulZ_a,https://www.instagram.com/reel/CXRvDTulZ_a/,"🙄 vou bloquear todos! haha Mentira, os boletos não deixam.. Escrever legendas não é fácil, mas é melhor do que passar 8h em pé 🙌🏼 AMO o que eu faço! 💜💻",1639085798,8531,278,8.333000183105469,clips,https://scontent-poa1-1.cdninstagram.com/o1/v/t2/f2/m86/AQPegAeFUrEYssBYHNGw-33GS6is1eic5IDvLS82QntSDz9-ai97Q-mqwyuWyMxMS4gzvvNkRtcPJfiMqP37SBgvV47nU2YwKzvMmW0.mp4?_nc_cat=100&_nc_sid=5e9851&_nc_ht=scontent-poa1-1.cdninstagram.com&_nc_ohc=Ty_iDl0x6zEQ7kNvwHDu1vo&efg=eyJ2ZW5jb2RlX3RhZyI6Inhwdl9wcm9ncmVzc2l2ZS5JTlNUQUdSQU0uQ0xJUFMuQzMuNzIwLmRhc2hfYmFzZWxpbmVfMV92MSIsInhwdl9hc3NldF9pZCI6MzAyMjM1MDUwNzk4MDMzNiwiYXNzZXRfYWdlX2RheXMiOjE2NzIsInZpX3VzZWNhc2VfaWQiOjEwMDk5LCJkdXJhdGlvbl9zIjo4LCJ1cmxnZW5fc291cmNlIjoid3d3In0%3D&ccb=17-1&vs=49de24319c803b11&_nc_vs=HBksFQIYUmlnX3hwdl9yZWVsc19wZXJtYW5lbnRfc3JfcHJvZC83QzRBN0RGRTgyQkQyOUMwRDE5REMzMDk3QUM2MTA5QV92aWRlb19kYXNoaW5pdC5tcDQVAALIARIAFQIYOnBhc3N0aHJvdWdoX2V2ZXJzdG9yZS9HSG5DMEE5YTNQTm5JQlVIQUsyNjRmQk9oMzFzYnFfRUFBQUYVAgLIARIAKAAYABsCiAd1c2Vfb2lsATEScHJvZ3Jlc3NpdmVfcmVjaXBlATEVAAAm4NjRhvqz3goVAigCQzMsF0Agqn752yLRGBJkYXNoX2Jhc2VsaW5lXzFfdjERAHX-B2XmnQEA&_nc_gid=oLZakh2s6VonwLxcXJj1fw&_nc_ss=7a22e&_nc_zt=28&oh=00_AQBztt-2gj220pZqp6WYtfV8vhOUz25WPbUuA2-b2q0jqA&oe=6A51F105
CVoKFfHF0ip,https://www.instagram.com/reel/CVoKFfHF0ip/,"Se você também odeia política, nós podemos ser amigos 👯‍♂️ Nós contra eles é uma estratégia de marketing usada para intensificar as emoções da sua audiência e fazer com que ela toma uma ação. Afinal, o inimigo do meu inimigo, é meu amigo! Funciona porque as pessoas tem necessidade de pertencimento e se conectam por emoções, e se seu grupo luta contra algo, as emoções aumentam ainda mais. PEPSI *️⃣ COCA BURGUER KING *️⃣ MC DONALDS DRAKE *️⃣ KANYE WEST APPLE *️⃣ SAMSUNG 💩🦑 *️⃣ 💩🔫 Você já tinha prestado atenção nessa estratégia antes? Quais marcas além dessas você sabe que têm um inimigo comum?",1635543255,2098,221,147.25999450683594,igtv,https://scontent-poa1-1.cdninstagram.com/o1/v/t16/f2/m84/AQP1xPapnosvEkX7nWpuBIBaSfUyNXxezxvi0g5iI1dnac7c--wGp3J7mfup230HHUsvW2kGiE7UvMdFNVxlRnu_gQiflG3UtB8iSWU.mp4?_nc_cat=104&_nc_sid=5e9851&_nc_ht=scontent-poa1-1.cdninstagram.com&_nc_ohc=gFJdkNiGuJMQ7kNvwFWsVYl&efg=eyJ2ZW5jb2RlX3RhZyI6Inhwdl9wcm9ncmVzc2l2ZS5JTlNUQUdSQU0uSUdUVi5DMy43MjAuZGFzaF9iYXNlbGluZV8xX3YxIiwieHB2X2Fzc2V0X2lkIjoyNDAyMzYzMDE5Njc0NDgsImFzc2V0X2FnZV9kYXlzIjoxNzEzLCJ2aV91c2VjYXNlX2lkIjoxMDE0NSwiZHVyYXRpb25fcyI6MTQ3LCJ1cmxnZW5fc291cmNlIjoid3d3In0%3D&ccb=17-1&vs=181febb2aca04894&_nc_vs=HBksFQIYTGlnX2JhY2tmaWxsX3RpbWVsaW5lX3ZvZC81MzRFOTREMDc4MkZGQUZEQUY1NkQ2RDM0RUZCQUFBRF92aWRlb19kYXNoaW5pdC5tcDQVAALIARIAFQIYOnBhc3N0aHJvdWdoX2V2ZXJzdG9yZS9HTGNjNnhiRjh3WUk0VGNJQUdjTzhTaVlIalZmYnBrd0FBQUYVAgLIARIAKAAYABsCiAd1c2Vfb2lsATEScHJvZ3Jlc3NpdmVfcmVjaXBlATEVAAAmsIGH98ufbRUCKAJDMywXQGJiHKwIMScYEmRhc2hfYmFzZWxpbmVfMV92MREAdewHZcKeAQA&_nc_gid=oLZakh2s6VonwLxcXJj1fw&_nc_ss=7a22e&_nc_zt=28&oh=00_AQDPHA1-kEc68ejoTley3P7y6Tfi16id6slONoMRJ1cKXA&oe=6A51C030
CVIXRcSFC0u,https://www.instagram.com/reel/CVIXRcSFC0u/,O externo é reflexo do interno. Como anda dentro de você?,1634475767,2792,43,10.003999710083008,clips,https://scontent-poa1-1.cdninstagram.com/o1/v/t2/f2/m86/AQOuYk1JXjS3PBht-OLZoGcolRp7lIZmbu8jgDfDAkfGz3bY-UUu7226vMlcsAFC59amA3y_mmK5W_MimAiKMvBy4Pnsdwnf8mRDRsw.mp4?_nc_cat=111&_nc_sid=5e9851&_nc_ht=scontent-poa1-1.cdninstagram.com&_nc_ohc=7DzqAiZT0HwQ7kNvwGx-N6n&efg=eyJ2ZW5jb2RlX3RhZyI6Inhwdl9wcm9ncmVzc2l2ZS5JTlNUQUdSQU0uQ0xJUFMuQzMuNzIwLmRhc2hfYmFzZWxpbmVfMV92MSIsInhwdl9hc3NldF9pZCI6MTg3NDcxOTMyOTM4MDI1MCwiYXNzZXRfYWdlX2RheXMiOjE3MjYsInZpX3VzZWNhc2VfaWQiOjEwMDk5LCJkdXJhdGlvbl9zIjoxMCwidXJsZ2VuX3NvdXJjZSI6Ind3dyJ9&ccb=17-1&vs=79b22deac3f30b86&_nc_vs=HBksFQIYUmlnX3hwdl9yZWVsc19wZXJtYW5lbnRfc3JfcHJvZC80QTQxNjI0NDM4NUNDNjQwRTVFNkJFQUM2NzdGNjBBMF92aWRlb19kYXNoaW5pdC5tcDQVAALIARIAFQIYOnBhc3N0aHJvdWdoX2V2ZXJzdG9yZS9HQXFfb3c0Z2lOb1hSekFEQU1YQWd2alllUklSYnFfRUFBQUYVAgLIARIAKAAYABsCiAd1c2Vfb2lsATEScHJvZ3Jlc3NpdmVfcmVjaXBlATEVAAAmtJ7zuoPD1AYVAigCQzMsF0AkAAAAAAAAGBJkYXNoX2Jhc2VsaW5lXzFfdjERAHX-B2XmnQEA&_nc_gid=oLZakh2s6VonwLxcXJj1fw&_nc_ss=7a22e&_nc_zt=28&oh=00_AQBFd3VZpnOpQoMYGRF8egZagS0ya_XPlybqpIr_KGVJXg&oe=6A51C71C
CVGcE8CFnFY,https://www.instagram.com/reel/CVGcE8CFnFY/,Autoconhecimento é a resposta. 👩🏻‍🚀 16:00,1634411144,2023,25,10.003999710083008,clips,https://scontent-poa1-1.cdninstagram.com/o1/v/t2/f2/m86/AQNZPtqTXdTClOiUTwTgYTyqrmCaf9M4_31DuZM23foWLzb4egNdgNFJnsrBTTE9FSANmMf0xWU4k1WIEy8P8uX5a09uMqhchtAtDTY.mp4?_nc_cat=102&_nc_sid=5e9851&_nc_ht=scontent-poa1-1.cdninstagram.com&_nc_ohc=6wMfwK41DQwQ7kNvwHiKRiS&efg=eyJ2ZW5jb2RlX3RhZyI6Inhwdl9wcm9ncmVzc2l2ZS5JTlNUQUdSQU0uQ0xJUFMuQzMuNzIwLmRhc2hfYmFzZWxpbmVfMV92MSIsInhwdl9hc3NldF9pZCI6NjEzOTk3NTYzMTA5NTExLCJhc3NldF9hZ2VfZGF5cyI6MTcyNywidmlfdXNlY2FzZV9pZCI6MTAwOTksImR1cmF0aW9uX3MiOjEwLCJ1cmxnZW5fc291cmNlIjoid3d3In0%3D&ccb=17-1&vs=32a3a79ed9d434d0&_nc_vs=HBksFQIYUmlnX3hwdl9yZWVsc19wZXJtYW5lbnRfc3JfcHJvZC9DOTQ1NDlDNzU2OUQ1NjVGRjgxQkRBQzMxMEU5MzBCMV92aWRlb19kYXNoaW5pdC5tcDQVAALIARIAFQIYOnBhc3N0aHJvdWdoX2V2ZXJzdG9yZS9HSXJxcFE0bnpIVmJaRklCQUdpTWp3MWgtRUFtYnFfRUFBQUYVAgLIARIAKAAYABsCiAd1c2Vfb2lsATEScHJvZ3Jlc3NpdmVfcmVjaXBlATEVAAAmjoKjqq6blwIVAigCQzMsF0AkAAAAAAAAGBJkYXNoX2Jhc2VsaW5lXzFfdjERAHX-B2XmnQEA&_nc_gid=oLZakh2s6VonwLxcXJj1fw&_nc_ss=7a22e&_nc_zt=28&oh=00_AQDeXnaA6Pc6iKQIqq-B5gAErwVzEm5sUdQ7ga9zBBBlOg&oe=6A51F24F
CVFtpmXllcU,https://www.instagram.com/reel/CVFtpmXllcU/,Quer ser livre de verdade ou vai continuar dando ouvidos para quem não se importa com você?,1634386878,1618,29,8.006999969482422,clips,https://scontent-poa1-1.cdninstagram.com/o1/v/t2/f2/m86/AQOmrbsvtZzP5edR5-iT6q3TBIPJN5ic-s995VMORZ2WzyjP1M0GPKV_aJ2LBcBtpay3yfBrFEORDtOPj4vh0GSU6Yx-P81wEz0O-n4.mp4?_nc_cat=110&_nc_sid=5e9851&_nc_ht=scontent-poa1-1.cdninstagram.com&_nc_ohc=IZb0MlPE6AEQ7kNvwHhxZuj&efg=eyJ2ZW5jb2RlX3RhZyI6Inhwdl9wcm9ncmVzc2l2ZS5JTlNUQUdSQU0uQ0xJUFMuQzMuNzIwLmRhc2hfYmFzZWxpbmVfMV92MSIsInhwdl9hc3NldF9pZCI6NTgzNzA4NTM5NjQyNDk5LCJhc3NldF9hZ2VfZGF5cyI6MTcyNywidmlfdXNlY2FzZV9pZCI6MTAwOTksImR1cmF0aW9uX3MiOjgsInVybGdlbl9zb3VyY2UiOiJ3d3cifQ%3D%3D&ccb=17-1&vs=21519e40971d7a98&_nc_vs=HBksFQIYUmlnX3hwdl9yZWVsc19wZXJtYW5lbnRfc3JfcHJvZC84MTQ4RTMyOTA2QzBBQzYyNjZBRkI1QkY2OTUzQkZBNl92aWRlb19kYXNoaW5pdC5tcDQVAALIARIAFQIYOnBhc3N0aHJvdWdoX2V2ZXJzdG9yZS9HTWd1c1E1TEpfMFhubklFQU9UZWNGS19yUVplYnFfRUFBQUYVAgLIARIAKAAYABsCiAd1c2Vfb2lsATEScHJvZ3Jlc3NpdmVfcmVjaXBlATEVAAAmhorDwqe4iQIVAigCQzMsF0AgAAAAAAAAGBJkYXNoX2Jhc2VsaW5lXzFfdjERAHX-B2XmnQEA&_nc_gid=oLZakh2s6VonwLxcXJj1fw&_nc_ss=7a22e&_nc_zt=28&oh=00_AQDzgDqJmFYBcAytOUspHr6RGQPFp8hRAm2DnbuDRJd0yQ&oe=6A51CE9B
CVDuEa5FHd6,https://www.instagram.com/reel/CVDuEa5FHd6/,🪐 Acho que eu quero tatuar essa frase!,1634319937,1593,28,10.003999710083008,clips,https://scontent-poa1-1.cdninstagram.com/o1/v/t2/f2/m86/AQPtNJ3QSX6-vYRHF47QuJDTyt0X0mwcBpaS_aFTQaHLPADXsMOqT-gxK9QRGAY0IMX30NOuN_6UVnMJUu36VG3mvuOOPuo-fb5BEHU.mp4?_nc_cat=101&_nc_sid=5e9851&_nc_ht=scontent-poa1-1.cdninstagram.com&_nc_ohc=DllqVetvTo0Q7kNvwFz8hk_&efg=eyJ2ZW5jb2RlX3RhZyI6Inhwdl9wcm9ncmVzc2l2ZS5JTlNUQUdSQU0uQ0xJUFMuQzMuNzIwLmRhc2hfYmFzZWxpbmVfMV92MSIsInhwdl9hc3NldF9pZCI6OTI4MDUzMzc0NzYyMDQ4LCJhc3NldF9hZ2VfZGF5cyI6MTcyOCwidmlfdXNlY2FzZV9pZCI6MTAwOTksImR1cmF0aW9uX3MiOjEwLCJ1cmxnZW5fc291cmNlIjoid3d3In0%3D&ccb=17-1&vs=a7891ced71eb176d&_nc_vs=HBksFQIYUmlnX3hwdl9yZWVsc19wZXJtYW5lbnRfc3JfcHJvZC8wMDRFMkE0NjE1MEQ2QkEyQkRCODExNEQxNkZFQUQ4RV92aWRlb19kYXNoaW5pdC5tcDQVAALIARIAFQIYOnBhc3N0aHJvdWdoX2V2ZXJzdG9yZS9HRDlwcEE2RmFiN0tjVjhDQUgxOWozeVdkUWxGYnFfRUFBQUYVAgLIARIAKAAYABsCiAd1c2Vfb2lsATEScHJvZ3Jlc3NpdmVfcmVjaXBlATEVAAAmgPHhu-iDpgMVAigCQzMsF0AkAAAAAAAAGBJkYXNoX2Jhc2VsaW5lXzFfdjERAHX-B2XmnQEA&_nc_gid=oLZakh2s6VonwLxcXJj1fw&_nc_ss=7a22e&_nc_zt=28&oh=00_AQACYXCuX5IfkWgipdFarI2PcEhpUcChJfZoFIb5BrhHQg&oe=6A51F32E
CVAgkBvFm6K,https://www.instagram.com/reel/CVAgkBvFm6K/,"Se você está na internet precisa entender logo uma coisa: Existem 8 bilhões de pessoas no mundo, você vai encarar o desafio de tentar moldar todas elas? Melhor não.. Apenas aceite que pessoas são diferentes e principalmente: ENTENDA QUE VOCÊ TAMBÉM NÃO PRECISA AGRADAR TODO MUNDO! LIGUE O FODA-SE! A coisa que eu mais vejo nessa internet é gente querendo impor seu ponto de vista e gostos sobre outras pessoas, sendo que essa é a maior burrice de todas! 🪐 Cada pessoa é um Universo 🤍",1634212314,1624,33,10.003999710083008,clips,https://scontent-poa1-1.cdninstagram.com/o1/v/t2/f2/m86/AQMCaT9SiJsjnAPVTxhrRuf0oy5C4kGauHH8f9l2iQs18jeXU7w18e5UomwnbKq99dIxWrsoxGlTmL0mJTCfdqKEFMK4__ZJmyEuY-Y.mp4?_nc_cat=110&_nc_sid=5e9851&_nc_ht=scontent-poa1-1.cdninstagram.com&_nc_ohc=adjOGtNFKRIQ7kNvwH5XMR-&efg=eyJ2ZW5jb2RlX3RhZyI6Inhwdl9wcm9ncmVzc2l2ZS5JTlNUQUdSQU0uQ0xJUFMuQzMuNzIwLmRhc2hfYmFzZWxpbmVfMV92MSIsInhwdl9hc3NldF9pZCI6NTg3MTEwMDc5MTA0NTYyLCJhc3NldF9hZ2VfZGF5cyI6MTcyOSwidmlfdXNlY2FzZV9pZCI6MTAwOTksImR1cmF0aW9uX3MiOjEwLCJ1cmxnZW5fc291cmNlIjoid3d3In0%3D&ccb=17-1&vs=b80ccc666242b030&_nc_vs=HBksFQIYUmlnX3hwdl9yZWVsc19wZXJtYW5lbnRfc3JfcHJvZC8zNDQ1MEFCRjczODI4NEI1QkU3NzRGOUI0Mjc3QzM4OF92aWRlb19kYXNoaW5pdC5tcDQVAALIARIAFQIYOnBhc3N0aHJvdWdoX2V2ZXJzdG9yZS9HT3d1bXc3d2RNUVVtYUFCQUpBMkc1ejc4X29mYnFfRUFBQUYVAgLIARIAKAAYABsCiAd1c2Vfb2lsATEScHJvZ3Jlc3NpdmVfcmVjaXBlATEVAAAm5Jis-6b-igIVAigCQzMsF0AkAAAAAAAAGBJkYXNoX2Jhc2VsaW5lXzFfdjERAHX-B2XmnQEA&_nc_gid=oLZakh2s6VonwLxcXJj1fw&_nc_ss=7a22e&_nc_zt=28&oh=00_AQCH4JRl1VXiOrD5R-FFCLFfjsWnRyF2kP4nNZLbPaEr9Q&oe=6A51D49F
CU-QwtKFKbN,https://www.instagram.com/reel/CU-QwtKFKbN/,Dependa da sua disposição!,1634136775,1964,28,10.538000106811523,clips,https://scontent-poa1-1.cdninstagram.com/o1/v/t2/f2/m86/AQNwl-IXpEBGHwBg7NmFtETYNTs-Eb2tpLtN9MoBH5qrDeexq8prVUkRil6IH8lbnPPIPLMuMDsr6tk8pngNeajo17KFEE4H1rCXM_c.mp4?_nc_cat=111&_nc_sid=5e9851&_nc_ht=scontent-poa1-1.cdninstagram.com&_nc_ohc=-_8vT84JXSMQ7kNvwENSdD0&efg=eyJ2ZW5jb2RlX3RhZyI6Inhwdl9wcm9ncmVzc2l2ZS5JTlNUQUdSQU0uQ0xJUFMuQzMuNzIwLmRhc2hfYmFzZWxpbmVfMV92MSIsInhwdl9hc3NldF9pZCI6MTczNTI0MjQ0OTYyMDU2LCJhc3NldF9hZ2VfZGF5cyI6MTczMCwidmlfdXNlY2FzZV9pZCI6MTAwOTksImR1cmF0aW9uX3MiOjEwLCJ1cmxnZW5fc291cmNlIjoid3d3In0%3D&ccb=17-1&vs=b812f3d50ece5f9e&_nc_vs=HBksFQIYUmlnX3hwdl9yZWVsc19wZXJtYW5lbnRfc3JfcHJvZC9CQTQxRDg3N0ZBMkI5NTBFMTQ2QUFBNDFCNzVGMzFCMV92aWRlb19kYXNoaW5pdC5tcDQVAALIARIAFQIYOnBhc3N0aHJvdWdoX2V2ZXJzdG9yZS9HRFJlb0E3SU55amZXclVBQUJXcHpzaHVtTFVLYnFfRUFBQUYVAgLIARIAKAAYABsCiAd1c2Vfb2lsATEScHJvZ3Jlc3NpdmVfcmVjaXBlATEVAAAmkOzYr7j0ThUCKAJDMywXQCUQ5WBBiTcYEmRhc2hfYmFzZWxpbmVfMV92MREAdf4HZeadAQA&_nc_gid=oLZakh2s6VonwLxcXJj1fw&_nc_ss=7a22e&_nc_zt=28&oh=00_AQDegfbeGfHxZwLZFAA8jBit9cuYkQDj0XQ_WHR4Xum9Lw&oe=6A51C7C4
CU2wkB8FOEd,https://www.instagram.com/reel/CU2wkB8FOEd/,"Trabalho imediato é para empregados, se você sonha em construir algo SEU.. O foco precisa estar no longo prazo, aprendendo sempre e se divertindo no caminho ❤️‍🔥",1633885127,2248,28,10.003999710083008,clips,https://scontent-poa1-1.cdninstagram.com/o1/v/t2/f2/m86/AQPn3DF-hbtGf5JYq7r0XjsiNHlUQIUW-pB_W3oTmaOyz6DwMezxbQe5F6SzTvT_pVBKk2FGw7PNzcU--FqF-WcR4mQsX3tMaeCsJ0U.mp4?_nc_cat=100&_nc_sid=5e9851&_nc_ht=scontent-poa1-1.cdninstagram.com&_nc_ohc=O5Gjlq_yVMsQ7kNvwEgWbAA&efg=eyJ2ZW5jb2RlX3RhZyI6Inhwdl9wcm9ncmVzc2l2ZS5JTlNUQUdSQU0uQ0xJUFMuQzMuNzIwLmRhc2hfYmFzZWxpbmVfMV92MSIsInhwdl9hc3NldF9pZCI6OTA2OTQ1NzA2NTkwMDI1LCJhc3NldF9hZ2VfZGF5cyI6MTczMywidmlfdXNlY2FzZV9pZCI6MTAwOTksImR1cmF0aW9uX3MiOjEwLCJ1cmxnZW5fc291cmNlIjoid3d3In0%3D&ccb=17-1&vs=8d3dc37f6aa5f810&_nc_vs=HBksFQIYUmlnX3hwdl9yZWVsc19wZXJtYW5lbnRfc3JfcHJvZC8yNjRGMDMyQzlCQTIxNkMxODQzMjZBNkZENkZDMkNBN192aWRlb19kYXNoaW5pdC5tcDQVAALIARIAFQIYOnBhc3N0aHJvdWdoX2V2ZXJzdG9yZS9HSF8xa3c1ZlRNN0poNEVQQUMxUjNXYi1KUEp4YnFfRUFBQUYVAgLIARIAKAAYABsCiAd1c2Vfb2lsATEScHJvZ3Jlc3NpdmVfcmVjaXBlATEVAAAmkv3fipi3nAMVAigCQzMsF0AkAAAAAAAAGBJkYXNoX2Jhc2VsaW5lXzFfdjERAHX-B2XmnQEA&_nc_gid=oLZakh2s6VonwLxcXJj1fw&_nc_ss=7a22e&_nc_zt=28&oh=00_AQD6zxlxY-w8d50AaeoJz4uqMRWCJ63861YW2N77MHw8Yw&oe=6A51E2E9
CU0YtCQlOwZ,https://www.instagram.com/reel/CU0YtCQlOwZ/,A ação cura. It’s time for Action ⚡️,1633805426,1878,29,8.006999969482422,clips,https://scontent-poa1-1.cdninstagram.com/o1/v/t2/f2/m86/AQPDbHZ5m6KybUODGnh7lScfW2IO35JveJMxFTkqzZaQlYlnRXdFZ9l5E9yboTpcOg1v0XO1mrUzqPnvMfMVTKO9hV8jnAQvwtL2k9g.mp4?_nc_cat=100&_nc_sid=5e9851&_nc_ht=scontent-poa1-1.cdninstagram.com&_nc_ohc=h6_7KyEwwHQQ7kNvwFK7-KX&efg=eyJ2ZW5jb2RlX3RhZyI6Inhwdl9wcm9ncmVzc2l2ZS5JTlNUQUdSQU0uQ0xJUFMuQzMuNzIwLmRhc2hfYmFzZWxpbmVfMV92MSIsInhwdl9hc3NldF9pZCI6MTIxNjEyOTMxNTU3MzY5MywiYXNzZXRfYWdlX2RheXMiOjE3MzQsInZpX3VzZWNhc2VfaWQiOjEwMDk5LCJkdXJhdGlvbl9zIjo4LCJ1cmxnZW5fc291cmNlIjoid3d3In0%3D&ccb=17-1&vs=bf51ad882d5b7722&_nc_vs=HBksFQIYUmlnX3hwdl9yZWVsc19wZXJtYW5lbnRfc3JfcHJvZC9CODQxQjk1QzhFRjE0QjU3RTQ1RDE5MTYxNjFFRDlBN192aWRlb19kYXNoaW5pdC5tcDQVAALIARIAFQIYOnBhc3N0aHJvdWdoX2V2ZXJzdG9yZS9HQmdsbWc1X3FLTDQ3SEVCQUNEZzBBNGJ0ZHgtYnFfRUFBQUYVAgLIARIAKAAYABsCiAd1c2Vfb2lsATEScHJvZ3Jlc3NpdmVfcmVjaXBlATEVAAAm-r7YvYWEqQQVAigCQzMsF0AgAAAAAAAAGBJkYXNoX2Jhc2VsaW5lXzFfdjERAHX-B2XmnQEA&_nc_gid=oLZakh2s6VonwLxcXJj1fw&_nc_ss=7a22e&_nc_zt=28&oh=00_AQBw5NAoeZKAdF1K17mCru5FRaCVYVx0puLKCy63k794YQ&oe=6A51E9E1
CU0IRhMlMhM,https://www.instagram.com/reel/CU0IRhMlMhM/,"Usar hashtags banidas é um erro facilmente evitado! #️⃣🚫 O instagram é uma inteligência virtual que funciona para proteger seus usuários e mantê-los no app, por isso se seu post tiver algumas dessas hashtags o Insta entende que sua publicação não vai de acordo com as diretrizes e diminui seu alcance! Não queremos isso, né?! ⁣ Então salva esse reels para sempre consultar quais hashtags estão banidas e não usá-las de jeito nenhum!",1633797126,4708,188,10.465999603271484,clips,https://scontent-poa1-1.cdninstagram.com/o1/v/t16/f2/m69/AQMdE4M8Y5vrJWnwgJHooMGyCW5A1RSVBhQdMZEXf0aa22jvVk9USALsfo16glsaDnqRz_5Dq9Ec8seUaKuuI6Mr.mp4?strext=1&_nc_cat=110&_nc_sid=5e9851&_nc_ht=scontent-poa1-1.cdninstagram.com&_nc_ohc=anddQNY1RY8Q7kNvwE2vdDj&efg=eyJ2ZW5jb2RlX3RhZyI6Inhwdl9wcm9ncmVzc2l2ZS5JTlNUQUdSQU0uQ0xJUFMuQzMuNzIwLmRhc2hfYmFzZWxpbmVfMV92MSIsInhwdl9hc3NldF9pZCI6OTIyODY2NjA4NTg3NTUyLCJhc3NldF9hZ2VfZGF5cyI6MTczNCwidmlfdXNlY2FzZV9pZCI6MTAwOTksImR1cmF0aW9uX3MiOjEwLCJ1cmxnZW5fc291cmNlIjoid3d3In0%3D&ccb=17-1&vs=6fd8686269e9fe23&_nc_vs=HBksFQIYOnBhc3N0aHJvdWdoX2V2ZXJzdG9yZS9HRHJmblE0QjBwN1JRZk1BQUo4TkxTWnZwRFp4YnFfRUFBQUYVAALIARIAFQIYOnBhc3N0aHJvdWdoX2V2ZXJzdG9yZS9HR2RKbXc2eG1scWNDN01BQVBuMVRMc0ZZM0ZUYnFfRUFBQUYVAgLIARIAKAAYABsCiAd1c2Vfb2lsATEScHJvZ3Jlc3NpdmVfcmVjaXBlATEVAAAmwIyKhvTVowMVAigCQzMsF0Ak7peNT987GBJkYXNoX2Jhc2VsaW5lXzFfdjERAHX-B2XmnQEA&_nc_gid=oLZakh2s6VonwLxcXJj1fw&_nc_ss=7a22e&_nc_zt=28&oh=00_AQAKy5LSd52HMBo72sZk5IEwPHNcOngDpL9RcQba4qUh9g&oe=6A55E6D2
CUyFOpDFkPq,https://www.instagram.com/reel/CUyFOpDFkPq/,Isso sim é arriscado! 🙃 🎵: Beautiful Lie - Playlist Wake Up Music,1633728077,2326,28,10.701000213623047,clips,https://scontent-poa1-1.cdninstagram.com/o1/v/t2/f2/m86/AQN5RhXLpQKdIBe7XUgmpkpUgLEhLjSAg2dYNOVlPP3Fo1i_ExnzFNbIgKczoOfsXLiQ9bflpBzFOLl36NOaPWS263EH8mvuZtmitEw.mp4?_nc_cat=108&_nc_sid=5e9851&_nc_ht=scontent-poa1-1.cdninstagram.com&_nc_ohc=O1S3uZVDyFsQ7kNvwESEMya&efg=eyJ2ZW5jb2RlX3RhZyI6Inhwdl9wcm9ncmVzc2l2ZS5JTlNUQUdSQU0uQ0xJUFMuQzMuNzIwLmRhc2hfYmFzZWxpbmVfMV92MSIsInhwdl9hc3NldF9pZCI6NDU0NzQxNzQ5MTk2MTg3LCJhc3NldF9hZ2VfZGF5cyI6MTczNCwidmlfdXNlY2FzZV9pZCI6MTAwOTksImR1cmF0aW9uX3MiOjEwLCJ1cmxnZW5fc291cmNlIjoid3d3In0%3D&ccb=17-1&vs=ea4a7c28a93f84a6&_nc_vs=HBksFQIYUmlnX3hwdl9yZWVsc19wZXJtYW5lbnRfc3JfcHJvZC8wNTRCNzMyNzBGOEZCMDlEQjY2MjFGRERDQ0YyMUY4Nl92aWRlb19kYXNoaW5pdC5tcDQVAALIARIAFQIYOnBhc3N0aHJvdWdoX2V2ZXJzdG9yZS9HT1I0bkE0R1hjX0dxeHNDQUFuLXRnZ3JWN0F2YnFfRUFBQUYVAgLIARIAKAAYABsCiAd1c2Vfb2lsATEScHJvZ3Jlc3NpdmVfcmVjaXBlATEVAAAmtpbnhrrlzgEVAigCQzMsF0AlZmZmZmZmGBJkYXNoX2Jhc2VsaW5lXzFfdjERAHX-B2XmnQEA&_nc_gid=1Fya9p-s_4A4IuxcFsWAFw&_nc_ss=7a22e&_nc_zt=28&oh=00_AQDdy4nGafUZkNWKVrcS3rtrqzYXS5Z5nGsn71zMeWGrZQ&oe=6A51C2A5
CUvegLTFvw1,https://www.instagram.com/reel/CUvegLTFvw1/,"Gravei esse vídeo há cerca de 1 ano e meio atrás e dá pra ver quanta coisa mudou! HOJE eu não tenho dúvidas sobre esse poder e digo sem dúvidas que exercer a gratidão diariamente foi uma das coisas que me possibilitaram mudar de vida em tão pouco tempo! Ser grato pelo o que? POR TUDO ✨ Hoje eu sou grata pela possibilidade de me expressar, me comunicar por meio desse instagram e transbordar na vida de pessoas tão incríveis que me dão feedbacks singulares TODOS OS DIAS. Gratidão! E você? Pelo o que é grato hoje?",1633640690,856,78,68.35900115966797,igtv,https://scontent-poa1-1.cdninstagram.com/o1/v/t16/f2/m84/AQPJTFIkI_4F67uFmYobVS1wekkf4klEOs8zg_GWIcWV0SrmhvRGQrhLHC2Yq4K7BC58e8yiUa7OoTiKXGkfaVEfPJboGIKQlwt_PZQ.mp4?_nc_cat=107&_nc_sid=5e9851&_nc_ht=scontent-poa1-1.cdninstagram.com&_nc_ohc=EweoVra-J5UQ7kNvwEI4dQI&efg=eyJ2ZW5jb2RlX3RhZyI6Inhwdl9wcm9ncmVzc2l2ZS5JTlNUQUdSQU0uSUdUVi5DMy4xMjgwLmRhc2hfYmFzZWxpbmVfMV92MSIsInhwdl9hc3NldF9pZCI6MTUwODE2NDc4MzM0MzU0OSwiYXNzZXRfYWdlX2RheXMiOjE3MzUsInZpX3VzZWNhc2VfaWQiOjEwMTQ1LCJkdXJhdGlvbl9zIjo2OCwidXJsZ2VuX3NvdXJjZSI6Ind3dyJ9&ccb=17-1&vs=74154d8a082063d1&_nc_vs=HBksFQIYTGlnX2JhY2tmaWxsX3RpbWVsaW5lX3ZvZC8yRDQ4Rjk1NUU0MUVBNDA5QjQ5NkQ2NUJFQkREQTVCMl92aWRlb19kYXNoaW5pdC5tcDQVAALIARIAFQIYOnBhc3N0aHJvdWdoX2V2ZXJzdG9yZS9HSWJDRFJkZld5eC1MLTRDQVBqUkotYV92UEVEYnBrd0FBQUYVAgLIARIAKAAYABsCiAd1c2Vfb2lsATEScHJvZ3Jlc3NpdmVfcmVjaXBlATEVAAAm-p7kot_qrQUVAigCQzMsF0BRDMzMzMzNGBJkYXNoX2Jhc2VsaW5lXzFfdjERAHXsB2XCngEA&_nc_gid=1Fya9p-s_4A4IuxcFsWAFw&_nc_ss=7a22e&_nc_zt=28&oh=00_AQDraJ6DcO9OP3bVvTc6R7ylSaFKXgZWdh1TREYQpuaT6A&oe=6A51CCD1
CUu4HMWlmxW,https://www.instagram.com/reel/CUu4HMWlmxW/,"Já parou pra pensar porque Diab** você estuda Bhaskara ou briófitas na escola? Já se questionou o porque passamos 12 anos estudando várias coisas que terão zero aplicação na vida real? Já se perguntou também porque existem várias coisas importantes que você deveria saber, como: Inteligência emocional e financeira, nutrição, empreendedorismo, comunicação… mas só descobre isso muito depois de passar pela linha de produção (escola, faculdade, emprego). Durante nossos anos na escola nos ensinaram que a única opção era seguir o caminho tradicional, ensinaram que se você não entra em uma faculdade logo após sair do ensino médio você está atrasado! Nos ensinaram também uma série de coisas inúteis só para nos dar a sensação de aprendizado e tentaram nos aprisionar em uma caixa 📦 Se você não percebeu isso ainda, eu estou aqui pra te fazer um pedido: Saia da caixinha, OUSE PENSAR.",1633620541,1708,24,10.003999710083008,clips,https://scontent-poa1-1.cdninstagram.com/o1/v/t2/f2/m86/AQP0fkyT0MpRLCq8Iiglt5NNg6QThXBS6TyN0wgS-6VDToigXdWawOEs-d4iuYLjgpHGs9Jtc94EKvTpWwetYitALkbNNBrdEOOLImY.mp4?_nc_cat=109&_nc_sid=5e9851&_nc_ht=scontent-poa1-1.cdninstagram.com&_nc_ohc=RUS4dHJZ3cQQ7kNvwHdW2sJ&efg=eyJ2ZW5jb2RlX3RhZyI6Inhwdl9wcm9ncmVzc2l2ZS5JTlNUQUdSQU0uQ0xJUFMuQzMuNzIwLmRhc2hfYmFzZWxpbmVfMV92MSIsInhwdl9hc3NldF9pZCI6NDU4MTk0NjQ1NDc1Mzk5LCJhc3NldF9hZ2VfZGF5cyI6MTczNiwidmlfdXNlY2FzZV9pZCI6MTAwOTksImR1cmF0aW9uX3MiOjEwLCJ1cmxnZW5fc291cmNlIjoid3d3In0%3D&ccb=17-1&vs=f0d2228956637a81&_nc_vs=HBksFQIYUmlnX3hwdl9yZWVsc19wZXJtYW5lbnRfc3JfcHJvZC9CRDRERUJFREZFRjVGM0ZEMDYxQ0Q1RTE5MEIwNUNBRF92aWRlb19kYXNoaW5pdC5tcDQVAALIARIAFQIYOnBhc3N0aHJvdWdoX2V2ZXJzdG9yZS9HQXhua1E0Q09DX29XckFJQUhHbzlUX3BQWmtqYmtZTEFBQUYVAgLIARIAKAAYABsCiAd1c2Vfb2lsATEScHJvZ3Jlc3NpdmVfcmVjaXBlATEVAAAmjoGnkbiu0AEVAigCQzMsF0AkAAAAAAAAGBJkYXNoX2Jhc2VsaW5lXzFfdjERAHX-B2XmnQEA&_nc_gid=1Fya9p-s_4A4IuxcFsWAFw&_nc_ss=7a22e&_nc_zt=28&oh=00_AQCfLX8nItwO_vhqdORdCN4jdb5bgY9yy3EzO6w6-rvTQQ&oe=6A51DB92
CUs-vJSl3UX,https://www.instagram.com/reel/CUs-vJSl3UX/,"Eu vejo que muita gente já entendeu que: ou o seu negócio está na internet ou você não tem um negócio… Mas quando você chega nessa conclusão acaba batendo de frente com alguns problemas: • Vergonha • Bloqueio criativo • Medo do que vão pensar • Aversão à dancinhas • Falta de estratégia E por aí vai… Então é rápido até que o desespero bata na porta e junto com ele o desânimo e frustrações! Eu já passei por tudo isso, tive que aprender sozinha, com muito esforço e um investimento alto nos melhores cursos do mercado. Já são 4 anos atendendo grandes marcas e ajudando várias pessoas a multiplicar seus resultados através da internet. Com base em tudo que eu trilhei eu resolvi facilitar a sua jornada e compilei 4 anos em uma mentoria PESSOAL de 4 passos: 1. BRANDING 2. ESTRATÉGIA 3. CONTEÚDO 4. VENDAS Um passo a passo claro com tudo que você precisa pra ter todos os resultados que essa internet pode dar, mesmo que você tenha poucos seguidores e uma experiência baixa nas redes sociais. Vem comigo? Me chama no direct!",1633556904,3766,146,11.199999809265137,clips,https://scontent-poa1-1.cdninstagram.com/o1/v/t2/f2/m86/AQN_PIRoIpQSex29--HZPfMUaioxE6EVzo9jChBMAZs_5vJkOQH-YDGPSfw9xdlcCWUfv69D0QejG0uFhCy1xeY.mp4?_nc_cat=102&_nc_sid=5e9851&_nc_ht=scontent-poa1-1.cdninstagram.com&_nc_ohc=d2EdFN4I4KcQ7kNvwHyW5za&efg=eyJ2ZW5jb2RlX3RhZyI6Inhwdl9wcm9ncmVzc2l2ZS5JTlNUQUdSQU0uQ0xJUFMuQzMuNzIwLmRhc2hfYmFzZWxpbmVfMV92MSIsInhwdl9hc3NldF9pZCI6ODk0NDk3MDkxMjA1MTQzLCJhc3NldF9hZ2VfZGF5cyI6MTczNiwidmlfdXNlY2FzZV9pZCI6MTAwOTksImR1cmF0aW9uX3MiOjExLCJ1cmxnZW5fc291cmNlIjoid3d3In0%3D&ccb=17-1&vs=5e8976baa75d0a5a&_nc_vs=HBksFQIYRmlnX3hwdl9yZWVsc19wZXJtYW5lbnRfc3JfcHJvZC8xMzcxNjM1Njg1OTQ5NDRfODIxMzU3MjQxNTU4MjgzNDc3Ni5tcDQVAALIARIAFQIYOnBhc3N0aHJvdWdoX2V2ZXJzdG9yZS9HSEZia0E3WkVMaUxBbGdCQUJ2YUktdVdyeGR6YnFfRUFBQUYVAgLIARIAKAAYABsCiAd1c2Vfb2lsATEScHJvZ3Jlc3NpdmVfcmVjaXBlATEVAAAmruD91crilgMVAigCQzMsF0AmZmZmZmZmGBJkYXNoX2Jhc2VsaW5lXzFfdjERAHX-B2XmnQEA&_nc_gid=1Fya9p-s_4A4IuxcFsWAFw&_nc_ss=7a22e&_nc_zt=28&oh=00_AQC3bG9mUVMAycTwwo50YYZGMVeCsD1Z_7n2Y9KGOUEtnA&oe=6A51D0E2
CUsTPoml0tJ,https://www.instagram.com/reel/CUsTPoml0tJ/,"Quer voar? Então não tenha medo de errar! 🚀 Os erros são tão importantes quanto os acertos.. Se você souber onde colocar o olhar, os erros terão um poder surreal de te ensinar!",1633534644,1869,40,10.003999710083008,clips,https://scontent-poa1-1.cdninstagram.com/o1/v/t2/f2/m86/AQMie0ubGxijlY3S3r5gr-uPOiHKrFqTi2ylXmKR62DS0fSL_oSh6TUFZiB3-HIZkm99vA-3EP9uQ4EOTOy5enPyBSsI8hkJkieh5WE.mp4?_nc_cat=106&_nc_sid=5e9851&_nc_ht=scontent-poa1-1.cdninstagram.com&_nc_ohc=kZhyVaIfWIwQ7kNvwEX_5TS&efg=eyJ2ZW5jb2RlX3RhZyI6Inhwdl9wcm9ncmVzc2l2ZS5JTlNUQUdSQU0uQ0xJUFMuQzMuNzIwLmRhc2hfYmFzZWxpbmVfMV92MSIsInhwdl9hc3NldF9pZCI6OTE4MTkxOTc1NzgxNDIwLCJhc3NldF9hZ2VfZGF5cyI6MTczNywidmlfdXNlY2FzZV9pZCI6MTAwOTksImR1cmF0aW9uX3MiOjEwLCJ1cmxnZW5fc291cmNlIjoid3d3In0%3D&ccb=17-1&vs=e358ea408e187ac0&_nc_vs=HBksFQIYUmlnX3hwdl9yZWVsc19wZXJtYW5lbnRfc3JfcHJvZC81MTQwMjU2M0UxMzM3QjU2NDQ0NDQxOUE4NEY5N0E5Ql92aWRlb19kYXNoaW5pdC5tcDQVAALIARIAFQIYOnBhc3N0aHJvdWdoX2V2ZXJzdG9yZS9HTzBVbEE1Rzlpak5rMmNDQUcxckZFTVQ3X0F4YnFfRUFBQUYVAgLIARIAKAAYABsCiAd1c2Vfb2lsATEScHJvZ3Jlc3NpdmVfcmVjaXBlATEVAAAm2NDqqOfFoQMVAigCQzMsF0AkAAAAAAAAGBJkYXNoX2Jhc2VsaW5lXzFfdjERAHX-B2XmnQEA&_nc_gid=1Fya9p-s_4A4IuxcFsWAFw&_nc_ss=7a22e&_nc_zt=28&oh=00_AQCHp_TMc8iKT0J0oxqZoJT0Or6Jk3A7ZFDDsH5jI6hUzQ&oe=6A51C993
CUqZ8VoFnoc,https://www.instagram.com/reel/CUqZ8VoFnoc/,"Talvez você ainda não tenha chegado onde deseja por não encarar o Insta como seu trabalho! ⚡️ Uma dica é lembrar sempre das VANTAGENS que o digital te possibilita, coisas que o mercado tradicional nunca fará! 👀 A última é realmente uma benção na minha vida 😅 #marketingdigital #vantagens #socialmedia #grs #estrategistadigital",1633470719,3331,164,29.90399932861328,clips,https://scontent-poa1-1.cdninstagram.com/o1/v/t2/f2/m86/AQMEN3CK0XKxwhsUhC9vAYa1KxEhez91vaWoVTR1749L11vCfPM_0cDhGOH3WSdJbfOZnigyCnGkaYFumMi8Wc0XI_x5wd6BjAurdqA.mp4?_nc_cat=100&_nc_sid=5e9851&_nc_ht=scontent-poa1-1.cdninstagram.com&_nc_ohc=EBdO-dRr-hYQ7kNvwH5uKaW&efg=eyJ2ZW5jb2RlX3RhZyI6Inhwdl9wcm9ncmVzc2l2ZS5JTlNUQUdSQU0uQ0xJUFMuQzMuNzIwLmRhc2hfYmFzZWxpbmVfMV92MSIsInhwdl9hc3NldF9pZCI6NDU2NDk3ODM5MDA4Mzg1LCJhc3NldF9hZ2VfZGF5cyI6MTczNywidmlfdXNlY2FzZV9pZCI6MTAwOTksImR1cmF0aW9uX3MiOjI5LCJ1cmxnZW5fc291cmNlIjoid3d3In0%3D&ccb=17-1&vs=cae210f1be658095&_nc_vs=HBksFQIYUmlnX3hwdl9yZWVsc19wZXJtYW5lbnRfc3JfcHJvZC83MTRBNTA4NjQ5MDM3Mjg4RjFFRDRERTQyQTVBOEM5OF92aWRlb19kYXNoaW5pdC5tcDQVAALIARIAFQIYOnBhc3N0aHJvdWdoX2V2ZXJzdG9yZS9HUDlFa1E0czQyRllXR2tBQUdFdjBlVWsybGxXYnFfRUFBQUYVAgLIARIAKAAYABsCiAd1c2Vfb2lsATEScHJvZ3Jlc3NpdmVfcmVjaXBlATEVAAAmgqrH-NXLzwEVAigCQzMsF0A95mZmZmZmGBJkYXNoX2Jhc2VsaW5lXzFfdjERAHX-B2XmnQEA&_nc_gid=1Fya9p-s_4A4IuxcFsWAFw&_nc_ss=7a22e&_nc_zt=28&oh=00_AQAZJOZrBR-i3x4MdU5-WyAuPK7nZflRKw0K8d7_BbHVpA&oe=6A51CC15
CUp0GYul2iY,https://www.instagram.com/reel/CUp0GYul2iY/,Movimento gera prosperidade. 🌪 O caos é seu amigo ;),1633450675,3087,69,10.003999710083008,clips,https://scontent-poa1-1.cdninstagram.com/o1/v/t2/f2/m86/AQN52kJuqQC0CINjHU5ZEgRC-U6-DeJN8OF1gX3_u22QCJwxUMm_W1kuEKPNftNgviy6HNaRnm7VXOLUAMhL1eA4XEvII2KutfqJ380.mp4?_nc_cat=103&_nc_sid=5e9851&_nc_ht=scontent-poa1-1.cdninstagram.com&_nc_ohc=-mtDH2PwRTIQ7kNvwHCEt0_&efg=eyJ2ZW5jb2RlX3RhZyI6Inhwdl9wcm9ncmVzc2l2ZS5JTlNUQUdSQU0uQ0xJUFMuQzMuNzIwLmRhc2hfYmFzZWxpbmVfMV92MSIsInhwdl9hc3NldF9pZCI6NDA3MzA3OTc3NDA5NjA3LCJhc3NldF9hZ2VfZGF5cyI6MTczOCwidmlfdXNlY2FzZV9pZCI6MTAwOTksImR1cmF0aW9uX3MiOjEwLCJ1cmxnZW5fc291cmNlIjoid3d3In0%3D&ccb=17-1&vs=5e95362b8b8d29c1&_nc_vs=HBksFQIYUmlnX3hwdl9yZWVsc19wZXJtYW5lbnRfc3JfcHJvZC84NDQxMkQzMDA4NEZFMEQ5MjY2NTEyRUZDRkJFNkRBM192aWRlb19kYXNoaW5pdC5tcDQVAALIARIAFQIYOnBhc3N0aHJvdWdoX2V2ZXJzdG9yZS9HSmVsa0E3Nzc4SFFpU3dGQUZidmQ1LVpCdmM0YnFfRUFBQUYVAgLIARIAKAAYABsCiAd1c2Vfb2lsATEScHJvZ3Jlc3NpdmVfcmVjaXBlATEVAAAmjpH29LicuQEVAigCQzMsF0AkAAAAAAAAGBJkYXNoX2Jhc2VsaW5lXzFfdjERAHX-B2XmnQEA&_nc_gid=1Fya9p-s_4A4IuxcFsWAFw&_nc_ss=7a22e&_nc_zt=28&oh=00_AQBv-n3u1SdoICD61dmFNoRJdWKT-VGjVvqFmXKz_otoOg&oe=6A51CDFC
CUpbt-vl-Bf,https://www.instagram.com/reel/CUpbt-vl-Bf/,"Existe a lei universal do FOCO. Tudo o que você foca, EXPANDE! Mas cuidado! Existe um perigo ai. Se você focar em pensamentos e sentimentos negativos… tudo que você foca expande! Use-a da forma mais inteligente e foque nas coisas certas para SUA expansão ✨",1633437890,4539,172,29.433000564575195,clips,https://scontent-poa1-1.cdninstagram.com/o1/v/t2/f2/m86/AQOolyF1PsecBOHiJy57sYzyJYIthVzVrBTilwjobayP608gp3t7KL3hTalvB0_k5CCtjUcSYwqwWdw0ZN6i7yK3Ltfg2PTUNLELj98.mp4?_nc_cat=111&_nc_sid=5e9851&_nc_ht=scontent-poa1-1.cdninstagram.com&_nc_ohc=2gzgaUaMoGcQ7kNvwFZGEL1&efg=eyJ2ZW5jb2RlX3RhZyI6Inhwdl9wcm9ncmVzc2l2ZS5JTlNUQUdSQU0uQ0xJUFMuQzMuNzIwLmRhc2hfYmFzZWxpbmVfMV92MSIsInhwdl9hc3NldF9pZCI6NTUxODU1NzY2MDQwNjc3LCJhc3NldF9hZ2VfZGF5cyI6MTczOCwidmlfdXNlY2FzZV9pZCI6MTAwOTksImR1cmF0aW9uX3MiOjI5LCJ1cmxnZW5fc291cmNlIjoid3d3In0%3D&ccb=17-1&vs=9e933ceb9d6f9eb8&_nc_vs=HBksFQIYUmlnX3hwdl9yZWVsc19wZXJtYW5lbnRfc3JfcHJvZC9CQjQxNUZDQjQ2ODE0NDFDQjQzNUREOUMwRjUxOTU5NV92aWRlb19kYXNoaW5pdC5tcDQVAALIARIAFQIYOnBhc3N0aHJvdWdoX2V2ZXJzdG9yZS9HS19Xa1E2SXlScWhjWjhQQUphc2dlRWxnQ1UtYnFfRUFBQUYVAgLIARIAKAAYABsCiAd1c2Vfb2lsATEScHJvZ3Jlc3NpdmVfcmVjaXBlATEVAAAmysG37p36-gEVAigCQzMsF0A9btkWhysCGBJkYXNoX2Jhc2VsaW5lXzFfdjERAHX-B2XmnQEA&_nc_gid=1Fya9p-s_4A4IuxcFsWAFw&_nc_ss=7a22e&_nc_zt=28&oh=00_AQBNcpIEqsibWI2vQhLnSktkI36CYPqFSUBg4J3NtYuosQ&oe=6A51D13C
CUnHr8BlpJs,https://www.instagram.com/reel/CUnHr8BlpJs/,Isso é regra: Pra crescer você precisa se esforçar. E isso implica em abrir mão de algumas coisas para conseguir focar de fato nas coisas importantes para sua expansão. Analise tudo o que está indo na contramão dos seus objetivos e CORTE AGORA da sua vida. Vou te dar alguns nortes: 🍻 Gastar todo fim de semana com bebida; 👥 Amigos que te puxam para o caminho contrário; 🗣 Falar muito da vida dos outros; 📲 Perder horas e horas com besteiras; 📺 Assistir coisas que não contribuem com nada; NAO EXISTE CRESCIMENTO SEM SACRIFÍCIO!,1633360271,1927,44,10.003999710083008,clips,https://scontent-poa1-1.cdninstagram.com/o1/v/t2/f2/m86/AQMIPZdfHgfr71t-PzVuzf-78_NSJYEcs3O8igevvFUUQIX08hOlMb8OPyOR6mI2RW5NcqRHQr30tRpjClp3gDUmPAQ-ODZdl-VwdzM.mp4?_nc_cat=104&_nc_sid=5e9851&_nc_ht=scontent-poa1-1.cdninstagram.com&_nc_ohc=ahSyTwTiebkQ7kNvwHlOe6_&efg=eyJ2ZW5jb2RlX3RhZyI6Inhwdl9wcm9ncmVzc2l2ZS5JTlNUQUdSQU0uQ0xJUFMuQzMuNzIwLmRhc2hfYmFzZWxpbmVfMV92MSIsInhwdl9hc3NldF9pZCI6MjYxNTk1MjY1ODU4NzQ1LCJhc3NldF9hZ2VfZGF5cyI6MTczOSwidmlfdXNlY2FzZV9pZCI6MTAwOTksImR1cmF0aW9uX3MiOjEwLCJ1cmxnZW5fc291cmNlIjoid3d3In0%3D&ccb=17-1&vs=fb733a07ea04a4f8&_nc_vs=HBksFQIYUmlnX3hwdl9yZWVsc19wZXJtYW5lbnRfc3JfcHJvZC8yQzQ2MzM4QjdCMTU3OUNCNzAzRjFFMjczRThBREVCN192aWRlb19kYXNoaW5pdC5tcDQVAALIARIAFQIYOnBhc3N0aHJvdWdoX2V2ZXJzdG9yZS9HRFR2a0E1cElQMkZPd3NMQUFVcHgyUi12N1FWYnFfRUFBQUYVAgLIARIAKAAYABsCiAd1c2Vfb2lsATEScHJvZ3Jlc3NpdmVfcmVjaXBlATEVAAAm8vKrzuz6dhUCKAJDMywXQCQAAAAAAAAYEmRhc2hfYmFzZWxpbmVfMV92MREAdf4HZeadAQA&_nc_gid=1Fya9p-s_4A4IuxcFsWAFw&_nc_ss=7a22e&_nc_zt=28&oh=00_AQC2OkW_hrecoOsrkXmNLJxLC0d2PIGbEe9980zPxNOHBQ&oe=6A51EE31
CUlNvJHl6Zk,https://www.instagram.com/reel/CUlNvJHl6Zk/,"Talvez seu erro esteja sendo querer ser a mensagem ao invés do mensageiro 💌 MUDE O FOCO! Se você focar seu interesse apenas em crescer, pode se desmotivar e isso vai te impedir de ser constante aqui na plataforma! 📲 Foque em ser útil. 🤍",1633296365,2589,135,30,clips,https://scontent-poa1-1.cdninstagram.com/o1/v/t2/f2/m86/AQM7YNPJUbX8KtnhCX9qOuWdbkizZUX-ZF5lf2ufgXvXkS9Ik0XMs5kWx57o1wIoAxLOJQLhC16WLcuK6rGDmsTngNysOGzbkCuUmVQ.mp4?_nc_cat=109&_nc_sid=5e9851&_nc_ht=scontent-poa1-1.cdninstagram.com&_nc_ohc=cDcPsoF_-JgQ7kNvwGALqjQ&efg=eyJ2ZW5jb2RlX3RhZyI6Inhwdl9wcm9ncmVzc2l2ZS5JTlNUQUdSQU0uQ0xJUFMuQzMuNzIwLmRhc2hfYmFzZWxpbmVfMV92MSIsInhwdl9hc3NldF9pZCI6MzkxMDk1MTQ1ODE3OTk3LCJhc3NldF9hZ2VfZGF5cyI6MTczOSwidmlfdXNlY2FzZV9pZCI6MTAwOTksImR1cmF0aW9uX3MiOjMwLCJ1cmxnZW5fc291cmNlIjoid3d3In0%3D&ccb=17-1&vs=d55deee4b73056c&_nc_vs=HBksFQIYUmlnX3hwdl9yZWVsc19wZXJtYW5lbnRfc3JfcHJvZC84QzQwMDhCNEVDOEMzRDMyMEE3Mzg1MkFGNEY1QUU5OV92aWRlb19kYXNoaW5pdC5tcDQVAALIARIAFQIYOnBhc3N0aHJvdWdoX2V2ZXJzdG9yZS9HQ1BuZ0E1QVdZVUhnaEVDQU1KSFd1dm9IXzBhYnFfRUFBQUYVAgLIARIAKAAYABsCiAd1c2Vfb2lsATEScHJvZ3Jlc3NpdmVfcmVjaXBlATEVAAAmmp7r893ssQEVAigCQzMsF0A-AAAAAAAAGBJkYXNoX2Jhc2VsaW5lXzFfdjERAHX-B2XmnQEA&_nc_gid=1Fya9p-s_4A4IuxcFsWAFw&_nc_ss=7a22e&_nc_zt=28&oh=00_AQBGBkYxaD7JPUkSjAyHdJ7ja4GeOfAFgkT_qdwZwJGcWA&oe=6A51C7F6
CUkmAUxla_3,https://www.instagram.com/reel/CUkmAUxla_3/,"Você já sentiu que a sua vida estava um lixo? Eu já, algumas vezes pra ser sincera e todas elas tiveram uma coisa em comum: Em todos os momentos ruins da minha vida, as coisas só mudaram depois que eu tomei uma atitude pra mudá-las. Muitas vezes a gente acredita que precisa se curar pra aí sim começar a mudar algo na nossa vida, mas isso é um grande equivoco na minha opinião. O seu luto, a pena de si mesmo, a situação ruim que você se encontra só vai mudar depois que você decidir agir, a cura acontece durante a jornada. A ação cura o medo, cura a dor, cura o fracasso. Vai lá e faz!",1633275500,1763,30,8.800000190734863,clips,https://scontent-poa1-1.cdninstagram.com/o1/v/t2/f2/m86/AQOdrlCTeQ8-50C1xknu7jIVvxGDtLMbIu6gdaEOwQYpy_jGxwmMMWIRQ6ojFJg6wIx-WONyN32SHCiDpeGKctoQu5765Z2XVFk-5co.mp4?_nc_cat=101&_nc_sid=5e9851&_nc_ht=scontent-poa1-1.cdninstagram.com&_nc_ohc=oNokELYFZwYQ7kNvwFx5gWy&efg=eyJ2ZW5jb2RlX3RhZyI6Inhwdl9wcm9ncmVzc2l2ZS5JTlNUQUdSQU0uQ0xJUFMuQzMuNzIwLmRhc2hfYmFzZWxpbmVfMV92MSIsInhwdl9hc3NldF9pZCI6MjY4NzkwNTgxNzY4MTI2LCJhc3NldF9hZ2VfZGF5cyI6MTc0MCwidmlfdXNlY2FzZV9pZCI6MTAwOTksImR1cmF0aW9uX3MiOjgsInVybGdlbl9zb3VyY2UiOiJ3d3cifQ%3D%3D&ccb=17-1&vs=a1e4d4c2eaf5641e&_nc_vs=HBksFQIYUmlnX3hwdl9yZWVsc19wZXJtYW5lbnRfc3JfcHJvZC8yQzQyNEE5MzQ4RjQ4NUM1MzA4QzEwODU1MDQwRUVCN192aWRlb19kYXNoaW5pdC5tcDQVAALIARIAFQIYOnBhc3N0aHJvdWdoX2V2ZXJzdG9yZS9HSGlEaWc2UFNkQWo2bllDQURPUzJSTU15ZGhmYnFfRUFBQUYVAgLIARIAKAAYABsCiAd1c2Vfb2lsATEScHJvZ3Jlc3NpdmVfcmVjaXBlATEVAAAm_L6p8tWdehUCKAJDMywXQCGZmZmZmZoYEmRhc2hfYmFzZWxpbmVfMV92MREAdf4HZeadAQA&_nc_gid=1Fya9p-s_4A4IuxcFsWAFw&_nc_ss=7a22e&_nc_zt=28&oh=00_AQAfUnqozkM0pgq2Cy-KKIt3vsmvupY_SNhr3NUZYT2arA&oe=6A51E546
CUimz98lG0F,https://www.instagram.com/reel/CUimz98lG0F/,"Fé, ação e melhoria continua... Qual desses está faltando pra você conquistar o tudo que sempre sonhou? 🤔 #anitta",1633208862,2540,265,100.58799743652344,igtv,https://scontent-poa1-1.cdninstagram.com/o1/v/t16/f2/m84/AQOGfTYsit87ODTako-ici7ZGgfXU8Aae3mxh9JibEi-Ryt3whIxS8PuiHiOKOpiw8rW6VMv_hNOTzkFUr-Mt9VeESbtfNH8OUghrMk.mp4?_nc_cat=101&_nc_sid=5e9851&_nc_ht=scontent-poa1-1.cdninstagram.com&_nc_ohc=TNw4Fxuv9cIQ7kNvwGSzYsh&efg=eyJ2ZW5jb2RlX3RhZyI6Inhwdl9wcm9ncmVzc2l2ZS5JTlNUQUdSQU0uSUdUVi5DMy43MjAuZGFzaF9iYXNlbGluZV8xX3YxIiwieHB2X2Fzc2V0X2lkIjo4NDgzMzgzNzY2MTEyNDEsImFzc2V0X2FnZV9kYXlzIjoxNzQwLCJ2aV91c2VjYXNlX2lkIjoxMDE0NSwiZHVyYXRpb25fcyI6MTAwLCJ1cmxnZW5fc291cmNlIjoid3d3In0%3D&ccb=17-1&vs=152be8161cdf3ed6&_nc_vs=HBksFQIYTGlnX2JhY2tmaWxsX3RpbWVsaW5lX3ZvZC84RTQ2NEY1NEFGQzg0QTYwMkRGQUEwQTdDQzIxMTQ5Q192aWRlb19kYXNoaW5pdC5tcDQVAALIARIAFQIYOnBhc3N0aHJvdWdoX2V2ZXJzdG9yZS9HQzV2eWhhbndKcG5VZlVBQUhfU1RnODRhODktYnBrd0FBQUYVAgLIARIAKAAYABsCiAd1c2Vfb2lsATEScHJvZ3Jlc3NpdmVfcmVjaXBlATEVAAAm0tayueXjgQMVAigCQzMsF0BZGZmZmZmaGBJkYXNoX2Jhc2VsaW5lXzFfdjERAHXsB2XCngEA&_nc_gid=1Fya9p-s_4A4IuxcFsWAFw&_nc_ss=7a22e&_nc_zt=28&oh=00_AQBndY6qNyLLVKl7Ms7PKEXf-GrbGArP-KfIcdUnoNJ7uA&oe=6A51BC03
CUiATu2lV-O,https://www.instagram.com/reel/CUiATu2lV-O/,"Ser o mais inteligente da rodinha faz bem pro teu EGO e mal pra sua ALMA. Não tem jeito mesmo, os seres humanos tem instalado na mente a necessidade de ser aceito. E você pode usar esse fato de forma consciente pra melhorar a sua vida ou pode ser passivo no processo e deixar a vida te levar. A nossa maior ferramenta pra ser aceito na sociedade é através da imitação: Se os teus amigos bebem todos os fins de semana e acham isso super legal, você provavelmente fará o mesmo. 🍻 Se os teus amigos são da academia em algum momento ir treinar vai se tornar algo normal pra você e tu vai acabar se tornando mais saudável também. 💪🏼 É muito mais fácil mudar quando o ambiente a sua volta te proporciona isso e por esse motivo ser a pessoa mais ""esperta"" entre os teus amigos não é uma estratégia muito inteligente. Se você busca ter um relacionamento melhor, ter mais dinheiro, ser mais feliz ou passar o rodo e beijar geral mesmo... NÃO IMPORTA Se relacionar com pessoas que são melhores que você, vai te fazer chegar mais rápido no lugar onde você deseja. Ahhh Hanah, ta querendo dizer pra eu me afastar dos meus amigos? SIM e NÃO, Eu estou dizendo pra você escolher de forma consciente as pessoas com as quais você convive, porque elas vão dizer muito sobre onde você vai chegar. Me diga com quem andas que eu lhe digo quem tu és. Marca um amigo aí que faz uma diferença positiva na sua vida!",1633188780,2164,46,7.705999851226807,clips,https://scontent-poa1-1.cdninstagram.com/o1/v/t2/f2/m86/AQOChu_kbQH3PXU-4WQLGYBoGHOtlOK4jrQmNpB9nPLQ8WFm0kW6eAGxlBo4jrpi6040uKwuvQr_aRlOtePWmes4aYi6T-hKVJ_kTYk.mp4?_nc_cat=106&_nc_sid=5e9851&_nc_ht=scontent-poa1-1.cdninstagram.com&_nc_ohc=jiPN5ZWm_XAQ7kNvwEPVWns&efg=eyJ2ZW5jb2RlX3RhZyI6Inhwdl9wcm9ncmVzc2l2ZS5JTlNUQUdSQU0uQ0xJUFMuQzMuNzIwLmRhc2hfYmFzZWxpbmVfMV92MSIsInhwdl9hc3NldF9pZCI6MTUxMjk5OTI1MjM5MjM4OSwiYXNzZXRfYWdlX2RheXMiOjE3NDEsInZpX3VzZWNhc2VfaWQiOjEwMDk5LCJkdXJhdGlvbl9zIjo3LCJ1cmxnZW5fc291cmNlIjoid3d3In0%3D&ccb=17-1&vs=8180c4f66d5e126f&_nc_vs=HBksFQIYUmlnX3hwdl9yZWVsc19wZXJtYW5lbnRfc3JfcHJvZC9BNzRENzVEODRGNkZDNkQxNjJFQkJCNjZDRUU4NkU5Ml92aWRlb19kYXNoaW5pdC5tcDQVAALIARIAFQIYOnBhc3N0aHJvdWdoX2V2ZXJzdG9yZS9HRWNGaXc2ZndTbHp6eElDQUdPXzBzLTRwSEVkYnFfRUFBQUYVAgLIARIAKAAYABsCiAd1c2Vfb2lsATEScHJvZ3Jlc3NpdmVfcmVjaXBlATEVAAAmiuff75KEsAUVAigCQzMsF0AezMzMzMzNGBJkYXNoX2Jhc2VsaW5lXzFfdjERAHX-B2XmnQEA&_nc_gid=rwDhqhgDigYRqPEaiN96RA&_nc_ss=7a22e&_nc_zt=28&oh=00_AQCMmVKpbdAZWkU-4oA9AL2S3MeveMD8MJdIwI17LxsD7g&oe=6A51BC27
CUgBqYFFSjG,https://www.instagram.com/reel/CUgBqYFFSjG/,"Até quando você vai deixar que outra pessoa decida sobre sua vida? Não produzir conteúdo por medo do que vão pensar não faz sentido! 1) Ninguém paga suas contas. 2) Vergonha também não. Então se planeje, começa devagar e põe o rostinho pra jogo! Você vai descobrir um universo fascinante chamado DIGITAL 📲",1633122513,6912,314,30.033000946044922,clips,https://scontent-poa1-1.cdninstagram.com/o1/v/t2/f2/m86/AQNSpR0Ek5UGBMG7yirSqolF9x9WgyYZcB-6-R7Ky9If0-N6FfIEPuHLAw4Zl6VdGGDsbi7or-EXqvNehKYkJxEfRrx3X7Ih6RlB-r0.mp4?_nc_cat=101&_nc_sid=5e9851&_nc_ht=scontent-poa1-1.cdninstagram.com&_nc_ohc=2IhPDfNZE18Q7kNvwFgpiNA&efg=eyJ2ZW5jb2RlX3RhZyI6Inhwdl9wcm9ncmVzc2l2ZS5JTlNUQUdSQU0uQ0xJUFMuQzMuNzIwLmRhc2hfYmFzZWxpbmVfMV92MSIsInhwdl9hc3NldF9pZCI6MzkwMjM5OTA5MzY1NzQ2LCJhc3NldF9hZ2VfZGF5cyI6MTc0MSwidmlfdXNlY2FzZV9pZCI6MTAwOTksImR1cmF0aW9uX3MiOjMwLCJ1cmxnZW5fc291cmNlIjoid3d3In0%3D&ccb=17-1&vs=f865aa724cb893de&_nc_vs=HBksFQIYUmlnX3hwdl9yZWVsc19wZXJtYW5lbnRfc3JfcHJvZC9DNjRENEFFNjg3NzFCQ0I5NEY4M0MwRTI3ODUwRDVBOF92aWRlb19kYXNoaW5pdC5tcDQVAALIARIAFQIYOnBhc3N0aHJvdWdoX2V2ZXJzdG9yZS9HRnpFanc0U1NlRTNfUVlDQUgxN0F5NURTU2xmYnFfRUFBQUYVAgLIARIAKAAYABsCiAd1c2Vfb2lsATEScHJvZ3Jlc3NpdmVfcmVjaXBlATEVAAAm5J_m8vm6sQEVAigCQzMsF0A-CHKwIMScGBJkYXNoX2Jhc2VsaW5lXzFfdjERAHX-B2XmnQEA&_nc_gid=rwDhqhgDigYRqPEaiN96RA&_nc_ss=7a22e&_nc_zt=28&oh=00_AQAOOL212uBHMsR9Pml5paNDF0hRKZXnWqDvyhBeHw_pzQ&oe=6A51C54E
CUfV0VGFREW,https://www.instagram.com/reel/CUfV0VGFREW/,"Você está fazendo o possível ou o melhor? Eu não sei se você sabe, mas eu tenho uma empresa de Amigurumi com a minha mãe, Amigurumi são bichinhos de crochê feitos de forma artesanal. Ela começou a fazer esses bichinhos por recomendação médica, pra ocupar a mente enquanto ela não podia se movimentar muito por conta de um problema na coluna. Ela começou a estudar através da internet mesmo (eu amo o fato de poder aprender QUALQUER COISA online). Por várias vezes, enquanto aprendia, eu vi minha mãe montar um bichinho inteiro pra no final encontrar um pequeno defeito, desmontar tudo e refazer. Ela se preocupa com cada detalhe. Desde o primeiro bichinho que ela terminou eu consigo ver amor e capricho no trabalho dela. Minha mãe não deve ser a melhor artesã do mundo, mas com certeza ela é a melhor artesã que ela pode ser, ela não faz o que é possível, ela faz o melhor que ela pode nas condições que ela tem. Tudo isso parece obvio e o certo a se fazer, mas muitas vezes a gente faz o possível nos nossos relacionamentos, no nosso trabalho, na nossa casa... E quando nossas atitudes medíocres nos traz resultados tão ruins quanto a gente não entende porque. Fazer o seu melhor e buscar condições pra fazer melhor ainda é um estilo de vida e uma das grandes razões por traz desse desafio de 16 dias. Estou me desafiando durante 16 dias a ser melhor e quero que você se questione: você faz o possível ou o melhor?",1633099243,3012,45,10.003999710083008,clips,https://scontent-poa1-1.cdninstagram.com/o1/v/t2/f2/m86/AQM-o7zt57OorsS034sul9VnjgKjnqDBbdsmQE_VfJxvWifC2PO_u9UeNATDLlDOTpJfSvec26VNaxKvA7jJz37ZBUUKJIKIg0LZMS8.mp4?_nc_cat=108&_nc_sid=5e9851&_nc_ht=scontent-poa1-1.cdninstagram.com&_nc_ohc=NR4X_tAF8DQQ7kNvwE5OPAD&efg=eyJ2ZW5jb2RlX3RhZyI6Inhwdl9wcm9ncmVzc2l2ZS5JTlNUQUdSQU0uQ0xJUFMuQzMuNzIwLmRhc2hfYmFzZWxpbmVfMV92MSIsInhwdl9hc3NldF9pZCI6ODMyOTUzOTMwNzIxMzE1LCJhc3NldF9hZ2VfZGF5cyI6MTc0MiwidmlfdXNlY2FzZV9pZCI6MTAwOTksImR1cmF0aW9uX3MiOjEwLCJ1cmxnZW5fc291cmNlIjoid3d3In0%3D&ccb=17-1&vs=bf30bbb6270cfcf8&_nc_vs=HBksFQIYUmlnX3hwdl9yZWVsc19wZXJtYW5lbnRfc3JfcHJvZC85RTRGNTlBMjg1QzNERDIwRTkzQ0M5NDcwNUMwNTM4Ml92aWRlb19kYXNoaW5pdC5tcDQVAALIARIAFQIYOnBhc3N0aHJvdWdoX2V2ZXJzdG9yZS9HRzYyZ0E1ZUgybGZybW9EQUpMMFhRazNRZjB0YnFfRUFBQUYVAgLIARIAKAAYABsCiAd1c2Vfb2lsATEScHJvZ3Jlc3NpdmVfcmVjaXBlATEVAAAmxqC9sqbk-gIVAigCQzMsF0AkAAAAAAAAGBJkYXNoX2Jhc2VsaW5lXzFfdjERAHX-B2XmnQEA&_nc_gid=rwDhqhgDigYRqPEaiN96RA&_nc_ss=7a22e&_nc_zt=28&oh=00_AQDKasabglx0EndkCZPKUGUnaV16g4I51PuEhtwJvRSSbg&oe=6A51DF9D
CUYJv-4F57R,https://www.instagram.com/reel/CUYJv-4F57R/,"desculpa, eu não trabalho com política.. 🥱",1632858225,5274,140,6.099999904632568,clips,https://scontent-poa1-1.cdninstagram.com/o1/v/t2/f2/m86/AQNjZ-R3r0p5dhGFBQzBcNojV4JA5HQqsLzJDul9hJ5_OkAiF2v3coFlnmVo3ZDPSftV3q368LgE7e_u4J9K7S0OJRryDXyeDczuRfI.mp4?_nc_cat=105&_nc_sid=5e9851&_nc_ht=scontent-poa1-1.cdninstagram.com&_nc_ohc=D3uS3NQZ3O8Q7kNvwHr1tug&efg=eyJ2ZW5jb2RlX3RhZyI6Inhwdl9wcm9ncmVzc2l2ZS5JTlNUQUdSQU0uQ0xJUFMuQzMuNzIwLmRhc2hfYmFzZWxpbmVfMV92MSIsInhwdl9hc3NldF9pZCI6MTUwMDA5NzA5MzY4NTY0MywiYXNzZXRfYWdlX2RheXMiOjE3NDUsInZpX3VzZWNhc2VfaWQiOjEwMDk5LCJkdXJhdGlvbl9zIjo2LCJ1cmxnZW5fc291cmNlIjoid3d3In0%3D&ccb=17-1&vs=aca48492e53a3683&_nc_vs=HBkcFQIYUmlnX3hwdl9yZWVsc19wZXJtYW5lbnRfc3JfcHJvZC82OTQzNUU4REQ2RTcyMjA3RDdFNzVBMzE0NERFQjVCOF92aWRlb19kYXNoaW5pdC5tcDQVAALIARIAKAAYABsCiAd1c2Vfb2lsATEScHJvZ3Jlc3NpdmVfcmVjaXBlATEVAAAmlsauppKVqgUVAigCQzMsF0AYZmZmZmZmGBJkYXNoX2Jhc2VsaW5lXzFfdjERAHX-B2XmnQEA&_nc_gid=rwDhqhgDigYRqPEaiN96RA&_nc_ss=7a22e&_nc_zt=28&oh=00_AQBXfWH_ISRgfa_StzGuQwVAnJqfb_I0wQM6rfYPheG70Q&oe=6A51EB1E
CUH9-qjFNaS,https://www.instagram.com/reel/CUH9-qjFNaS/,E você? Quais hábitos está buscando evoluir? 💗 O primeiro passo é dar o primeiro passo. #rotinasaudavel #ritualmatinal #academia #cafe #leitura #clubedas5 #habitosatomicos,1632315123,6442,278,12.232999801635742,clips,https://scontent-poa1-1.cdninstagram.com/o1/v/t2/f2/m86/AQOrTo7zBWYYXH-TE_dIAD2yZ2AccIiaubIzhL1UFl_xSbMexgrOmctNoHCHPPkvnZedcu1HOsgq7bLSghjTfji0dgJSg00jjdSWEF8.mp4?_nc_cat=105&_nc_sid=5e9851&_nc_ht=scontent-poa1-1.cdninstagram.com&_nc_ohc=oUkYwDyb3ZwQ7kNvwHQYiVy&efg=eyJ2ZW5jb2RlX3RhZyI6Inhwdl9wcm9ncmVzc2l2ZS5JTlNUQUdSQU0uQ0xJUFMuQzMuNzIwLmRhc2hfYmFzZWxpbmVfMV92MSIsInhwdl9hc3NldF9pZCI6NDQwNzk1MjQ3MzU0NDI5LCJhc3NldF9hZ2VfZGF5cyI6MTc1MSwidmlfdXNlY2FzZV9pZCI6MTAwOTksImR1cmF0aW9uX3MiOjEyLCJ1cmxnZW5fc291cmNlIjoid3d3In0%3D&ccb=17-1&vs=33bd45d38d2042a8&_nc_vs=HBksFQIYUmlnX3hwdl9yZWVsc19wZXJtYW5lbnRfc3JfcHJvZC81QjQ4RTNFNDJCMkQ3RUM2MTdGMjhGQjE2MkE3MzZCMF92aWRlb19kYXNoaW5pdC5tcDQVAALIARIAFQIYOnBhc3N0aHJvdWdoX2V2ZXJzdG9yZS9HUGZSYnc2dWU1LVFhejRGQUZJd29IVURlRDRsYnFfRUFBQUYVAgLIARIAKAAYABsCiAd1c2Vfb2lsATEScHJvZ3Jlc3NpdmVfcmVjaXBlATEVAAAm-oiZwtS5yAEVAigCQzMsF0Aod0vGp--eGBJkYXNoX2Jhc2VsaW5lXzFfdjERAHX-B2XmnQEA&_nc_gid=rwDhqhgDigYRqPEaiN96RA&_nc_ss=7a22e&_nc_zt=28&oh=00_AQAUIYMV9ekEnQh8qmL3WtRCjU0HofjVqqeP_GREqwFImw&oe=6A51CFEA
CUGYOxglBeU,https://www.instagram.com/reel/CUGYOxglBeU/,"Utilizar gatilhos de decisão podem transformar o jogo do seu negócio! 🔫 Fala comigo, quantas vezes você já assistiu um vídeo só porque ele tinha muitos views, ou então entrou naquele barzinho só porque ele estava cheio!? O tempo inteiro a gente é bombardeado por gatilhos que nos fazem tomar decisões completamente automáticas. Conhecer esses gatilhos vai te ajudar tanto a ter mais consciência das decisões que você toma, quanto vai te ajudar a vender. Aplicar os gatilhos corretos na hora certa podem duplicar as suas vendas. 🧲 Quais gatilhos você já usa no seu negócio? Me conta nos comentários!",1632261750,2552,289,59.44300079345703,igtv,https://scontent-poa1-1.cdninstagram.com/o1/v/t16/f2/m84/AQOpv0mrPHChoJAJ_x_E7lHkPnpDN-AhFjcfyCkeW8t1tOz5G6uBz1XQJyF16bX1UIRNxwCm14IPph68MeyhHRLn22vIyhGt3T-Kn5E.mp4?_nc_cat=108&_nc_sid=5e9851&_nc_ht=scontent-poa1-1.cdninstagram.com&_nc_ohc=zii4H8oiJM8Q7kNvwHcjj6O&efg=eyJ2ZW5jb2RlX3RhZyI6Inhwdl9wcm9ncmVzc2l2ZS5JTlNUQUdSQU0uSUdUVi5DMy43MjAuZGFzaF9iYXNlbGluZV8xX3YxIiwieHB2X2Fzc2V0X2lkIjoxNjk2MTIyNTQ3NTY0MDg0LCJhc3NldF9hZ2VfZGF5cyI6MTc1MSwidmlfdXNlY2FzZV9pZCI6MTAxNDUsImR1cmF0aW9uX3MiOjU5LCJ1cmxnZW5fc291cmNlIjoid3d3In0%3D&ccb=17-1&vs=6bb3ee32e9ed65d2&_nc_vs=HBksFQIYTGlnX2JhY2tmaWxsX3RpbWVsaW5lX3ZvZC8wRjQ2RkRDMkFEMjk0MEJDNTFERjExMEYzQzQ2RURBMF92aWRlb19kYXNoaW5pdC5tcDQVAALIARIAFQIYOnBhc3N0aHJvdWdoX2V2ZXJzdG9yZS9HTDltZXhkT0JaSFdJQllEQUdIVm5DNTY4QVkwYnBrd0FBQUYVAgLIARIAKAAYABsCiAd1c2Vfb2lsATEScHJvZ3Jlc3NpdmVfcmVjaXBlATEVAAAm6LiL36mngwYVAigCQzMsF0BNpmZmZmZmGBJkYXNoX2Jhc2VsaW5lXzFfdjERAHXsB2XCngEA&_nc_gid=rwDhqhgDigYRqPEaiN96RA&_nc_zt=28&_nc_ss=7a22e&oh=00_AQDr2UkH-I2P4MjRRkRIU95e8I7Znlfx49vd-yynZs3Bcw&oe=6A51DC30
CUBD5T2ld7F,https://www.instagram.com/reel/CUBD5T2ld7F/,"Pare de focar sua comunicação no produto e comece a focar na transformação que ele gera na vida das pessoas. Ninguém está nem ai para o seu produto, lembra? Atividade do dia: Faça uma lista dos problemas que você ou o seu produto resolvem e comece a criar posts sobre eles! Gostou da ideia? Compartilha com um amigo que precisa ver esse post! 🧩",1632083340,2716,295,59.952999114990234,igtv,https://scontent-poa1-1.cdninstagram.com/o1/v/t16/f2/m84/AQNrW00jj84EHvmMD69HGbyLQcc17ervTOs58eDY7dE8FHNplR3pdC2hvFL0WSenYtAsyL_s_sG3Q-DuLHIEaP0OlGBxknJLuDhFxtY.mp4?_nc_cat=105&_nc_sid=5e9851&_nc_ht=scontent-poa1-1.cdninstagram.com&_nc_ohc=F6nEDCzZdOwQ7kNvwHPzw_7&efg=eyJ2ZW5jb2RlX3RhZyI6Inhwdl9wcm9ncmVzc2l2ZS5JTlNUQUdSQU0uSUdUVi5DMy43MjAuZGFzaF9iYXNlbGluZV8xX3YxIiwieHB2X2Fzc2V0X2lkIjoyODQ1Mzk3OTQ0Nzc2NTMsImFzc2V0X2FnZV9kYXlzIjoxNzUzLCJ2aV91c2VjYXNlX2lkIjoxMDE0NSwiZHVyYXRpb25fcyI6NTksInVybGdlbl9zb3VyY2UiOiJ3d3cifQ%3D%3D&ccb=17-1&vs=84bffc9dfe19a78&_nc_vs=HBksFQIYTGlnX2JhY2tmaWxsX3RpbWVsaW5lX3ZvZC8wOTRBNDcyMjQxNkM4OUU3RTQwRTJDQkRDRjE5NjJBRl92aWRlb19kYXNoaW5pdC5tcDQVAALIARIAFQIYOnBhc3N0aHJvdWdoX2V2ZXJzdG9yZS9HT3RnLXhhcXpQUHZpWklEQU1tV0NuWk9UYTRJYnBrd0FBQUYVAgLIARIAKAAYABsCiAd1c2Vfb2lsATEScHJvZ3Jlc3NpdmVfcmVjaXBlATEVAAAmqsn-1bKygQEVAigCQzMsF0BN4gxJul41GBJkYXNoX2Jhc2VsaW5lXzFfdjERAHXsB2XCngEA&_nc_gid=rwDhqhgDigYRqPEaiN96RA&_nc_zt=28&_nc_ss=7a22e&oh=00_AQCvf809S4aA_pfK0WTrb844unaHLarZnWBB4xBIOE_ZGw&oe=6A51CCC3
CT206prlEVf,https://www.instagram.com/reel/CT206prlEVf/,"🥕 VIRE A CHAVE E ATIVE O MODO CRIADOR DE CONTEÚDO! Nós fomos criados para sermos expectadores e isso é um terror. Assistir Tv, Ir a escola nos treinou pra sermos passivos na comunicação e acaba que fica bem difícil virar essa chave 🔑 Mas existe uma habilidade que pode colocar o poder nas tuas mãos: Ativar o olhar do criador. O criador anda com o olhar atento, as antenas ligadas, tudo que ele vê ele tenta relacionar com conteúdo, até essa cenoura 🥕 Aqui você vai me ver misturando cultura POP e Marketing Digital, Desenho Animado e empreendedorismo, salada e comunicação, porque pra tudo que eu olho eu vejo conteúdo. INTENÇÃO! O criador de conteúdo dentro de você não pode dormir. Obs: Eu amo cenoura e estou no caminho do veganismo, cenoura tem tudo a ver com a minha marca pessoal! Legal, né? Pratique a abundância e envia esse vídeo pra quem precisa! 🔥 #marketingdigital #criacaodeconteudo",1631739852,5844,337,24.200000762939453,clips,https://scontent-poa1-1.cdninstagram.com/o1/v/t2/f2/m86/AQMw1mSbrd9shWVqpyt_0Kav9LixIj7ECRmm9RPCPlDEML8PikYPcR9BcqjxHSqATu8ZdGamhL2ks1XliJhpphku2q3pTkZlPkcpCx0.mp4?_nc_cat=106&_nc_sid=5e9851&_nc_ht=scontent-poa1-1.cdninstagram.com&_nc_ohc=z33s66y6U9MQ7kNvwEhGu5R&efg=eyJ2ZW5jb2RlX3RhZyI6Inhwdl9wcm9ncmVzc2l2ZS5JTlNUQUdSQU0uQ0xJUFMuQzMuNzIwLmRhc2hfYmFzZWxpbmVfMV92MSIsInhwdl9hc3NldF9pZCI6MTI0NjUxOTQzNTgwOTA0MSwiYXNzZXRfYWdlX2RheXMiOjE3NTcsInZpX3VzZWNhc2VfaWQiOjEwMDk5LCJkdXJhdGlvbl9zIjoyNCwidXJsZ2VuX3NvdXJjZSI6Ind3dyJ9&ccb=17-1&vs=d5130ad20afc7db6&_nc_vs=HBksFQIYUmlnX3hwdl9yZWVsc19wZXJtYW5lbnRfc3JfcHJvZC8xMzQzRjBFNEI5NjAwNDA4NzMzNkNDOUQ4MDlFRkJBQl92aWRlb19kYXNoaW5pdC5tcDQVAALIARIAFQIYOnBhc3N0aHJvdWdoX2V2ZXJzdG9yZS9HUDF3YVE3cmRzQ1BwcjhLQUdGYmtuN0tXeGh2YnFfRUFBQUYVAgLIARIAKAAYABsCiAd1c2Vfb2lsATEScHJvZ3Jlc3NpdmVfcmVjaXBlATEVAAAmosTqwv3stgQVAigCQzMsF0A4MzMzMzMzGBJkYXNoX2Jhc2VsaW5lXzFfdjERAHX-B2XmnQEA&_nc_gid=rwDhqhgDigYRqPEaiN96RA&_nc_ss=7a22e&_nc_zt=28&oh=00_AQDeCWI1tnTEF_Zlw_MZraj_hEplv681VwJwe2V3RQuqJg&oe=6A51D1EB
CTxI_XsFSbp,https://www.instagram.com/reel/CTxI_XsFSbp/,"Jovem, tente fazer a mesma coisa todos os dias COM INTENÇÃO por 5 anos e veja o que acontece. Se estiver relacionado com a internet então... Você corre um sério risco de ficar rico :) #mentalidadedesucesso #marketingdigital #anitta #whinderssonnunes #cristianoronaldo #elonmusk",1631549063,7252,448,25.365999221801758,clips,https://scontent-poa1-1.cdninstagram.com/o1/v/t2/f2/m86/AQNyIXhjuxcgfD1o7aHFlQELlN8F5uL71q1krdUqKihoEeuqoTm_3f-ZTLF18MPOhd2sVL8RIOi-dmG8go2FABdm4Q0DTmWYQ8QTeEc.mp4?_nc_cat=106&_nc_sid=5e9851&_nc_ht=scontent-poa1-1.cdninstagram.com&_nc_ohc=zYjapzSbHRIQ7kNvwECV40f&efg=eyJ2ZW5jb2RlX3RhZyI6Inhwdl9wcm9ncmVzc2l2ZS5JTlNUQUdSQU0uQ0xJUFMuQzMuNzIwLmRhc2hfYmFzZWxpbmVfMV92MSIsInhwdl9hc3NldF9pZCI6ODg2NDIxODA4OTQ3ODI0LCJhc3NldF9hZ2VfZGF5cyI6MTc2MCwidmlfdXNlY2FzZV9pZCI6MTAwOTksImR1cmF0aW9uX3MiOjI1LCJ1cmxnZW5fc291cmNlIjoid3d3In0%3D&ccb=17-1&vs=7a1a1ef90c1fd922&_nc_vs=HBksFQIYUmlnX3hwdl9yZWVsc19wZXJtYW5lbnRfc3JfcHJvZC9CRDRCMTA5QzU2MTA5REU4QTQxOTE3ODA4QkUwNDc5Nl92aWRlb19kYXNoaW5pdC5tcDQVAALIARIAFQIYOnBhc3N0aHJvdWdoX2V2ZXJzdG9yZS9HS1FOYWc3ZHE4SHBXUjREQUREUEpDZ3FXcWtaYnFfRUFBQUYVAgLIARIAKAAYABsCiAd1c2Vfb2lsATEScHJvZ3Jlc3NpdmVfcmVjaXBlATEVAAAm4InZkMWMkwMVAigCQzMsF0A5XbItDlYEGBJkYXNoX2Jhc2VsaW5lXzFfdjERAHX-B2XmnQEA&_nc_gid=rwDhqhgDigYRqPEaiN96RA&_nc_ss=7a22e&_nc_zt=28&oh=00_AQAv4SM4Ridn_o9ZH8e53UT3FnCUgEMfNR6yTZR_kiSyMg&oe=6A51C04B
CTsRqnPFeZM,https://www.instagram.com/reel/CTsRqnPFeZM/,Mais alguém? 🪂🥲,1631385845,6260,244,8.170000076293945,clips,https://scontent-poa1-1.cdninstagram.com/o1/v/t2/f2/m86/AQMb3V7xmGDrr3ou897DWVOiiglaPsxZQgdERBJwUGUEIj1nYeRIm5LpTIpa_Ki2SiHeumiqCcpoCmVoUW1SsQXrX7ILQRYAZkyvTXY.mp4?_nc_cat=106&_nc_sid=5e9851&_nc_ht=scontent-poa1-1.cdninstagram.com&_nc_ohc=Kfur8E6ycVYQ7kNvwFNypWM&efg=eyJ2ZW5jb2RlX3RhZyI6Inhwdl9wcm9ncmVzc2l2ZS5JTlNUQUdSQU0uQ0xJUFMuQzMuNzIwLmRhc2hfYmFzZWxpbmVfMV92MSIsInhwdl9hc3NldF9pZCI6NTQxNjM1MzA2OTE2NTQ1LCJhc3NldF9hZ2VfZGF5cyI6MTc2MiwidmlfdXNlY2FzZV9pZCI6MTAwOTksImR1cmF0aW9uX3MiOjgsInVybGdlbl9zb3VyY2UiOiJ3d3cifQ%3D%3D&ccb=17-1&vs=bcb59b7734ef5bba&_nc_vs=HBksFQIYUmlnX3hwdl9yZWVsc19wZXJtYW5lbnRfc3JfcHJvZC8zMDRCMzE3RjkyMzI2NEU5MTBCQkEyOThERTI5ODA4RF92aWRlb19kYXNoaW5pdC5tcDQVAALIARIAFQIYOnBhc3N0aHJvdWdoX2V2ZXJzdG9yZS9HSElYWWc2Skh3bXctSFFMQUZFMV9sVTloSk4xYnFfRUFBQUYVAgLIARIAKAAYABsCiAd1c2Vfb2lsATEScHJvZ3Jlc3NpdmVfcmVjaXBlATEVAAAmgquIwamn9gEVAigCQzMsF0AgVP3ztkWiGBJkYXNoX2Jhc2VsaW5lXzFfdjERAHX-B2XmnQEA&_nc_gid=rwDhqhgDigYRqPEaiN96RA&_nc_ss=7a22e&_nc_zt=28&oh=00_AQAkH2U4yr9mTUxmjGpbupNmsxSwvthFC2n92i0-rU3fyQ&oe=6A51BFA7
CTnbZH7FWU8,https://www.instagram.com/reel/CTnbZH7FWU8/,Fatos Psicológicos 🧠 • O que um colar de 161 milhões de reais tem a ver as suas vendas no Insta? Bom.. Ele usa 3 Gatilhos Mentais que com certeza ajudaram a aumentar seu valor e você pode aplicar agora mesmo no seu perfil! Me conta outros gatilhos que você aplica na sua marca?⚡️ Posso trazer mais conteúdos sobre gatilhos mentais se você quiser! #marketingdigital #gatilhosmentais #mulheresnopoder,1631223131,4102,222,30.033000946044922,clips,https://scontent-poa1-1.cdninstagram.com/o1/v/t2/f2/m86/AQNE5g6RTAAFL4HZBHjHFDWguQkVbBCWn6mml6VIlQ1UmFYJmxEL3gAFniCucJYV8OwsqkIcIIW0dAFdYkKBfw0Khvi3gfyRGsYLyPM.mp4?_nc_cat=101&_nc_sid=5e9851&_nc_ht=scontent-poa1-1.cdninstagram.com&_nc_ohc=2D9G6REaY9IQ7kNvwFVDCgv&efg=eyJ2ZW5jb2RlX3RhZyI6Inhwdl9wcm9ncmVzc2l2ZS5JTlNUQUdSQU0uQ0xJUFMuQzMuNzIwLmRhc2hfYmFzZWxpbmVfMV92MSIsInhwdl9hc3NldF9pZCI6NDUxOTU5ODM4MTM5NDU0MSwiYXNzZXRfYWdlX2RheXMiOjE3NjMsInZpX3VzZWNhc2VfaWQiOjEwMDk5LCJkdXJhdGlvbl9zIjozMCwidXJsZ2VuX3NvdXJjZSI6Ind3dyJ9&ccb=17-1&vs=5844c936d7810b0c&_nc_vs=HBksFQIYUmlnX3hwdl9yZWVsc19wZXJtYW5lbnRfc3JfcHJvZC8yOTQ1RDFGMDIwRkYxRjM5QTFCNUI3QkU0OUZCOURBQV92aWRlb19kYXNoaW5pdC5tcDQVAALIARIAFQIYOnBhc3N0aHJvdWdoX2V2ZXJzdG9yZS9HSTd3Wnc1cE4tZXlMZmNBQUhITzdtVTRyRVo1YnFfRUFBQUYVAgLIARIAKAAYABsCiAd1c2Vfb2lsATEScHJvZ3Jlc3NpdmVfcmVjaXBlATEVAAAm2qnngKCjhxAVAigCQzMsF0A-CHKwIMScGBJkYXNoX2Jhc2VsaW5lXzFfdjERAHX-B2XmnQEA&_nc_gid=rwDhqhgDigYRqPEaiN96RA&_nc_ss=7a22e&_nc_zt=28&oh=00_AQDmYJTZgPMNvpOeQJU9cWCXbHMOlgJ0jYvIN6XdtDbTXw&oe=6A51EBBE
CTiSHn-FYw6,https://www.instagram.com/reel/CTiSHn-FYw6/,O que te trouxe até aqui é a somatória de tudo que você fez no passado e o que vai te levar pro amanhã dos seus sonhos é o que você faz AGORA! ⚡️ #mentalidadedesucesso #opoderdoagora,1631050521,7118,350,25.600000381469727,clips,https://scontent-poa1-1.cdninstagram.com/o1/v/t2/f2/m86/AQNNA22Opl-W93Z3VgAO0PbgYuUiKpqdhdeAagLppZgw0OF2asZHGynQDKlewKqGqMXCvQ172FJ8x7TlYEwMVX71azIfiUr371e2MzU.mp4?_nc_cat=106&_nc_sid=5e9851&_nc_ht=scontent-poa1-1.cdninstagram.com&_nc_ohc=KB4P1Q52HZcQ7kNvwEYRvnO&efg=eyJ2ZW5jb2RlX3RhZyI6Inhwdl9wcm9ncmVzc2l2ZS5JTlNUQUdSQU0uQ0xJUFMuQzMuNzIwLmRhc2hfYmFzZWxpbmVfMV92MSIsInhwdl9hc3NldF9pZCI6NDY0NDA4MDEzMjI3NzI1MCwiYXNzZXRfYWdlX2RheXMiOjE3NjUsInZpX3VzZWNhc2VfaWQiOjEwMDk5LCJkdXJhdGlvbl9zIjoyNSwidXJsZ2VuX3NvdXJjZSI6Ind3dyJ9&ccb=17-1&vs=8b52178ccb28347e&_nc_vs=HBksFQIYUmlnX3hwdl9yZWVsc19wZXJtYW5lbnRfc3JfcHJvZC9EOTQzMTgwN0VERjlENkRCNjA4NzI4Mzk0MTVCOTY4Ml92aWRlb19kYXNoaW5pdC5tcDQVAALIARIAFQIYOnBhc3N0aHJvdWdoX2V2ZXJzdG9yZS9HR3JnWlE1dGhndEJfOFFBQUNQSjVXbzh6YThSYnFfRUFBQUYVAgLIARIAKAAYABsCiAd1c2Vfb2lsATEScHJvZ3Jlc3NpdmVfcmVjaXBlATEVAAAmhJC-qYXxvxAVAigCQzMsF0A5mZmZmZmaGBJkYXNoX2Jhc2VsaW5lXzFfdjERAHX-B2XmnQEA&_nc_gid=rwDhqhgDigYRqPEaiN96RA&_nc_ss=7a22e&_nc_zt=28&oh=00_AQA-V0qZlMqgymafU_ULhWPvAeUxHFdPaVmpg8M26Fnamg&oe=6A51DC8F
CTSvmOUl0z1,https://www.instagram.com/reel/CTSvmOUl0z1/,Cabeça do criador de conteúdo é assim mesmo… mas a gente aguenta pq vai valer a pena 😌🤑 É meme tá 😬 #criacaodeconteudo #marketingdigital,1630529577,3967,97,8.100000381469727,clips,https://scontent-poa1-1.cdninstagram.com/o1/v/t2/f2/m86/AQP9R3H74dyt4qyAVP2SpkbmwFScTfKmKr9XX7bTunQWYyQhlyJ1TALeKu44XxjhGJ7E9eJtcmYqT6q0tS_R2dOG51zmBdgGhXc-1Zc.mp4?_nc_cat=110&_nc_sid=5e9851&_nc_ht=scontent-poa1-1.cdninstagram.com&_nc_ohc=7W2s_2vLNUUQ7kNvwHez5PW&efg=eyJ2ZW5jb2RlX3RhZyI6Inhwdl9wcm9ncmVzc2l2ZS5JTlNUQUdSQU0uQ0xJUFMuQzMuNzIwLmRhc2hfYmFzZWxpbmVfMV92MSIsInhwdl9hc3NldF9pZCI6MzMwMzU2NzgyMTcyNDU1LCJhc3NldF9hZ2VfZGF5cyI6MTc3MSwidmlfdXNlY2FzZV9pZCI6MTAwOTksImR1cmF0aW9uX3MiOjgsInVybGdlbl9zb3VyY2UiOiJ3d3cifQ%3D%3D&ccb=17-1&vs=dabf0f01610f0e56&_nc_vs=HBksFQIYUmlnX3hwdl9yZWVsc19wZXJtYW5lbnRfc3JfcHJvZC9FRTQyRUQwRjY1NDJCMUE1NTk5MzYwRjM1RDJFRUVBRl92aWRlb19kYXNoaW5pdC5tcDQVAALIARIAFQIYOnBhc3N0aHJvdWdoX2V2ZXJzdG9yZS9HTndRV1E3V0FhX1lRbEVCQU9wQm1XcEN5TDBrYnFfRUFBQUYVAgLIARIAKAAYABsCiAd1c2Vfb2lsATEScHJvZ3Jlc3NpdmVfcmVjaXBlATEVAAAmzqS06qWdlgEVAigCQzMsF0AgMzMzMzMzGBJkYXNoX2Jhc2VsaW5lXzFfdjERAHX-B2XmnQEA&_nc_gid=aM4ChsyRDGr18chm9lTAzA&_nc_ss=7a22e&_nc_zt=28&oh=00_AQDod21JtHOUiR1pNFm0oOCNOKCIUWJBsxfSF-ObA4ivkw&oe=6A51D48F
CSnMy-PF3D7,https://www.instagram.com/reel/CSnMy-PF3D7/,"Nova semana, nova chance para começar! 🔥 Trouxe uma ideia para cada dia de postagem semanal, quero muito ver você aplicandoo, bora?? #instagramdicas #instagramreels #marketingdigital #postagemparainstagram",1629068685,3461,125,20.503000259399414,clips,https://scontent-poa1-1.cdninstagram.com/o1/v/t2/f2/m86/AQP1pD2WeI0PK2bOmHDYuQ5mQskPZUlQQoQVwsDFCTWSOCvRdvB6ricUQo3RYcPmL2ysXeSs0Nc2adQnifjoSxc2QihmTg2guiJBiBk.mp4?_nc_cat=102&_nc_sid=5e9851&_nc_ht=scontent-poa1-1.cdninstagram.com&_nc_ohc=AC4MsMCGs88Q7kNvwFpKl-m&efg=eyJ2ZW5jb2RlX3RhZyI6Inhwdl9wcm9ncmVzc2l2ZS5JTlNUQUdSQU0uQ0xJUFMuQzMuNzIwLmRhc2hfYmFzZWxpbmVfMV92MSIsInhwdl9hc3NldF9pZCI6MTQ3MjU5MjExOTkyNjY2OSwiYXNzZXRfYWdlX2RheXMiOjE3ODgsInZpX3VzZWNhc2VfaWQiOjEwMTAxLCJkdXJhdGlvbl9zIjoyMCwidXJsZ2VuX3NvdXJjZSI6Ind3dyJ9&ccb=17-1&vs=e77dc014a7e221d9&_nc_vs=HBksFQIYUmlnX3hwdl9yZWVsc19wZXJtYW5lbnRfc3JfcHJvZC8zNjQ1NEU2MUQ0ODkzQjlBQTZCMTdERDlEQ0Y1NjNCRV92aWRlb19kYXNoaW5pdC5tcDQVAALIARIAFQIYOnBhc3N0aHJvdWdoX2V2ZXJzdG9yZS9HTUpnaHh1NTlROFhBcXNEQUVST3JaR29Pd0V2YnBrd0FBQUYVAgLIARIAKAAYABsCiAd1c2Vfb2lsATEScHJvZ3Jlc3NpdmVfcmVjaXBlATEVAAAmmr6oo5LUnQUVAigCQzMsF0A0gAAAAAAAGBJkYXNoX2Jhc2VsaW5lXzFfdjERAHX-B2XqnQEA&_nc_gid=aM4ChsyRDGr18chm9lTAzA&_nc_ss=7a22e&_nc_zt=28&oh=00_AQAHnRbeLXjqzLjy5F1hS8g2JGJYLLs2w1a8wZrCqXUB7g&oe=6A51ED03
CSKqzqOlZMD,https://www.instagram.com/reel/CSKqzqOlZMD/,"Agora que eu você já sabe várias ideias de postagens pra um dia inteiro de STORY não tem mais desculpa pra não fazerrr 💡💗 Prepara e já começa amanhã mesmo que eu quero ver, viu? Tenho certeza que você vai arrasar! #instagramdicas #instagramreels #marketingdigital #storyinstagram",1628110797,6182,336,17.715999603271484,clips,https://scontent-poa1-1.cdninstagram.com/o1/v/t2/f2/m86/AQM_5mDM04HhGRnXDl8GUd3IG87Q8-GyOzc2W2L5Ej0T-cfUpJ4kTOkzcTX_5W3S-3URmKVRMVWn1SnOzDBj-XAho7ByqwR2_tGhUkA.mp4?_nc_cat=110&_nc_sid=5e9851&_nc_ht=scontent-poa1-1.cdninstagram.com&_nc_ohc=WO0Vk8u-q0kQ7kNvwHgWkJh&efg=eyJ2ZW5jb2RlX3RhZyI6Inhwdl9wcm9ncmVzc2l2ZS5JTlNUQUdSQU0uQ0xJUFMuQzMuNzIwLmRhc2hfYmFzZWxpbmVfMV92MSIsInhwdl9hc3NldF9pZCI6MTQ2NTk3NjgxNDE5MjI0NiwiYXNzZXRfYWdlX2RheXMiOjE3OTksInZpX3VzZWNhc2VfaWQiOjEwMTAxLCJkdXJhdGlvbl9zIjoxNywidXJsZ2VuX3NvdXJjZSI6Ind3dyJ9&ccb=17-1&vs=c100cd2d94b8c2ad&_nc_vs=HBksFQIYUmlnX3hwdl9yZWVsc19wZXJtYW5lbnRfc3JfcHJvZC9GMjQ2M0M2QzUyMENGMjBCMDQ4QzYyOTkzQkY3N0U4MV92aWRlb19kYXNoaW5pdC5tcDQVAALIARIAFQIYOnBhc3N0aHJvdWdoX2V2ZXJzdG9yZS9HTl9RaGh2T05TRGlZaThPQUpfZWtycnRZaWs0YnBrd0FBQUYVAgLIARIAKAAYABsCiAd1c2Vfb2lsATEScHJvZ3Jlc3NpdmVfcmVjaXBlATEVAAAm7JmStIrTmgUVAigCQzMsF0AxszMzMzMzGBJkYXNoX2Jhc2VsaW5lXzFfdjERAHX-B2XqnQEA&_nc_gid=aM4ChsyRDGr18chm9lTAzA&_nc_ss=7a22e&_nc_zt=28&oh=00_AQCgKKElB4ZuaSYVshwO7z18waeeic61sUrb4vSteL_LZw&oe=6A51D647
CROw1tihmkQ,https://www.instagram.com/reel/CROw1tihmkQ/,"Hoje me despeço da minha alma gêmea, mas é apenas um 💙 Até logo.. 💙 Em breve estou de volta para te a(mar) 🌊 #reels #praia #mar",1626100536,5493,544,26.399999618530273,clips,https://scontent-poa1-1.cdninstagram.com/o1/v/t2/f2/m86/AQNw2KvDdfH-hVfgQI6KH3PrAzZxfC0elDtmHf_sTdEZEbllCHpMApCGfR0fBCRv7lCoWJwZHPyDUxmNHcM9EOdKmm6ZDnZNJJQoe5Q.mp4?_nc_cat=100&_nc_sid=5e9851&_nc_ht=scontent-poa1-1.cdninstagram.com&_nc_ohc=Sh5P3Vs3gIcQ7kNvwEcfEs5&efg=eyJ2ZW5jb2RlX3RhZyI6Inhwdl9wcm9ncmVzc2l2ZS5JTlNUQUdSQU0uQ0xJUFMuQzMuNzIwLmRhc2hfYmFzZWxpbmVfMV92MSIsInhwdl9hc3NldF9pZCI6MTE5NTI5NjQ0NDI2NjU0MSwiYXNzZXRfYWdlX2RheXMiOjE4MjMsInZpX3VzZWNhc2VfaWQiOjEwMDk5LCJkdXJhdGlvbl9zIjoyNiwidXJsZ2VuX3NvdXJjZSI6Ind3dyJ9&ccb=17-1&vs=834d01c4e8360ff5&_nc_vs=HBksFQIYUmlnX3hwdl9yZWVsc19wZXJtYW5lbnRfc3JfcHJvZC83RDQ3RUU0Q0ZDNDMwQjE3MzM5NDJEM0U1ODVFMTQ5MV92aWRlb19kYXNoaW5pdC5tcDQVAALIARIAFQIYOnBhc3N0aHJvdWdoX2V2ZXJzdG9yZS9HTXgwN1F4b2ZDYVBYRHdEQUNiWElKS0R1bXBoYnFfRUFBQUYVAgLIARIAKAAYABsCiAd1c2Vfb2lsATEScHJvZ3Jlc3NpdmVfcmVjaXBlATEVAAAm2uCxv7THnwQVAigCQzMsF0A6ZmZmZmZmGBJkYXNoX2Jhc2VsaW5lXzFfdjERAHX-B2XmnQEA&_nc_gid=aM4ChsyRDGr18chm9lTAzA&_nc_ss=7a22e&_nc_zt=28&oh=00_AQCct9yzA9JpWXKThrkQQb_kD886rh2xr7fzH3vIkHKcYg&oe=6A51C86D
CRMqk-RBoSZ,https://www.instagram.com/reel/CRMqk-RBoSZ/,O mar desperta minha melhor versão ❤️‍🔥🌊 #reels #praia,1626030142,8599,764,11.432999610900879,clips,https://scontent-poa1-1.cdninstagram.com/o1/v/t2/f2/m86/AQPgDe094QgCEfbJ-mvLAwrEt6BxaWDFqVK8V0JEwga3atvaLOLBd77pwUXI4asX8KBeI0FJhteGYM4E3P8Xyk9y3hUpECqtOEDgo6s.mp4?_nc_cat=110&_nc_sid=5e9851&_nc_ht=scontent-poa1-1.cdninstagram.com&_nc_ohc=gauDEvAD_0cQ7kNvwEmFCoz&efg=eyJ2ZW5jb2RlX3RhZyI6Inhwdl9wcm9ncmVzc2l2ZS5JTlNUQUdSQU0uQ0xJUFMuQzMuNzIwLmRhc2hfYmFzZWxpbmVfMV92MSIsInhwdl9hc3NldF9pZCI6NTU0NTM0NzUyNTU4MjUyLCJhc3NldF9hZ2VfZGF5cyI6MTgyNCwidmlfdXNlY2FzZV9pZCI6MTAwOTksImR1cmF0aW9uX3MiOjExLCJ1cmxnZW5fc291cmNlIjoid3d3In0%3D&ccb=17-1&vs=b694afebb5766cae&_nc_vs=HBksFQIYUmlnX3hwdl9yZWVsc19wZXJtYW5lbnRfc3JfcHJvZC9DMjQxOTcxOTFCMkRFNUFGRTJCQTg4QUE0NDQ5NzJCQl92aWRlb19kYXNoaW5pdC5tcDQVAALIARIAFQIYOnBhc3N0aHJvdWdoX2V2ZXJzdG9yZS9HRENWM0F3b2NDSGs2ZElCQUNxWldZRlFfS0owYnFfRUFBQUYVAgLIARIAKAAYABsCiAd1c2Vfb2lsATEScHJvZ3Jlc3NpdmVfcmVjaXBlATEVAAAm2PKI75WW_AEVAigCQzMsF0Am3bItDlYEGBJkYXNoX2Jhc2VsaW5lXzFfdjERAHX-B2XmnQEA&_nc_gid=aM4ChsyRDGr18chm9lTAzA&_nc_ss=7a22e&_nc_zt=28&oh=00_AQDnYaC5BnLNlfbXJy1uXtwg5BxDlgfEbVjf4ok-paXMew&oe=6A51DAEF
CRKOzXPhFj3,https://www.instagram.com/reel/CRKOzXPhFj3/,Espera pra ver KKKKKKKK,1625948465,3118,122,5.105000019073486,clips,https://scontent-poa1-1.cdninstagram.com/o1/v/t2/f2/m86/AQPkY-m3F6q7JfZT-F65JAPeWSfUwGLlmdIy6_5njNpO21vKCINUL6jriSXzzcY67tPgEKzKoL1ud7PefABYSShy9ROvhkhEbtAbNWQ.mp4?_nc_cat=106&_nc_sid=5e9851&_nc_ht=scontent-poa1-1.cdninstagram.com&_nc_ohc=GZWHPz63KF0Q7kNvwEv0gaJ&efg=eyJ2ZW5jb2RlX3RhZyI6Inhwdl9wcm9ncmVzc2l2ZS5JTlNUQUdSQU0uQ0xJUFMuQzMuNzIwLmRhc2hfYmFzZWxpbmVfMV92MSIsInhwdl9hc3NldF9pZCI6MTc0NjUyMTQ4MDM4NDUxLCJhc3NldF9hZ2VfZGF5cyI6MTgyNCwidmlfdXNlY2FzZV9pZCI6MTAwOTksImR1cmF0aW9uX3MiOjUsInVybGdlbl9zb3VyY2UiOiJ3d3cifQ%3D%3D&ccb=17-1&vs=88ce23b30a4e5e9d&_nc_vs=HBksFQIYUmlnX3hwdl9yZWVsc19wZXJtYW5lbnRfc3JfcHJvZC9CMDQ5Mzg3MDcyODMzRjk2NUEwQjhBRDk5MUMzMTc5Q192aWRlb19kYXNoaW5pdC5tcDQVAALIARIAFQIYOnBhc3N0aHJvdWdoX2V2ZXJzdG9yZS9HTDhDemd5eFk2NUFJQ2dCQURSYWhpSWIwYUpiYnFfRUFBQUYVAgLIARIAKAAYABsCiAd1c2Vfb2lsATEScHJvZ3Jlc3NpdmVfcmVjaXBlATEVAAAm5uzx84u2TxUCKAJDMywXQBRmZmZmZmYYEmRhc2hfYmFzZWxpbmVfMV92MREAdf4HZeadAQA&_nc_gid=aM4ChsyRDGr18chm9lTAzA&_nc_ss=7a22e&_nc_zt=28&oh=00_AQDkAkSBhOW4JGYx7kp9RsdzT2OTQ9vPPgGkHE8fejiv8w&oe=6A51F20F
CRHZiEEBZqR,https://www.instagram.com/reel/CRHZiEEBZqR/,Toda vez que eu vejo a beleza e imensidão desse oceano 🤍🌊 #reels #praia,1625853429,2246,92,4.732999801635742,clips,https://scontent-poa1-1.cdninstagram.com/o1/v/t2/f2/m86/AQPU8jGbCJZjTa0m92xWrjYW30GjVZddo0y2cjHvKbx6QUm8LGccvArWEvtvdB1tGZxsPaeDe5MQyHMwRV3sOA19RIMTEbou-Jx9vfA.mp4?_nc_cat=109&_nc_sid=5e9851&_nc_ht=scontent-poa1-1.cdninstagram.com&_nc_ohc=mLW6-Ilj3pgQ7kNvwHG70YL&efg=eyJ2ZW5jb2RlX3RhZyI6Inhwdl9wcm9ncmVzc2l2ZS5JTlNUQUdSQU0uQ0xJUFMuQzMuNzIwLmRhc2hfYmFzZWxpbmVfMV92MSIsInhwdl9hc3NldF9pZCI6MzMwMzg0ODU4NzQ1NTE1LCJhc3NldF9hZ2VfZGF5cyI6MTgyNiwidmlfdXNlY2FzZV9pZCI6MTAwOTksImR1cmF0aW9uX3MiOjQsInVybGdlbl9zb3VyY2UiOiJ3d3cifQ%3D%3D&ccb=17-1&vs=2e54f639df4c9e73&_nc_vs=HBksFQIYUmlnX3hwdl9yZWVsc19wZXJtYW5lbnRfc3JfcHJvZC8xQzRDNUYxN0UxMDVFMkJCMkUwRTE4NjEzRUE4Mzg4Q192aWRlb19kYXNoaW5pdC5tcDQVAALIARIAFQIYOnBhc3N0aHJvdWdoX2V2ZXJzdG9yZS9HTGVjemd6VjNmU2k5NzhCQUt1bjRHbHBveU5aYnFfRUFBQUYVAgLIARIAKAAYABsCiAd1c2Vfb2lsATEScHJvZ3Jlc3NpdmVfcmVjaXBlATEVAAAm1qqogveelgEVAigCQzMsF0AS7peNT987GBJkYXNoX2Jhc2VsaW5lXzFfdjERAHX-B2XmnQEA&_nc_gid=aM4ChsyRDGr18chm9lTAzA&_nc_ss=7a22e&_nc_zt=28&oh=00_AQCSffygiv0qGLOrwr-b9G_vSH5qaKKP9ILXPXXO5fVdEQ&oe=6A51C4EE
CQ9f3HDh4nq,https://www.instagram.com/reel/CQ9f3HDh4nq/,Quem mais tem um lerdinho em casa? ❤️❤️🥰 @alefmarqs #reels #casal,1625521201,4626,134,8.765999794006348,clips,https://scontent-poa1-1.cdninstagram.com/o1/v/t2/f2/m86/AQOXGYJ1SI-Vc8XI9kQ_t7bEe90sxrxBQyeOG27Ije_xvChVIa1xadI1_dnfIV6n7RTzmtTjC965DMM8tVhBDsomJv2OVBCsrlQmguU.mp4?_nc_cat=111&_nc_sid=5e9851&_nc_ht=scontent-poa1-1.cdninstagram.com&_nc_ohc=Hfpj4XdLe1IQ7kNvwEFm9Oo&efg=eyJ2ZW5jb2RlX3RhZyI6Inhwdl9wcm9ncmVzc2l2ZS5JTlNUQUdSQU0uQ0xJUFMuQzMuNzIwLmRhc2hfYmFzZWxpbmVfMV92MSIsInhwdl9hc3NldF9pZCI6MzYxMjkzOTM4OTY2ODY4LCJhc3NldF9hZ2VfZGF5cyI6MTgyOSwidmlfdXNlY2FzZV9pZCI6MTAwOTksImR1cmF0aW9uX3MiOjgsInVybGdlbl9zb3VyY2UiOiJ3d3cifQ%3D%3D&ccb=17-1&vs=a09c80439a3470dc&_nc_vs=HBkcFQIYUmlnX3hwdl9yZWVsc19wZXJtYW5lbnRfc3JfcHJvZC9BOTRDRkU3M0NFNEVGNzM3MTE0ODRGMDVFRENDN0M4QV92aWRlb19kYXNoaW5pdC5tcDQVAALIARIAKAAYABsCiAd1c2Vfb2lsATEScHJvZ3Jlc3NpdmVfcmVjaXBlATEVAAAmqIWizommpAEVAigCQzMsF0AhiDEm6XjVGBJkYXNoX2Jhc2VsaW5lXzFfdjERAHX-B2XmnQEA&_nc_gid=aM4ChsyRDGr18chm9lTAzA&_nc_ss=7a22e&_nc_zt=28&oh=00_AQD3nuWEXw8FgxbH31WL-7evWKO-sTQIWp0hZS_Ms2wcJg&oe=6A51C2E4
CQ9Z-hsBKo6,https://www.instagram.com/reel/CQ9Z-hsBKo6/,🤫,1625518117,3672,292,8.532999992370605,clips,https://scontent-poa1-1.cdninstagram.com/o1/v/t2/f2/m86/AQObErpp3sQa9xA5OZsGh9sBV2_Ci2s_ZtguNxkT6yFQ1aXghSZSzDpZ9Uuw7Y19JG1x-SLtI3nWkaEzxHfYZTCu3HbIOtOAEFqWzek.mp4?_nc_cat=108&_nc_sid=5e9851&_nc_ht=scontent-poa1-1.cdninstagram.com&_nc_ohc=4MAZ8Ok-vC0Q7kNvwGOymue&efg=eyJ2ZW5jb2RlX3RhZyI6Inhwdl9wcm9ncmVzc2l2ZS5JTlNUQUdSQU0uQ0xJUFMuQzMuNzIwLmRhc2hfYmFzZWxpbmVfMV92MSIsInhwdl9hc3NldF9pZCI6OTE0OTU0OTI5MDY0MTc5LCJhc3NldF9hZ2VfZGF5cyI6MTgyOSwidmlfdXNlY2FzZV9pZCI6MTAwOTksImR1cmF0aW9uX3MiOjgsInVybGdlbl9zb3VyY2UiOiJ3d3cifQ%3D%3D&ccb=17-1&vs=1a68a0d1453bb691&_nc_vs=HBksFQIYUmlnX3hwdl9yZWVsc19wZXJtYW5lbnRfc3JfcHJvZC80RDQ1NjJBMTIwQTM3NzdFRkFBOTg3N0NGNDVBMjhCMl92aWRlb19kYXNoaW5pdC5tcDQVAALIARIAFQIYOnBhc3N0aHJvdWdoX2V2ZXJzdG9yZS9HUE5mMUF3dzBpQ1oxZ3dEQUdWQUwyVEVSdGcxYnFfRUFBQUYVAgLIARIAKAAYABsCiAd1c2Vfb2lsATEScHJvZ3Jlc3NpdmVfcmVjaXBlATEVAAAm5qPCuLGJoAMVAigCQzMsF0AhEOVgQYk3GBJkYXNoX2Jhc2VsaW5lXzFfdjERAHX-B2XmnQEA&_nc_gid=aM4ChsyRDGr18chm9lTAzA&_nc_ss=7a22e&_nc_zt=28&oh=00_AQCOXNIM65qXK01qduj5Bk91wKWvkQ-Wab3Sa4bLHiXCnQ&oe=6A51D0AD
CQ80BbbhW3l,https://www.instagram.com/reel/CQ80BbbhW3l/,Segunda-feira organizada é uma semana organizada 🤍⚡️🥰 #planejamentosemanal #reels,1625498221,3125,102,8.432999610900879,clips,https://scontent-poa1-1.cdninstagram.com/o1/v/t2/f2/m86/AQNP8W1PhENKWp8RyXSnlrV6Adfzyz9_9Kvye6NHKMrWSE7mnxI6SRi_NeVF7DyDj8Qtilddo7qonfr4bdau4BDygARnG_4LyiDTBrk.mp4?_nc_cat=105&_nc_sid=5e9851&_nc_ht=scontent-poa1-1.cdninstagram.com&_nc_ohc=2Egbc71kFWEQ7kNvwGOvWax&efg=eyJ2ZW5jb2RlX3RhZyI6Inhwdl9wcm9ncmVzc2l2ZS5JTlNUQUdSQU0uQ0xJUFMuQzMuNzIwLmRhc2hfYmFzZWxpbmVfMV92MSIsInhwdl9hc3NldF9pZCI6MjYxODgzNzI4ODQxMDYwNiwiYXNzZXRfYWdlX2RheXMiOjE4MzAsInZpX3VzZWNhc2VfaWQiOjEwMDk5LCJkdXJhdGlvbl9zIjo4LCJ1cmxnZW5fc291cmNlIjoid3d3In0%3D&ccb=17-1&vs=1f7fd15f0d745ad6&_nc_vs=HBksFQIYUmlnX3hwdl9yZWVsc19wZXJtYW5lbnRfc3JfcHJvZC8zQzQxQzM5QzI2QjY3Njc5RERFQTdEOTYxNzM2RjZBNl92aWRlb19kYXNoaW5pdC5tcDQVAALIARIAFQIYOnBhc3N0aHJvdWdoX2V2ZXJzdG9yZS9HS1B0cVF4cFY0dzJnQVlDQUhVTEo1azl5U1p0YnFfRUFBQUYVAgLIARIAKAAYABsCiAd1c2Vfb2lsATEScHJvZ3Jlc3NpdmVfcmVjaXBlATEVAAAm3PfmpLL0pgkVAigCQzMsF0Ag3bItDlYEGBJkYXNoX2Jhc2VsaW5lXzFfdjERAHX-B2XmnQEA&_nc_gid=aM4ChsyRDGr18chm9lTAzA&_nc_ss=7a22e&_nc_zt=28&oh=00_AQCJ0UdTxLO316r6YgS_D_BEpR_CZRa7vJfiWN_MGrZsVA&oe=6A51F0B6
CQ8t4qFBL6F,https://www.instagram.com/reel/CQ8t4qFBL6F/,"Não passa de um meme, porque eu viria pra praia até com o mundo acabando sabe.. 😌🤍🌊✨",1625495003,3487,186,8.465999603271484,clips,https://scontent-poa1-1.cdninstagram.com/o1/v/t2/f2/m86/AQNj4mYG6Sb7h6IFx08PF234_LOZy-5msy4sT0xXBb0_zc_klr-cp2QonGiBle1a9QSeDvE_2Q5nrUIKfoNmIqUeBkwdn9ldgL1gktM.mp4?_nc_cat=105&_nc_sid=5e9851&_nc_ht=scontent-poa1-1.cdninstagram.com&_nc_ohc=_0XfS5G7EK4Q7kNvwH2FBXs&efg=eyJ2ZW5jb2RlX3RhZyI6Inhwdl9wcm9ncmVzc2l2ZS5JTlNUQUdSQU0uQ0xJUFMuQzMuNzIwLmRhc2hfYmFzZWxpbmVfMV92MSIsInhwdl9hc3NldF9pZCI6MjQ3NjM5MzEwMTMyNzc5LCJhc3NldF9hZ2VfZGF5cyI6MTgzMCwidmlfdXNlY2FzZV9pZCI6MTAwOTksImR1cmF0aW9uX3MiOjgsInVybGdlbl9zb3VyY2UiOiJ3d3cifQ%3D%3D&ccb=17-1&vs=43c9ca2896653839&_nc_vs=HBksFQIYUmlnX3hwdl9yZWVsc19wZXJtYW5lbnRfc3JfcHJvZC80OTQzNUU0NzMwQUVFNDk0NzM0RTczNEM4QkJENDRBOF92aWRlb19kYXNoaW5pdC5tcDQVAALIARIAFQIYOnBhc3N0aHJvdWdoX2V2ZXJzdG9yZS9HTTlzcmd3R2pxZUtzbFlCQUM0dHNGVFRDZUVFYnFfRUFBQUYVAgLIARIAKAAYABsCiAd1c2Vfb2lsATEScHJvZ3Jlc3NpdmVfcmVjaXBlATEVAAAm1pjn0cDOcBUCKAJDMywXQCDul41P3zsYEmRhc2hfYmFzZWxpbmVfMV92MREAdf4HZeadAQA&_nc_gid=aM4ChsyRDGr18chm9lTAzA&_nc_ss=7a22e&_nc_zt=28&oh=00_AQBnOYKTIMwa_AML9TBoyla9gpM0tHVWXfuSI_Q9QCP_ag&oe=6A51BD4A
CQ4UgjDBr_X,https://www.instagram.com/reel/CQ4UgjDBr_X/,6 transições pra você começar a deixar seus vídeos mais dinâmicos agora mesmoo 😍 Você tem uma favorita?? #reels #transicoesreels,1625347501,3720,191,30.274999618530273,clips,https://scontent-poa1-1.cdninstagram.com/o1/v/t2/f2/m86/AQOIGn27LHh3Q_8nenKKoKPud-bJhCb_AiED9aAFpmjam1HVoOHjFTRMm1739eTDqhdcSi5lklsKTjCAJ8uImT7FbOfo6yroY7dYNoE.mp4?_nc_cat=108&_nc_sid=5e9851&_nc_ht=scontent-poa1-1.cdninstagram.com&_nc_ohc=CbXxrou53MMQ7kNvwEdXHM3&efg=eyJ2ZW5jb2RlX3RhZyI6Inhwdl9wcm9ncmVzc2l2ZS5JTlNUQUdSQU0uQ0xJUFMuQzMuNzIwLmRhc2hfYmFzZWxpbmVfMV92MSIsInhwdl9hc3NldF9pZCI6NjA1NDcwMzcwNDI0MDc1LCJhc3NldF9hZ2VfZGF5cyI6MTgzMSwidmlfdXNlY2FzZV9pZCI6MTAwOTksImR1cmF0aW9uX3MiOjMwLCJ1cmxnZW5fc291cmNlIjoid3d3In0%3D&ccb=17-1&vs=71f0d4a7ee084111&_nc_vs=HBksFQIYUmlnX3hwdl9yZWVsc19wZXJtYW5lbnRfc3JfcHJvZC84ODQyMzVDMDI4QzM0MjQwRUFGNkFEQTQ5NzhBOTI4RF92aWRlb19kYXNoaW5pdC5tcDQVAALIARIAFQIYOnBhc3N0aHJvdWdoX2V2ZXJzdG9yZS9HRXZDcXd6OFBlbGM1d1VDQUgyV2o4dmgwS1VoYnFfRUFBQUYVAgLIARIAKAAYABsCiAd1c2Vfb2lsATEScHJvZ3Jlc3NpdmVfcmVjaXBlATEVAAAmlpTP5YGrkwIVAigCQzMsF0A-RBiTdLxqGBJkYXNoX2Jhc2VsaW5lXzFfdjERAHX-B2XmnQEA&_nc_gid=aM4ChsyRDGr18chm9lTAzA&_nc_ss=7a22e&_nc_zt=28&oh=00_AQAs19CpaxdVPgW0TbdG5ZoVweEd6-IvuVnzKRjdfm5-3w&oe=6A51DDDD
CQ32TGQhNnH,https://www.instagram.com/reel/CQ32TGQhNnH/,Descobri uma coisa muito legaaall 🤌🏻 Com vocês também funciona? 😏🌊✨🏝🤍 #reels #praia #estalos,1625331644,3485,177,14.067999839782715,clips,https://scontent-poa1-1.cdninstagram.com/o1/v/t2/f2/m86/AQNKHOx0xNQ3i0CJwTTGeigs1EraG1lJc1Q4UKKGNnGv0GHXyf3ClWnqDmvTy3-btGCDxPi1T8fCvZEyJ_26K0wBHIlCRHmAU1l4CIs.mp4?_nc_cat=105&_nc_sid=5e9851&_nc_ht=scontent-poa1-1.cdninstagram.com&_nc_ohc=Qv2ne2r8_GcQ7kNvwGUFIpS&efg=eyJ2ZW5jb2RlX3RhZyI6Inhwdl9wcm9ncmVzc2l2ZS5JTlNUQUdSQU0uQ0xJUFMuQzMuNzIwLmRhc2hfYmFzZWxpbmVfMV92MSIsInhwdl9hc3NldF9pZCI6NjAwNTcyMjgxMzI4NTM3LCJhc3NldF9hZ2VfZGF5cyI6MTgzMiwidmlfdXNlY2FzZV9pZCI6MTAwOTksImR1cmF0aW9uX3MiOjE0LCJ1cmxnZW5fc291cmNlIjoid3d3In0%3D&ccb=17-1&vs=9d1d74ff5cc2b76b&_nc_vs=HBksFQIYUmlnX3hwdl9yZWVsc19wZXJtYW5lbnRfc3JfcHJvZC9EQTQ3OURCMkEyQUQyOTc3MTdDMjlBNERBMzMwNUZCMl92aWRlb19kYXNoaW5pdC5tcDQVAALIARIAFQIYOnBhc3N0aHJvdWdoX2V2ZXJzdG9yZS9HUEFIdkF3aUV2RzNLX29CQUdzcm1Ud3pUdGg1YnFfRUFBQUYVAgLIARIAKAAYABsCiAd1c2Vfb2lsATEScHJvZ3Jlc3NpdmVfcmVjaXBlATEVAAAmss7sl_SNkQIVAigCQzMsF0AsIcrAgxJvGBJkYXNoX2Jhc2VsaW5lXzFfdjERAHX-B2XmnQEA&_nc_gid=X8FW-13-75IaWQVNZtPBSA&_nc_ss=7a22e&_nc_zt=28&oh=00_AQBGzHj90Lsi9y-8AeuSlGra9xfEtxOGEWczF2yS_2Ag0w&oe=6A51BD6A
CQ1H8GqhO20,https://www.instagram.com/reel/CQ1H8GqhO20/,Agora só falta a tattoo 😍 Vem fériasssss 🤍🌊✨🏝 #reels #vacaition #férias #praia,1625240227,2485,81,5.081999778747559,clips,https://scontent-poa1-1.cdninstagram.com/o1/v/t2/f2/m86/AQMDoYK7OHldUF5IcgwSb36x_AICvU3W4JU_QldN3vDV1RkuyY59C4FQTjsOGT1-Egeztko7ZECC6s-x8x87xIwWaYy1PkZDUEfh4cE.mp4?_nc_cat=103&_nc_sid=5e9851&_nc_ht=scontent-poa1-1.cdninstagram.com&_nc_ohc=aIZKKxN1lj0Q7kNvwE82V5x&efg=eyJ2ZW5jb2RlX3RhZyI6Inhwdl9wcm9ncmVzc2l2ZS5JTlNUQUdSQU0uQ0xJUFMuQzMuNzIwLmRhc2hfYmFzZWxpbmVfMV92MSIsInhwdl9hc3NldF9pZCI6MzMzMDE1MDM4MjgzMjkwLCJhc3NldF9hZ2VfZGF5cyI6MTgzMywidmlfdXNlY2FzZV9pZCI6MTAwOTksImR1cmF0aW9uX3MiOjUsInVybGdlbl9zb3VyY2UiOiJ3d3cifQ%3D%3D&ccb=17-1&vs=8e1575fb13dab90f&_nc_vs=HBksFQIYUmlnX3hwdl9yZWVsc19wZXJtYW5lbnRfc3JfcHJvZC83RjQxMDYzNjdBQTAyQTVDNTNFQTU3REQ5OTYzMzlCQl92aWRlb19kYXNoaW5pdC5tcDQVAALIARIAFQIYOnBhc3N0aHJvdWdoX2V2ZXJzdG9yZS9HRDdXbEF3RkdaWHREUmNQQUFiN19HYk5GcklSYnFfRUFBQUYVAgLIARIAKAAYABsCiAd1c2Vfb2lsATEScHJvZ3Jlc3NpdmVfcmVjaXBlATEVAAAmtLj-sIO4lwEVAigCQzMsF0AUQ5WBBiTdGBJkYXNoX2Jhc2VsaW5lXzFfdjERAHX-B2XmnQEA&_nc_gid=X8FW-13-75IaWQVNZtPBSA&_nc_ss=7a22e&_nc_zt=28&oh=00_AQD5bnqO1yXe3NKbnYPm7LoemCpJNcQEkvm7DFsg2_-XOw&oe=6A51BD44
CQzTg-bhIaI,https://www.instagram.com/reel/CQzTg-bhIaI/,2 coisas que não podem falhar: o remédio e o post 🙂 #reels #marketingdigital,1625179182,3809,165,7.4039998054504395,clips,https://scontent-poa1-1.cdninstagram.com/o1/v/t2/f2/m86/AQMxN99CnPrpcwivQ-uTZVP1Yy3cAgOF5Z-WXaQHZCW6bG2MV64rCSqXzkbrRnwzSl5NgVgIufxiUaBGEcB4sPw5uUKFtie6jGUooUY.mp4?_nc_cat=107&_nc_sid=5e9851&_nc_ht=scontent-poa1-1.cdninstagram.com&_nc_ohc=uO1XE9nEPlMQ7kNvwFDRVGM&efg=eyJ2ZW5jb2RlX3RhZyI6Inhwdl9wcm9ncmVzc2l2ZS5JTlNUQUdSQU0uQ0xJUFMuQzMuNzIwLmRhc2hfYmFzZWxpbmVfMV92MSIsInhwdl9hc3NldF9pZCI6MTgzOTIyNzgzNjA0MzMzLCJhc3NldF9hZ2VfZGF5cyI6MTgzMywidmlfdXNlY2FzZV9pZCI6MTAwOTksImR1cmF0aW9uX3MiOjcsInVybGdlbl9zb3VyY2UiOiJ3d3cifQ%3D%3D&ccb=17-1&vs=4131a60c91340d8d&_nc_vs=HBksFQIYUmlnX3hwdl9yZWVsc19wZXJtYW5lbnRfc3JfcHJvZC9GQzQ3MDgyMzczRDk0QTY1NjY0QzVDOTlDOEJFRDA4N192aWRlb19kYXNoaW5pdC5tcDQVAALIARIAFQIYOnBhc3N0aHJvdWdoX2V2ZXJzdG9yZS9HRmtNcUF5YzRnTUM1YmtCQUYxMkN4VE1TRlpNYnFfRUFBQUYVAgLIARIAKAAYABsCiAd1c2Vfb2lsATEScHJvZ3Jlc3NpdmVfcmVjaXBlATEVAAAm2rn2wtvRUxUCKAJDMywXQB2ZmZmZmZoYEmRhc2hfYmFzZWxpbmVfMV92MREAdf4HZeadAQA&_nc_gid=X8FW-13-75IaWQVNZtPBSA&_nc_ss=7a22e&_nc_zt=28&oh=00_AQB0ekO741N1CHO-Tss8DOk4CWWfssgCQSCFwQ1n34i3oQ&oe=6A51E8E8
CQwBIs5Bjr8,https://www.instagram.com/reel/CQwBIs5Bjr8/,Ansiosa? MAGINA 🌝 #reels #férias #praia,1625068884,3360,224,10.699999809265137,clips,https://scontent-poa1-1.cdninstagram.com/o1/v/t2/f2/m86/AQPC6LIPzDsehygxkI5qIgBWB-Jqaoi1rTL-fKuabLibl7EAXjuGimGT3PxCqD-mcxdiBTsaYGJrl_GFFDE6IgSgRfa5Ix8U8y25Jm0.mp4?_nc_cat=111&_nc_sid=5e9851&_nc_ht=scontent-poa1-1.cdninstagram.com&_nc_ohc=MdJOYOWSikwQ7kNvwFZDJqY&efg=eyJ2ZW5jb2RlX3RhZyI6Inhwdl9wcm9ncmVzc2l2ZS5JTlNUQUdSQU0uQ0xJUFMuQzMuNzIwLmRhc2hfYmFzZWxpbmVfMV92MSIsInhwdl9hc3NldF9pZCI6Mjk2OTYwMjM1MzI4Njg2LCJhc3NldF9hZ2VfZGF5cyI6MTgzNSwidmlfdXNlY2FzZV9pZCI6MTAwOTksImR1cmF0aW9uX3MiOjEwLCJ1cmxnZW5fc291cmNlIjoid3d3In0%3D&ccb=17-1&vs=b19c3c9ac6c712fd&_nc_vs=HBkcFQIYUmlnX3hwdl9yZWVsc19wZXJtYW5lbnRfc3JfcHJvZC81RDQyMkNCNDQ0OTE0QTMyODkzMzE4QjY5NjMwNDA4Rl92aWRlb19kYXNoaW5pdC5tcDQVAALIARIAKAAYABsCiAd1c2Vfb2lsATEScHJvZ3Jlc3NpdmVfcmVjaXBlATEVAAAm3NK2la6FhwEVAigCQzMsF0AlZmZmZmZmGBJkYXNoX2Jhc2VsaW5lXzFfdjERAHX-B2XmnQEA&_nc_gid=X8FW-13-75IaWQVNZtPBSA&_nc_ss=7a22e&_nc_zt=28&oh=00_AQAi60QHH2s6xLAcNwfJyX0D5Oelxn7pnnhOqFi6ZDkl1g&oe=6A51C3A4
CQt6QlVh85x,https://www.instagram.com/reel/CQt6QlVh85x/,"Afinal, se ninguem pe perfeito, porque algumas pessoas tentam agir como se não tivessem bafo quando acordam? 😂 Acontece que TODO MUNDO TEM ALGUM PROBLEMA. Se você abre o jogo com sua audiência e mostra os seus se colocando em posição vulnerável, faz com que as pessoas se identifiquem com suas dores, problemas e questões. Exemplo, esses dias eu contei aqui que ainda nunca fiz uma live porque sou tímida, algumas pessoas se identificaram e me falaram que sentem a mesma coisa! Assim podemos crescer juntos 💞 Ter vulnerabilidade não é ruim, é mostrar sua humanidade real e abrir espaço para se conectarem.",1624998178,2889,218,13.166000366210938,clips,https://scontent-poa1-1.cdninstagram.com/o1/v/t2/f2/m86/AQOruXxHeFmma-uqfu7_euwApoUulZjkDhVUFLZwH5_52-3siJiJ3yO_MF2s7hxQY40iPRk7qbLYE7eEOkc-2qh64zedbFmGUPrsgPk.mp4?_nc_cat=111&_nc_sid=5e9851&_nc_ht=scontent-poa1-1.cdninstagram.com&_nc_ohc=1_kEBHEVjSUQ7kNvwGDz9-a&efg=eyJ2ZW5jb2RlX3RhZyI6Inhwdl9wcm9ncmVzc2l2ZS5JTlNUQUdSQU0uQ0xJUFMuQzMuNzIwLmRhc2hfYmFzZWxpbmVfMV92MSIsInhwdl9hc3NldF9pZCI6MTkwMjQyMTE5Nzc4NjM0LCJhc3NldF9hZ2VfZGF5cyI6MTgzNSwidmlfdXNlY2FzZV9pZCI6MTAwOTksImR1cmF0aW9uX3MiOjEzLCJ1cmxnZW5fc291cmNlIjoid3d3In0%3D&ccb=17-1&vs=7e9b3b0944ef4c6d&_nc_vs=HBksFQIYUmlnX3hwdl9yZWVsc19wZXJtYW5lbnRfc3JfcHJvZC82MTRCRUU1MUZDRTAxNjJDN0E1QkM1MzAzMTVEQzk4NV92aWRlb19kYXNoaW5pdC5tcDQVAALIARIAFQIYOnBhc3N0aHJvdWdoX2V2ZXJzdG9yZS9HQjdKZXd3R0Q0WWhkZEFBQUhpY1BIcTg5X0pDYnFfRUFBQUYVAgLIARIAKAAYABsCiAd1c2Vfb2lsATEScHJvZ3Jlc3NpdmVfcmVjaXBlATEVAAAmlIXEn8bBVhUCKAJDMywXQCpU_fO2RaIYEmRhc2hfYmFzZWxpbmVfMV92MREAdf4HZeadAQA&_nc_gid=X8FW-13-75IaWQVNZtPBSA&_nc_ss=7a22e&_nc_zt=28&oh=00_AQAXGS-n1gSV3bUK1F2QIVJiC9DVfATTjvCk97yO-Stv-Q&oe=6A51D360
CQtaj_Xho1q,https://www.instagram.com/reel/CQtaj_Xho1q/,"🤍🖤 Um prato com a base no arroz e feijão tem tudo o que precisamos, é simples e funciona. Ai vem algumas pessoas que não conseguem ainda fazer nem o básico, querem inventar moda... e adivinha.. não dá certo. A dica de hoje é: Antes de querer sair da caixinha e ousar, saiba fazer bem o arroz e feijão, porque tendo essa base sólida, você realmente pode expandir seus horizontes com o pé no chão. Mas antes, comece simples. E aí, você sabe fazer arroz e feijão?",1624981563,444,95,26.795000076293945,feed,https://scontent-poa1-1.cdninstagram.com/o1/v/t16/f2/m84/AQPzA34zZUFrclQCfgC9qeZ3EQuU3IQLjDN0tvxzXRwBpWKxMyHUo1ZkZNhfRYp2kThbE0-4ZecnpRDLUv4MqYcnaNCiULwDR-VN_-4.mp4?_nc_cat=100&_nc_sid=5e9851&_nc_ht=scontent-poa1-1.cdninstagram.com&_nc_ohc=6-1NGKM1-ygQ7kNvwED8SF2&efg=eyJ2ZW5jb2RlX3RhZyI6Inhwdl9wcm9ncmVzc2l2ZS5JTlNUQUdSQU0uRkVFRC5DMy43MjAuZGFzaF9iYXNlbGluZV8xX3YxIiwieHB2X2Fzc2V0X2lkIjozNTU5OTM2ODY5MzgyNjAsImFzc2V0X2FnZV9kYXlzIjoxODM2LCJ2aV91c2VjYXNlX2lkIjoxMDE0NiwiZHVyYXRpb25fcyI6MjYsInVybGdlbl9zb3VyY2UiOiJ3d3cifQ%3D%3D&ccb=17-1&vs=7d66fb5c0e28158&_nc_vs=HBksFQIYTGlnX2JhY2tmaWxsX3RpbWVsaW5lX3ZvZC9GMTRFOTEwMzFFQzJBNjMzMTEwNEMyRjM3MDU4Qzc4NV92aWRlb19kYXNoaW5pdC5tcDQVAALIARIAFQIYOnBhc3N0aHJvdWdoX2V2ZXJzdG9yZS9HTnRBbFJkVUtNZXNfeUFCQUhWcTVxSHJfZ0FPYnBrd0FBQUYVAgLIARIAKAAYABsCiAd1c2Vfb2lsATEScHJvZ3Jlc3NpdmVfcmVjaXBlATEVAAAmqMqE1MfxoQEVAigCQzMsF0A6mZmZmZmaGBJkYXNoX2Jhc2VsaW5lXzFfdjERAHXqB2XEngEA&_nc_gid=X8FW-13-75IaWQVNZtPBSA&_nc_ss=7a22e&_nc_zt=28&oh=00_AQBKNbLApXIC4r9if6GGgjgpZ7aHHrXSRLKtEoIm_F2tdw&oe=6A51D864
CQotkcwBI0c,https://www.instagram.com/reel/CQotkcwBI0c/,"FAZER MUITO, PARA FAZER BEM! 🚀 Eu acredito que esse seja um dos maiores pontos que fazem pessoas iniciantes a pararem de produzir.. elas tentam fazer perfeito e estão fazem em pouca quantidade, e isso não deixa que a pessoa sinta a evolução! As pessoas esquecem que qualidade vem com a prática. Isso vai desde hábitos simples do ser humano, até aptidões como repassar conhecimento… Eu sou a favor de você se adaptar e fazer como pode e com o que tem HOJE. O primeiro passo é se colocar em movimento. O resto, você melhora no caminho. E aí, está convencido de que quantidade leva à qualidade?",1624823755,2780,215,36.33599853515625,clips,https://scontent-poa1-1.cdninstagram.com/o1/v/t2/f2/m86/AQOn9ujooHF_qDsY1nYYtcp5Im3BkVV-28vYIDeYcP8ThgKdD4qo4064mixtjcIVjDyqhJVqQ9D1aATRgLkgLmu8EKWNU0-CmpEiBrc.mp4?_nc_cat=106&_nc_sid=5e9851&_nc_ht=scontent-poa1-1.cdninstagram.com&_nc_ohc=7gAE7smU-xYQ7kNvwEG6XgM&efg=eyJ2ZW5jb2RlX3RhZyI6Inhwdl9wcm9ncmVzc2l2ZS5JTlNUQUdSQU0uQ0xJUFMuQzMuNzIwLmRhc2hfYmFzZWxpbmVfMV92MSIsInhwdl9hc3NldF9pZCI6MzI2NzcxNDg4OTQ3MzEyLCJhc3NldF9hZ2VfZGF5cyI6MTgzNywidmlfdXNlY2FzZV9pZCI6MTAwOTksImR1cmF0aW9uX3MiOjM2LCJ1cmxnZW5fc291cmNlIjoid3d3In0%3D&ccb=17-1&vs=2d770bcf48dce5f5&_nc_vs=HBksFQIYUmlnX3hwdl9yZWVsc19wZXJtYW5lbnRfc3JfcHJvZC80NDRCQzI2M0IzN0I2Q0ZFNTc4NEQyNjUwMzdGRjRBMF92aWRlb19kYXNoaW5pdC5tcDQVAALIARIAFQIYOnBhc3N0aHJvdWdoX2V2ZXJzdG9yZS9HUEpFYmd4bVRuSUR6dE1DQUllamFLeWZOYWxwYnFfRUFBQUYVAgLIARIAKAAYABsCiAd1c2Vfb2lsATEScHJvZ3Jlc3NpdmVfcmVjaXBlATEVAAAm4PGrqM3MlAEVAigCQzMsF0BCKp--dsi0GBJkYXNoX2Jhc2VsaW5lXzFfdjERAHX-B2XmnQEA&_nc_gid=X8FW-13-75IaWQVNZtPBSA&_nc_ss=7a22e&_nc_zt=28&oh=00_AQCluFOlb8OVXosmgvKRdVgXg5LfGXrELhUL2O8SCUBISA&oe=6A51D483
CQhJIy3Bq1M,https://www.instagram.com/reel/CQhJIy3Bq1M/,"Muito provavelmente tem algo em mim que você nao gosta, mas talvez eu faça algo que você ache legal, né? 🤔 Isso acontece porque TODOS NÓS temos gostos e personalidades, mas poucos mostram ela aqui no instagram, então eu venho tentando cada dia deixar a minha mais clara possível ⚡️ Algumas pessoas vão gostar e se identificar, outras não. E TUDO BEM!!! Ter personalidade e posicionamento aqui na internet é fundamental para você/ sua marca porque pessoas se conectam com pessoas reais, e assim você vai formando uma comunidade engajada que compartilha do mesmo sentimento. A dica de hoje é: DEIXE SUA PERSONALIDADE VIVER!!! Pensando nisso, me deixa sabeeeerrr: O que você mais gosta/ se identifica em mim??",1624569834,1315,211,45.88199996948242,feed,https://scontent-poa1-1.cdninstagram.com/o1/v/t16/f2/m84/AQOTpVov2CPKigDvJQHGRk3Vi4yFMwkdqZZu6uc5GvtuRwnlzfm_5V2mHiCFrZ15WEHgJfabVeBa3JDlg4xEcz6_hGzdXHBttOppMFU.mp4?_nc_cat=100&_nc_sid=5e9851&_nc_ht=scontent-poa1-1.cdninstagram.com&_nc_ohc=QWib5-pZ-KIQ7kNvwFljxp3&efg=eyJ2ZW5jb2RlX3RhZyI6Inhwdl9wcm9ncmVzc2l2ZS5JTlNUQUdSQU0uRkVFRC5DMy43MjAuZGFzaF9iYXNlbGluZV8xX3YxIiwieHB2X2Fzc2V0X2lkIjoyNTI1NTQ5MjczMjkwNjAsImFzc2V0X2FnZV9kYXlzIjoxODQwLCJ2aV91c2VjYXNlX2lkIjoxMDE0NiwiZHVyYXRpb25fcyI6NDUsInVybGdlbl9zb3VyY2UiOiJ3d3cifQ%3D%3D&ccb=17-1&vs=b10430d155e7c647&_nc_vs=HBksFQIYTGlnX2JhY2tmaWxsX3RpbWVsaW5lX3ZvZC8yQjQ0QjgyMTg0MDEzNkNGQzNBOTczOTgxRjhCMDVCRV92aWRlb19kYXNoaW5pdC5tcDQVAALIARIAFQIYOnBhc3N0aHJvdWdoX2V2ZXJzdG9yZS9HUC1UR3hmUEp1Z3I5bmtDQUtmWnhXMjVvRVp0YnBrd0FBQUYVAgLIARIAKAAYABsCiAd1c2Vfb2lsATEScHJvZ3Jlc3NpdmVfcmVjaXBlATEVAAAmyLzW69DschUCKAJDMywXQEbZmZmZmZoYEmRhc2hfYmFzZWxpbmVfMV92MREAdeoHZcSeAQA&_nc_gid=X8FW-13-75IaWQVNZtPBSA&_nc_ss=7a22e&_nc_zt=28&oh=00_AQBWBCpFfFoSzNcCDImMwd0_gMPjsbSSxqC4o9ez8n-Z_A&oe=6A51DF00
CQg7-RUhrZV,https://www.instagram.com/reel/CQg7-RUhrZV/,"Se você é esse tipo de pessoa que já começa pensando em desistir, minha dica pra você é: nem começa e não perde esse tempo. 😉 Porque 3 semanas você realmente não terá nada, para ganhar dinheiro pela internet é necessário ter a mentalidade de CONSTRUÇÃO DE RESULTADOS, deixe seu próprio rastro e depois de meses trabalhando a gente conversa! Você já desistiu de algo sem mesmo dar chance pra essa coisa acontecer?? Euu já! Mas ainda bem no Instagram sempre tive essa mentalidade de construção com o tempo 🙌🏼 Vamos juntas!",1624562859,2760,95,8.170000076293945,clips,https://scontent-poa1-1.cdninstagram.com/o1/v/t2/f2/m86/AQMn6M36BhV0__HxzVbfxTYOr576-v__ROxtsV_q6BwiJCSBf6JMIMTCMk2oVTR8ohao808RCxH5NJvy4BsBK4HNhUk-mBVcpVisZ2c.mp4?_nc_cat=102&_nc_sid=5e9851&_nc_ht=scontent-poa1-1.cdninstagram.com&_nc_ohc=Q450qlgcBD4Q7kNvwHOrtzg&efg=eyJ2ZW5jb2RlX3RhZyI6Inhwdl9wcm9ncmVzc2l2ZS5JTlNUQUdSQU0uQ0xJUFMuQzMuNzIwLmRhc2hfYmFzZWxpbmVfMV92MSIsInhwdl9hc3NldF9pZCI6OTQzNDAzMDU5Nzg3NDk5LCJhc3NldF9hZ2VfZGF5cyI6MTg0MSwidmlfdXNlY2FzZV9pZCI6MTAwOTksImR1cmF0aW9uX3MiOjgsInVybGdlbl9zb3VyY2UiOiJ3d3cifQ%3D%3D&ccb=17-1&vs=f8ed479a957fbc3b&_nc_vs=HBksFQIYUmlnX3hwdl9yZWVsc19wZXJtYW5lbnRfc3JfcHJvZC8xQjQ4Q0E5MDhDMDBGMkM4MEExNEY2NjA3MUM4QzVCNl92aWRlb19kYXNoaW5pdC5tcDQVAALIARIAFQIYOnBhc3N0aHJvdWdoX2V2ZXJzdG9yZS9HSG52YWd4TGd2aGtwZ0VCQU1iZVRLMWVGWUFaYnFfRUFBQUYVAgLIARIAKAAYABsCiAd1c2Vfb2lsATEScHJvZ3Jlc3NpdmVfcmVjaXBlATEVAAAm1tuRxKSBrQMVAigCQzMsF0AgVP3ztkWiGBJkYXNoX2Jhc2VsaW5lXzFfdjERAHX-B2XmnQEA&_nc_gid=X8FW-13-75IaWQVNZtPBSA&_nc_ss=7a22e&_nc_zt=28&oh=00_AQBp_TsYQqFmrlbQjCh8ezUQKbRUf1UzhNT66wC4hY0_EA&oe=6A51CA8F
CQb9tCpB85X,https://www.instagram.com/reel/CQb9tCpB85X/,"A forma mais simples de crescer no Instagram é por meio de compartilhamento das pessoas certas, porque com isso você ganha visibilidade de pessoas novas que são do seu nicho ou tem um certo interesse naquilo que você vende ou compartilha. Então hoje eu chamei o @victormardine , que é o maior Faca desse instagram 🔪, para fazer uma collab comigo e ao mesmo tempo explicar na prática como essas ideias funcionam: ➠ Collab é quando você/ sua marca se juntam a outro perfil que tenha assuntos complementares para trocarem visibilidades, e assim, levar um tráfego de pessoas de um perfil para outro. ➠ Marketing de Influência nada mais é do que a contratação de uma “parceira” influente para divulgar a sua marca, seja por meio de parceria ou promoção paga. Mas se você pensa em fazer uma parceria com algum influencer, é bom se atentar a esses 2 pontos que ele fala no vídeo! ❕Atenção a um detalhe: Eu disse “forma mais SIMPLES”. E realmente é, afinal, encontrar uma parceria com uma boa influencer não há nada de complexo nisso. Mas não use apenas essa estratégia de crescimento, o indicado é que você cresça a sua base com produção de conteúdo de valor, porque assim você cria um público que está alí POR VOCÊ (e não caiu de paraquedas no seu perfil) e que é fiel ao seu conteúdo. E aiii, me fala! Você já usou algumas dessas estratégias no seu perfil alguma vez?",1624396065,3947,417,49.73699951171875,feed,https://scontent-poa1-1.cdninstagram.com/o1/v/t16/f2/m84/AQNBdzjaWEaegkYI4KUAPyQpForXxh3aTWsyNXx0edu-ZQlBr9bL7WlZ3RhfauAUML_FZa4JM-XVgEogYQNlHG3-GKKYHMze8UXPa-E.mp4?_nc_cat=101&_nc_sid=5e9851&_nc_ht=scontent-poa1-1.cdninstagram.com&_nc_ohc=qH1yCmSHTM4Q7kNvwGHopr6&efg=eyJ2ZW5jb2RlX3RhZyI6Inhwdl9wcm9ncmVzc2l2ZS5JTlNUQUdSQU0uRkVFRC5DMy43MjAuZGFzaF9iYXNlbGluZV8xX3YxIiwieHB2X2Fzc2V0X2lkIjo2NjA5ODQxMzI0ODg4NTgsImFzc2V0X2FnZV9kYXlzIjoxODQyLCJ2aV91c2VjYXNlX2lkIjoxMDE0NiwiZHVyYXRpb25fcyI6NDksInVybGdlbl9zb3VyY2UiOiJ3d3cifQ%3D%3D&ccb=17-1&vs=2e8606f73f984aaf&_nc_vs=HBksFQIYTGlnX2JhY2tmaWxsX3RpbWVsaW5lX3ZvZC9ERjQwQTZFQ0ExQjcwQTgzNkY5RUM2MzBGMEM5NEZBQV92aWRlb19kYXNoaW5pdC5tcDQVAALIARIAFQIYOnBhc3N0aHJvdWdoX2V2ZXJzdG9yZS9HRnJyWkJlMHFIeXRpLVlDQUx5bkJsWUpOcndvYnBrd0FBQUYVAgLIARIAKAAYABsCiAd1c2Vfb2lsATEScHJvZ3Jlc3NpdmVfcmVjaXBlATEVAAAmtLraxqvKrAIVAigCQzMsF0BI0QYk3S8bGBJkYXNoX2Jhc2VsaW5lXzFfdjERAHXqB2XEngEA&_nc_gid=X8FW-13-75IaWQVNZtPBSA&_nc_zt=28&_nc_ss=7a22e&oh=00_AQBGAiQmnodI4jsBDZldfstsBI9V7NLNACYmRLk8ryu_mA&oe=6A51EF87
CQWVrlLhWG1,https://www.instagram.com/reel/CQWVrlLhWG1/,Meu ponto fracoo 💚 Quem mais ta animado pra 5ª temporada??? #rickandmorty,1624207242,4479,163,7.984000205993652,clips,https://scontent-poa1-1.cdninstagram.com/o1/v/t2/f2/m86/AQMJClXJLawvLc7HFZhmAl2tyKXpljhpZq45eeb0djcLj5amYvX3HM0HKp0SFYDpC07X4LbpgPYly7rEmC4NBG0-tAD6EvjUrv9j1QE.mp4?_nc_cat=108&_nc_sid=5e9851&_nc_ht=scontent-poa1-1.cdninstagram.com&_nc_ohc=2Y_DleCRPTkQ7kNvwGb1Z6x&efg=eyJ2ZW5jb2RlX3RhZyI6Inhwdl9wcm9ncmVzc2l2ZS5JTlNUQUdSQU0uQ0xJUFMuQzMuNzIwLmRhc2hfYmFzZWxpbmVfMV92MSIsInhwdl9hc3NldF9pZCI6MjU0MDc3Nzg4NjA2NzQ2NCwiYXNzZXRfYWdlX2RheXMiOjE4NDUsInZpX3VzZWNhc2VfaWQiOjEwMDk5LCJkdXJhdGlvbl9zIjo3LCJ1cmxnZW5fc291cmNlIjoid3d3In0%3D&ccb=17-1&vs=42b9300727addb41&_nc_vs=HBksFQIYUmlnX3hwdl9yZWVsc19wZXJtYW5lbnRfc3JfcHJvZC9CRDQ4NUI0NDc5ODFDQkRENTlFNjNFRUJDODMyRjk4Nl92aWRlb19kYXNoaW5pdC5tcDQVAALIARIAFQIYOnBhc3N0aHJvdWdoX2V2ZXJzdG9yZS9HQVZpUVF4bVQ3ZWFaWElBQUl5cUJPVnpwNTA4YnFfRUFBQUYVAgLIARIAKAAYABsCiAd1c2Vfb2lsATEScHJvZ3Jlc3NpdmVfcmVjaXBlATEVAAAmkKzRtd60gwkVAigCQzMsF0Af3S8an753GBJkYXNoX2Jhc2VsaW5lXzFfdjERAHX-B2XmnQEA&_nc_gid=X8FW-13-75IaWQVNZtPBSA&_nc_ss=7a22e&_nc_zt=28&oh=00_AQD9-pEbwwA3ecMd9LJ1ndhlmlvQ9VU-qh9GmMveCkmvFQ&oe=6A51C1D1
CQT2ws6hDUu,https://www.instagram.com/reel/CQT2ws6hDUu/,"Vamos trabalhar pra nós mesmos viajarmos o mundo, e não para seus chefes fazerem isso! 🚀🌎 Quem é do time empreendedor por aqui?? ⚡️",1624123928,3057,92,14.810999870300293,clips,https://scontent-poa1-1.cdninstagram.com/o1/v/t2/f2/m86/AQOO-L7vyIFwFfkhAAMlbAuWI2Q-enbRqnzsM2DkXye3GUhhVMkKjJEJ8yz0DztKAmdxDLrTvKh5sBuijFl7ol3fPK1kSmSyFkr1pFU.mp4?_nc_cat=105&_nc_sid=5e9851&_nc_ht=scontent-poa1-1.cdninstagram.com&_nc_ohc=QxTbzDR8lHYQ7kNvwF3rKUc&efg=eyJ2ZW5jb2RlX3RhZyI6Inhwdl9wcm9ncmVzc2l2ZS5JTlNUQUdSQU0uQ0xJUFMuQzMuNzIwLmRhc2hfYmFzZWxpbmVfMV92MSIsInhwdl9hc3NldF9pZCI6NDk4NTU3MDMxMzYyMjQ5LCJhc3NldF9hZ2VfZGF5cyI6MTg0NiwidmlfdXNlY2FzZV9pZCI6MTAwOTksImR1cmF0aW9uX3MiOjE0LCJ1cmxnZW5fc291cmNlIjoid3d3In0%3D&ccb=17-1&vs=c8655cada1aa591a&_nc_vs=HBksFQIYUmlnX3hwdl9yZWVsc19wZXJtYW5lbnRfc3JfcHJvZC9DRjQ4RkQ1Mzk4NDMxNjZCOTU0NzA0QkZGRkNDNDNBMV92aWRlb19kYXNoaW5pdC5tcDQVAALIARIAFQIYOnBhc3N0aHJvdWdoX2V2ZXJzdG9yZS9HSnlNSnd6S2pyank0TGtCQU4yWEo5R0FDSGhxYnFfRUFBQUYVAgLIARIAKAAYABsCiAd1c2Vfb2lsATEScHJvZ3Jlc3NpdmVfcmVjaXBlATEVAAAmkruJrOvb4gEVAigCQzMsF0AtmZmZmZmaGBJkYXNoX2Jhc2VsaW5lXzFfdjERAHX-B2XmnQEA&_nc_gid=X8FW-13-75IaWQVNZtPBSA&_nc_ss=7a22e&_nc_zt=28&oh=00_AQB_gm_15Kh0brTOXO_MEtSD3pIAG9zaz5Vs8-lbiH1Kvg&oe=6A51E6AA
CQOiV7dh7L4,https://www.instagram.com/reel/CQOiV7dh7L4/,"[Dica #17 de 30] ↓ Se você quer vender/ crescer no Instagram, a produção de REELS é fundamental. Esse formato é o que tem melhor entrega, e isso possibilita que mais pessoas sejam atraídas para o seu perfil. Na dica do dia, eu trouxe 6 ideias de reels pra você buscar referências e preparar o seu hoje mesmo! Você tem um formato favorito?",1623945449,4767,151,26.53700065612793,clips,https://scontent-poa1-1.cdninstagram.com/o1/v/t2/f2/m86/AQNm5c_b5d2c847YDzC1P2MR45t2A4_T0FlQNEaqDEnt4X8MmVIbHAnDEE0qAxt6Icjzq1XlLlRKqAfxPD50paMm5F1KSwd9lW2BCUg.mp4?_nc_cat=101&_nc_sid=5e9851&_nc_ht=scontent-poa1-1.cdninstagram.com&_nc_ohc=9Y4pQJ2Ap-EQ7kNvwFsLSzM&efg=eyJ2ZW5jb2RlX3RhZyI6Inhwdl9wcm9ncmVzc2l2ZS5JTlNUQUdSQU0uQ0xJUFMuQzMuNzIwLmRhc2hfYmFzZWxpbmVfMV92MSIsInhwdl9hc3NldF9pZCI6MTUwMzMyMDEzNzE1MzQ3LCJhc3NldF9hZ2VfZGF5cyI6MTg0OCwidmlfdXNlY2FzZV9pZCI6MTAwOTksImR1cmF0aW9uX3MiOjI2LCJ1cmxnZW5fc291cmNlIjoid3d3In0%3D&ccb=17-1&vs=d0260238d5fc7945&_nc_vs=HBksFQIYUmlnX3hwdl9yZWVsc19wZXJtYW5lbnRfc3JfcHJvZC9BMTQxRUQyMDhGN0I3NEJEMEZDQkE2ODA1M0RBRjFCQ192aWRlb19kYXNoaW5pdC5tcDQVAALIARIAFQIYOnBhc3N0aHJvdWdoX2V2ZXJzdG9yZS9HUExkX2dzc1QxaTRocjRBQUpUVTlFQi1pcFJjYnFfRUFBQUYVAgLIARIAKAAYABsCiAd1c2Vfb2lsATEScHJvZ3Jlc3NpdmVfcmVjaXBlATEVAAAmpv605LyuRBUCKAJDMywXQDqIcrAgxJwYEmRhc2hfYmFzZWxpbmVfMV92MREAdf4HZeadAQA&_nc_gid=uxK4Ojy41kTcu9GDJLuurA&_nc_ss=7a22e&_nc_zt=28&oh=00_AQDfYLREH3syn5mqiwP51KvdrbaYJQhHMlSHP1wROwA0bA&oe=6A51DA46
CQE2JfshzdS,https://www.instagram.com/reel/CQE2JfshzdS/,"[Dica #13 de 30] ↓ Agora que você já entendeu a importância de um bom relacionamento nas redes sociais, na dica de hoje eu trouxe ideias para você se relacionar na prática usando a estratégia de Call to Action (CTA) nas suas postagens! 🗯 Tente sempre se lembrar que você não está aqui no instagram para falar sozinho, e se não abrir espaço para as pessoas te responderem e darem suas opniões… você está fazendo errado (principalmente se você tem um perfil pequeno ainda) ❕ O grande desafio é buscar perguntas que sejam interessantes e que as pessoas queiram genuinamente responder. Você pode fazer isso buscando referências com outras pessoas pelo exemplo. Então a missão de hoje é preparar suas legendas nas próximas postagens TODAS usando um CTA! Fala a verdade: você costuma usar CTA nas suas legendas?",1623620291,3322,164,24.586999893188477,clips,https://scontent-poa1-1.cdninstagram.com/o1/v/t2/f2/m86/AQO-MworEZp5Ni21DeBRSEoUKSmJBfRZHcDRqbhswtPH1u9hXjhsHkNWrbyxU7ROZUUmzIR867zRvyK9X1KQu2l_zV4V8K6yTi7OCZg.mp4?_nc_cat=107&_nc_sid=5e9851&_nc_ht=scontent-poa1-1.cdninstagram.com&_nc_ohc=NzMmyms7A98Q7kNvwH_nb1K&efg=eyJ2ZW5jb2RlX3RhZyI6Inhwdl9wcm9ncmVzc2l2ZS5JTlNUQUdSQU0uQ0xJUFMuQzMuNzIwLmRhc2hfYmFzZWxpbmVfMV92MSIsInhwdl9hc3NldF9pZCI6MTg3NjAzNDAzOTI0NDEwMSwiYXNzZXRfYWdlX2RheXMiOjE4NTEsInZpX3VzZWNhc2VfaWQiOjEwMDk5LCJkdXJhdGlvbl9zIjoyNCwidXJsZ2VuX3NvdXJjZSI6Ind3dyJ9&ccb=17-1&vs=5331e9ca10bd2e40&_nc_vs=HBksFQIYUmlnX3hwdl9yZWVsc19wZXJtYW5lbnRfc3JfcHJvZC85QjRCRDRBMEFCOUU1OEI5QUQxNDRCQkMyMDAzNzlCQ192aWRlb19kYXNoaW5pdC5tcDQVAALIARIAFQIYOnBhc3N0aHJvdWdoX2V2ZXJzdG9yZS9HSVBmLXd0Y0NkeS03d0lEQUI4Q0MzcVFNWk5NYnFfRUFBQUYVAgLIARIAKAAYABsCiAd1c2Vfb2lsATEScHJvZ3Jlc3NpdmVfcmVjaXBlATEVAAAmipX358aP1QYVAigCQzMsF0A4kOVgQYk3GBJkYXNoX2Jhc2VsaW5lXzFfdjERAHX-B2XmnQEA&_nc_gid=uxK4Ojy41kTcu9GDJLuurA&_nc_ss=7a22e&_nc_zt=28&oh=00_AQAlUhPhp6Tlev1FiP659fAM5xLgUKR_LDkZd7iwryAGxg&oe=6A51E300
CQEX9H-hLub,https://www.instagram.com/reel/CQEX9H-hLub/,"Hoje eu trouxe ele pra falar sobre RELACIONAMENTO, já que é a maior habilidade que você, empreendedor, pode ter: Saber se relacionar com seus clientes 💙 Dividimos em 3 pilares para facilitar sua compreensão: • Faça perguntas! • Quem é você? • Conte histórias! • Alem disso, fica até o final tem algumas dicas na prática para você melhorar seu desempenho hoje mesmo e passar a se relacionar melhor com seu público. 🌷 Me conta! Você acha que sabe se relacionar bem com as pessoas no seu perfil? Eu me esforço muito todos os dias!",1623604664,6464,168,439.135009765625,igtv,https://scontent-poa1-1.cdninstagram.com/o1/v/t16/f2/m84/AQORBD-aGt9lUKEFSSOKCxH8oHFxJiHbgoTpC8bClFiWDs2wQyuupew7vTmcwRnRgZNMUQ-mMNs-F8_N9N2y3r27Xzkvlnq83et4kKg.mp4?_nc_cat=102&_nc_sid=5e9851&_nc_ht=scontent-poa1-1.cdninstagram.com&_nc_ohc=m3GnA6Zco0YQ7kNvwH7PK4A&efg=eyJ2ZW5jb2RlX3RhZyI6Inhwdl9wcm9ncmVzc2l2ZS5JTlNUQUdSQU0uSUdUVi5DMy4xMjgwLmRhc2hfYmFzZWxpbmVfMV92MSIsInhwdl9hc3NldF9pZCI6MTM1NzczODE2ODUwOTcyNywiYXNzZXRfYWdlX2RheXMiOjE4NTIsInZpX3VzZWNhc2VfaWQiOjEwMTQ1LCJkdXJhdGlvbl9zIjo0MzgsInVybGdlbl9zb3VyY2UiOiJ3d3cifQ%3D%3D&ccb=17-1&vs=9c0da2d2864ca219&_nc_vs=HBksFQIYTGlnX2JhY2tmaWxsX3RpbWVsaW5lX3ZvZC9EQzRGMEY0NDJBNDBDNjE5NzY5MTREQjkyMjczN0M5RV92aWRlb19kYXNoaW5pdC5tcDQVAALIARIAFQIYOnBhc3N0aHJvdWdoX2V2ZXJzdG9yZS9HTmp0WkJjOFZ5ZEpQWWtDQU9ESXZaV0RyeVpZYnBrd0FBQUYVAgLIARIAKAAYABsCiAd1c2Vfb2lsATEScHJvZ3Jlc3NpdmVfcmVjaXBlATEVAAAmvpTb0-G26QQVAigCQzMsF0B7bu2RaHKwGBJkYXNoX2Jhc2VsaW5lXzFfdjERAHXsB2XCngEA&_nc_gid=uxK4Ojy41kTcu9GDJLuurA&_nc_ss=7a22e&_nc_zt=28&oh=00_AQDNRbJiIVSkmE1GUy-hfiPypf4nZcAdzFomeAPzXKP9eA&oe=6A51C8F2
CP_Ew7qhznk,https://www.instagram.com/reel/CP_Ew7qhznk/,"[Dica #11 de 30] ↓ Que o Instagram tem um grande volume de informação a gente já sabe, mas você sabe como chamar atenção no meio de tanta gente? Dinamismo, velocidade, um bom tom de voz, movimentação.. São algumas características de story profissional. A dica de hoje é pra você que ainda não sabe o que está errando na produção dos seus stories diários: SEJA MAIS DINÂMICO! 💥 Essa é uma maneira para você reter atenção e consequentemente engajar mais! Seus stories costumam ser mais paradinhos, ou mega agitados?",1623426627,6619,213,29.18400001525879,clips,https://scontent-poa1-1.cdninstagram.com/o1/v/t2/f2/m86/AQObxnFZx_-DsXeDLTJfKOPQWiA1bowtZwplYDrWK7uF3l9UQ876hsI1A9Uv8dvjMFutZJqYYHmyDbxzclvpET5MzYzVc75cbanq5iE.mp4?_nc_cat=104&_nc_sid=5e9851&_nc_ht=scontent-poa1-1.cdninstagram.com&_nc_ohc=gp6wHh7nGqYQ7kNvwFnRixF&efg=eyJ2ZW5jb2RlX3RhZyI6Inhwdl9wcm9ncmVzc2l2ZS5JTlNUQUdSQU0uQ0xJUFMuQzMuNzIwLmRhc2hfYmFzZWxpbmVfMV92MSIsInhwdl9hc3NldF9pZCI6MTgwNjk3NzkzOTg3MDI3LCJhc3NldF9hZ2VfZGF5cyI6MTg1NCwidmlfdXNlY2FzZV9pZCI6MTAwOTksImR1cmF0aW9uX3MiOjI5LCJ1cmxnZW5fc291cmNlIjoid3d3In0%3D&ccb=17-1&vs=6a8f39cec7958cae&_nc_vs=HBksFQIYUmlnX3hwdl9yZWVsc19wZXJtYW5lbnRfc3JfcHJvZC9CNTRGNTgyMThEMDBDQjg4MDU3RUQwOURFNzVBMjM4NV92aWRlb19kYXNoaW5pdC5tcDQVAALIARIAFQIYOnBhc3N0aHJvdWdoX2V2ZXJzdG9yZS9HQmNkN3d0SFpEOFJUaGNCQUk4NjVYMXJYaFlPYnFfRUFBQUYVAgLIARIAKAAYABsCiAd1c2Vfb2lsATEScHJvZ3Jlc3NpdmVfcmVjaXBlATEVAAAmpoeUvf-VUhUCKAJDMywXQD0qfvnbItEYEmRhc2hfYmFzZWxpbmVfMV92MREAdf4HZeadAQA&_nc_gid=uxK4Ojy41kTcu9GDJLuurA&_nc_ss=7a22e&_nc_zt=28&oh=00_AQBrqPen6vT-7fY6rteZDRaNzZ1v4O8GSJqFIGZYZ7mNlQ&oe=6A51EE85
CP1RaH5h2mn,https://www.instagram.com/reel/CP1RaH5h2mn/,"[Dica #7 de 30] ↓ Eu não ia falar sobre esse tema hoje, mas é o momento perfeito para explicar na prática o conceito de “O que importa é a direção, e não a velocidade”! ⬇️ Eu acordei muito mal hoje, a ansiedade me dominou e eu simplesmente me senti bloqueada, travada e sem conseguir nem gravar um story. 🚫 Eu sabia o que precisava ser feito e mesmo assim não consegui à princípio, foi aí que lembrei dessa que é uma das sacadas mais importantes de todas: O QUE IMPORTA É A DIREÇÃO, E NÃO A VELOCIDADE 🌻 Então eu fui lá, vesti minha roupa de academia e fui! 🏋🏼‍♀️ No caminho, fiz meu primeiro story do dia mesmo já sendo mais da metade da tarde, fiz como conseguia, fiz como pude, MAS FIZ ⚡️ Então se você ainda não consegue fazer 10 stories no dia, 7 postagens na semana, IGTV, lives.... FAÇA O QUE VOCÊ CONSEGUE, MAS FAÇA ALGO! Começa com 5 stories; Produza 3 posts por semana; Tenta preparar 1 reels; Vamos focar apenas em 1 passo de cada vez e você vai começar a ver o caminho sendo percorrido atrás de você, e então aumentar a velocidade com o tempo! ⚡️ 🤍 Por isso, sua missão hoje é fazer apenas 1 coisa que você sabe que precisa ser feito mas ainda não fez. Eu confio em você assim como confio em mim! Me conta! O que você vai preparar? ☺️",1623097734,740,146,6,feed,https://scontent-poa1-1.cdninstagram.com/o1/v/t16/f2/m84/AQOnzi3T29WbGxBGUu9sMdkIj7xW12ai9ivBJNUt_0lOEXmN8g5duQr6cDXtlD2GLkJUPPv-i7IR4uBF5l6m38Oi_0frf0d2_2NL3ZI.mp4?_nc_cat=109&_nc_sid=5e9851&_nc_ht=scontent-poa1-1.cdninstagram.com&_nc_ohc=k8NI06XQmusQ7kNvwHkFHh_&efg=eyJ2ZW5jb2RlX3RhZyI6Inhwdl9wcm9ncmVzc2l2ZS5JTlNUQUdSQU0uRkVFRC5DMy43MjAuZGFzaF9iYXNlbGluZV8xX3YxIiwieHB2X2Fzc2V0X2lkIjoyOTIwMDQ4ODAzMTY0NjQsImFzc2V0X2FnZV9kYXlzIjoxODU3LCJ2aV91c2VjYXNlX2lkIjoxMDE0NiwiZHVyYXRpb25fcyI6NiwidXJsZ2VuX3NvdXJjZSI6Ind3dyJ9&ccb=17-1&vs=8a00aa3f711c46&_nc_vs=HBkcFQIYTGlnX2JhY2tmaWxsX3RpbWVsaW5lX3ZvZC9FNzQ2OEE1NEZBMkMzOENFQTRFMDQzQTUxQjY5MkY5MF92aWRlb19kYXNoaW5pdC5tcDQVAALIARIAKAAYABsCiAd1c2Vfb2lsATEScHJvZ3Jlc3NpdmVfcmVjaXBlATEVAAAm4ODP8vXkhAEVAigCQzMsF0AYAAAAAAAAGBJkYXNoX2Jhc2VsaW5lXzFfdjERAHXqB2XEngEA&_nc_gid=uxK4Ojy41kTcu9GDJLuurA&_nc_ss=7a22e&_nc_zt=28&oh=00_AQCpgMqhjLBHzOK11Fl_rSK0pJWbyuZ3xV10YtL8tdgOsg&oe=6A51F14F
CPqlvFRhLA6,https://www.instagram.com/reel/CPqlvFRhLA6/,"[Dica #3 de 30] ↓ Para vender melhor você precisa se posicionar como um profissional, e isso exige organização. Por isso, chegamos no terceiro dia do desafio e eu não poderia deixar para depois essa dica de organização de tarefas que faz total diferença no meu dia a dia de criadora de conteúdo. A verdade é que serve para todos, mas nós que estamos produzindo conteúdo para o instagram, temos múltiplas coisas para fazer a todo momento, e por conta disso, ter uma visualização passo a passo é essencial para não se perder nas demandas de trabalho. Com o TRELLO você vai conseguir deixar visível tudo o que precisa ser feito no seu perfil, como: •Cronograma semanal de postagens no feed •Roteiro para seu story diário •Referências sempre à mão •Lista de afazeres e concluídos •Seus estudos diários •E tudo mais o que você quiser! O legal dessa plataforma é você montar ela exatamente como você precisa, pode personalizar tudo e deixar da melhor maneira. Meu convite pra você é para que COMECE NO TRELLO HOJE MESMO e sinta na pele sua rotina ficar muuuuuito mais leve, quem já conhecia?",1622739434,1252,117,456.3179931640625,igtv,https://scontent-poa1-1.cdninstagram.com/o1/v/t16/f2/m84/AQPVaJLAal9mbN0iwj0aZlSJrvNW2Xe-bYccE6h6dhYLagJi0VBjPQeQKuqvYtxrWMYXZnzYphwiQSs_pQp4kNBDQMC4O0-fP1yUQWY.mp4?_nc_cat=106&_nc_sid=5e9851&_nc_ht=scontent-poa1-1.cdninstagram.com&_nc_ohc=ahsErIgXxwkQ7kNvwHGgPu0&efg=eyJ2ZW5jb2RlX3RhZyI6Inhwdl9wcm9ncmVzc2l2ZS5JTlNUQUdSQU0uSUdUVi5DMy4xMjgwLmRhc2hfYmFzZWxpbmVfMV92MSIsInhwdl9hc3NldF9pZCI6NjY3MDEzMDA2OTcwMzQ3MCwiYXNzZXRfYWdlX2RheXMiOjE4NjIsInZpX3VzZWNhc2VfaWQiOjEwMTQ1LCJkdXJhdGlvbl9zIjo0NTYsInVybGdlbl9zb3VyY2UiOiJ3d3cifQ%3D%3D&ccb=17-1&vs=9da488ee3a6a7072&_nc_vs=HBksFQIYTGlnX2JhY2tmaWxsX3RpbWVsaW5lX3ZvZC9ENTQ5QkRGREE2MTA4MzI2NjM4NkU3MTM5RjI5MzE5MV92aWRlb19kYXNoaW5pdC5tcDQVAALIARIAFQIYOnBhc3N0aHJvdWdoX2V2ZXJzdG9yZS9HQW9nZEJlcjNEVVdYU3dCQVBJNURBR3lNSmNTYnBrd0FBQUYVAgLIARIAKAAYABsCiAd1c2Vfb2lsATEScHJvZ3Jlc3NpdmVfcmVjaXBlATEVAAAm3KzI1tWc2RcVAigCQzMsF0B8gzMzMzMzGBJkYXNoX2Jhc2VsaW5lXzFfdjERAHXsB2XCngEA&_nc_gid=uxK4Ojy41kTcu9GDJLuurA&_nc_ss=7a22e&_nc_zt=28&oh=00_AQB2_xS2VbyZgXKenvQlm9cbEPTNqyewoUh7XNQy0m_O9A&oe=6A51C1B2
CPoLbVrBsx8,https://www.instagram.com/reel/CPoLbVrBsx8/,"[Dica #2 de 30] ↓ Com certeza uma das perguntas que eu mais recebo aqui é sobre “O QUE POSTAR?”, por isso hoje eu reuni várias dicas práticas para você nunca mais ficar sem! Nenhuma ideia é criada do absoluto zero, você precisa estar consumindo conteúdo para poder produzir conteúdo. Referência + Referência = Nova Ideia 💡 Você tem algumas missões pra hoje, que ao realizá-las, EU MUDO MEU NOME SE VOCÊ NÃO ACHAR IDEIAS DE POSTS! 😌 ➟ Começa fazendo uma PESQUISA DE MERCADO 🔍 Ex: Se seu nicho é MODA, pesquisa sobre esse universo, busca saber o que as pessoas estão fazendo, o que elas estão falando sobre? assunto do momento? quem é o número 1 do seu nicho? ➟ Ainda na pesquisa, chegamos na hora de BUSCAR REFERÊNCIAS: Pesquise por concorrentes da sua área aqui no instagram (podem ser locais ou do brasil inteiro). Aqui é onde está O POTE DE OURO! Veja as postagens mais bombadas deles, veja as fotos, artes, as legendas, como fazem os reels, e principalmente veja os posts mais viralizados para você se inspirar. ➟ Por último, preciso que você ATIVE O MODO PRODUTOR DE CONTEÚDO e tudo o que ver no instagram tente se enxergar reproduzindo mesmo que não seja do seu nicho. Ex: Sou da área da fotografia mas vi um perfil de culinária falando sobre “O que você precisa saber antes de preparar um bolo”, você pode E DEVE se inspirar para levar esse conteúdo para seu perfil falando do seu nicho. 🦋 Você vai ver como em pouco tempo de prática, esse exercício começa a ficar natural e transforma sua visão sobre TUDO 🦋 ➟ Hora de por a mão na massa! Sua missão é escolher PELO MENOS UM post da sua pesquisa de referência para reproduzir! 😍 Escolha com muito carinho, veja a complexibilidade, a qualidade e se ele teve um bom resultado.. Reproduza do seu jeito, faça seu melhor e tenho certeza que vai ser um ótimo primeiro passo aqui no nosso DESAFIO. E vou AMAR se você quiser me marcar na sua postagem para eu dar uma olhada no que você preparou! Aproveita que você tá aqui e me conta! Você já conhecia todas essas ideias? Produzir conteúdo está um pouquinho menos bicho de 7 cabeças agora? Quem vai fazer os exercícios de hoje? Amanhã tem mais ⚡️",1622658360,5035,242,9.965999603271484,clips,https://scontent-poa1-1.cdninstagram.com/o1/v/t2/f2/m86/AQMw_Ilxqmi3hBxkM6dvR2SahYYEsKrVjlWc4pH6Sq2OabyB1eizsivi23DRA3hTPYVVS4FwONlbIO9KuU5VC_OLDiGH-fQdkXtGteo.mp4?_nc_cat=106&_nc_sid=5e9851&_nc_ht=scontent-poa1-1.cdninstagram.com&_nc_ohc=DFkJmDoPWt4Q7kNvwHUUqYj&efg=eyJ2ZW5jb2RlX3RhZyI6Inhwdl9wcm9ncmVzc2l2ZS5JTlNUQUdSQU0uQ0xJUFMuQzMuNzIwLmRhc2hfYmFzZWxpbmVfMV92MSIsInhwdl9hc3NldF9pZCI6MzQzNjcyOTMzNzY3MTE0LCJhc3NldF9hZ2VfZGF5cyI6MTg2MywidmlfdXNlY2FzZV9pZCI6MTAwOTksImR1cmF0aW9uX3MiOjksInVybGdlbl9zb3VyY2UiOiJ3d3cifQ%3D%3D&ccb=17-1&vs=3e8ba96627361e24&_nc_vs=HBksFQIYUmlnX3hwdl9yZWVsc19wZXJtYW5lbnRfc3JfcHJvZC83RTQwNjk1MjVCMUUzNTMwRTM4N0EzOTI5NEEyNkNCNl92aWRlb19kYXNoaW5pdC5tcDQVAALIARIAFQIYOnBhc3N0aHJvdWdoX2V2ZXJzdG9yZS9HTzljb3d2Q2poeFVqU2NGQU9DZW4xUTVVZk12YnFfRUFBQUYVAgLIARIAKAAYABsCiAd1c2Vfb2lsATEScHJvZ3Jlc3NpdmVfcmVjaXBlATEVAAAmlN-W8rKknAEVAigCQzMsF0Aj7peNT987GBJkYXNoX2Jhc2VsaW5lXzFfdjERAHX-B2XmnQEA&_nc_gid=uxK4Ojy41kTcu9GDJLuurA&_nc_ss=7a22e&_nc_zt=28&oh=00_AQDFctSE-Ct27yrvC_gI_v9MCap5If0N9EbMkvcytLNi1A&oe=6A51E1CB
COLJEXPB08B,https://www.instagram.com/reel/COLJEXPB08B/,"Pensa comigo.. quando você cria uma marca/ loja, entende que tudo começa engatinhando pra depois se levantar e então começar a correr de verdade? 🤔 Me acompanha! Pois é! Aqui no online é quase a mesma coisa, você não vai construir um super império em 2 meses. Precisa ter muito claro isso na sua cabeça pra coisa dar certo, se não você se frustra e acaba desistindo. CONSTÂNCIA É A CHAVE 🔑 A vantagem é que toda a atenção ta aqui no Instagram! Mas diferente de uma loja na rua, aqui não existe “rua” para as pessoas passarem sem intenção na sua porta, você precisa atrair elas até você! Com estratégia as coisas podem ser até mais simples que offline já que o fluxo de pessoas é muito maior do que qualquer cidade que você esteja, mas lembre-se: Tudo é uma construção diária! 🚧 Responde esse checklist aqui ✅ -> Você conhece o seu público? Sabe qual é o desejo dele? -> Qual a dor que o seu produto/serviço resolve? -> Você já ta fazendo stories todos os dias? -> Está buscando estratégias para engajar? -> Está mostrando seu diferencial? -> Postagens frequentes? -> Conteúdo estratégico pra atrair? -> Criando relacionamento e conexões? -> Ta sempre respondendo seu público e dando a mesma atenção que faz com o presencial? Se tiver 1 coisa dessas acima que você não está fazendo.. não venha pensar em desistir sem nem ter começado de verdade! É sua loja e você deve acreditar mais nela do que qualquer outra coisa! 🚀 Eu confio em você e na sua capacidade de ação! E se precisar de ajuda, estarei aqui 😉 #estrategistadigital #gestordemidiassociais #socialmedia #marketingdigital",1619536618,2968,104,4.366000175476074,clips,https://scontent-poa1-1.cdninstagram.com/o1/v/t2/f2/m86/AQMtCc-ka-7RqjSaf-s243_usB8K0RpY0b1H38J6Eh1XvmIN8hTEWjYyxR_eglg2Pn-BbOWVgqdMWSkxEBUxI_AyDMnsCheDM8QfJ58.mp4?_nc_cat=101&_nc_sid=5e9851&_nc_ht=scontent-poa1-1.cdninstagram.com&_nc_ohc=WGdZ1Y5ioqwQ7kNvwFjD9X2&efg=eyJ2ZW5jb2RlX3RhZyI6Inhwdl9wcm9ncmVzc2l2ZS5JTlNUQUdSQU0uQ0xJUFMuQzMuNzIwLmRhc2hfYmFzZWxpbmVfMV92MSIsInhwdl9hc3NldF9pZCI6NTU2NDc2MTEwNjU4NTAwLCJhc3NldF9hZ2VfZGF5cyI6MTg5OSwidmlfdXNlY2FzZV9pZCI6MTAxMDEsImR1cmF0aW9uX3MiOjQsInVybGdlbl9zb3VyY2UiOiJ3d3cifQ%3D%3D&ccb=17-1&vs=39865bed6457045b&_nc_vs=HBksFQIYUmlnX3hwdl9yZWVsc19wZXJtYW5lbnRfc3JfcHJvZC9EQjQzRkNDOTFCQTI3NDIxQzA0OUNDNjAyNjYzMTdCQl92aWRlb19kYXNoaW5pdC5tcDQVAALIARIAFQIYOnBhc3N0aHJvdWdoX2V2ZXJzdG9yZS9HSnMwa0J1emMyelZHakVCQUo4S2tuODVhNHdFYnBrd0FBQUYVAgLIARIAKAAYABsCiAd1c2Vfb2lsATEScHJvZ3Jlc3NpdmVfcmVjaXBlATEVAAAmiO-2jpaH_QEVAigCQzMsF0ARdsi0OVgQGBJkYXNoX2Jhc2VsaW5lXzFfdjERAHX-B2XqnQEA&_nc_gid=uxK4Ojy41kTcu9GDJLuurA&_nc_ss=7a22e&_nc_zt=28&oh=00_AQCNnWRq4NtRADLbJtHL9M70HvzGqIneUk2fDjeHUDCmXw&oe=6A51E056
COG1yYhBVc2,https://www.instagram.com/reel/COG1yYhBVc2/,Queria saber o que o gato do áudio disse 😂 #reels #gatos,1619392320,2729,103,15.02299976348877,clips,https://scontent-poa1-1.cdninstagram.com/o1/v/t2/f2/m86/AQPoBjfj2nFRY4AF9sroS0coMCZXM0E73FkLqML3pXnbecljD7oCQdAAoVY6Zn6l2tytCc63Xf-0RNjuv_b9oQokAFuqEVPH4jS-kn8.mp4?_nc_cat=108&_nc_sid=5e9851&_nc_ht=scontent-poa1-1.cdninstagram.com&_nc_ohc=uPM8ZPGcXV8Q7kNvwHuZs55&efg=eyJ2ZW5jb2RlX3RhZyI6Inhwdl9wcm9ncmVzc2l2ZS5JTlNUQUdSQU0uQ0xJUFMuQzMuNzIwLmRhc2hfYmFzZWxpbmVfMV92MSIsInhwdl9hc3NldF9pZCI6ODYxNjczMTg2MDMwNjgxLCJhc3NldF9hZ2VfZGF5cyI6MTkwMCwidmlfdXNlY2FzZV9pZCI6MTAxMDEsImR1cmF0aW9uX3MiOjE1LCJ1cmxnZW5fc291cmNlIjoid3d3In0%3D&ccb=17-1&vs=9ca70dbe1abdb0f3&_nc_vs=HBksFQIYUmlnX3hwdl9yZWVsc19wZXJtYW5lbnRfc3JfcHJvZC9BNzQxRjZBRkM5QTM1QkQ3NTI5RUMzQjFCMEYyQTI4Ml92aWRlb19kYXNoaW5pdC5tcDQVAALIARIAFQIYOnBhc3N0aHJvdWdoX2V2ZXJzdG9yZS9HTkZ3aVJ1Zy1YWTJSZElCQU0wUk9rNkpzTDBsYnBrd0FBQUYVAgLIARIAKAAYABsCiAd1c2Vfb2lsATEScHJvZ3Jlc3NpdmVfcmVjaXBlATEVAAAmstHTwv3rhwMVAigCQzMsF0AuAAAAAAAAGBJkYXNoX2Jhc2VsaW5lXzFfdjERAHX-B2XqnQEA&_nc_gid=uxK4Ojy41kTcu9GDJLuurA&_nc_ss=7a22e&_nc_zt=28&oh=00_AQBKxz46gpvf1kEL0Lx8kU_jzzGR2bWFxqxvTIzz5KWeSw&oe=6A51CBAD
COEGdXPhCcZ,https://www.instagram.com/reel/COEGdXPhCcZ/,Dicas pra você aplicar e começar a gravar story hoje mesmooo ❤️ É sem dúvidas uma das ferramentas do Instagram que mais são capazes de levar sua comunicação para onde você deseja! Então aproveita o empurrãozinho hein 🚀,1619300316,4407,277,24.365999221801758,clips,https://scontent-poa1-1.cdninstagram.com/o1/v/t2/f2/m86/AQM4DZxJHXwFD6A02Axqg7B1mZANsfIwmGyjuk0phBXeGvxs6DAACqEvypltop6IXzJf0IQTTUfViiZ0a0SMJMoHjgVrvPyO5xOU0ac.mp4?_nc_cat=107&_nc_sid=5e9851&_nc_ht=scontent-poa1-1.cdninstagram.com&_nc_ohc=xv99SOyCh0EQ7kNvwGwJwt8&efg=eyJ2ZW5jb2RlX3RhZyI6Inhwdl9wcm9ncmVzc2l2ZS5JTlNUQUdSQU0uQ0xJUFMuQzMuNzIwLmRhc2hfYmFzZWxpbmVfMV92MSIsInhwdl9hc3NldF9pZCI6ODY2MDEzNjc1NTA3NTU0LCJhc3NldF9hZ2VfZGF5cyI6MTkwMSwidmlfdXNlY2FzZV9pZCI6MTAxMDEsImR1cmF0aW9uX3MiOjI0LCJ1cmxnZW5fc291cmNlIjoid3d3In0%3D&ccb=17-1&vs=997c3c2a2097133c&_nc_vs=HBksFQIYUmlnX3hwdl9yZWVsc19wZXJtYW5lbnRfc3JfcHJvZC8yODQ2MzdEMjNGMDE0QTQzRTgyRDA2NjY1NzVCRkJBRl92aWRlb19kYXNoaW5pdC5tcDQVAALIARIAFQIYOnBhc3N0aHJvdWdoX2V2ZXJzdG9yZS9HSTR5Y0J1UXNQVUtfNE1FQVBvNDkybkhHWjAyYnBrd0FBQUYVAgLIARIAKAAYABsCiAd1c2Vfb2lsATEScHJvZ3Jlc3NpdmVfcmVjaXBlATEVAAAmxL3-19DoiQMVAigCQzMsF0A4XbItDlYEGBJkYXNoX2Jhc2VsaW5lXzFfdjERAHX-B2XqnQEA&_nc_gid=uxK4Ojy41kTcu9GDJLuurA&_nc_ss=7a22e&_nc_zt=28&oh=00_AQDe-tCZHCwXEialzo2BAuDXYfuoxMXzoqLqttzZMFo0yQ&oe=6A51C568
COAxqV6hIZC,https://www.instagram.com/reel/COAxqV6hIZC/,"3 opções, ✨ a escolha é sua ✨ Ou se dedica, ou terceirize esse trabalho, ou continue perdendo vendas online! #gestorderedessociais #socialmedia #marketingdigital",1619188968,14765,494,5.199999809265137,clips,https://scontent-poa1-1.cdninstagram.com/o1/v/t2/f2/m86/AQPTGs8olsfb-BJXCLh1HPp2ipEETE13bfzQ0KsrBfS8uHAVjLqpvkc7dZm9ktwrvINgGHMI-NbJw2__wLdy0TkWo147indn1P2gkVQ.mp4?_nc_cat=110&_nc_sid=5e9851&_nc_ht=scontent-poa1-1.cdninstagram.com&_nc_ohc=VM9ny_SNn28Q7kNvwELRJkw&efg=eyJ2ZW5jb2RlX3RhZyI6Inhwdl9wcm9ncmVzc2l2ZS5JTlNUQUdSQU0uQ0xJUFMuQzMuNzIwLmRhc2hfYmFzZWxpbmVfMV92MSIsInhwdl9hc3NldF9pZCI6MTYwNDIxMDkxMzgzNjU1NSwiYXNzZXRfYWdlX2RheXMiOjE5MDMsInZpX3VzZWNhc2VfaWQiOjEwMTAxLCJkdXJhdGlvbl9zIjo1LCJ1cmxnZW5fc291cmNlIjoid3d3In0%3D&ccb=17-1&vs=60830a57da7d9934&_nc_vs=HBkcFQIYUmlnX3hwdl9yZWVsc19wZXJtYW5lbnRfc3JfcHJvZC8xMjQ1ODhDNERBNTgzQUIwMEY3RUNBNUNBREEzNzlBRF92aWRlb19kYXNoaW5pdC5tcDQVAALIARIAKAAYABsCiAd1c2Vfb2lsATEScHJvZ3Jlc3NpdmVfcmVjaXBlATEVAAAmlvjP2q7B2QUVAigCQzMsF0AUzMzMzMzNGBJkYXNoX2Jhc2VsaW5lXzFfdjERAHX-B2XqnQEA&_nc_gid=uxK4Ojy41kTcu9GDJLuurA&_nc_ss=7a22e&_nc_zt=28&oh=00_AQDwDqrP_ci-r2V7wT-QLdEdRi1yniYNQDOVOTxqgdsBIA&oe=6A51C3E7
CN-TGKOh6sI,https://www.instagram.com/reel/CN-TGKOh6sI/,E ai 🤔 Ta pronta pra mudar sua vida MESMO ou vai começar a arrumar desculpas pra não fazer hein? Os resultados na internet são monstruosos para quem se dedica à construção diária do objetivo 🚀 Se precisar de ajuda estarei aqui ❤️ #gestorderedessociais #socialmedia #marketingdigital,1619105743,5884,372,13.100000381469727,clips,https://scontent-poa1-1.cdninstagram.com/o1/v/t2/f2/m86/AQN6WSY7vgRUUkZlQXHcLiiKffZBGY-zYq2lbv1UzU5ki4jAH0n8yJe-AENT0Rz4EJgPgoTzaK7-ihOztyWU6_B22MgdzTLzXQWkcbU.mp4?_nc_cat=102&_nc_sid=5e9851&_nc_ht=scontent-poa1-1.cdninstagram.com&_nc_ohc=XsslMUuV01IQ7kNvwHZVKP0&efg=eyJ2ZW5jb2RlX3RhZyI6Inhwdl9wcm9ncmVzc2l2ZS5JTlNUQUdSQU0uQ0xJUFMuQzMuNzIwLmRhc2hfYmFzZWxpbmVfMV92MSIsInhwdl9hc3NldF9pZCI6OTQxNDE0Mzc3ODIzMDc1LCJhc3NldF9hZ2VfZGF5cyI6MTkwNCwidmlfdXNlY2FzZV9pZCI6MTAxMDEsImR1cmF0aW9uX3MiOjEzLCJ1cmxnZW5fc291cmNlIjoid3d3In0%3D&ccb=17-1&vs=dcbcec07129fa6cd&_nc_vs=HBksFQIYUmlnX3hwdl9yZWVsc19wZXJtYW5lbnRfc3JfcHJvZC8zNTRBQkNBQjZDRjQ5NUE0RkIxODAzNDU1MkUzOURBQ192aWRlb19kYXNoaW5pdC5tcDQVAALIARIAFQIYOnBhc3N0aHJvdWdoX2V2ZXJzdG9yZS9HSTNQakJzcGpReW9mY0FEQUxQaGl3QS1Sc0kwYnBrd0FBQUYVAgLIARIAKAAYABsCiAd1c2Vfb2lsATEScHJvZ3Jlc3NpdmVfcmVjaXBlATEVAAAmxu2c2cONrAMVAigCQzMsF0AqMzMzMzMzGBJkYXNoX2Jhc2VsaW5lXzFfdjERAHX-B2XqnQEA&_nc_gid=uxK4Ojy41kTcu9GDJLuurA&_nc_ss=7a22e&_nc_zt=28&oh=00_AQAQaujDY2ADSldOz_TsVCreOQYuTIaRe7mdSch2qLsqdQ&oe=6A51CAB7
CN7rEobhhze,https://www.instagram.com/reel/CN7rEobhhze/,"Um dos motivos da minha profissão estar crescendo muito no mercado é porque TODO MUNDO PRECISA! 🚀 Todas as empresas necessitam de posicionamento correto nas redes sociais e além disso, de estratégias online que vendem!! Aqui vão algumas habilidades que temos e ajudam marcas e transformarem sua jornada no digital! Quer uma análise de perfil gratuita? Me chama no direct! 🚀 #gestorderedessociais #socialmedia #instagram #marketingdigital",1619017543,5406,278,10.532999992370605,clips,https://scontent-poa1-1.cdninstagram.com/o1/v/t2/f2/m86/AQOXsUUiE0Dc2WL6wH2gWvyPuRvsSC8ZhBpB5covm-WhMZ7WpS1LY3jn3bK2LUWgQVD7konb7O5Q6Q-42xe64NTWqJr2ftv8-VTeERk.mp4?_nc_cat=109&_nc_sid=5e9851&_nc_ht=scontent-poa1-1.cdninstagram.com&_nc_ohc=9uMNGQMTkEEQ7kNvwHkHW31&efg=eyJ2ZW5jb2RlX3RhZyI6Inhwdl9wcm9ncmVzc2l2ZS5JTlNUQUdSQU0uQ0xJUFMuQzMuNzIwLmRhc2hfYmFzZWxpbmVfMV92MSIsInhwdl9hc3NldF9pZCI6MjMxNzQ3MDE3ODU5NTUwOCwiYXNzZXRfYWdlX2RheXMiOjE5MDUsInZpX3VzZWNhc2VfaWQiOjEwMTAxLCJkdXJhdGlvbl9zIjoxMCwid2F0Y2hfdGltZV9zIjo0NSwidXJsZ2VuX3NvdXJjZSI6Ind3dyJ9&ccb=17-1&vs=a4d9a3d3e343f07c&_nc_vs=HBksFQIYUmlnX3hwdl9yZWVsc19wZXJtYW5lbnRfc3JfcHJvZC9DRjRBRThGQkU3OEJFM0VBQzdFQzg0OEQ2MzkzMzVCOF92aWRlb19kYXNoaW5pdC5tcDQVAALIARIAFQIYOnBhc3N0aHJvdWdoX2V2ZXJzdG9yZS9HQzRfYlJ0R1NFUmhYQ1lLQUUwbWRRMzc3TE5vYnBrd0FBQUYVAgLIARIAKAAYABsCiAd1c2Vfb2lsATEScHJvZ3Jlc3NpdmVfcmVjaXBlATEVAAAm6MqurMLunQgVAigCQzMsF0AlEOVgQYk3GBJkYXNoX2Jhc2VsaW5lXzFfdjERAHX-B2XqnQEA&_nc_gid=9OXvjNwedIJ3ajlbQf44PQ&_nc_ss=7a22e&_nc_zt=28&oh=00_AQBwjU_Qm5Nitgmz68IiXUp8NaOU2u9bha_ibTX9AB88HA&oe=6A51CF1A
CN5HsBlBEWh,https://www.instagram.com/reel/CN5HsBlBEWh/,Me ajuda a te ajudaaarr 😩 #gestorderedessociais #socialmedia #instagram #reels,1618932008,4730,242,14.600000381469727,clips,https://scontent-poa1-1.cdninstagram.com/o1/v/t2/f2/m86/AQOeeIWeRRrRzWgjAGXJOy7KYLk3TZOTP-N7L7sIGPpHyEcrii2YyU__nfgyX7WBb1sWUNzprROuCP1L-jvGkcscQ5ZZLjoPvxaT6uA.mp4?_nc_cat=111&_nc_sid=5e9851&_nc_ht=scontent-poa1-1.cdninstagram.com&_nc_ohc=0Cnlzk4je1IQ7kNvwGGPx-D&efg=eyJ2ZW5jb2RlX3RhZyI6Inhwdl9wcm9ncmVzc2l2ZS5JTlNUQUdSQU0uQ0xJUFMuQzMuNzIwLmRhc2hfYmFzZWxpbmVfMV92MSIsInhwdl9hc3NldF9pZCI6MTAyNjUxODU2MjM0ODY0MSwiYXNzZXRfYWdlX2RheXMiOjE5MDYsInZpX3VzZWNhc2VfaWQiOjEwMTAxLCJkdXJhdGlvbl9zIjoxNCwid2F0Y2hfdGltZV9zIjo2NywidXJsZ2VuX3NvdXJjZSI6Ind3dyJ9&ccb=17-1&vs=efebc77d99602b0f&_nc_vs=HBksFQIYUmlnX3hwdl9yZWVsc19wZXJtYW5lbnRfc3JfcHJvZC80NTQxOThGNDAxNTlFM0UyOThCRTZBQzgyQkMzQkM4OV92aWRlb19kYXNoaW5pdC5tcDQVAALIARIAFQIYOnBhc3N0aHJvdWdoX2V2ZXJzdG9yZS9HQ1I1WlJ1M1BpeGpmc2tDQVBoOW10VkI5aTFfYnBrd0FBQUYVAgLIARIAKAAYABsCiAd1c2Vfb2lsATEScHJvZ3Jlc3NpdmVfcmVjaXBlATEVAAAmwvmcpJ_n0gMVAigCQzMsF0AtMzMzMzMzGBJkYXNoX2Jhc2VsaW5lXzFfdjERAHX-B2XqnQEA&_nc_gid=9OXvjNwedIJ3ajlbQf44PQ&_nc_ss=7a22e&_nc_zt=28&oh=00_AQDgKnXr3vxjxuTjALyFHdNTeRIjvCDYndwVWp6iOGdzwg&oe=6A51CE40
CN2h0cyBHxq,https://www.instagram.com/reel/CN2h0cyBHxq/,"Você é o criador da própria realidade, bebê! ✨ Vai fazer o que com isso? #leideatracao #realidade #poder",1618845025,7688,370,10.79699993133545,clips,https://scontent-poa1-1.cdninstagram.com/o1/v/t2/f2/m86/AQOfmMUPkzRbUp5aEWmzrHRvN0X9KYOtvj78pZTgmqmSN2BdDRAEXkcNiIFes464SQHdVTqwaXVmkFwNeAecZD6zGJC0nGUqPyx__ZE.mp4?_nc_cat=102&_nc_sid=5e9851&_nc_ht=scontent-poa1-1.cdninstagram.com&_nc_ohc=Epv6HqVphrwQ7kNvwFn1mAX&efg=eyJ2ZW5jb2RlX3RhZyI6Inhwdl9wcm9ncmVzc2l2ZS5JTlNUQUdSQU0uQ0xJUFMuQzMuNzIwLmRhc2hfYmFzZWxpbmVfMV92MSIsInhwdl9hc3NldF9pZCI6MTU4NjAyMjE0MTk0OTQyOCwiYXNzZXRfYWdlX2RheXMiOjE5MDcsInZpX3VzZWNhc2VfaWQiOjEwMTAxLCJkdXJhdGlvbl9zIjoxMCwid2F0Y2hfdGltZV9zIjo1MiwidXJsZ2VuX3NvdXJjZSI6Ind3dyJ9&ccb=17-1&vs=b29b2ca23043b5e8&_nc_vs=HBksFQIYUmlnX3hwdl9yZWVsc19wZXJtYW5lbnRfc3JfcHJvZC9BRTQwQTUyMjBFMjYxQjA3RjM0M0Y1RTQyMTNDRUI5OV92aWRlb19kYXNoaW5pdC5tcDQVAALIARIAFQIYOnBhc3N0aHJvdWdoX2V2ZXJzdG9yZS9HTFN3V2h1WXVkVGxDWEFFQUNoejc2MG9HRkotYnBrd0FBQUYVAgLIARIAKAAYABsCiAd1c2Vfb2lsATEScHJvZ3Jlc3NpdmVfcmVjaXBlATEVAAAm6NeD5tGe0QUVAigCQzMsF0AliDEm6XjVGBJkYXNoX2Jhc2VsaW5lXzFfdjERAHX-B2XqnQEA&_nc_gid=9OXvjNwedIJ3ajlbQf44PQ&_nc_ss=7a22e&_nc_zt=28&oh=00_AQAz9JzZdUWLQFYaF7PobIXrUaGmbAoQVi04Xh4Z9dzkhQ&oe=6A51DD37
CNsVZThhdMU,https://www.instagram.com/reel/CNsVZThhdMU/,"Sem desculpinhaaa 🗣 Aqui estão 4 ideias de seguimentos pra você gravar seus reels e ampliar o alcance do seu perfil! Dicas/ Listas: 4 ideias para seus reels hihi, 5 maneiras de usar o mesmo vestido, 3 penteados com canelo preso... Passo a passo: Como fazer macarrão ao molho branco, Maquiagem para noite... Identificação: Conte histórias, como reflexões, sobre autoestima, sobre superação, desafios... Entretenimento: As famosas danças não podem ser ignoradas, já que é indiscutível que elas entretém e a grande maioria das pessoas amam! Humor também é uma forma para entreter. Espero ter te ajudado ❤️",1618502841,4190,182,10.982000350952148,clips,https://scontent-poa1-1.cdninstagram.com/o1/v/t2/f2/m86/AQOh87LWuTF9FCRSu1gdTXVaz1omSbYkr9CQEG31sQkAFmPsP_JJnF72L6-Wo6e2XWr8-olM5_rAfjfxdgAzpGLv1Hyk5VvMnGajVhc.mp4?_nc_cat=104&_nc_sid=5e9851&_nc_ht=scontent-poa1-1.cdninstagram.com&_nc_ohc=t44t0og5RQkQ7kNvwEe59q_&efg=eyJ2ZW5jb2RlX3RhZyI6Inhwdl9wcm9ncmVzc2l2ZS5JTlNUQUdSQU0uQ0xJUFMuQzMuNzIwLmRhc2hfYmFzZWxpbmVfMV92MSIsInhwdl9hc3NldF9pZCI6MjQ0NTU0NTQ1MjMyMTUwNSwiYXNzZXRfYWdlX2RheXMiOjE5MTEsInZpX3VzZWNhc2VfaWQiOjEwMTAxLCJkdXJhdGlvbl9zIjoxMCwid2F0Y2hfdGltZV9zIjoxMDUsInVybGdlbl9zb3VyY2UiOiJ3d3cifQ%3D%3D&ccb=17-1&vs=7729fde6fc50edec&_nc_vs=HBksFQIYUmlnX3hwdl9yZWVsc19wZXJtYW5lbnRfc3JfcHJvZC9CQjQ4NEQwRDRCRTMzQThGQ0M2NzFGMDZEREFDRDg5Ml92aWRlb19kYXNoaW5pdC5tcDQVAALIARIAFQIYOnBhc3N0aHJvdWdoX2V2ZXJzdG9yZS9HQ09kV2hzR2lHbEZ0MWtCQU1TQ09YM1VTR2NPYnBrd0FBQUYVAgLIARIAKAAYABsCiAd1c2Vfb2lsATEScHJvZ3Jlc3NpdmVfcmVjaXBlATEVAAAmwuu9v72N2AgVAigCQzMsF0Al7peNT987GBJkYXNoX2Jhc2VsaW5lXzFfdjERAHX-B2XqnQEA&_nc_gid=9OXvjNwedIJ3ajlbQf44PQ&_nc_ss=7a22e&_nc_zt=28&oh=00_AQB8ezPhwjcm8nAUcJvKL2XLzLDu2GeUsnHajmqGFVoUcw&oe=6A51EED9
CNqUFdABxa0,https://www.instagram.com/reel/CNqUFdABxa0/,"Com quem você aprendeu a ser assim, filho? 🤭🌚 #reels #fofoca #gatos",1618435038,2538,91,5.548999786376953,clips,https://scontent-poa1-1.cdninstagram.com/o1/v/t2/f2/m86/AQNyt43srQOzWYgyx7V6-cMbb7WX63tglu3QWmcjJN2GBBLv6i6N3NT6vqNgUlEat287HmCvQ76-YVhte554E2YvJOUSeGtbKKlQbjY.mp4?_nc_cat=107&_nc_sid=5e9851&_nc_ht=scontent-poa1-1.cdninstagram.com&_nc_ohc=8unN1hZOvvIQ7kNvwHWSn2J&efg=eyJ2ZW5jb2RlX3RhZyI6Inhwdl9wcm9ncmVzc2l2ZS5JTlNUQUdSQU0uQ0xJUFMuQzMuNzIwLmRhc2hfYmFzZWxpbmVfMV92MSIsInhwdl9hc3NldF9pZCI6OTkzNjg2ODQ5MTc5OTM2LCJhc3NldF9hZ2VfZGF5cyI6MTkxMSwidmlfdXNlY2FzZV9pZCI6MTAxMDEsImR1cmF0aW9uX3MiOjUsIndhdGNoX3RpbWVfcyI6MTUsInVybGdlbl9zb3VyY2UiOiJ3d3cifQ%3D%3D&ccb=17-1&vs=eda5142cfe02f83c&_nc_vs=HBksFQIYUmlnX3hwdl9yZWVsc19wZXJtYW5lbnRfc3JfcHJvZC81MjQwNzkzODZCOEU4NkQ1MkUyODZBMUIxNzYwNTY4MV92aWRlb19kYXNoaW5pdC5tcDQVAALIARIAFQIYOnBhc3N0aHJvdWdoX2V2ZXJzdG9yZS9HRmZEZUJzZ0Q1elpjWndGQUpjVnJhZzk5SVJYYnBrd0FBQUYVAgLIARIAKAAYABsCiAd1c2Vfb2lsATEScHJvZ3Jlc3NpdmVfcmVjaXBlATEVAAAmwMTO-pfwwwMVAigCQzMsF0AWIcrAgxJvGBJkYXNoX2Jhc2VsaW5lXzFfdjERAHX-B2XqnQEA&_nc_gid=9OXvjNwedIJ3ajlbQf44PQ&_nc_ss=7a22e&_nc_zt=28&oh=00_AQAW9bVG8ZIYmYW1HjxCUFM8oAkT2cuMYLvKo1wwedKraw&oe=6A51EE14
CNnFBzjhHOp,https://www.instagram.com/reel/CNnFBzjhHOp/,Vai ter vídeo por aqui depois de muuuuito tempo e eu não poderia estar mais empolgada!!! Cês vão pirar 🖤🤯 Hoje foi só um spoiler hihi @by.action como eu tava com saudade de gravar com ele 🤍 #reels #fashion #film #fashionfilm,1618326486,4373,320,15.5,clips,https://scontent-poa1-1.cdninstagram.com/o1/v/t2/f2/m86/AQMUOU6ueK61cmfMYJmRVgs6AMuZ4tTQIQllZ2ySJ5GBQmStmtGveyvoDnByFeqpOcZZX6wkdyXhDdYIbByGoMeKvkTqkUQVcA1ljvY.mp4?_nc_cat=101&_nc_sid=5e9851&_nc_ht=scontent-poa1-1.cdninstagram.com&_nc_ohc=aIik5AEEUMoQ7kNvwE5dH5Z&efg=eyJ2ZW5jb2RlX3RhZyI6Inhwdl9wcm9ncmVzc2l2ZS5JTlNUQUdSQU0uQ0xJUFMuQzMuNzIwLmRhc2hfYmFzZWxpbmVfMV92MSIsInhwdl9hc3NldF9pZCI6MTI0NTc4NzE0Mjk5MjY3MCwiYXNzZXRfYWdlX2RheXMiOjE5MTMsInZpX3VzZWNhc2VfaWQiOjEwMTAxLCJkdXJhdGlvbl9zIjoxNSwid2F0Y2hfdGltZV9zIjo0NSwidXJsZ2VuX3NvdXJjZSI6Ind3dyJ9&ccb=17-1&vs=16eb91bc20b50720&_nc_vs=HBksFQIYUmlnX3hwdl9yZWVsc19wZXJtYW5lbnRfc3JfcHJvZC9EQzQxNDcyQ0E5N0VEQTMyRjczMUE1MUZBMUIyOEU5RV92aWRlb19kYXNoaW5pdC5tcDQVAALIARIAFQIYOnBhc3N0aHJvdWdoX2V2ZXJzdG9yZS9HTTkxWmh1cXRfR0E3NjBEQUFPR0FHWkl2d05xYnBrd0FBQUYVAgLIARIAKAAYABsCiAd1c2Vfb2lsATEScHJvZ3Jlc3NpdmVfcmVjaXBlATEVAAAmvMz9wa3CtgQVAigCQzMsF0AvAAAAAAAAGBJkYXNoX2Jhc2VsaW5lXzFfdjERAHX-B2XqnQEA&_nc_gid=9OXvjNwedIJ3ajlbQf44PQ&_nc_ss=7a22e&_nc_zt=28&oh=00_AQCQGgJqVq5GNYOgaVOkVyf2aek7FPQ_WT1xi_4yDp2KRw&oe=6A51C62E
CNTFKOhhebu,https://www.instagram.com/reel/CNTFKOhhebu/,"Não é mágica, é planejamento! O dever de casa é fazer um cronograma de postagem semanal pro seu perfil! 🤍 Preparem TUDO pra uma semana: ideia dos posts, imagem (foto, arte, reels...) e legenda também! Descubram qua esse mundo (nada mágico) da constância é real! #socialmedia #estrategistadigital",1617655466,3564,177,8.843000411987305,clips,https://scontent-poa1-1.cdninstagram.com/o1/v/t2/f2/m86/AQNW9nocm8zDjZCBegyLcgPsTaPAwXExV5guJEtoc94xfmOLKZtEeIX1GhKYEmD9QVARwhLtE_FPnrCu8wUeCZUAa-MoDzm2qyhkoDQ.mp4?_nc_cat=109&_nc_sid=5e9851&_nc_ht=scontent-poa1-1.cdninstagram.com&_nc_ohc=LJi8bup0g70Q7kNvwGqb7i4&efg=eyJ2ZW5jb2RlX3RhZyI6Inhwdl9wcm9ncmVzc2l2ZS5JTlNUQUdSQU0uQ0xJUFMuQzMuNzIwLmRhc2hfYmFzZWxpbmVfMV92MSIsInhwdl9hc3NldF9pZCI6NDYzNDU2NTY4MTA2MTM1LCJhc3NldF9hZ2VfZGF5cyI6MTkyMCwidmlfdXNlY2FzZV9pZCI6MTAwOTksImR1cmF0aW9uX3MiOjgsIndhdGNoX3RpbWVfcyI6MzUsInVybGdlbl9zb3VyY2UiOiJ3d3cifQ%3D%3D&ccb=17-1&vs=bb92b0afdebc8b30&_nc_vs=HBksFQIYUmlnX3hwdl9yZWVsc19wZXJtYW5lbnRfc3JfcHJvZC9DMTQzOTk2MDExQzVCRDJERThGNjI1NUNDNTE1ODg4MV92aWRlb19kYXNoaW5pdC5tcDQVAALIARIAFQIYOnBhc3N0aHJvdWdoX2V2ZXJzdG9yZS9HQzM1N1FrVkFoVEdOZmtEQUlWdXFUaV9iOUZlYnFfRUFBQUYVAgLIARIAKAAYABsCiAd1c2Vfb2lsATEScHJvZ3Jlc3NpdmVfcmVjaXBlATEVAAAmrvLiwdzg0gEVAigCQzMsF0Ahqn752yLRGBJkYXNoX2Jhc2VsaW5lXzFfdjERAHX-B2XmnQEA&_nc_gid=9OXvjNwedIJ3ajlbQf44PQ&_nc_ss=7a22e&_nc_zt=28&oh=00_AQCrxOJJrOIEBBkLWXwD5dOTMIykcvQ6rDYSMRr2ihoCXQ&oe=6A51C656
CNQXmY2BKFR,https://www.instagram.com/reel/CNQXmY2BKFR/,"A melhor escolha da minha vida! Ter consciência não tem preço. 🤍 Não é só questão de salvar vidas de animais, sabiam? Escolher não comer carne é ter consciência que o mundo não aguenta mais tanta ignorância humana e se colocar como um agente de mudança! Por você mesmo(a) ✨ Pelo planeta 🌎 Pelos animais 🐷 #govegan #peloplaneta #animaissaoamigosnaocomida #consciencia",1617564474,7658,313,20.100000381469727,clips,https://scontent-poa1-1.cdninstagram.com/o1/v/t2/f2/m86/AQMw4q-z48r-Q2tgrioCd9s9xcX_3cEtc1bg5YqV94M5r2cjc5T4uaaZHr73ik4wLT57fh3EI7TYdqWZlHszKkHZ6ohW9Q1WbcnlUGo.mp4?_nc_cat=109&_nc_sid=5e9851&_nc_ht=scontent-poa1-1.cdninstagram.com&_nc_ohc=VBk4CjWiTKUQ7kNvwGrHCHp&efg=eyJ2ZW5jb2RlX3RhZyI6Inhwdl9wcm9ncmVzc2l2ZS5JTlNUQUdSQU0uQ0xJUFMuQzMuNzIwLmRhc2hfYmFzZWxpbmVfMV92MSIsInhwdl9hc3NldF9pZCI6MjgzNDkwNjEwMDMwMzMxLCJhc3NldF9hZ2VfZGF5cyI6MTkyMiwidmlfdXNlY2FzZV9pZCI6MTAwOTksImR1cmF0aW9uX3MiOjIwLCJ3YXRjaF90aW1lX3MiOjU0LCJ1cmxnZW5fc291cmNlIjoid3d3In0%3D&ccb=17-1&vs=aa856a2c7a26b1e2&_nc_vs=HBksFQIYUmlnX3hwdl9yZWVsc19wZXJtYW5lbnRfc3JfcHJvZC9CRjRGMEIxMzVDQjkwRTE1MEQzRkU5MjY1RkMzQUZCMV92aWRlb19kYXNoaW5pdC5tcDQVAALIARIAFQIYOnBhc3N0aHJvdWdoX2V2ZXJzdG9yZS9HTU05RVFydFpQRU1ZcElHQUdXcjJjSk5ZeHMxYnFfRUFBQUYVAgLIARIAKAAYABsCiAd1c2Vfb2lsATEScHJvZ3Jlc3NpdmVfcmVjaXBlATEVAAAm9pvd0an1gAEVAigCQzMsF0A0GZmZmZmaGBJkYXNoX2Jhc2VsaW5lXzFfdjERAHX-B2XmnQEA&_nc_gid=9OXvjNwedIJ3ajlbQf44PQ&_nc_ss=7a22e&_nc_zt=28&oh=00_AQCk9FG6SKo6ZGcUrWcCm4KSiImHt3Lcqu_udQBB85IUeg&oe=6A51BDF6
CNIOzdKh-vq,https://www.instagram.com/reel/CNIOzdKh-vq/,Publicidade na prática você encontra por aqui! 😂⚡️ #socialmedia #estrategiasdemarketing #marketingdigital #estrategistadigital,1617291420,5195,354,7.0329999923706055,clips,https://scontent-poa1-1.cdninstagram.com/o1/v/t2/f2/m86/AQPoSJ5jarsJsk9BYk-19cVP5kXaikSumB2FL3SJr5N8OGqpOqK12obB9iQjczp5bxC3Rhxs-WgO4MHUqsmEuuEot3gfYK-dYzjG5Cc.mp4?_nc_cat=109&_nc_sid=5e9851&_nc_ht=scontent-poa1-1.cdninstagram.com&_nc_ohc=VlUh3r92i_cQ7kNvwEFYkiK&efg=eyJ2ZW5jb2RlX3RhZyI6Inhwdl9wcm9ncmVzc2l2ZS5JTlNUQUdSQU0uQ0xJUFMuQzMuNzIwLmRhc2hfYmFzZWxpbmVfMV92MSIsInhwdl9hc3NldF9pZCI6MzA3MzgxNTQ0MTM4NDYyLCJhc3NldF9hZ2VfZGF5cyI6MTkyNSwidmlfdXNlY2FzZV9pZCI6MTAwOTksImR1cmF0aW9uX3MiOjcsIndhdGNoX3RpbWVfcyI6MzMsInVybGdlbl9zb3VyY2UiOiJ3d3cifQ%3D%3D&ccb=17-1&vs=55bf94e031660270&_nc_vs=HBksFQIYUmlnX3hwdl9yZWVsc19wZXJtYW5lbnRfc3JfcHJvZC9CNzQ3MDI0QjM0Q0IyM0EyMUYyQkVEODZENzg0QTlBQ192aWRlb19kYXNoaW5pdC5tcDQVAALIARIAFQIYOnBhc3N0aHJvdWdoX2V2ZXJzdG9yZS9HQTBxN3dsM0NET2xKTEFCQUZzMjZIWV9fXzlvYnFfRUFBQUYVAgLIARIAKAAYABsCiAd1c2Vfb2lsATEScHJvZ3Jlc3NpdmVfcmVjaXBlATEVAAAmvNv9-_rjiwEVAigCQzMsF0AcIcrAgxJvGBJkYXNoX2Jhc2VsaW5lXzFfdjERAHX-B2XmnQEA&_nc_gid=9OXvjNwedIJ3ajlbQf44PQ&_nc_ss=7a22e&_nc_zt=28&oh=00_AQD5P27vPIs49JLNKFqryrT4-Lq9-0uYeCfRJokI74qu2Q&oe=6A51C83E
CNFlNn_BdYa,https://www.instagram.com/reel/CNFlNn_BdYa/,"10 metas de um PERFIL NOTA 10! ⚡️ Seu insta precisa não só estar organizado aparentemente, mas principalmente agregar valor e ser sempre estratégico com o conteúdo! Quais das 10 metas você já aplica no seu perfil? Qual tem mais dificuldade? 🤔 #socialmedia #gerenciamentoderedessociais #estrategiasdemarketing #dicasinstagram",1617202514,3329,152,15.020000457763672,clips,https://scontent-poa1-1.cdninstagram.com/o1/v/t2/f2/m86/AQOfoqZ51hh7EcmDjXpC-Uvcyo_n-uHp4vuUYOZ_xq5iB47HU-o8Did_moruJO4wn1xeg1LIPdD-F0vjf-K9wKw2SgUZ80dRw_VBcow.mp4?_nc_cat=101&_nc_sid=5e9851&_nc_ht=scontent-poa1-1.cdninstagram.com&_nc_ohc=yoYRvtU-XVkQ7kNvwFzTK9E&efg=eyJ2ZW5jb2RlX3RhZyI6Inhwdl9wcm9ncmVzc2l2ZS5JTlNUQUdSQU0uQ0xJUFMuQzMuNzIwLmRhc2hfYmFzZWxpbmVfMV92MSIsInhwdl9hc3NldF9pZCI6NDQ2NTY4OTc5OTYzMDIzLCJhc3NldF9hZ2VfZGF5cyI6MTkyNiwidmlfdXNlY2FzZV9pZCI6MTAwOTksImR1cmF0aW9uX3MiOjE1LCJ3YXRjaF90aW1lX3MiOjc3LCJ1cmxnZW5fc291cmNlIjoid3d3In0%3D&ccb=17-1&vs=3a2a35868cc7ccda&_nc_vs=HBksFQIYUmlnX3hwdl9yZWVsc19wZXJtYW5lbnRfc3JfcHJvZC9GQTQ5RDYwN0VBRUU1QzMyMEM0NDVCN0Q3QTFENjBCOV92aWRlb19kYXNoaW5pdC5tcDQVAALIARIAFQIYOnBhc3N0aHJvdWdoX2V2ZXJzdG9yZS9HR0EwOVFuZ3kwb0pXZEFCQUEtZjR3UHV6RFFrYnFfRUFBQUYVAgLIARIAKAAYABsCiAd1c2Vfb2lsATEScHJvZ3Jlc3NpdmVfcmVjaXBlATEVAAAmnvLYlt6JywEVAigCQzMsF0AuAAAAAAAAGBJkYXNoX2Jhc2VsaW5lXzFfdjERAHX-B2XmnQEA&_nc_gid=9OXvjNwedIJ3ajlbQf44PQ&_nc_ss=7a22e&_nc_zt=28&oh=00_AQDnUVoMvC1qyb1PZsBJDRMq7gOcDn0o263QpC72gYYQKw&oe=6A51C592
CNDAK0uhIFR,https://www.instagram.com/reel/CNDAK0uhIFR/,Consigo fazer uma parte 2 se vocês quiserem! Tem muuuuito mais dicas!! ⚡️ #socialmedia #gerenciamentoderedessociais #estrategistadigital #hacks #dicasparainstagram,1617115982,3444,239,17.71299934387207,clips,https://scontent-poa1-1.cdninstagram.com/o1/v/t2/f2/m86/AQPfljrA5svr_b65EaCnv5qeS1_7PlPBb_qrXanS_dYkNNpa5nE5zLDwfqvTR0wKt12Sgjuxt7KhoIiPkbQAIxfSWyg-CdG-yWLa_iM.mp4?_nc_cat=100&_nc_sid=5e9851&_nc_ht=scontent-poa1-1.cdninstagram.com&_nc_ohc=H6TMoZwzKPwQ7kNvwHNVGKH&efg=eyJ2ZW5jb2RlX3RhZyI6Inhwdl9wcm9ncmVzc2l2ZS5JTlNUQUdSQU0uQ0xJUFMuQzMuNzIwLmRhc2hfYmFzZWxpbmVfMV92MSIsInhwdl9hc3NldF9pZCI6Mzc5Njc1MTEzMDM3MTU1NSwiYXNzZXRfYWdlX2RheXMiOjE5MjcsInZpX3VzZWNhc2VfaWQiOjEwMDk5LCJkdXJhdGlvbl9zIjoxNywid2F0Y2hfdGltZV9zIjo4MywidXJsZ2VuX3NvdXJjZSI6Ind3dyJ9&ccb=17-1&vs=b80d3ec0e9b6e84&_nc_vs=HBksFQIYUmlnX3hwdl9yZWVsc19wZXJtYW5lbnRfc3JfcHJvZC81MTQ3MEZBNDM4RkM3OEE5MzVBOUQyREM0OTBCOTQ5Nl92aWRlb19kYXNoaW5pdC5tcDQVAALIARIAFQIYOnBhc3N0aHJvdWdoX2V2ZXJzdG9yZS9HS0JDNlFueFV3a0h6SkFLQURyQnFSWWtBVnNBYnFfRUFBQUYVAgLIARIAKAAYABsCiAd1c2Vfb2lsATEScHJvZ3Jlc3NpdmVfcmVjaXBlATEVAAAmxpfppoDIvg0VAigCQzMsF0AxszMzMzMzGBJkYXNoX2Jhc2VsaW5lXzFfdjERAHX-B2XmnQEA&_nc_gid=9OXvjNwedIJ3ajlbQf44PQ&_nc_ss=7a22e&_nc_zt=28&oh=00_AQBgjIb-Riv-sG_UDIL2b3r32amOFz5uGvZN86pBxZtmiw&oe=6A51BD89
CNAZHIYHe5U,https://www.instagram.com/reel/CNAZHIYHe5U/,"É difícil dizer, mas vale a pena! ⚡️ #açõesextraordinárias #resultadosextraordinarios",1617028396,4329,183,16.732999801635742,clips,https://scontent-poa1-1.cdninstagram.com/o1/v/t2/f2/m86/AQNGKP5JbIcj7G9flBX0DfBTyxuEjqmKd4FS-uM--bTZsz7WzNeBhV0mVCKXYV4bWQvXAVw0uj1GDFZQwmFfI9fjHWnF2cScoc35sek.mp4?_nc_cat=109&_nc_sid=5e9851&_nc_ht=scontent-poa1-1.cdninstagram.com&_nc_ohc=-hBXvNB0eB8Q7kNvwFEcPOQ&efg=eyJ2ZW5jb2RlX3RhZyI6Inhwdl9wcm9ncmVzc2l2ZS5JTlNUQUdSQU0uQ0xJUFMuQzMuNzIwLmRhc2hfYmFzZWxpbmVfMV92MSIsInhwdl9hc3NldF9pZCI6MTk1MTE2Mjc4NzgxMTUxLCJhc3NldF9hZ2VfZGF5cyI6MTkyOCwidmlfdXNlY2FzZV9pZCI6MTAwOTksImR1cmF0aW9uX3MiOjE2LCJ3YXRjaF90aW1lX3MiOjU0LCJ1cmxnZW5fc291cmNlIjoid3d3In0%3D&ccb=17-1&vs=47c69cd1736c0127&_nc_vs=HBksFQIYUmlnX3hwdl9yZWVsc19wZXJtYW5lbnRfc3JfcHJvZC8zNzQxMjcxM0UwODkwM0QxRUJERkY0NUE3RDlFNDhCOF92aWRlb19kYXNoaW5pdC5tcDQVAALIARIAFQIYOnBhc3N0aHJvdWdoX2V2ZXJzdG9yZS9HRVJBOFFuaXBwN3VBekFLQU8tOXBQNG9OcjRDYnFfRUFBQUYVAgLIARIAKAAYABsCiAd1c2Vfb2lsATEScHJvZ3Jlc3NpdmVfcmVjaXBlATEVAAAmvtPkx6HdWBUCKAJDMywXQDC7peNT988YEmRhc2hfYmFzZWxpbmVfMV92MREAdf4HZeadAQA&_nc_gid=9OXvjNwedIJ3ajlbQf44PQ&_nc_ss=7a22e&_nc_zt=28&oh=00_AQB_Vyhyegy1bOdQiKZCPFOzg1dOC3fSmXC6lsN7M2TSxw&oe=6A51F336
CMxltg4BNkk,https://www.instagram.com/reel/CMxltg4BNkk/,Vou precisar desenhar guria??? 🖤 #reels #girlssupportgirls #juntassomosmaisfortes,1616531686,3410,169,15.032999992370605,clips,https://scontent-poa1-1.cdninstagram.com/o1/v/t2/f2/m86/AQMiPuH7-r7QIG83mFS7DDXqRBDmlVbM4sYwOLYaG4ewuKYNLKTJ3PuBmSRJosQrasbaZfw1_Go20fMBMve-g6DSsD5THaQ8QHuOJI0.mp4?_nc_cat=100&_nc_sid=5e9851&_nc_ht=scontent-poa1-1.cdninstagram.com&_nc_ohc=AIM0qMzO3tcQ7kNvwHLlHc8&efg=eyJ2ZW5jb2RlX3RhZyI6Inhwdl9wcm9ncmVzc2l2ZS5JTlNUQUdSQU0uQ0xJUFMuQzMuNzIwLmRhc2hfYmFzZWxpbmVfMV92MSIsInhwdl9hc3NldF9pZCI6NjUzNDYyNjMyMDgwNjY3LCJhc3NldF9hZ2VfZGF5cyI6MTkzMywidmlfdXNlY2FzZV9pZCI6MTAwOTksImR1cmF0aW9uX3MiOjE1LCJ1cmxnZW5fc291cmNlIjoid3d3In0%3D&ccb=17-1&vs=1afd7855f2aa2370&_nc_vs=HBksFQIYUmlnX3hwdl9yZWVsc19wZXJtYW5lbnRfc3JfcHJvZC8yOTRCODgyQ0YwM0U5QTdEQkU5N0UzNkEwRTY3NDVCMV92aWRlb19kYXNoaW5pdC5tcDQVAALIARIAFQIYOnBhc3N0aHJvdWdoX2V2ZXJzdG9yZS9HTFNxdHdsMTFJbGQxckFBQUU4WXAtdDRRZG9zYnFfRUFBQUYVAgLIARIAKAAYABsCiAd1c2Vfb2lsATEScHJvZ3Jlc3NpdmVfcmVjaXBlATEVAAAmtpT5gMSUqQIVAigCQzMsF0AuEOVgQYk3GBJkYXNoX2Jhc2VsaW5lXzFfdjERAHX-B2XmnQEA&_nc_gid=i6WeA14g4qxdP1P964mgKw&_nc_ss=7a22e&_nc_zt=28&oh=00_AQBQuZejzsTKf2kQtBJ-eWa_wkbvoFDgdGS48QLurkBn8Q&oe=6A51C401
CMvCvbch8mI,https://www.instagram.com/reel/CMvCvbch8mI/,"Existe um muuundo por trás da criação de conteúdo que a maioria das pessoas nem imaginam! Cada um desses passos são essenciais para que um perfil possa ser mais assertivo e assim crescer seus resultados, e quando finalizados, começa de novo! 🚀 É um ciclo que começa e termina no ESTUDO! Por isso até pra evoluir no Instagram você precisa ter uma relação de carinho com o ato de estudar que vai te acompanhar pra sempre! 🤓 #reels #socialmedia #criacaodeconteudo #marketingdigital",1616446236,4188,181,10.432999610900879,clips,https://scontent-poa1-1.cdninstagram.com/o1/v/t2/f2/m86/AQPWDHorsluueKDcQA-a2TiM4F0Tk4cmQehDsA4sN0Wcj7v1n_NfMrz4qwYWgiLIBr-8kkRqmNsSW2iHWfUZHhW3bYyzx53WyGRzls0.mp4?_nc_cat=109&_nc_sid=5e9851&_nc_ht=scontent-poa1-1.cdninstagram.com&_nc_ohc=mmXOGlLoNRsQ7kNvwGf4G_z&efg=eyJ2ZW5jb2RlX3RhZyI6Inhwdl9wcm9ncmVzc2l2ZS5JTlNUQUdSQU0uQ0xJUFMuQzMuNzIwLmRhc2hfYmFzZWxpbmVfMV92MSIsInhwdl9hc3NldF9pZCI6OTcwMjQ3NzQ2ODQzNTM1LCJhc3NldF9hZ2VfZGF5cyI6MTkzNCwidmlfdXNlY2FzZV9pZCI6MTAwOTksImR1cmF0aW9uX3MiOjEwLCJ1cmxnZW5fc291cmNlIjoid3d3In0%3D&ccb=17-1&vs=6491453df443fb17&_nc_vs=HBksFQIYUmlnX3hwdl9yZWVsc19wZXJtYW5lbnRfc3JfcHJvZC9BNTQ3QjI3NUFGMDM5MzY5OTdCNTZCOEM4Nzc1Njk5QV92aWRlb19kYXNoaW5pdC5tcDQVAALIARIAFQIYOnBhc3N0aHJvdWdoX2V2ZXJzdG9yZS9HSU4xeWdrRjg5dzdkZVFBQUFPU1p5VGtrdUFUYnFfRUFBQUYVAgLIARIAKAAYABsCiAd1c2Vfb2lsATEScHJvZ3Jlc3NpdmVfcmVjaXBlATEVAAAmns7bhO2buQMVAigCQzMsF0Ak3bItDlYEGBJkYXNoX2Jhc2VsaW5lXzFfdjERAHX-B2XmnQEA&_nc_gid=i6WeA14g4qxdP1P964mgKw&_nc_ss=7a22e&_nc_zt=28&oh=00_AQCTVd5teZC-TRCNOLXAljEu5SkU0LC5vfKHpy-hG5tOkA&oe=6A51D5D6
CMr0HVahSX2,https://www.instagram.com/reel/CMr0HVahSX2/,"Meninas os 2 de vocês já são suficientes também? 🤨 kkk Só pra descontrair hoje.. Mas sério, quem mais ama peito pequeno ai?! 🙋🏻‍♀️ Acho o próprio encanto 🖤 #reels #mulheresempoderadas",1616337906,23334,1029,11.600000381469727,clips,https://scontent-poa1-1.cdninstagram.com/o1/v/t2/f2/m86/AQNgdxjYV1GLlpjnO7xDSPWOgXsLf8cADAJ6jj7zcPaRFIFx5FZtpclRUYbWZawPcscFgscQlG6KouRQZQIhCkBjqQKxkkRPlwXzsus.mp4?_nc_cat=107&_nc_sid=5e9851&_nc_ht=scontent-poa1-1.cdninstagram.com&_nc_ohc=43UERKj8oVUQ7kNvwEqWK74&efg=eyJ2ZW5jb2RlX3RhZyI6Inhwdl9wcm9ncmVzc2l2ZS5JTlNUQUdSQU0uQ0xJUFMuQzMuNzIwLmRhc2hfYmFzZWxpbmVfMV92MSIsInhwdl9hc3NldF9pZCI6OTA3NDU1MTIwMDA0MzM3LCJhc3NldF9hZ2VfZGF5cyI6MTkzNiwidmlfdXNlY2FzZV9pZCI6MTAwOTksImR1cmF0aW9uX3MiOjExLCJ1cmxnZW5fc291cmNlIjoid3d3In0%3D&ccb=17-1&vs=840292fc39a022e&_nc_vs=HBksFQIYUmlnX3hwdl9yZWVsc19wZXJtYW5lbnRfc3JfcHJvZC8yODRFOUJENTRBMzlBNEUyMkQ5MTQwNEY3NjgwNjc5Nl92aWRlb19kYXNoaW5pdC5tcDQVAALIARIAFQIYOnBhc3N0aHJvdWdoX2V2ZXJzdG9yZS9HSzE5c2drMjd3M3Z5ZlVBQU94QjlkX0NYaVVIYnFfRUFBQUYVAgLIARIAKAAYABsCiAd1c2Vfb2lsATEScHJvZ3Jlc3NpdmVfcmVjaXBlATEVAAAm4tOewevUnAMVAigCQzMsF0AnMzMzMzMzGBJkYXNoX2Jhc2VsaW5lXzFfdjERAHX-B2XmnQEA&_nc_gid=i6WeA14g4qxdP1P964mgKw&_nc_ss=7a22e&_nc_zt=28&oh=00_AQD3n0Mft7kL4GGsg_HEqAVkbXP8Si4N1oGz3A0dgtnUzg&oe=6A51E38C
CMmrXh_BVRC,https://www.instagram.com/reel/CMmrXh_BVRC/,Em novembro você pode? 😅 #reels #agendacheia #emprendedora,1616165550,5431,240,7.833000183105469,clips,https://scontent-poa1-1.cdninstagram.com/o1/v/t2/f2/m86/AQNAsl3yjfA0DOhmoaonMylBVPxGhVkEpwXtPJh4ieMeiFYBvyxCr2fDoWA6Jn8F1-SGNl2dGHDGxFMujZP2C-qdzkxNcdR4TofWLj4.mp4?_nc_cat=106&_nc_sid=5e9851&_nc_ht=scontent-poa1-1.cdninstagram.com&_nc_ohc=1LiYz7zpbt0Q7kNvwG7DDRs&efg=eyJ2ZW5jb2RlX3RhZyI6Inhwdl9wcm9ncmVzc2l2ZS5JTlNUQUdSQU0uQ0xJUFMuQzMuNzIwLmRhc2hfYmFzZWxpbmVfMV92MSIsInhwdl9hc3NldF9pZCI6MTgxMTUyMjQxOTAwOTc0NSwiYXNzZXRfYWdlX2RheXMiOjE5MzgsInZpX3VzZWNhc2VfaWQiOjEwMDk5LCJkdXJhdGlvbl9zIjo3LCJ1cmxnZW5fc291cmNlIjoid3d3In0%3D&ccb=17-1&vs=e375ede737ad30b5&_nc_vs=HBksFQIYUmlnX3hwdl9yZWVsc19wZXJtYW5lbnRfc3JfcHJvZC9GOTQwRDExRTYzN0Q3QTY3QzZEMDVDRTkyNjE4MzJBMl92aWRlb19kYXNoaW5pdC5tcDQVAALIARIAFQIYOnBhc3N0aHJvdWdoX2V2ZXJzdG9yZS9HSDZucXdrU1ZXcENXODBGQUlZZHZMSjlGbWRMYnFfRUFBQUYVAgLIARIAKAAYABsCiAd1c2Vfb2lsATEScHJvZ3Jlc3NpdmVfcmVjaXBlATEVAAAmoqPN5L3ktwYVAigCQzMsF0AfVP3ztkWiGBJkYXNoX2Jhc2VsaW5lXzFfdjERAHX-B2XmnQEA&_nc_gid=i6WeA14g4qxdP1P964mgKw&_nc_ss=7a22e&_nc_zt=28&oh=00_AQCytZ-094oApLop3Zf_qtXlujudghhCcuzg2G-8Ud3v6g&oe=6A51C8DF
CMe8ZNvBXWi,https://www.instagram.com/reel/CMe8ZNvBXWi/,Não é fácil não! Mas desistir não deve ser uma opção 🖤 Vamos juntass #reels,1615906041,6624,428,15.032999992370605,clips,https://scontent-poa1-1.cdninstagram.com/o1/v/t2/f2/m86/AQMVNYO39GzxFiKBZ0RhjiB9EIM4UrE7OMdflhKe3V_4A1xYuvD2MidzczNHPgAGAFG9dwDa7kerQdXotsRZwHxdC4KtNFiOyHcWM7U.mp4?_nc_cat=111&_nc_sid=5e9851&_nc_ht=scontent-poa1-1.cdninstagram.com&_nc_ohc=M_65DWyqkwwQ7kNvwFuB-P_&efg=eyJ2ZW5jb2RlX3RhZyI6Inhwdl9wcm9ncmVzc2l2ZS5JTlNUQUdSQU0uQ0xJUFMuQzMuNzIwLmRhc2hfYmFzZWxpbmVfMV92MSIsInhwdl9hc3NldF9pZCI6NDQ5MTU3MDg5NjQ3NzQ0LCJhc3NldF9hZ2VfZGF5cyI6MTk0MSwidmlfdXNlY2FzZV9pZCI6MTAwOTksImR1cmF0aW9uX3MiOjE1LCJ1cmxnZW5fc291cmNlIjoid3d3In0%3D&ccb=17-1&vs=42e596e035b021b0&_nc_vs=HBksFQIYUmlnX3hwdl9yZWVsc19wZXJtYW5lbnRfc3JfcHJvZC8zQzRGMTkxNjVDODA2RUMzRDc0MjlDOEYxQTg2NTBCNF92aWRlb19kYXNoaW5pdC5tcDQVAALIARIAFQIYOnBhc3N0aHJvdWdoX2V2ZXJzdG9yZS9HREd3b0FtSXVRNDRZUVFEQUNlbV9MUUtSZ1ZrYnFfRUFBQUYVAgLIARIAKAAYABsCiAd1c2Vfb2lsATEScHJvZ3Jlc3NpdmVfcmVjaXBlATEVAAAmgPK2jLGgzAEVAigCQzMsF0AuEOVgQYk3GBJkYXNoX2Jhc2VsaW5lXzFfdjERAHX-B2XmnQEA&_nc_gid=i6WeA14g4qxdP1P964mgKw&_nc_ss=7a22e&_nc_zt=28&oh=00_AQBVibRV-8-u9mSghkefko6z3Zqgr0iYujP2SYbwl-4Upg&oe=6A51DE68
CMFU3szBuW0,https://www.instagram.com/reel/CMFU3szBuW0/,O importante é tentar 😂🤷🏻‍♀️ Só pra descontrair hoje kkk #reels #fail #bolhadesabao,1615046470,4227,247,27.979999542236328,clips,https://scontent-poa1-1.cdninstagram.com/o1/v/t2/f2/m86/AQN5QZF0F1vpdC7SpO9mCR7Bw0oWKlqUhV9bjaR-gPEb6SUOxBB0tOXE2kC0nkaZgRdlsKYIgtO-ZvUfbMSsw31enqAxMDcS782GPGc.mp4?_nc_cat=110&_nc_sid=5e9851&_nc_ht=scontent-poa1-1.cdninstagram.com&_nc_ohc=MPU2BcTZsKcQ7kNvwEECdoE&efg=eyJ2ZW5jb2RlX3RhZyI6Inhwdl9wcm9ncmVzc2l2ZS5JTlNUQUdSQU0uQ0xJUFMuQzMuNzIwLmRhc2hfYmFzZWxpbmVfMV92MSIsInhwdl9hc3NldF9pZCI6MTI1MDc0Nzg2Mjk1NzE3NywiYXNzZXRfYWdlX2RheXMiOjE5NTEsInZpX3VzZWNhc2VfaWQiOjEwMTAxLCJkdXJhdGlvbl9zIjoyNywidXJsZ2VuX3NvdXJjZSI6Ind3dyJ9&ccb=17-1&vs=641bffa562f9b925&_nc_vs=HBksFQIYUmlnX3hwdl9yZWVsc19wZXJtYW5lbnRfc3JfcHJvZC85MTRDQkQ2MkY0ODA2NzJCNTQxOTc1QjNENjNGNEFCMl92aWRlb19kYXNoaW5pdC5tcDQVAALIARIAFQIYOnBhc3N0aHJvdWdoX2V2ZXJzdG9yZS9HTjQyNkJyTnJDa3VWY3dCQUdiZGRUbFhUbG9IYnBrd0FBQUYVAgLIARIAKAAYABsCiAd1c2Vfb2lsATEScHJvZ3Jlc3NpdmVfcmVjaXBlATEVAAAm8vGZ4Y3juAQVAigCQzMsF0A77tkWhysCGBJkYXNoX2Jhc2VsaW5lXzFfdjERAHX-B2XqnQEA&_nc_gid=i6WeA14g4qxdP1P964mgKw&_nc_ss=7a22e&_nc_zt=28&oh=00_AQBEmN9YEManv0kmXo7Yrn0I3mJwl8_2BbzYebFWB2LPwA&oe=6A51E02F
CMAB1FZhgrQ,https://www.instagram.com/reel/CMAB1FZhgrQ/,Vacila nãaoo! 🗣💥 #EraDigital #reels #socialmedia #gerenciamentoderedessociais,1614868706,11226,296,4.736000061035156,clips,https://scontent-poa1-1.cdninstagram.com/o1/v/t2/f2/m86/AQPSrwOTyBPlU3vgPJDtlcxC5HFAwVmlLxnPdty_fy8qDcjqRkj9UaUPw0q8aPNyaW4b_wfZz1MeejwykIb_eLMzOjsEd3nvMW27CkY.mp4?_nc_cat=104&_nc_sid=5e9851&_nc_ht=scontent-poa1-1.cdninstagram.com&_nc_ohc=WAFmLMUxPssQ7kNvwEZyVPG&efg=eyJ2ZW5jb2RlX3RhZyI6Inhwdl9wcm9ncmVzc2l2ZS5JTlNUQUdSQU0uQ0xJUFMuQzMuNzIwLmRhc2hfYmFzZWxpbmVfMV92MSIsInhwdl9hc3NldF9pZCI6NDY3NTU1ODQ5MDc4Mjc5LCJhc3NldF9hZ2VfZGF5cyI6MTk1MywidmlfdXNlY2FzZV9pZCI6MTAxMDEsImR1cmF0aW9uX3MiOjQsInVybGdlbl9zb3VyY2UiOiJ3d3cifQ%3D%3D&ccb=17-1&vs=38a8e2858c5c4768&_nc_vs=HBksFQIYUmlnX3hwdl9yZWVsc19wZXJtYW5lbnRfc3JfcHJvZC81MzQ0QTU4MzI1NDk3RTk5MUJGOTQ0Q0RGQjVFMkM4Q192aWRlb19kYXNoaW5pdC5tcDQVAALIARIAFQIYOnBhc3N0aHJvdWdoX2V2ZXJzdG9yZS9HT0NXaFJzaS1LTFBNUmtOQURKblk5WTVVTFlRYnBrd0FBQUYVAgLIARIAKAAYABsCiAd1c2Vfb2lsATEScHJvZ3Jlc3NpdmVfcmVjaXBlATEVAAAmjpjgxKrP1AEVAigCQzMsF0ASZmZmZmZmGBJkYXNoX2Jhc2VsaW5lXzFfdjERAHX-B2XqnQEA&_nc_gid=i6WeA14g4qxdP1P964mgKw&_nc_ss=7a22e&_nc_zt=28&oh=00_AQB7RjaeYRLM3fo1Wcdpw5hl0eeNDXbLbEpoFgPWHwf9kA&oe=6A51CBA5
CL64xkehYsU,https://www.instagram.com/reel/CL64xkehYsU/,Ta achando que é fácil? 🥵 #workhardplayhard #reels #socialmedia #gerenciamentoderedessociais #reelsbrasil #homeoffice,1614696186,6702,323,23.89299964904785,clips,https://scontent-poa1-1.cdninstagram.com/o1/v/t2/f2/m86/AQNsL2QdPNK-TXI-J843B8gxkZCWNqxjlD5B0GyUaE-HSYlmIVNVlou6_Jo_nvcBqinO2G1O8gRN2UeDLy6lKZsn1TkMy0aqty1mbZM.mp4?_nc_cat=111&_nc_sid=5e9851&_nc_ht=scontent-poa1-1.cdninstagram.com&_nc_ohc=Su7qVpoyGfQQ7kNvwFK7pjy&efg=eyJ2ZW5jb2RlX3RhZyI6Inhwdl9wcm9ncmVzc2l2ZS5JTlNUQUdSQU0uQ0xJUFMuQzMuNzIwLmRhc2hfYmFzZWxpbmVfMV92MSIsInhwdl9hc3NldF9pZCI6MTE3NzIyNjA4NDEyNDMyMywiYXNzZXRfYWdlX2RheXMiOjE5NTUsInZpX3VzZWNhc2VfaWQiOjEwMTAxLCJkdXJhdGlvbl9zIjoyMywidXJsZ2VuX3NvdXJjZSI6Ind3dyJ9&ccb=17-1&vs=c7b0da1ec6bdf4d1&_nc_vs=HBksFQIYUmlnX3hwdl9yZWVsc19wZXJtYW5lbnRfc3JfcHJvZC9BOTQxQURBMTgxRUVGNzQyMUFDRDgyODZEMjk0QTFBMV92aWRlb19kYXNoaW5pdC5tcDQVAALIARIAFQIYOnBhc3N0aHJvdWdoX2V2ZXJzdG9yZS9HSUFKZnh0QlNfanVIOXNmQUEzQmxfYUM5LTlvYnBrd0FBQUYVAgLIARIAKAAYABsCiAd1c2Vfb2lsATEScHJvZ3Jlc3NpdmVfcmVjaXBlATEVAAAmxpqE6cmrlwQVAigCQzMsF0A33bItDlYEGBJkYXNoX2Jhc2VsaW5lXzFfdjERAHX-B2XqnQEA&_nc_gid=i6WeA14g4qxdP1P964mgKw&_nc_ss=7a22e&_nc_zt=28&oh=00_AQB7wnN76ZmYkBk6W7C9f4G-VeS2lUqU0FCn_FUvazoGgw&oe=6A51BBEC
CLuFEaAh4KA,https://www.instagram.com/reel/CLuFEaAh4KA/,"Dica rápida que salvaa 💚📞 Seu perfil é sua vitrine, então tenha capricho e seja profissional sempre! #reels #socialmedia #dicainstagram #whatsapp📲 #perfilprofissional #gerenciamentoderedessociais",1614266434,4693,205,29.83300018310547,clips,https://scontent-poa1-1.cdninstagram.com/o1/v/t2/f2/m86/AQP9OB1fdMTyhrGWwt-sTR0NThQPisOJbwY_lSAvHE6N73WxJSrpEhOHhVieRVgcSczu9oUILggENptYeomqh35xxBM78UCbj3ibFDs.mp4?_nc_cat=111&_nc_sid=5e9851&_nc_ht=scontent-poa1-1.cdninstagram.com&_nc_ohc=ECZoHJgAbuQQ7kNvwGfswWK&efg=eyJ2ZW5jb2RlX3RhZyI6Inhwdl9wcm9ncmVzc2l2ZS5JTlNUQUdSQU0uQ0xJUFMuQzMuNzIwLmRhc2hfYmFzZWxpbmVfMV92MSIsInhwdl9hc3NldF9pZCI6ODc4MzcwMzgxNTAyNjMxMCwiYXNzZXRfYWdlX2RheXMiOjE5NjAsInZpX3VzZWNhc2VfaWQiOjEwMTAxLCJkdXJhdGlvbl9zIjoyOSwidXJsZ2VuX3NvdXJjZSI6Ind3dyJ9&ccb=17-1&vs=9acd1a745adb91b0&_nc_vs=HBksFQIYUmlnX3hwdl9yZWVsc19wZXJtYW5lbnRfc3JfcHJvZC82NTQ5NEQxOERCNDNBRTYxQjk0QTM3QkRDMTA2MUNCRl92aWRlb19kYXNoaW5pdC5tcDQVAALIARIAFQIYOnBhc3N0aHJvdWdoX2V2ZXJzdG9yZS9HSWtFaUJ0WGZRcnAtYVlFQUZCVXZVWlMtSGNPYnBrd0FBQUYVAgLIARIAKAAYABsCiAd1c2Vfb2lsATEScHJvZ3Jlc3NpdmVfcmVjaXBlATEVAAAmjNqnm-2umh8VAigCQzMsF0A91T987ZFoGBJkYXNoX2Jhc2VsaW5lXzFfdjERAHX-B2XqnQEA&_nc_gid=i6WeA14g4qxdP1P964mgKw&_nc_ss=7a22e&_nc_zt=28&oh=00_AQCznFt_eDKMVMZzt9NXgIz0ByOGEPuG05TAqZAY937Cwg&oe=6A51C7A4
CLmSZuqhLwD,https://www.instagram.com/reel/CLmSZuqhLwD/,"REPETE COMIGO 🗣 Seu pensamento cria sua realidade! Primeiro você pensa, deposita energia, gera ações e os resultados vêm! 🚀 #reels",1614004975,14123,832,15.255000114440918,clips,https://scontent-poa1-1.cdninstagram.com/o1/v/t2/f2/m86/AQNK9tz2T51WDh2tUVfFpHisNP-0Jv6rvpliFmrnW9x9Rd_6uhpLslBGbqkmuAHA2cgCEJr6pSYctcbOI22Ocm4yoQu7TzvLB0IErDM.mp4?_nc_cat=103&_nc_sid=5e9851&_nc_ht=scontent-poa1-1.cdninstagram.com&_nc_ohc=1f4vUHpjCRcQ7kNvwEY6lgF&efg=eyJ2ZW5jb2RlX3RhZyI6Inhwdl9wcm9ncmVzc2l2ZS5JTlNUQUdSQU0uQ0xJUFMuQzMuNzIwLmRhc2hfYmFzZWxpbmVfMV92MSIsInhwdl9hc3NldF9pZCI6MTA1MTUzMDc5NjQ3MjQ2NSwiYXNzZXRfYWdlX2RheXMiOjE5NjMsInZpX3VzZWNhc2VfaWQiOjEwMTAxLCJkdXJhdGlvbl9zIjoxNSwidXJsZ2VuX3NvdXJjZSI6Ind3dyJ9&ccb=17-1&vs=b61c0c5c252c0894&_nc_vs=HBksFQIYUmlnX3hwdl9yZWVsc19wZXJtYW5lbnRfc3JfcHJvZC9CMDQxOUE5RjcxQkMwNzNGNkQzRDc0QTA5RjQzOURCNF92aWRlb19kYXNoaW5pdC5tcDQVAALIARIAFQIYOnBhc3N0aHJvdWdoX2V2ZXJzdG9yZS9HUG5kaUJ2VUZPb2RqaXdEQVBBVV9VQjVwXzVhYnBrd0FBQUYVAgLIARIAKAAYABsCiAd1c2Vfb2lsATEScHJvZ3Jlc3NpdmVfcmVjaXBlATEVAAAmouLA-ZKX3gMVAigCQzMsF0Aud0vGp--eGBJkYXNoX2Jhc2VsaW5lXzFfdjERAHX-B2XqnQEA&_nc_gid=i6WeA14g4qxdP1P964mgKw&_nc_ss=7a22e&_nc_zt=28&oh=00_AQAua9JL2t8sMv640pb_h6iEwVCOqUYWgPwTJDE-9PBhQg&oe=6A51CF24
CLhQh38BzyD,https://www.instagram.com/reel/CLhQh38BzyD/,Se dependesse de mim me comunicava só por e-mail 🙄 #reels,1613836226,3623,122,5.014999866485596,clips,https://scontent-poa1-1.cdninstagram.com/o1/v/t2/f2/m86/AQNFw3Emlak6jhOMv4xmLSJ_At4a67-2pCvyKaMqHvcvyulz6uoV8HX0xE5XSbXkEKYLfZCCZ24bn4mCb_gLxsYa69J8kD7L8CR8Z60.mp4?_nc_cat=107&_nc_sid=5e9851&_nc_ht=scontent-poa1-1.cdninstagram.com&_nc_ohc=6UccaVTqDCYQ7kNvwH3Bp4F&efg=eyJ2ZW5jb2RlX3RhZyI6Inhwdl9wcm9ncmVzc2l2ZS5JTlNUQUdSQU0uQ0xJUFMuQzMuNzIwLmRhc2hfYmFzZWxpbmVfMV92MSIsInhwdl9hc3NldF9pZCI6MTU3MjM2NzQzMDAyNjU3NywiYXNzZXRfYWdlX2RheXMiOjE5NjUsInZpX3VzZWNhc2VfaWQiOjEwMTAxLCJkdXJhdGlvbl9zIjo0LCJ1cmxnZW5fc291cmNlIjoid3d3In0%3D&ccb=17-1&vs=ea2ff9b12491cc3c&_nc_vs=HBksFQIYUmlnX3hwdl9yZWVsc19wZXJtYW5lbnRfc3JfcHJvZC84RTQxQ0Y0QkZGMzIxNzA1MDNCODVFQUJFOTE4RkU4Q192aWRlb19kYXNoaW5pdC5tcDQVAALIARIAFQIYOnBhc3N0aHJvdWdoX2V2ZXJzdG9yZS9HR1pmWVJ1a2dhOFFtRjRFQUJxaGpnQ3pwVHRXYnBrd0FBQUYVAgLIARIAKAAYABsCiAd1c2Vfb2lsATEScHJvZ3Jlc3NpdmVfcmVjaXBlATEVAAAmopX8oeqDywUVAigCQzMsF0ATdsi0OVgQGBJkYXNoX2Jhc2VsaW5lXzFfdjERAHX-B2XqnQEA&_nc_gid=i6WeA14g4qxdP1P964mgKw&_nc_ss=7a22e&_nc_zt=28&oh=00_AQANtDQdzPtO-ekjsduw1LXnkYU1z77TOjM-TmG1rtewrQ&oe=6A51EA40
CLK3g19hqIS,https://www.instagram.com/reel/CLK3g19hqIS/,Que assim seja ✨ #tbt #reels #trip #praia #vilavelha #2021 #queassimseja #beach #viagem,1613084914,4382,279,15.633000373840332,clips,https://scontent-poa1-1.cdninstagram.com/o1/v/t2/f2/m86/AQMp6EohbZGB3WJclTeI4WQJ_mOuLjftES9mIe7D3W7SoDbYyT-l-y0pQTGyz9OOEXVY30oDQ053JCf10cVHmtulZYq7siorKwBgUy4.mp4?_nc_cat=107&_nc_sid=5e9851&_nc_ht=scontent-poa1-1.cdninstagram.com&_nc_ohc=3A2a8yKqQ_sQ7kNvwGpg9_w&efg=eyJ2ZW5jb2RlX3RhZyI6Inhwdl9wcm9ncmVzc2l2ZS5JTlNUQUdSQU0uQ0xJUFMuQzMuNzIwLmRhc2hfYmFzZWxpbmVfMV92MSIsInhwdl9hc3NldF9pZCI6Mzc4MDA2NTk1NTU4NDgwNCwiYXNzZXRfYWdlX2RheXMiOjE5NzMsInZpX3VzZWNhc2VfaWQiOjEwMTAxLCJkdXJhdGlvbl9zIjoxNSwidXJsZ2VuX3NvdXJjZSI6Ind3dyJ9&ccb=17-1&vs=b9f8e0cb1f72ca60&_nc_vs=HBksFQIYUmlnX3hwdl9yZWVsc19wZXJtYW5lbnRfc3JfcHJvZC8zODQ2NzVDQ0UxNkFEMUE4QzYwQTYxODYwOUZEMTU4M192aWRlb19kYXNoaW5pdC5tcDQVAALIARIAFQIYOnBhc3N0aHJvdWdoX2V2ZXJzdG9yZS9HTFV1ZHh1NnNDQ25UOVFCQU5iRndJODRPNWh4YnBrd0FBQUYVAgLIARIAKAAYABsCiAd1c2Vfb2lsATEScHJvZ3Jlc3NpdmVfcmVjaXBlATEVAAAmyOyUiOb8tg0VAigCQzMsF0AvRBiTdLxqGBJkYXNoX2Jhc2VsaW5lXzFfdjERAHX-B2XqnQEA&_nc_gid=i6WeA14g4qxdP1P964mgKw&_nc_ss=7a22e&_nc_zt=28&oh=00_AQBz-bjrFfG1JXHmUIWSMbpZ2hYgPC7UMy7L9386R-izxQ&oe=6A51BC1C
CLE4A-shME3,https://www.instagram.com/reel/CLE4A-shME3/,Não é todo mundo que ta preparado 😜💦 #reels,1612883847,5562,376,8.666000366210938,clips,https://scontent-poa1-1.cdninstagram.com/o1/v/t2/f2/m86/AQMBmF1cCWLbsU4rowoqBozEE_45qjxWjQpGjT4Q1m2Qwfg-SS9g3nz08pBUCJwG-D6fJn3bHaKIojQ9kulL6eFV90vYjZ_FmAeGHJs.mp4?_nc_cat=105&_nc_sid=5e9851&_nc_ht=scontent-poa1-1.cdninstagram.com&_nc_ohc=jJIiOD6RGOwQ7kNvwHuYvgn&efg=eyJ2ZW5jb2RlX3RhZyI6Inhwdl9wcm9ncmVzc2l2ZS5JTlNUQUdSQU0uQ0xJUFMuQzMuNzIwLmRhc2hfYmFzZWxpbmVfMV92MSIsInhwdl9hc3NldF9pZCI6MzMxMDI5ODY2NzAzNDMwLCJhc3NldF9hZ2VfZGF5cyI6MTk3NiwidmlfdXNlY2FzZV9pZCI6MTAxMDEsImR1cmF0aW9uX3MiOjgsInVybGdlbl9zb3VyY2UiOiJ3d3cifQ%3D%3D&ccb=17-1&vs=6a9d4d00af6de9ad&_nc_vs=HBksFQIYUmlnX3hwdl9yZWVsc19wZXJtYW5lbnRfc3JfcHJvZC80MDQwNjRGMjY0OTQyNTc2MjAyOTIwODIyMzkxM0E4RV92aWRlb19kYXNoaW5pdC5tcDQVAALIARIAFQIYOnBhc3N0aHJvdWdoX2V2ZXJzdG9yZS9HSktqY1JzTEtqc1lRTk1CQURuWUxCU2lVSzRVYnBrd0FBQUYVAgLIARIAKAAYABsCiAd1c2Vfb2lsATEScHJvZ3Jlc3NpdmVfcmVjaXBlATEVAAAmjKnr2bzElgEVAigCQzMsF0AhVP3ztkWiGBJkYXNoX2Jhc2VsaW5lXzFfdjERAHX-B2XqnQEA&_nc_gid=fh87FlYknLYhZrgz5GGTtA&_nc_ss=7a22e&_nc_zt=28&oh=00_AQBulyIO2bL0OjeCMmeLoJ5hnIuEzlBDhKwf-62X53XP4g&oe=6A51CC8A
CKy4aV_hvGv,https://www.instagram.com/reel/CKy4aV_hvGv/,"Dicas rápidas da Social Media para dar um TCHAM no seu perfil que talvez esteja uma zona 🌪 • Foto de perfil clara. • Biografia estratégica. • Destaques importantes. • Nickname limpo, sem letras ou números sobrando. A organização do perfil é importante pra passar uma primeira boa impressão pra quem chegar até você 🤍 Mas além disso, tem muitas coisas extras que você pode fazer hein, fica ligado no meu perfil! #reels #socialmedia #gerenciamentoderedessociais",1612280073,7509,304,9.682000160217285,clips,https://scontent-poa1-1.cdninstagram.com/o1/v/t2/f2/m86/AQNAWsZitm3GGsD9Ju6f6IKZaT7sufGx0GRmftcTiAc7QpVxufEcO-QtdYnYjbdnZz9ICmV5JjDTUjMoxImSrZ9InoxNovdGdBPOuVE.mp4?_nc_cat=110&_nc_sid=5e9851&_nc_ht=scontent-poa1-1.cdninstagram.com&_nc_ohc=2lL4saXVdNQQ7kNvwFB7cWj&efg=eyJ2ZW5jb2RlX3RhZyI6Inhwdl9wcm9ncmVzc2l2ZS5JTlNUQUdSQU0uQ0xJUFMuQzMuNzIwLmRhc2hfYmFzZWxpbmVfMV92MSIsInhwdl9hc3NldF9pZCI6ODEzOTA5NjM3NjA2NjEzLCJhc3NldF9hZ2VfZGF5cyI6MTk4MywidmlfdXNlY2FzZV9pZCI6MTAxMDEsImR1cmF0aW9uX3MiOjksInVybGdlbl9zb3VyY2UiOiJ3d3cifQ%3D%3D&ccb=17-1&vs=7b0a002470244b20&_nc_vs=HBksFQIYUmlnX3hwdl9yZWVsc19wZXJtYW5lbnRfc3JfcHJvZC9ERjRGODJFODFENUZGMkQzRjJENTdBQ0Y3RUFGNjA5MF92aWRlb19kYXNoaW5pdC5tcDQVAALIARIAFQIYOnBhc3N0aHJvdWdoX2V2ZXJzdG9yZS9HS1NvaEJ0WU1UVUlSaEVHQU1EeDN3LS1RNFFJYnBrd0FBQUYVAgLIARIAKAAYABsCiAd1c2Vfb2lsATEScHJvZ3Jlc3NpdmVfcmVjaXBlATEVAAAmqrOhreOP8gIVAigCQzMsF0AjVP3ztkWiGBJkYXNoX2Jhc2VsaW5lXzFfdjERAHX-B2XqnQEA&_nc_gid=fh87FlYknLYhZrgz5GGTtA&_nc_ss=7a22e&_nc_zt=28&oh=00_AQC-pRRnf-Em5iPM-1NYo1-MhzzFaKf7S2FMq154F3PuRw&oe=6A51E17B
CKkE6NVhA_9,https://www.instagram.com/reel/CKkE6NVhA_9/,I can’t talk right now 🔥😎 #reels #girlpower #girlboss,1611783311,5143,231,13.600000381469727,clips,https://scontent-poa1-1.cdninstagram.com/o1/v/t2/f2/m86/AQPZktRaWHyOXMkLBBVCAMuhpYD7ArVfHqQ9wSXGtL28edGyPlDdwgsZBmUn0srsnZylZ-NIgEsialgwxhRCKCYqsd-8IYzVj4kaVqQ.mp4?_nc_cat=106&_nc_sid=5e9851&_nc_ht=scontent-poa1-1.cdninstagram.com&_nc_ohc=bcJGUFHAiswQ7kNvwHETSz-&efg=eyJ2ZW5jb2RlX3RhZyI6Inhwdl9wcm9ncmVzc2l2ZS5JTlNUQUdSQU0uQ0xJUFMuQzMuNzIwLmRhc2hfYmFzZWxpbmVfMV92MSIsInhwdl9hc3NldF9pZCI6MjIzMTA4NDI4MzkxOTkyNywiYXNzZXRfYWdlX2RheXMiOjE5ODgsInZpX3VzZWNhc2VfaWQiOjEwMTAxLCJkdXJhdGlvbl9zIjoxMywidXJsZ2VuX3NvdXJjZSI6Ind3dyJ9&ccb=17-1&vs=c9f3106a5d82f2c9&_nc_vs=HBksFQIYUmlnX3hwdl9yZWVsc19wZXJtYW5lbnRfc3JfcHJvZC9EQzQwMTUyQzFGRDFFQ0Q2NDQ3RTkxN0ZGNUI1NzY4M192aWRlb19kYXNoaW5pdC5tcDQVAALIARIAFQIYOnBhc3N0aHJvdWdoX2V2ZXJzdG9yZS9HR0hkaGh1VkFUYmdGd0VlQUVXdlF6cHpsb2xyYnBrd0FBQUYVAgLIARIAKAAYABsCiAd1c2Vfb2lsATEScHJvZ3Jlc3NpdmVfcmVjaXBlATEVAAAm7vino5nK9gcVAigCQzMsF0ArMzMzMzMzGBJkYXNoX2Jhc2VsaW5lXzFfdjERAHX-B2XqnQEA&_nc_gid=fh87FlYknLYhZrgz5GGTtA&_nc_ss=7a22e&_nc_zt=28&oh=00_AQCUk7T9BtC4wHkd5C33VSsIcmMrpkb9aR6ik5uKgAsBRg&oe=6A51D2E7
CKT-gV5BCTn,https://www.instagram.com/reel/CKT-gV5BCTn/,"Posso ser sincera? Hoje não teria possibilidade de um #tbt diferente deste, precisava vir até aqui contar como esse dia foi importante pra mim 💛 Realizei uma mentoria sobre Instagram sensacional para esse grupo de tatuadores que é majoritariamente feminino, e não me surpreendi em conhecer mulheres dedicadas que eu já sabia que eram talentosíssimas! Mas acima de tudo me realizei! Pude florescer em mim um lado de ensinar que não tinha prestado atenção antes. Poder fazer essa mentoria em grupo passando conhecimento e saber que estava somando com a vida e carreira de muitas pessoas foi um sentimento inexplicável de tão gratificante! ✨ Por isso, hoje vim até aqui deixar o meu muito obrigada a todas vocês (e ao único homem do grupo que também é inacreditável de bom!!) vejo claramente um time de tatuadores que vão ganhar o mundo! E contem comigo nessa jornada 🖋🖤🔥 #Mentoria #mentoriainstagram #socialmedia #gerenciamentoderedessociais",1611243075,1344,146,6.130000114440918,feed,https://scontent-poa1-1.cdninstagram.com/o1/v/t16/f2/m84/AQPg_aAHcmKn4bsZpDDfFZ0dHNyAZtvApjzWXAFmzzfg3S10GfB-may874TFrBUkjZspm6wQ2oKqfEaVUE9U2gJXl8U2EY2js5Qowjk.mp4?_nc_cat=106&_nc_sid=5e9851&_nc_ht=scontent-poa1-1.cdninstagram.com&_nc_ohc=dlAvQLoWvk0Q7kNvwGoit3b&efg=eyJ2ZW5jb2RlX3RhZyI6Inhwdl9wcm9ncmVzc2l2ZS5JTlNUQUdSQU0uRkVFRC5DMy43MjAuZGFzaF9iYXNlbGluZV8xX3YxIiwieHB2X2Fzc2V0X2lkIjoxNjgzODYwMDk4ODA4MDg2LCJhc3NldF9hZ2VfZGF5cyI6MTk5NSwidmlfdXNlY2FzZV9pZCI6MTAxNDYsImR1cmF0aW9uX3MiOjYsInVybGdlbl9zb3VyY2UiOiJ3d3cifQ%3D%3D&ccb=17-1&vs=ed307cf06507bb4d&_nc_vs=HBksFQIYTGlnX2JhY2tmaWxsX3RpbWVsaW5lX3ZvZC8zQTQ1MkI4ODAzRDk0QTU3RUQwNDdERDMwNzA0MDM4MV92aWRlb19kYXNoaW5pdC5tcDQVAALIARIAFQIYOnBhc3N0aHJvdWdoX2V2ZXJzdG9yZS9HTl96ZnhlRDcwMEVWUVFCQUpUd1dOeElLV2xiYnBrd0FBQUYVAgLIARIAKAAYABsCiAd1c2Vfb2lsATEScHJvZ3Jlc3NpdmVfcmVjaXBlATEVAAAmrOTTsMfd_QUVAigCQzMsF0AYAAAAAAAAGBJkYXNoX2Jhc2VsaW5lXzFfdjERAHXqB2XEngEA&_nc_gid=fh87FlYknLYhZrgz5GGTtA&_nc_ss=7a22e&_nc_zt=28&oh=00_AQAXV8A7JMK_5Vp1c3dr_uDB-pZgWAvL0bHzN5uM4A4hZg&oe=6A51C7F2
CKOx8MUBwfF,https://www.instagram.com/reel/CKOx8MUBwfF/,Não há prosperidade sem movimento ⚡️ E não tenho pressa.. só aproveito o processo e vou com fé 🚀 #reels,1611068723,7473,332,11.666000366210938,clips,https://scontent-poa1-1.cdninstagram.com/o1/v/t2/f2/m86/AQNs664bIwcyScGhfirwwf4jAGADNy1Q8r3s2MU-TdQpCLaKRXZejBHMixWBNh57HLylw5obUUZDCzHHXtU3E0jMsWppWN2XL5eaayI.mp4?_nc_cat=107&_nc_sid=5e9851&_nc_ht=scontent-poa1-1.cdninstagram.com&_nc_ohc=3K8B9PXhNmIQ7kNvwHVn3Ao&efg=eyJ2ZW5jb2RlX3RhZyI6Inhwdl9wcm9ncmVzc2l2ZS5JTlNUQUdSQU0uQ0xJUFMuQzMuNzIwLmRhc2hfYmFzZWxpbmVfMV92MSIsInhwdl9hc3NldF9pZCI6OTA5MjA3Mjc0MzU2ODg0LCJhc3NldF9hZ2VfZGF5cyI6MTk5NywidmlfdXNlY2FzZV9pZCI6MTAxMDEsImR1cmF0aW9uX3MiOjExLCJ1cmxnZW5fc291cmNlIjoid3d3In0%3D&ccb=17-1&vs=3dda28e37a0c710&_nc_vs=HBksFQIYUmlnX3hwdl9yZWVsc19wZXJtYW5lbnRfc3JfcHJvZC9EMDRCNDU0RTZFRkJENUZCOUM3NjcyNjZFQkVGM0Q4OF92aWRlb19kYXNoaW5pdC5tcDQVAALIARIAFQIYOnBhc3N0aHJvdWdoX2V2ZXJzdG9yZS9HTndBTXh0ampKNlBiVGdHQU41Ti1kVFlCRHRNYnBrd0FBQUYVAgLIARIAKAAYABsCiAd1c2Vfb2lsATEScHJvZ3Jlc3NpdmVfcmVjaXBlATEVAAAmqILsieq6nQMVAigCQzMsF0AnVP3ztkWiGBJkYXNoX2Jhc2VsaW5lXzFfdjERAHX-B2XqnQEA&_nc_gid=fh87FlYknLYhZrgz5GGTtA&_nc_ss=7a22e&_nc_zt=28&oh=00_AQBmP7OYWIhHAhtqDlM9SA-u8v89HUwN_agKiwbB4HS7CA&oe=6A51BDE8
CKEeYfNh0k8,https://www.instagram.com/reel/CKEeYfNh0k8/,"Acabamos de chegar na metade de janeiro, ainda há tempo de pegar impulso pra começar 2021 com hábitos incríveis! ✨ #reels #socialmedia #hábitos #2021 #água #meditação",1610722926,6314,358,12.513999938964844,clips,https://scontent-poa1-1.cdninstagram.com/o1/v/t2/f2/m86/AQMe4PoriMHIEEAzhNHQl8Og_2Hx-1IN3943oU3FlhPJ0NZUYqM-CwJaT3w119fJQlVqrbeBSXtzl5M5SNEyIquGh_SfliIvKeNk1-I.mp4?_nc_cat=111&_nc_sid=5e9851&_nc_ht=scontent-poa1-1.cdninstagram.com&_nc_ohc=kI9oKQlWRbkQ7kNvwEiK-hO&efg=eyJ2ZW5jb2RlX3RhZyI6Inhwdl9wcm9ncmVzc2l2ZS5JTlNUQUdSQU0uQ0xJUFMuQzMuNzIwLmRhc2hfYmFzZWxpbmVfMV92MSIsInhwdl9hc3NldF9pZCI6NzczNzY3NDI0ODE2NDc0LCJhc3NldF9hZ2VfZGF5cyI6MjAwMSwidmlfdXNlY2FzZV9pZCI6MTAxMDEsImR1cmF0aW9uX3MiOjEyLCJ1cmxnZW5fc291cmNlIjoid3d3In0%3D&ccb=17-1&vs=93bbd30b6ff54f4b&_nc_vs=HBksFQIYUmlnX3hwdl9yZWVsc19wZXJtYW5lbnRfc3JfcHJvZC8wNjRCODEzOTU4MUQ0MkEwODlERTdBMkM4MTQ0OTlCMV92aWRlb19kYXNoaW5pdC5tcDQVAALIARIAFQIYOnBhc3N0aHJvdWdoX2V2ZXJzdG9yZS9HR2pwYlJzUE1mWkROVU1GQU83RW9KVTlFbkVWYnBrd0FBQUYVAgLIARIAKAAYABsCiAd1c2Vfb2lsATEScHJvZ3Jlc3NpdmVfcmVjaXBlATEVAAAmtNX1x5jv3wIVAigCQzMsF0ApAAAAAAAAGBJkYXNoX2Jhc2VsaW5lXzFfdjERAHX-B2XqnQEA&_nc_gid=fh87FlYknLYhZrgz5GGTtA&_nc_ss=7a22e&_nc_zt=28&oh=00_AQCFeZHx-BcZL6tjZS4sQ58R6r7ShZzkpaJGY_UVekyQgQ&oe=6A51C6C0
CJydZjABN7d,https://www.instagram.com/reel/CJydZjABN7d/,Alô @by.action me patrocina 🤪🖤 Tô ainda sem entender essa coleção que segue me arrancando suspiros todos os diass ⚡️ #reels,1610118425,8011,394,14.932999610900879,clips,https://scontent-poa1-1.cdninstagram.com/o1/v/t2/f2/m86/AQNGnF2dRAQX9EBL8KXakOEaVcBkMMkLgWP5kk-9gJYKkHpRjlTKa0MovVOwohCQpEvwh20mgaRuZ8h_kAn8gCSJEofRv69FNpwwc2Y.mp4?_nc_cat=100&_nc_sid=5e9851&_nc_ht=scontent-poa1-1.cdninstagram.com&_nc_ohc=37Oc095SKvMQ7kNvwHBmjzZ&efg=eyJ2ZW5jb2RlX3RhZyI6Inhwdl9wcm9ncmVzc2l2ZS5JTlNUQUdSQU0uQ0xJUFMuQzMuNzIwLmRhc2hfYmFzZWxpbmVfMV92MSIsInhwdl9hc3NldF9pZCI6MzQ2MzA2NDMxNzgyMTM5LCJhc3NldF9hZ2VfZGF5cyI6MjAwOCwidmlfdXNlY2FzZV9pZCI6MTAxMDEsImR1cmF0aW9uX3MiOjE0LCJ1cmxnZW5fc291cmNlIjoid3d3In0%3D&ccb=17-1&vs=e48a5c088a4b23e6&_nc_vs=HBksFQIYUmlnX3hwdl9yZWVsc19wZXJtYW5lbnRfc3JfcHJvZC9FNzRFNUM4QUIzODg1NTM5OEE1Mzg2RUEzNzIxNDhCMl92aWRlb19kYXNoaW5pdC5tcDQVAALIARIAFQIYOnBhc3N0aHJvdWdoX2V2ZXJzdG9yZS9HTXZBMEJwU2h0QjQ1bUFGQUZvUDlBZGNULXhSYnBrd0FBQUYVAgLIARIAKAAYABsCiAd1c2Vfb2lsATEScHJvZ3Jlc3NpdmVfcmVjaXBlATEVAAAm9rPM_de9nQEVAigCQzMsF0At3bItDlYEGBJkYXNoX2Jhc2VsaW5lXzFfdjERAHX-B2XqnQEA&_nc_gid=fh87FlYknLYhZrgz5GGTtA&_nc_ss=7a22e&_nc_zt=28&oh=00_AQDKEhiTt_ObgDF0SaDqjIzwlEIuwh1PV5K_cV25h-5OqQ&oe=6A51EC1D
CJRyxF4Bgwq,https://www.instagram.com/reel/CJRyxF4Bgwq/,Agradeço a todo momento pela existência deles na minha realidade 🖤🤍☯️ Caos e Brisa ✨ #reels #caos #brisa #yingyang #cat #kittens,1609022384,3094,105,22.034000396728516,clips,https://scontent-poa1-1.cdninstagram.com/o1/v/t2/f2/m86/AQOUPZ8WaXpjYreRQVKts3XlCEEXRNc7I6b7hu_NKXbFHstAtVIJ0pY3OBX4uq3jrD9hGrlx8hPuyx_z9TOTTlPcqb-1oX37zW4pEZk.mp4?_nc_cat=103&_nc_sid=5e9851&_nc_ht=scontent-poa1-1.cdninstagram.com&_nc_ohc=rSZbUPuSjigQ7kNvwFc0ItR&efg=eyJ2ZW5jb2RlX3RhZyI6Inhwdl9wcm9ncmVzc2l2ZS5JTlNUQUdSQU0uQ0xJUFMuQzMuNzIwLmRhc2hfYmFzZWxpbmVfMV92MSIsInhwdl9hc3NldF9pZCI6MTAzNzg4MTI4NzMyNDEwNiwiYXNzZXRfYWdlX2RheXMiOjIwMjAsInZpX3VzZWNhc2VfaWQiOjEwMTAxLCJkdXJhdGlvbl9zIjoyMiwidXJsZ2VuX3NvdXJjZSI6Ind3dyJ9&ccb=17-1&vs=f35a42b915f18466&_nc_vs=HBksFQIYUmlnX3hwdl9yZWVsc19wZXJtYW5lbnRfc3JfcHJvZC9GQjRBQ0U1NzkxRjM0MTFDQzMyMkE1Q0MyRUQ5RkE4N192aWRlb19kYXNoaW5pdC5tcDQVAALIARIAFQIYOnBhc3N0aHJvdWdoX2V2ZXJzdG9yZS9HRF8tTXhzRmxvT1ZhSmdDQUhJeXZhZXU3UWdOYnBrd0FBQUYVAgLIARIAKAAYABsCiAd1c2Vfb2lsATEScHJvZ3Jlc3NpdmVfcmVjaXBlATEVAAAmlMeZl9L81wMVAigCQzMsF0A2CHKwIMScGBJkYXNoX2Jhc2VsaW5lXzFfdjERAHX-B2XqnQEA&_nc_gid=fh87FlYknLYhZrgz5GGTtA&_nc_ss=7a22e&_nc_zt=28&oh=00_AQB6AXAsn7GxG4rKbTe_a7hOttozx8aXj-Oa56ecNkFn9g&oe=6A51F3B8
CI9I32mBJ1l,https://www.instagram.com/reel/CI9I32mBJ1l/,Playlist feita com muitoo carinho ⚡️ Vou tentar manter sempre atualizada 🖤 Ta no link da bioooo,1608329287,5468,332,28.033000946044922,clips,https://scontent-poa1-1.cdninstagram.com/o1/v/t2/f2/m86/AQM_26pg5_tyzCkX7yUZFVNTmRhsTWIucH3KGpZa7q9m2jO7OCsBr_N7Wucy9WvXcncXcdCGrV6d6DQrhn-c--3lpazSnQZjNlzuOZc.mp4?_nc_cat=103&_nc_sid=5e9851&_nc_ht=scontent-poa1-1.cdninstagram.com&_nc_ohc=dmhkbx0x2M0Q7kNvwEZ1lax&efg=eyJ2ZW5jb2RlX3RhZyI6Inhwdl9wcm9ncmVzc2l2ZS5JTlNUQUdSQU0uQ0xJUFMuQzMuNzIwLmRhc2hfYmFzZWxpbmVfMV92MSIsInhwdl9hc3NldF9pZCI6MTAzODY2MDE5NzU0MTQ4NywiYXNzZXRfYWdlX2RheXMiOjIwMjgsInZpX3VzZWNhc2VfaWQiOjEwMTAxLCJkdXJhdGlvbl9zIjoyOCwidXJsZ2VuX3NvdXJjZSI6Ind3dyJ9&ccb=17-1&vs=32dddc870e4dc2b0&_nc_vs=HBksFQIYUmlnX3hwdl9yZWVsc19wZXJtYW5lbnRfc3JfcHJvZC8zMzREMzBFNzhERTVCMjNDQUFDRUFDMEY5QzMyRUY5RF92aWRlb19kYXNoaW5pdC5tcDQVAALIARIAFQIYOnBhc3N0aHJvdWdoX2V2ZXJzdG9yZS9HR3RFZVJ0YTV6YV9hUHdDQUo3eG8yMFJiWFZRYnBrd0FBQUYVAgLIARIAKAAYABsCiAd1c2Vfb2lsATEScHJvZ3Jlc3NpdmVfcmVjaXBlATEVAAAm3pnvwf2p2AMVAigCQzMsF0A8CHKwIMScGBJkYXNoX2Jhc2VsaW5lXzFfdjERAHX-B2XqnQEA&_nc_gid=fh87FlYknLYhZrgz5GGTtA&_nc_ss=7a22e&_nc_zt=28&oh=00_AQCilzD2f2ZU1iPsSD_RT-CfVP7J5lFnX-KbyC9SC76GSg&oe=6A51C078
CI1V1iDBGPQ,https://www.instagram.com/reel/CI1V1iDBGPQ/,tem dias e dias 🥵🥵 #reels,1608067641,6940,456,14.743000030517578,clips,https://scontent-poa1-1.cdninstagram.com/o1/v/t2/f2/m86/AQMi7Jzx7oix2tH0TbgQ3XTTmqW96wy6Xc_usbLCfkKg089sQe9s9ISD3brAw71tyudZ_OXugTDoUpPrdWfDh-LHy_if_gHnTtWR0ns.mp4?_nc_cat=108&_nc_sid=5e9851&_nc_ht=scontent-poa1-1.cdninstagram.com&_nc_ohc=kHIxEntbK-4Q7kNvwHb5Ukv&efg=eyJ2ZW5jb2RlX3RhZyI6Inhwdl9wcm9ncmVzc2l2ZS5JTlNUQUdSQU0uQ0xJUFMuQzMuNzIwLmRhc2hfYmFzZWxpbmVfMV92MSIsInhwdl9hc3NldF9pZCI6MjMzNDQwNDkxNjkxMDM3NywiYXNzZXRfYWdlX2RheXMiOjIwMzEsInZpX3VzZWNhc2VfaWQiOjEwMTAxLCJkdXJhdGlvbl9zIjoxNCwidXJsZ2VuX3NvdXJjZSI6Ind3dyJ9&ccb=17-1&vs=a8c688ba31ab66ac&_nc_vs=HBksFQIYUmlnX3hwdl9yZWVsc19wZXJtYW5lbnRfc3JfcHJvZC81NzQ4OEQ4MzMwMTI4MTI5NDc5Q0FBRTBGMkZBQjc4NV92aWRlb19kYXNoaW5pdC5tcDQVAALIARIAFQIYOnBhc3N0aHJvdWdoX2V2ZXJzdG9yZS9HSWpsWmhzcGpoMUx1SzRGQUhPUkgtQzdBSkpFYnBrd0FBQUYVAgLIARIAKAAYABsCiAd1c2Vfb2lsATEScHJvZ3Jlc3NpdmVfcmVjaXBlATEVAAAm0uSs_Z_IpQgVAigCQzMsF0Atd0vGp--eGBJkYXNoX2Jhc2VsaW5lXzFfdjERAHX-B2XqnQEA&_nc_gid=fh87FlYknLYhZrgz5GGTtA&_nc_ss=7a22e&_nc_zt=28&oh=00_AQCZYltaxi8XZp4O6NWpQGOa3tRf1Wj9LnMuiVBKllzSXw&oe=6A51DEE1
CInzzanhCl_,https://www.instagram.com/reel/CInzzanhCl_/,eles não me ajudam 🤡 isso quando não correm em cima da cama mesmo e fodase meu sono kkkkk,1607613589,11529,472,14.602999687194824,clips,https://scontent-poa1-1.cdninstagram.com/o1/v/t2/f2/m86/AQO8jKo9o9njBodMSNZvhbAiSgacuSX7dF0puUqZXF9WdqTJqVdJRlV-8DGE_eiQu3lOKGGeowp4xYOYKug0CM_WR0DoAjpBF0DzJYI.mp4?_nc_cat=102&_nc_sid=5e9851&_nc_ht=scontent-poa1-1.cdninstagram.com&_nc_ohc=UhZi46mPfYcQ7kNvwEmJB-h&efg=eyJ2ZW5jb2RlX3RhZyI6Inhwdl9wcm9ncmVzc2l2ZS5JTlNUQUdSQU0uQ0xJUFMuQzMuNzIwLmRhc2hfYmFzZWxpbmVfMV92MSIsInhwdl9hc3NldF9pZCI6MTg1ODU5MDA3MTMzMzkwOSwiYXNzZXRfYWdlX2RheXMiOjIwMzcsInZpX3VzZWNhc2VfaWQiOjEwMTAxLCJkdXJhdGlvbl9zIjoxNCwidXJsZ2VuX3NvdXJjZSI6Ind3dyJ9&ccb=17-1&vs=3d7f214b2cc249a3&_nc_vs=HBksFQIYUmlnX3hwdl9yZWVsc19wZXJtYW5lbnRfc3JfcHJvZC8yQjRGODc0NDJBNzhBRjUwNUNGMzNCOTBBQ0U3MEI4RF92aWRlb19kYXNoaW5pdC5tcDQVAALIARIAFQIYOnBhc3N0aHJvdWdoX2V2ZXJzdG9yZS9HTE5paGh0YVVhTEF3X1lEQUFrMjQ5bjZjckkzYnBrd0FBQUYVAgLIARIAKAAYABsCiAd1c2Vfb2lsATEScHJvZ3Jlc3NpdmVfcmVjaXBlATEVAAAmqpDhj5eYzQYVAigCQzMsF0AtMzMzMzMzGBJkYXNoX2Jhc2VsaW5lXzFfdjERAHX-B2XqnQEA&_nc_gid=fh87FlYknLYhZrgz5GGTtA&_nc_ss=7a22e&_nc_zt=28&oh=00_AQAQBacXWk-fsZXlsT2h8rdN5boBIIrmtNb3fNG9rIsO9A&oe=6A51C9D3
CIZAURMFOI2,https://www.instagram.com/reel/CIZAURMFOI2/,"Só tem espaço pra boas energias nesse lugar! 🌊 Mais uma viagem à Vila Velha que me fez transbordar de amor! ✨ Preparamos esse film com muito carinho pra tentar passar um pouco dessa vibe única! ❤️ Espero que gostem! Até passeio à ilha tivemos dessa vez, foi emocionante de viver taaaantas emoções 😍 🎥: @by.action",1607117238,2795,262,63.18199920654297,igtv,https://scontent-poa1-1.cdninstagram.com/o1/v/t16/f2/m84/AQODl9c2A7XfmtEurdzSJFPMTeHNwba3mjzP2OtUHQm0_nexL5jLkR0yKbbZExKEBk8uQ3w4MNhQokGquDi6Pvnw9I3OLS-QTZK1XzQ.mp4?_nc_cat=105&_nc_sid=5e9851&_nc_ht=scontent-poa1-1.cdninstagram.com&_nc_ohc=k9WT58l8ooEQ7kNvwGJz94-&efg=eyJ2ZW5jb2RlX3RhZyI6Inhwdl9wcm9ncmVzc2l2ZS5JTlNUQUdSQU0uSUdUVi5DMy4xMjgwLmRhc2hfYmFzZWxpbmVfMV92MSIsInhwdl9hc3NldF9pZCI6ODc5MDQ2Nzk3NTA3NTc4LCJhc3NldF9hZ2VfZGF5cyI6MjA0MiwidmlfdXNlY2FzZV9pZCI6MTAxNDUsImR1cmF0aW9uX3MiOjYzLCJ1cmxnZW5fc291cmNlIjoid3d3In0%3D&ccb=17-1&vs=3c258dc9a3a47148&_nc_vs=HBksFQIYTGlnX2JhY2tmaWxsX3RpbWVsaW5lX3ZvZC9ERTQwN0VFM0VCMzE3OTA1Q0E1RjUyQzBGN0U2MjlCQl92aWRlb19kYXNoaW5pdC5tcDQVAALIARIAFQIYR2lnX3hwdl9yZWVsc19wZXJtYW5lbnRfc3JfcHJvZC8xMTEyNzg4OTk2OTMwNTU1XzU4NzExMjU3MTE0ODQwNjM5MzgubXA0FQICyAESACgAGAAbAogHdXNlX29pbAExEnByb2dyZXNzaXZlX3JlY2lwZQExFQAAJvTv2YGh348DFQIoAkMzLBdAT4zMzMzMzRgSZGFzaF9iYXNlbGluZV8xX3YxEQB17Adlwp4BAA&_nc_gid=fh87FlYknLYhZrgz5GGTtA&_nc_ss=7a22e&_nc_zt=28&oh=00_AQD-1Dadgxn8kNsH9EU_Pzl285-x-QuWHK4-s7rlSTEppQ&oe=6A51EA77
CITOmz7BjTP,https://www.instagram.com/reel/CITOmz7BjTP/,Posso passar horasss só admirando 🤍🖤 O jeito que eles se amam é diferente kkkk track id: Invincible @pleightmusic 💥,1606923299,531,102,29.209999084472656,feed,https://scontent-poa1-1.cdninstagram.com/o1/v/t16/f2/m84/AQPYnZ4U7vWVDMK5enQ8kPpskU9Bo2Gt-cbr221GrE6_zMSfKXLZhrYbbQT9snZmphLshULFkwywZqIBBG0pY7I6G2jx1sfhMi6gFmE.mp4?_nc_cat=100&_nc_sid=5e9851&_nc_ht=scontent-poa1-1.cdninstagram.com&_nc_ohc=gEnlVkvnGzoQ7kNvwGh0VHV&efg=eyJ2ZW5jb2RlX3RhZyI6Inhwdl9wcm9ncmVzc2l2ZS5JTlNUQUdSQU0uRkVFRC5DMy43MjAuZGFzaF9iYXNlbGluZV8xX3YxIiwieHB2X2Fzc2V0X2lkIjozMTcyNzg1NTA5MzMzNjUsImFzc2V0X2FnZV9kYXlzIjoyMDQ1LCJ2aV91c2VjYXNlX2lkIjoxMDE0NiwiZHVyYXRpb25fcyI6MjksInVybGdlbl9zb3VyY2UiOiJ3d3cifQ%3D%3D&ccb=17-1&vs=93f8333f763ad610&_nc_vs=HBksFQIYTGlnX2JhY2tmaWxsX3RpbWVsaW5lX3ZvZC9FNzQwQThEOTU2Rjc0RTY5N0MwRjI2OTRBQTU0QTBCRF92aWRlb19kYXNoaW5pdC5tcDQVAALIARIAFQIYOnBhc3N0aHJvdWdoX2V2ZXJzdG9yZS9HRDltaVJkbnlocTlZM2NFQUtUVHlwdWF4c0VQYnBrd0FBQUYVAgLIARIAKAAYABsCiAd1c2Vfb2lsATEScHJvZ3Jlc3NpdmVfcmVjaXBlATEVAAAm6v2VtYWkkAEVAigCQzMsF0A9AAAAAAAAGBJkYXNoX2Jhc2VsaW5lXzFfdjERAHXqB2XEngEA&_nc_gid=80P45T-20e6yPUrzjW13cw&_nc_ss=7a22e&_nc_zt=28&oh=00_AQAPJMgbS6oanaR1kVyocoZ0T9KocIgPC4RGt0TXH6NMDA&oe=6A51E9EC
CIO0Oq8hB6k,https://www.instagram.com/reel/CIO0Oq8hB6k/,Atchim 🤧✨ #reels,1606774949,6220,469,8.079000473022461,clips,https://scontent-poa1-1.cdninstagram.com/o1/v/t2/f2/m86/AQMETqqEBLSORkFDw4ZD1lUQKVCrXMHDOu0TfpK8pGAIFXm1WOsew_T4QN361koJAfNgHT8eev00I0gcxwT7bUHiux14RvbS1o3ifiE.mp4?_nc_cat=103&_nc_sid=5e9851&_nc_ht=scontent-poa1-1.cdninstagram.com&_nc_ohc=BKjtcFzrED4Q7kNvwE_mfB7&efg=eyJ2ZW5jb2RlX3RhZyI6Inhwdl9wcm9ncmVzc2l2ZS5JTlNUQUdSQU0uQ0xJUFMuQzMuNzIwLmRhc2hfYmFzZWxpbmVfMV92MSIsInhwdl9hc3NldF9pZCI6MTAwMzA5ODA1ODIyMjYxNiwiYXNzZXRfYWdlX2RheXMiOjIwNDYsInZpX3VzZWNhc2VfaWQiOjEwMTAxLCJkdXJhdGlvbl9zIjo4LCJ1cmxnZW5fc291cmNlIjoid3d3In0%3D&ccb=17-1&vs=f11e94547d384a08&_nc_vs=HBksFQIYUmlnX3hwdl9yZWVsc19wZXJtYW5lbnRfc3JfcHJvZC80MTQ5RTA0QUU1QUIzMDRDQ0ZERjZBMkFFRUVFRTQ4N192aWRlb19kYXNoaW5pdC5tcDQVAALIARIAFQIYOnBhc3N0aHJvdWdoX2V2ZXJzdG9yZS9HRTAzYnh0am5NTG9tSFFFQU1HYzF6eUtNNUJsYnBrd0FBQUYVAgLIARIAKAAYABsCiAd1c2Vfb2lsATEScHJvZ3Jlc3NpdmVfcmVjaXBlATEVAAAmsLD79v6TyAMVAigCQzMsF0AgIcrAgxJvGBJkYXNoX2Jhc2VsaW5lXzFfdjERAHX-B2XqnQEA&_nc_gid=80P45T-20e6yPUrzjW13cw&_nc_ss=7a22e&_nc_zt=28&oh=00_AQCHdRYobbbKu2DX7JEFV9mcbbXQjVq6-AgjDEv-3Vhm9A&oe=6A51D150
CIMc0GuB98I,https://www.instagram.com/reel/CIMc0GuB98I/,Vocês também têm ciúmes dos seus pets?? 🐱 kkkkk eu tenho e não é pouco #reels #kittens,1606695565,5325,223,7.199999809265137,clips,https://scontent-poa1-1.cdninstagram.com/o1/v/t2/f2/m86/AQPhG5gaK5i7b82XdOvt1dTAez116CQU7iVCzwZk1mmr20kteZHG2KoAa8JjaIKtliVV63t6v5vl847yDCL1zj7zd5xF9mlRtYsBTBM.mp4?_nc_cat=105&_nc_sid=5e9851&_nc_ht=scontent-poa1-1.cdninstagram.com&_nc_ohc=d8i7yF3X7IgQ7kNvwGXqEjF&efg=eyJ2ZW5jb2RlX3RhZyI6Inhwdl9wcm9ncmVzc2l2ZS5JTlNUQUdSQU0uQ0xJUFMuQzMuNzIwLmRhc2hfYmFzZWxpbmVfMV92MSIsInhwdl9hc3NldF9pZCI6MTcwNzc2MTYxMzMzMzI1NiwiYXNzZXRfYWdlX2RheXMiOjIwNDcsInZpX3VzZWNhc2VfaWQiOjEwMTAxLCJkdXJhdGlvbl9zIjo3LCJ1cmxnZW5fc291cmNlIjoid3d3In0%3D&ccb=17-1&vs=732bc01295fd5dd4&_nc_vs=HBksFQIYUmlnX3hwdl9yZWVsc19wZXJtYW5lbnRfc3JfcHJvZC80MzQ1MTIwNkYzQ0U2Mzg3MjhBRjE4Q0M2QkQyNjM5N192aWRlb19kYXNoaW5pdC5tcDQVAALIARIAFQIYOnBhc3N0aHJvdWdoX2V2ZXJzdG9yZS9HTC03Y1J0Yi1jZFVlUGNCQVBuZ0h4dmhxMXd6YnBrd0FBQUYVAgLIARIAKAAYABsCiAd1c2Vfb2lsATEScHJvZ3Jlc3NpdmVfcmVjaXBlATEVAAAmkIyXxefMiAYVAigCQzMsF0AczMzMzMzNGBJkYXNoX2Jhc2VsaW5lXzFfdjERAHX-B2XqnQEA&_nc_gid=80P45T-20e6yPUrzjW13cw&_nc_ss=7a22e&_nc_zt=28&oh=00_AQA3zXZ3EIcPglOqiJ7-qcShhx820Y60I6t2_4kmZQqLMA&oe=6A51C00A
CIJJ8QRhyZD,https://www.instagram.com/reel/CIJJ8QRhyZD/,To tão apaixonada! 🥰 É hora de deixar a magia do Natal entrar 🎄❤️✨ #reels #natal #chr,1606585014,8143,323,27.600000381469727,clips,https://scontent-poa1-1.cdninstagram.com/o1/v/t2/f2/m86/AQNltQNeaU9JhgeQ6pmn9zWYgXxbx6DIZ8Gi5J0E9vyvjr67JVaZ0L9mVzSDok4l8rXQUOPTFtoe-58ec_TKMNJ_GaLTc9tB_tfiw9Q.mp4?_nc_cat=102&_nc_sid=5e9851&_nc_ht=scontent-poa1-1.cdninstagram.com&_nc_ohc=EHd_QvcVaIIQ7kNvwGM5pM3&efg=eyJ2ZW5jb2RlX3RhZyI6Inhwdl9wcm9ncmVzc2l2ZS5JTlNUQUdSQU0uQ0xJUFMuQzMuNzIwLmRhc2hfYmFzZWxpbmVfMV92MSIsInhwdl9hc3NldF9pZCI6MTY4OTg3MTY0NTE4MzUwMiwiYXNzZXRfYWdlX2RheXMiOjIwNDksInZpX3VzZWNhc2VfaWQiOjEwMTAxLCJkdXJhdGlvbl9zIjoyNywidXJsZ2VuX3NvdXJjZSI6Ind3dyJ9&ccb=17-1&vs=578e42dba6800f16&_nc_vs=HBksFQIYUmlnX3hwdl9yZWVsc19wZXJtYW5lbnRfc3JfcHJvZC9FRTRDN0Q0NUQ5RUJEQTIzQkJFMERBNEFDMzdFQUM4OF92aWRlb19kYXNoaW5pdC5tcDQVAALIARIAFQIYOnBhc3N0aHJvdWdoX2V2ZXJzdG9yZS9HTVhnY2h1Y2hEZnNWN1FCQUhNcnhCZEROVTV3YnBrd0FBQUYVAgLIARIAKAAYABsCiAd1c2Vfb2lsATEScHJvZ3Jlc3NpdmVfcmVjaXBlATEVAAAmnLiE8ry7gAYVAigCQzMsF0A7mZmZmZmaGBJkYXNoX2Jhc2VsaW5lXzFfdjERAHX-B2XqnQEA&_nc_gid=80P45T-20e6yPUrzjW13cw&_nc_ss=7a22e&_nc_zt=28&oh=00_AQATkrrtf-tB-uwWHkXHTLxgEIStWQLubdt43dkuPibCnw&oe=6A51D06B
CIGXnOWBE9v,https://www.instagram.com/reel/CIGXnOWBE9v/,"Observar a felicidade deles juntos é contagiante 🥰 Quem puder, adote mais de 1 gatinho pra ele ficar totalmente feliz e você também! 🖤🤍 #reels #kittens #yinyang ☯️",1606491524,9867,500,21.766000747680664,clips,https://scontent-poa1-1.cdninstagram.com/o1/v/t2/f2/m86/AQPHB_mCmWgmaf4rHRXxSFgxKquqMCjJeb2NJckQaWNJYuLU9YYYW5_wj6eTY3BnugqqEFvlJh_ycD6EpRO1dEbpReIKidh0lRkcPUo.mp4?_nc_cat=110&_nc_sid=5e9851&_nc_ht=scontent-poa1-1.cdninstagram.com&_nc_ohc=6dEXcPJwyrYQ7kNvwGoXxfa&efg=eyJ2ZW5jb2RlX3RhZyI6Inhwdl9wcm9ncmVzc2l2ZS5JTlNUQUdSQU0uQ0xJUFMuQzMuNzIwLmRhc2hfYmFzZWxpbmVfMV92MSIsInhwdl9hc3NldF9pZCI6ODk3MzY0OTY1NjA3MzkwLCJhc3NldF9hZ2VfZGF5cyI6MjA1MCwidmlfdXNlY2FzZV9pZCI6MTAxMDEsImR1cmF0aW9uX3MiOjIxLCJ1cmxnZW5fc291cmNlIjoid3d3In0%3D&ccb=17-1&vs=ef8c7900d28f77a4&_nc_vs=HBksFQIYUmlnX3hwdl9yZWVsc19wZXJtYW5lbnRfc3JfcHJvZC84QzQyQ0E4OUE2NTg5QkEyRkMyN0Q3QzRGRDY1MTM5QV92aWRlb19kYXNoaW5pdC5tcDQVAALIARIAFQIYOnBhc3N0aHJvdWdoX2V2ZXJzdG9yZS9HSmo0Y2h1MG5tT2l6RXdGQUJYZkdkUmZyclJqYnBrd0FBQUYVAgLIARIAKAAYABsCiAd1c2Vfb2lsATEScHJvZ3Jlc3NpdmVfcmVjaXBlATEVAAAmvJ-SgMKJmAMVAigCQzMsF0A1xBiTdLxqGBJkYXNoX2Jhc2VsaW5lXzFfdjERAHX-B2XqnQEA&_nc_gid=80P45T-20e6yPUrzjW13cw&_nc_ss=7a22e&_nc_zt=28&oh=00_AQB1AhDeaDHuuOYj5U6oz1bzKvTETl5QoD1KPlX31FwWSA&oe=6A51EC57
CID6ly-B_eQ,https://www.instagram.com/reel/CID6ly-B_eQ/,Muuito feliz com o novo membro da família 🤍 Brisa 🍃 #reels #cat,1606409190,5086,331,10.932999610900879,clips,https://scontent-poa1-1.cdninstagram.com/o1/v/t2/f2/m86/AQOuI57Nto3pqgvfmL4qt6aXouTEuvitdNgoZH28U_2wPcqP1MRl0h16UqcCwHUP8SkT0vJC16e2EOcGF000WvYzh0KFW8b-iwDSr-s.mp4?_nc_cat=102&_nc_sid=5e9851&_nc_ht=scontent-poa1-1.cdninstagram.com&_nc_ohc=z73Du6SnDYwQ7kNvwECbAXd&efg=eyJ2ZW5jb2RlX3RhZyI6Inhwdl9wcm9ncmVzc2l2ZS5JTlNUQUdSQU0uQ0xJUFMuQzMuNzIwLmRhc2hfYmFzZWxpbmVfMV92MSIsInhwdl9hc3NldF9pZCI6ODcyNzE1NjM0ODE2MjU2LCJhc3NldF9hZ2VfZGF5cyI6MjA1MSwidmlfdXNlY2FzZV9pZCI6MTAxMDEsImR1cmF0aW9uX3MiOjEwLCJ1cmxnZW5fc291cmNlIjoid3d3In0%3D&ccb=17-1&vs=77afad46705c2351&_nc_vs=HBksFQIYUmlnX3hwdl9yZWVsc19wZXJtYW5lbnRfc3JfcHJvZC80NzQ3MDkxMThEQkM4OUVBNUZCRjY3QjRDNDFDRjM5MV92aWRlb19kYXNoaW5pdC5tcDQVAALIARIAFQIYOnBhc3N0aHJvdWdoX2V2ZXJzdG9yZS9HSGJfYnhzZDltdnNHTkFEQUpmei1lUk9obTFSYnBrd0FBQUYVAgLIARIAKAAYABsCiAd1c2Vfb2lsATEScHJvZ3Jlc3NpdmVfcmVjaXBlATEVAAAmgNS5lt7ujAMVAigCQzMsF0Al3bItDlYEGBJkYXNoX2Jhc2VsaW5lXzFfdjERAHX-B2XqnQEA&_nc_gid=80P45T-20e6yPUrzjW13cw&_nc_ss=7a22e&_nc_zt=28&oh=00_AQA2qfxr4_e3tJX5nG6zLNKD9HEaa9yNtni27WAcOlIoKg&oe=6A51EE8F
CH_bFd7h_3y,https://www.instagram.com/reel/CH_bFd7h_3y/,"vamos, tesouro! 😌 kkkkkk não me aguentei #reels obs: aprendi dps de ter postado que o verbo “judiar” é formado pela palavra “judeu” mais o sufixo “iar”. Portanto, judiar significa “tratar como os judeus foram tratados”.. ou seja, uma expressão xenofóbica!!! vamos evitar 🤍",1606258450,230925,37603,7.966000080108643,clips,https://scontent-poa1-1.cdninstagram.com/o1/v/t2/f2/m86/AQMRlOIiRe7_RPzh2Z9c89sjGjARlL6eKre20DoWXfm2-t7OgQIL2G25YZFHUNnu_yjmjurZ9EI2JUgUW5qztLdPryYZ9vphBdjk9Xc.mp4?_nc_cat=102&_nc_sid=5e9851&_nc_ht=scontent-poa1-1.cdninstagram.com&_nc_ohc=3oCkMwzLfWwQ7kNvwEgfbUP&efg=eyJ2ZW5jb2RlX3RhZyI6Inhwdl9wcm9ncmVzc2l2ZS5JTlNUQUdSQU0uQ0xJUFMuQzMuNzIwLmRhc2hfYmFzZWxpbmVfMV92MSIsInhwdl9hc3NldF9pZCI6MzYyNjU0NjQwMTQ3MzU1LCJhc3NldF9hZ2VfZGF5cyI6MjA1MiwidmlfdXNlY2FzZV9pZCI6MTAxMDEsImR1cmF0aW9uX3MiOjcsInVybGdlbl9zb3VyY2UiOiJ3d3cifQ%3D%3D&ccb=17-1&vs=8b327ae7a34ac839&_nc_vs=HBksFQIYUmlnX3hwdl9yZWVsc19wZXJtYW5lbnRfc3JfcHJvZC80MjRDRjgxRDA1MTFFNThGRTExOTk2MUY0MjE5NURCNV92aWRlb19kYXNoaW5pdC5tcDQVAALIARIAFQIYOnBhc3N0aHJvdWdoX2V2ZXJzdG9yZS9HSE1sZFJ2bWFrb2h2N1lEQUs2R1pteHVPRkZxYnBrd0FBQUYVAgLIARIAKAAYABsCiAd1c2Vfb2lsATEScHJvZ3Jlc3NpdmVfcmVjaXBlATEVAAAmtq6E0KP1pAEVAigCQzMsF0Af3S8an753GBJkYXNoX2Jhc2VsaW5lXzFfdjERAHX-B2XqnQEA&_nc_gid=80P45T-20e6yPUrzjW13cw&_nc_ss=7a22e&_nc_zt=28&oh=00_AQA2QpDhncOSg-UcMCbaRQS4qsA4-HC5a57Nj3qDTcMjeg&oe=6A51CDBF
CH-1Y8mBfxI,https://www.instagram.com/reel/CH-1Y8mBfxI/,Nunca achei que seria tão difícil e divertido ao mesmo tempo montar uma árvore de Natal aqui em casa 🎄😂🖤🐱 #reels #natal #arvoredenatal #christmas,1606238694,3160,148,30.020999908447266,clips,https://scontent-poa1-1.cdninstagram.com/o1/v/t2/f2/m86/AQMA9g1oy1FNgV1cz2b8bLidUsxfEa4OmfO42LSlb2gDDulH69eXQgAkwEI-6dx1qO_sHrXAubhzvjeGDUjhFU1lojnlHy_I9INnl-w.mp4?_nc_cat=111&_nc_sid=5e9851&_nc_ht=scontent-poa1-1.cdninstagram.com&_nc_ohc=MIylgy8axWwQ7kNvwFYOlLd&efg=eyJ2ZW5jb2RlX3RhZyI6Inhwdl9wcm9ncmVzc2l2ZS5JTlNUQUdSQU0uQ0xJUFMuQzMuNzIwLmRhc2hfYmFzZWxpbmVfMV92MSIsInhwdl9hc3NldF9pZCI6ODcyNjMyMDM4MzAzOTI3LCJhc3NldF9hZ2VfZGF5cyI6MjA1MywidmlfdXNlY2FzZV9pZCI6MTAxMDEsImR1cmF0aW9uX3MiOjMwLCJ1cmxnZW5fc291cmNlIjoid3d3In0%3D&ccb=17-1&vs=9e2e9f7e6568b71c&_nc_vs=HBksFQIYUmlnX3hwdl9yZWVsc19wZXJtYW5lbnRfc3JfcHJvZC9CODQ5QzY5N0JEMTMzOEY3NDYyOTAzRjI0RkE2OUFCRV92aWRlb19kYXNoaW5pdC5tcDQVAALIARIAFQIYOnBhc3N0aHJvdWdoX2V2ZXJzdG9yZS9HQ0xkYmh1Ni1mSll2c29EQUJWQmNJY3hLM0Y1YnBrd0FBQUYVAgLIARIAKAAYABsCiAd1c2Vfb2lsATEScHJvZ3Jlc3NpdmVfcmVjaXBlATEVAAAm7qLNqu_pjAMVAigCQzMsF0A-AAAAAAAAGBJkYXNoX2Jhc2VsaW5lXzFfdjERAHX-B2XqnQEA&_nc_gid=80P45T-20e6yPUrzjW13cw&_nc_ss=7a22e&_nc_zt=28&oh=00_AQDnv7iynoL-8fmThufCvci9k19UeyWBRrB8eVCXnzkTsQ&oe=6A51D774
CH6NSSUh-_g,https://www.instagram.com/reel/CH6NSSUh-_g/,não tenho 1 minuto de paz nessa casa 🧠🤯 #reels id: @corpodebem,1606083448,8444,523,13.899999618530273,clips,https://scontent-poa1-1.cdninstagram.com/o1/v/t2/f2/m86/AQNHmvub0stktmttnCC38H4X3d2ErUdqrtZ1nlqVLWR47iPdFBK3mIUo_5yV84qql83T5Iz9hRV5rWMbm6FG87TOSVKDfi_HHp0RK0M.mp4?_nc_cat=103&_nc_sid=5e9851&_nc_ht=scontent-poa1-1.cdninstagram.com&_nc_ohc=IzN__qlXQQQQ7kNvwFIinea&efg=eyJ2ZW5jb2RlX3RhZyI6Inhwdl9wcm9ncmVzc2l2ZS5JTlNUQUdSQU0uQ0xJUFMuQzMuNzIwLmRhc2hfYmFzZWxpbmVfMV92MSIsInhwdl9hc3NldF9pZCI6NDk2MjAxMjIzMjU4NDk5LCJhc3NldF9hZ2VfZGF5cyI6MjA1NCwidmlfdXNlY2FzZV9pZCI6MTAxMDEsImR1cmF0aW9uX3MiOjEzLCJ1cmxnZW5fc291cmNlIjoid3d3In0%3D&ccb=17-1&vs=c54a71635fb19d8d&_nc_vs=HBksFQIYUmlnX3hwdl9yZWVsc19wZXJtYW5lbnRfc3JfcHJvZC9GQzRGNDQ5NUVGRTM4MUVENDczRDMwOTdFMDAxMDA5MF92aWRlb19kYXNoaW5pdC5tcDQVAALIARIAFQIYOnBhc3N0aHJvdWdoX2V2ZXJzdG9yZS9HTnlsY0JzRS03MHhSOFlCQUpOVnlNaUFYaE5GYnBrd0FBQUYVAgLIARIAKAAYABsCiAd1c2Vfb2lsATEScHJvZ3Jlc3NpdmVfcmVjaXBlATEVAAAmhoaymtvS4QEVAigCQzMsF0ArzMzMzMzNGBJkYXNoX2Jhc2VsaW5lXzFfdjERAHX-B2XqnQEA&_nc_gid=80P45T-20e6yPUrzjW13cw&_nc_ss=7a22e&_nc_zt=28&oh=00_AQDivKeDWaatwGkVWYUgWPVq-kdJcThUYvSLYD3hcQD8cg&oe=6A51CEC8
CH21NgXB1lT,https://www.instagram.com/reel/CH21NgXB1lT/,pq eu faço isso?? 🥴 #reels id: @virginiapeporini,1605970159,14230,634,8,clips,https://scontent-poa1-1.cdninstagram.com/o1/v/t2/f2/m86/AQMPrMXPmgLhB4khFMwZSkE1FxZjgI_VnSOrTTEOynWxqJgIKrCCkpQEzHCGuXnPOerOgdycYf-AuhyCTib5VmJ6yutblZ6QF0bsi24.mp4?_nc_cat=106&_nc_sid=5e9851&_nc_ht=scontent-poa1-1.cdninstagram.com&_nc_ohc=i4d98aBgfrsQ7kNvwE-rPdZ&efg=eyJ2ZW5jb2RlX3RhZyI6Inhwdl9wcm9ncmVzc2l2ZS5JTlNUQUdSQU0uQ0xJUFMuQzMuNzIwLmRhc2hfYmFzZWxpbmVfMV92MSIsInhwdl9hc3NldF9pZCI6NTM5ODc3Njc4NDI5NzI4LCJhc3NldF9hZ2VfZGF5cyI6MjA1NiwidmlfdXNlY2FzZV9pZCI6MTAxMDEsImR1cmF0aW9uX3MiOjgsInVybGdlbl9zb3VyY2UiOiJ3d3cifQ%3D%3D&ccb=17-1&vs=dc66bc3064bca070&_nc_vs=HBksFQIYUmlnX3hwdl9yZWVsc19wZXJtYW5lbnRfc3JfcHJvZC9GNTRDODZGNjVBNzMwQTIxMzIxRTM0MjhBRjBBOURBQV92aWRlb19kYXNoaW5pdC5tcDQVAALIARIAFQIYOnBhc3N0aHJvdWdoX2V2ZXJzdG9yZS9HUEgwYkJzZHdVX1JDdXNDQUJFQV9qcklycWdQYnBrd0FBQUYVAgLIARIAKAAYABsCiAd1c2Vfb2lsATEScHJvZ3Jlc3NpdmVfcmVjaXBlATEVAAAmwNj1k4LB9QEVAigCQzMsF0AgAAAAAAAAGBJkYXNoX2Jhc2VsaW5lXzFfdjERAHX-B2XqnQEA&_nc_gid=80P45T-20e6yPUrzjW13cw&_nc_ss=7a22e&_nc_zt=28&oh=00_AQB9D6NBbmJwrb5jX6ZVYi_iNT_807BSUMq_SX1CmCrOWQ&oe=6A51ECCB
CHyeMIUhh1E,https://www.instagram.com/reel/CHyeMIUhh1E/,terei que abrir uma exceção 😌 vcs também têm um ídolo de infância?? #reels #katyperry #katycats id: @matheustheodoro_,1605823870,12366,513,12.699999809265137,clips,https://scontent-poa1-1.cdninstagram.com/o1/v/t2/f2/m86/AQMfcxyPagsrukPHo3JrXpx4Q4d-gwPAnC_jiBo2WhFNcbkDYyjnbaLUDTa4Qito9pc0zwzH4e7IcrysYDuk8rtRO4QL3KVhwSx6sAk.mp4?_nc_cat=105&_nc_sid=5e9851&_nc_ht=scontent-poa1-1.cdninstagram.com&_nc_ohc=AQrRR1enPmcQ7kNvwGYzT73&efg=eyJ2ZW5jb2RlX3RhZyI6Inhwdl9wcm9ncmVzc2l2ZS5JTlNUQUdSQU0uQ0xJUFMuQzMuNzIwLmRhc2hfYmFzZWxpbmVfMV92MSIsInhwdl9hc3NldF9pZCI6MjAwNzE3MTUwMzA3MTA2OCwiYXNzZXRfYWdlX2RheXMiOjIwNTcsInZpX3VzZWNhc2VfaWQiOjEwMTAxLCJkdXJhdGlvbl9zIjoxMiwidXJsZ2VuX3NvdXJjZSI6Ind3dyJ9&ccb=17-1&vs=bd507976c2aa4fbc&_nc_vs=HBksFQIYUmlnX3hwdl9yZWVsc19wZXJtYW5lbnRfc3JfcHJvZC8zQzRCNzUwQTk1QTc1OTdBNUI3MDgzMDAwM0JBM0JCMl92aWRlb19kYXNoaW5pdC5tcDQVAALIARIAFQIYOnBhc3N0aHJvdWdoX2V2ZXJzdG9yZS9HQ0dPT2hzcWg1MVNOam9FQUpIR2ZpWkRhczBQYnBrd0FBQUYVAgLIARIAKAAYABsCiAd1c2Vfb2lsATEScHJvZ3Jlc3NpdmVfcmVjaXBlATEVAAAmuP2Mh-HgkAcVAigCQzMsF0ApZmZmZmZmGBJkYXNoX2Jhc2VsaW5lXzFfdjERAHX-B2XqnQEA&_nc_gid=80P45T-20e6yPUrzjW13cw&_nc_ss=7a22e&_nc_zt=28&oh=00_AQBLzMS6YJeIE0htPt46u55P2qYgbBXiheU_hsKAmQn6_Q&oe=6A51C5DE
CHgftVchESJ,https://www.instagram.com/reel/CHgftVchESJ/,Um pouquinho dessa vibe pra vcs 🌞✨🌊🤍 #reels #trip #férias #sea,1605220738,4858,290,25.132999420166016,clips,https://scontent-poa1-1.cdninstagram.com/o1/v/t2/f2/m86/AQOzY_TuWxkqN40bc_25F_5Jzie8bbv9uv691hYcmPj7NkFJ0kLRFLkvbVbhDpE-DVrwp5PdyWXfBmkC8eaQiM9MpoNsPicoEkdP9fk.mp4?_nc_cat=111&_nc_sid=5e9851&_nc_ht=scontent-poa1-1.cdninstagram.com&_nc_ohc=Ub-dILMXgswQ7kNvwE5mcVr&efg=eyJ2ZW5jb2RlX3RhZyI6Inhwdl9wcm9ncmVzc2l2ZS5JTlNUQUdSQU0uQ0xJUFMuQzMuNzIwLmRhc2hfYmFzZWxpbmVfMV92MSIsInhwdl9hc3NldF9pZCI6ODQzNzAzMTE0NjE2NzA2LCJhc3NldF9hZ2VfZGF5cyI6MjA2NCwidmlfdXNlY2FzZV9pZCI6MTAxMDEsImR1cmF0aW9uX3MiOjI1LCJ1cmxnZW5fc291cmNlIjoid3d3In0%3D&ccb=17-1&vs=33eea37d37fea6b&_nc_vs=HBksFQIYUmlnX3hwdl9yZWVsc19wZXJtYW5lbnRfc3JfcHJvZC83RjQ2NDM1QzlBMkU0OTgxQTVDRUZCODQ1RDc3MzQ4MV92aWRlb19kYXNoaW5pdC5tcDQVAALIARIAFQIYOnBhc3N0aHJvdWdoX2V2ZXJzdG9yZS9HT3FBZHh1VlViZjJ2SzBEQVBwRmRUdHFYQ2RnYnBrd0FBQUYVAgLIARIAKAAYABsCiAd1c2Vfb2lsATEScHJvZ3Jlc3NpdmVfcmVjaXBlATEVAAAmhL6Kh_7V_wIVAigCQzMsF0A5IgxJul41GBJkYXNoX2Jhc2VsaW5lXzFfdjERAHX-B2XqnQEA&_nc_gid=80P45T-20e6yPUrzjW13cw&_nc_ss=7a22e&_nc_zt=28&oh=00_AQBKxPETXiYufbz7L0bf-K6GlHF6sZ8PBj1zaaaznQWNhA&oe=6A51C848
CHQWgjYHWWA,https://www.instagram.com/reel/CHQWgjYHWWA/,A motivação pra gravar dublagem é aprender a cantar a letra kkk 😬🎵,1604678996,4960,305,17.865999221801758,clips,https://scontent-poa1-1.cdninstagram.com/o1/v/t2/f2/m86/AQNtrgWD4BM4MiGP69KotC1kQ2wvslYccOZPDt1DyBBL5Z-wIhoel0XUeyAr33ANYMi3jwlKXlNjRvycTEcnY6GPegDwmTGYVJirevs.mp4?_nc_cat=110&_nc_sid=5e9851&_nc_ht=scontent-poa1-1.cdninstagram.com&_nc_ohc=eA0v85V1cpQQ7kNvwGYRDtv&efg=eyJ2ZW5jb2RlX3RhZyI6Inhwdl9wcm9ncmVzc2l2ZS5JTlNUQUdSQU0uQ0xJUFMuQzMuNzIwLmRhc2hfYmFzZWxpbmVfMV92MSIsInhwdl9hc3NldF9pZCI6MTI4MTc0NTYxOTY1NTk2NSwiYXNzZXRfYWdlX2RheXMiOjIwNzEsInZpX3VzZWNhc2VfaWQiOjEwMTAxLCJkdXJhdGlvbl9zIjoxNywidXJsZ2VuX3NvdXJjZSI6Ind3dyJ9&ccb=17-1&vs=c3366a98e62fc549&_nc_vs=HBksFQIYUmlnX3hwdl9yZWVsc19wZXJtYW5lbnRfc3JfcHJvZC85MzRFNTY2RDk2MDY0QjQyNzA2Q0REQkY0N0QwNEM4NV92aWRlb19kYXNoaW5pdC5tcDQVAALIARIAFQIYOnBhc3N0aHJvdWdoX2V2ZXJzdG9yZS9HSVZJYlJ1NHFrcnNKYW9EQUtWWWpuYk1Jb0p5YnBrd0FBQUYVAgLIARIAKAAYABsCiAd1c2Vfb2lsATEScHJvZ3Jlc3NpdmVfcmVjaXBlATEVAAAmuvTQhbXvxgQVAigCQzMsF0Ax3bItDlYEGBJkYXNoX2Jhc2VsaW5lXzFfdjERAHX-B2XqnQEA&_nc_gid=BrUUclfe6TAtFaF7yQkPwQ&_nc_ss=7a22e&_nc_zt=28&oh=00_AQCzhJSZu3v2BrBM51KFn1ukzbEZo46gSR6RDaKoma6kEA&oe=6A51E1CF
CHL1Xp2He-5,https://www.instagram.com/reel/CHL1Xp2He-5/,Só nossa opinião importa 🌝 @bellascarcela #reels,1604527405,44233,3653,19.533000946044922,clips,https://scontent-poa1-1.cdninstagram.com/o1/v/t2/f2/m86/AQOPciIAgYYrz7mk-j_ZBIPsGiN_IKuB4BS_DEKQIvcIONdCsnOOYuzcgDuzNqDnDRh-C__n7nZ-CJwBxXNT36sGWTuxH46bHpzY6rw.mp4?_nc_cat=110&_nc_sid=5e9851&_nc_ht=scontent-poa1-1.cdninstagram.com&_nc_ohc=x6eUo507sAoQ7kNvwF_jTYc&efg=eyJ2ZW5jb2RlX3RhZyI6Inhwdl9wcm9ncmVzc2l2ZS5JTlNUQUdSQU0uQ0xJUFMuQzMuNzIwLmRhc2hfYmFzZWxpbmVfMV92MSIsInhwdl9hc3NldF9pZCI6MTIzNjIyMjc0Nzc5NzY2MiwiYXNzZXRfYWdlX2RheXMiOjIwNzIsInZpX3VzZWNhc2VfaWQiOjEwMTAxLCJkdXJhdGlvbl9zIjoxOSwidXJsZ2VuX3NvdXJjZSI6Ind3dyJ9&ccb=17-1&vs=5de3283b96025464&_nc_vs=HBksFQIYUmlnX3hwdl9yZWVsc19wZXJtYW5lbnRfc3JfcHJvZC9EQTRGNjUxQTJGRjFFOUM0QjFGNzgyQ0JCNkU4REVBM192aWRlb19kYXNoaW5pdC5tcDQVAALIARIAFQIYOnBhc3N0aHJvdWdoX2V2ZXJzdG9yZS9HSmtYWmh0TW40VFpIMTBCQU53Q18yM2puQmhWYnBrd0FBQUYVAgLIARIAKAAYABsCiAd1c2Vfb2lsATEScHJvZ3Jlc3NpdmVfcmVjaXBlATEVAAAmvKL3m9GVsgQVAigCQzMsF0AziHKwIMScGBJkYXNoX2Jhc2VsaW5lXzFfdjERAHX-B2XqnQEA&_nc_gid=BrUUclfe6TAtFaF7yQkPwQ&_nc_ss=7a22e&_nc_zt=28&oh=00_AQD4UF0ZtugPUGxBEZXpeR5ykSe6I_1hOHHYLOvqG4YDOA&oe=6A51DC87
CHDkMWaBasW,https://www.instagram.com/reel/CHDkMWaBasW/,"São pequenas ações para cuidar da nossa única casa: 🌎 Que você pode por em prática já, sem precisar embarcar no veganismo ainda. Minha 5ª sugestão é para você pesquisar sobre essa causa para entender por conta própria que vai muito além de salvar animais, Veganismo é sobre preservar a vida. E conhecimento é tudo! 💡 #Reels #DiaMundialDoVeganismo #GoVegan",1604249961,55873,1014,14.133000373840332,clips,https://scontent-poa1-1.cdninstagram.com/o1/v/t2/f2/m86/AQOKjrrux6dNLTiXG9-x6EpzT7FTkG6VXnFkAPgov5DnOoxeYTshxNo2FzN1Rjyi5cM05SQ3PopMKws1wNQGn9RXD1mjXWB1qIoRzkU.mp4?_nc_cat=104&_nc_sid=5e9851&_nc_ht=scontent-poa1-1.cdninstagram.com&_nc_ohc=fPq-k0Cr7u4Q7kNvwG0zxkp&efg=eyJ2ZW5jb2RlX3RhZyI6Inhwdl9wcm9ncmVzc2l2ZS5JTlNUQUdSQU0uQ0xJUFMuQzMuNzIwLmRhc2hfYmFzZWxpbmVfMV92MSIsInhwdl9hc3NldF9pZCI6MTE5Mjk2MjU0ODU3NjYyNywiYXNzZXRfYWdlX2RheXMiOjIwNzYsInZpX3VzZWNhc2VfaWQiOjEwMTAxLCJkdXJhdGlvbl9zIjoxNCwidXJsZ2VuX3NvdXJjZSI6Ind3dyJ9&ccb=17-1&vs=3630c2c4ab99bb6d&_nc_vs=HBksFQIYUmlnX3hwdl9yZWVsc19wZXJtYW5lbnRfc3JfcHJvZC9CQTQwNkY5MjY4QzY2QzA1MzRBNzBCRjJBNjFFQTk4Ql92aWRlb19kYXNoaW5pdC5tcDQVAALIARIAFQIYOnBhc3N0aHJvdWdoX2V2ZXJzdG9yZS9HRWtMTXh0d1U0bmxMeFFkQUZpX3J2QWhKMnNsYnBrd0FBQUYVAgLIARIAKAAYABsCiAd1c2Vfb2lsATEScHJvZ3Jlc3NpdmVfcmVjaXBlATEVAAAm5sWBz8e_ngQVAigCQzMsF0AsRBiTdLxqGBJkYXNoX2Jhc2VsaW5lXzFfdjERAHX-B2XqnQEA&_nc_gid=BrUUclfe6TAtFaF7yQkPwQ&_nc_ss=7a22e&_nc_zt=28&oh=00_AQBM4z61_RdbIoQztOof1GncOWzEgNLGJ5BkYBHpigq4cw&oe=6A51E6FD
CG7uR2CBD0l,https://www.instagram.com/reel/CG7uR2CBD0l/,"bela, recatada e delicada como um coice de mula ☕️☠️😘 #reels",1603986818,5563,380,8.065999984741211,clips,https://scontent-poa1-1.cdninstagram.com/o1/v/t2/f2/m86/AQNU5A9DJQaLPPt2QR79dhIBti3czEdsEl7mZIaj5nSqY1zLq3QlfoTjhnpDin4Vw19zW1RhwEkGQ2wNV2cRfAYPe73-sQQ4lO1B1LU.mp4?_nc_cat=106&_nc_sid=5e9851&_nc_ht=scontent-poa1-1.cdninstagram.com&_nc_ohc=8L_NVIJ_-DgQ7kNvwFbZ1ka&efg=eyJ2ZW5jb2RlX3RhZyI6Inhwdl9wcm9ncmVzc2l2ZS5JTlNUQUdSQU0uQ0xJUFMuQzMuNzIwLmRhc2hfYmFzZWxpbmVfMV92MSIsInhwdl9hc3NldF9pZCI6ODMzNTA0ODY1NTk4NTExLCJhc3NldF9hZ2VfZGF5cyI6MjA3OSwidmlfdXNlY2FzZV9pZCI6MTAxMDEsImR1cmF0aW9uX3MiOjgsInVybGdlbl9zb3VyY2UiOiJ3d3cifQ%3D%3D&ccb=17-1&vs=d52fd6605f277ec4&_nc_vs=HBksFQIYUmlnX3hwdl9yZWVsc19wZXJtYW5lbnRfc3JfcHJvZC82NzRDNTY4NThGMkY3MTkzQThENTc3MTE1NDRERjRCRl92aWRlb19kYXNoaW5pdC5tcDQVAALIARIAFQIYOnBhc3N0aHJvdWdoX2V2ZXJzdG9yZS9HTGN6Ymh0TTBHckFkNmtIQUpKVzhhcGp5aG91YnBrd0FBQUYVAgLIARIAKAAYABsCiAd1c2Vfb2lsATEScHJvZ3Jlc3NpdmVfcmVjaXBlATEVAAAm3vD1lq-E-wIVAigCQzMsF0AgIcrAgxJvGBJkYXNoX2Jhc2VsaW5lXzFfdjERAHX-B2XqnQEA&_nc_gid=BrUUclfe6TAtFaF7yQkPwQ&_nc_ss=7a22e&_nc_zt=28&oh=00_AQA1BPRcyMeCkZ_axZwGwr6kULNQqjyFcPbI2Ut8RVIuPA&oe=6A51CD1B
CG0pWU3hUqn,https://www.instagram.com/reel/CG0pWU3hUqn/,seria tudo tão mais fácil 🤔 #reels,1603749346,11184,433,9.800000190734863,clips,https://scontent-poa1-1.cdninstagram.com/o1/v/t2/f2/m86/AQMACqc6TatGdDPJSsSLNzP-OW4qzVhEI14P4BnSOGWoM_Kf7KUSjYmUSZqmfWqSLiA1KpkTcQLEEgzJbULOsgX95sgS2tSN72jZ0Ac.mp4?_nc_cat=105&_nc_sid=5e9851&_nc_ht=scontent-poa1-1.cdninstagram.com&_nc_ohc=ROls52hYKIUQ7kNvwGIlXBf&efg=eyJ2ZW5jb2RlX3RhZyI6Inhwdl9wcm9ncmVzc2l2ZS5JTlNUQUdSQU0uQ0xJUFMuQzMuNzIwLmRhc2hfYmFzZWxpbmVfMV92MSIsInhwdl9hc3NldF9pZCI6MjQ3OTMxMzg1NTU4Nzg3NCwiYXNzZXRfYWdlX2RheXMiOjIwODEsInZpX3VzZWNhc2VfaWQiOjEwMTAxLCJkdXJhdGlvbl9zIjo5LCJ1cmxnZW5fc291cmNlIjoid3d3In0%3D&ccb=17-1&vs=d10f78c05a827094&_nc_vs=HBksFQIYUmlnX3hwdl9yZWVsc19wZXJtYW5lbnRfc3JfcHJvZC82NTRGNjFEQ0UzRDYwRjE0MEEwQTBEMDQ0NzYzODE4NV92aWRlb19kYXNoaW5pdC5tcDQVAALIARIAFQIYOnBhc3N0aHJvdWdoX2V2ZXJzdG9yZS9HSFJyUHhzRG1ST0d4bUVCQUJpRGFkb0NRam9ZYnBrd0FBQUYVAgLIARIAKAAYABsCiAd1c2Vfb2lsATEScHJvZ3Jlc3NpdmVfcmVjaXBlATEVAAAmxJix2oe75wgVAigCQzMsF0AjmZmZmZmaGBJkYXNoX2Jhc2VsaW5lXzFfdjERAHX-B2XqnQEA&_nc_gid=BrUUclfe6TAtFaF7yQkPwQ&_nc_ss=7a22e&_nc_zt=28&oh=00_AQB2mZMJb8P3hanQwgYHpXkPyVpshSDriTCuww2Q-AomHQ&oe=6A51DCEA
CGvjFyfhOLg,https://www.instagram.com/reel/CGvjFyfhOLg/,desafio do sabadão muito bem concluído ✔️🍷 hehe #reels,1603578297,6185,420,20.5,clips,https://scontent-poa1-1.cdninstagram.com/o1/v/t2/f2/m86/AQPRTyXEZwkWdgS_FDjnL0RqKG1crukzHKuO7vZxfdgap8qZvSixq3RczekFEKZ9TwMNLjsgcAqM2hG-GVK1s3LJxcaMbZGVWiTxFPQ.mp4?_nc_cat=107&_nc_sid=5e9851&_nc_ht=scontent-poa1-1.cdninstagram.com&_nc_ohc=zj7razXWSIcQ7kNvwGIw1oX&efg=eyJ2ZW5jb2RlX3RhZyI6Inhwdl9wcm9ncmVzc2l2ZS5JTlNUQUdSQU0uQ0xJUFMuQzMuNzIwLmRhc2hfYmFzZWxpbmVfMV92MSIsInhwdl9hc3NldF9pZCI6MTIzOTE4NDAzNzUzMDQwOSwiYXNzZXRfYWdlX2RheXMiOjIwODMsInZpX3VzZWNhc2VfaWQiOjEwMTAxLCJkdXJhdGlvbl9zIjoyMCwidXJsZ2VuX3NvdXJjZSI6Ind3dyJ9&ccb=17-1&vs=683be9d38202c83a&_nc_vs=HBksFQIYUmlnX3hwdl9yZWVsc19wZXJtYW5lbnRfc3JfcHJvZC8zRjQ0RUZBQ0VFMTREQjlDNzc2OUE4RUZFN0I0Q0Y4Ql92aWRlb19kYXNoaW5pdC5tcDQVAALIARIAFQIYOnBhc3N0aHJvdWdoX2V2ZXJzdG9yZS9HTDZjYmh2WTEwMUlUZThCQUZLSHQ5a1FxRDhCYnBrd0FBQUYVAgLIARIAKAAYABsCiAd1c2Vfb2lsATEScHJvZ3Jlc3NpdmVfcmVjaXBlATEVAAAm0qzyxYDCswQVAigCQzMsF0A0gAAAAAAAGBJkYXNoX2Jhc2VsaW5lXzFfdjERAHX-B2XqnQEA&_nc_gid=BrUUclfe6TAtFaF7yQkPwQ&_nc_ss=7a22e&_nc_zt=28&oh=00_AQDWyNWNAyelFNQgHroVpPRK4TFxpyldXKdciH0ovDyHxw&oe=6A51CE58
CGqekUCBJDs,https://www.instagram.com/reel/CGqekUCBJDs/,quando bate na porta é inevitável kk 🖤 @alefmarqs #reels,1603408153,56409,2834,13.032999992370605,clips,https://scontent-poa1-1.cdninstagram.com/o1/v/t2/f2/m86/AQP2zt-de36WW94_s_nRsrxsvWrn8Ylhha1RISxcq3gl3YTYYpQjd3p007c1qH3uup_bPVeDKs7BmuEmCkXkEuTOvPVaKYiNfkxMBZE.mp4?_nc_cat=106&_nc_sid=5e9851&_nc_ht=scontent-poa1-1.cdninstagram.com&_nc_ohc=4gwfc5TSZfMQ7kNvwGMOxRp&efg=eyJ2ZW5jb2RlX3RhZyI6Inhwdl9wcm9ncmVzc2l2ZS5JTlNUQUdSQU0uQ0xJUFMuQzMuNzIwLmRhc2hfYmFzZWxpbmVfMV92MSIsInhwdl9hc3NldF9pZCI6OTA0MjU5OTA4MjcwNDI1LCJhc3NldF9hZ2VfZGF5cyI6MjA4NSwidmlfdXNlY2FzZV9pZCI6MTAxMDEsImR1cmF0aW9uX3MiOjEzLCJ1cmxnZW5fc291cmNlIjoid3d3In0%3D&ccb=17-1&vs=6e281c8d448cdad&_nc_vs=HBksFQIYUmlnX3hwdl9yZWVsc19wZXJtYW5lbnRfc3JfcHJvZC82QzQ1NEM2NjcyNzEyNTgwRDczQzQ5MTk2RDkyQkFCQ192aWRlb19kYXNoaW5pdC5tcDQVAALIARIAFQIYOnBhc3N0aHJvdWdoX2V2ZXJzdG9yZS9HTjJXaFJ1cUw5dXBQdW9CQUgzRTJ0eVZDemMzYnBrd0FBQUYVAgLIARIAKAAYABsCiAd1c2Vfb2lsATEScHJvZ3Jlc3NpdmVfcmVjaXBlATEVAAAmsuXvqe2amwMVAigCQzMsF0AqEOVgQYk3GBJkYXNoX2Jhc2VsaW5lXzFfdjERAHX-B2XqnQEA&_nc_gid=BrUUclfe6TAtFaF7yQkPwQ&_nc_ss=7a22e&_nc_zt=28&oh=00_AQB6F7rMQRZZWwDXrQ7vxAhVQTqN47Qik03fDuQY4_mEBg&oe=6A51DC33
CGnu4PlBCBV,https://www.instagram.com/reel/CGnu4PlBCBV/,Queria que fosse meme viu 😂 #reels,1603316076,6677,357,12,clips,https://scontent-poa1-1.cdninstagram.com/o1/v/t2/f2/m86/AQN_yXDRH1DuK5a3RvxN-FptasPKJwqRmkiLqFStnMy3RMh8fMvfnOWy0QI-TR6a69ZzAZTkumunkdbMZn3o29X_EU_GQD41aN_IMrM.mp4?_nc_cat=111&_nc_sid=5e9851&_nc_ht=scontent-poa1-1.cdninstagram.com&_nc_ohc=QNYkiEs8b7UQ7kNvwEiqeDC&efg=eyJ2ZW5jb2RlX3RhZyI6Inhwdl9wcm9ncmVzc2l2ZS5JTlNUQUdSQU0uQ0xJUFMuQzMuNzIwLmRhc2hfYmFzZWxpbmVfMV92MSIsInhwdl9hc3NldF9pZCI6ODM3Mzk0ODQ0ODQ3MDI5LCJhc3NldF9hZ2VfZGF5cyI6MjA4NiwidmlfdXNlY2FzZV9pZCI6MTAxMDEsImR1cmF0aW9uX3MiOjEyLCJ1cmxnZW5fc291cmNlIjoid3d3In0%3D&ccb=17-1&vs=4a7479fdb7078bf1&_nc_vs=HBksFQIYUmlnX3hwdl9yZWVsc19wZXJtYW5lbnRfc3JfcHJvZC9BNjQ5MjY0RTJGMjAxMjZBNTA1M0E5NDk0QjA0MDU4Ql92aWRlb19kYXNoaW5pdC5tcDQVAALIARIAFQIYOnBhc3N0aHJvdWdoX2V2ZXJzdG9yZS9HSmdxWWh1X0NRRlFuTkVEQUlQemh3cERtNjhWYnBrd0FBQUYVAgLIARIAKAAYABsCiAd1c2Vfb2lsATEScHJvZ3Jlc3NpdmVfcmVjaXBlATEVAAAm6q6c5OXm_AIVAigCQzMsF0AoAAAAAAAAGBJkYXNoX2Jhc2VsaW5lXzFfdjERAHX-B2XqnQEA&_nc_gid=BrUUclfe6TAtFaF7yQkPwQ&_nc_ss=7a22e&_nc_zt=28&oh=00_AQDZkfVSUrQZJBSXxOQ6XhsC5Zd4o73e8l59pNG0QHAG7w&oe=6A51D38C
CGYTrZNBx6E,https://www.instagram.com/reel/CGYTrZNBx6E/,me parece um ótimo dia para relembrar esse fashion feito com tanto amor 🖤 @by.action #tbt,1602798463,4746,317,15.032999992370605,clips,https://scontent-poa1-1.cdninstagram.com/o1/v/t2/f2/m86/AQOv5d7Voz81jgMV8fQ_WjfdfOREZ_TOqL14mLqfQcPvjDvgKZZnJy9n8goa1z5wuLxzcjv1yFJzrhqQ76TioYwu20vj8v73gBmqUmo.mp4?_nc_cat=105&_nc_sid=5e9851&_nc_ht=scontent-poa1-1.cdninstagram.com&_nc_ohc=dYjv3qVcqQIQ7kNvwHY5Y6t&efg=eyJ2ZW5jb2RlX3RhZyI6Inhwdl9wcm9ncmVzc2l2ZS5JTlNUQUdSQU0uQ0xJUFMuQzMuNzIwLmRhc2hfYmFzZWxpbmVfMV92MSIsInhwdl9hc3NldF9pZCI6MTI2NTYyOTc1MTExMDE3MiwiYXNzZXRfYWdlX2RheXMiOjIwOTIsInZpX3VzZWNhc2VfaWQiOjEwMTAxLCJkdXJhdGlvbl9zIjoxNSwidXJsZ2VuX3NvdXJjZSI6Ind3dyJ9&ccb=17-1&vs=811bc46aead40971&_nc_vs=HBksFQIYUmlnX3hwdl9yZWVsc19wZXJtYW5lbnRfc3JfcHJvZC8zMjQyMDUxNDE3RjZGMTdDQjEzMzA0MTU2RTk0MkFBRl92aWRlb19kYXNoaW5pdC5tcDQVAALIARIAFQIYOnBhc3N0aHJvdWdoX2V2ZXJzdG9yZS9HQkk4WWh1b3U5S3pBcjREQUxmY0pNbHppS2xJYnBrd0FBQUYVAgLIARIAKAAYABsCiAd1c2Vfb2lsATEScHJvZ3Jlc3NpdmVfcmVjaXBlATEVAAAmuKjbu6zFvwQVAigCQzMsF0AuEOVgQYk3GBJkYXNoX2Jhc2VsaW5lXzFfdjERAHX-B2XqnQEA&_nc_gid=BrUUclfe6TAtFaF7yQkPwQ&_nc_ss=7a22e&_nc_zt=28&oh=00_AQCBPKfUIobUXGQ_tsGLiHe2s5QSt_zmJ4PdZyNRxMv5hA&oe=6A51E426
CGShWj9hRlH,https://www.instagram.com/reel/CGShWj9hRlH/,"Suco verde é mara porque você mistura várias vitaminas e nutrientes num copão e toma sem nem se dar conta dos benefícios 🥬✨ Nesse eu usei: • 3 folhas de couve • 2 laranjas • uma moeda de gengibre • uma colher de linhaça • 1 litro de água • +1 limão pra deixar azedinho 🌪 Basicamente só bati tudo no liquidificador, colocando a água aos poucos para misturar melhor. > Esse eu coei, mas o ideal é tomar sem coar pra absorver melhor as fibrass 💚 #reels #saúde #vidasaudavel #sucoverde",1602604307,3967,132,14.866000175476074,clips,https://scontent-poa1-1.cdninstagram.com/o1/v/t2/f2/m86/AQMNov4Gz2RkJN5Yie9Y9vvMHsK5sE4OIWO86A18viNQLE6q8Wx62qPsQXQgBcvVb4fPWu_XtbHfiF4nwl1I3nMD9-HrqJ7Nj3a3yOE.mp4?_nc_cat=103&_nc_sid=5e9851&_nc_ht=scontent-poa1-1.cdninstagram.com&_nc_ohc=7O3uK2qn06YQ7kNvwFlShgJ&efg=eyJ2ZW5jb2RlX3RhZyI6Inhwdl9wcm9ncmVzc2l2ZS5JTlNUQUdSQU0uQ0xJUFMuQzMuNzIwLmRhc2hfYmFzZWxpbmVfMV92MSIsInhwdl9hc3NldF9pZCI6ODg3ODc1Njk5MzQ1MzA0LCJhc3NldF9hZ2VfZGF5cyI6MjA5NSwidmlfdXNlY2FzZV9pZCI6MTAxMDEsImR1cmF0aW9uX3MiOjE0LCJ1cmxnZW5fc291cmNlIjoid3d3In0%3D&ccb=17-1&vs=899b88e63a47995a&_nc_vs=HBksFQIYUmlnX3hwdl9yZWVsc19wZXJtYW5lbnRfc3JfcHJvZC8yMDQzRjQxRDUyQkY4MUE3NTk1QTE5NUQzNEM4MUU5Rl92aWRlb19kYXNoaW5pdC5tcDQVAALIARIAFQIYOnBhc3N0aHJvdWdoX2V2ZXJzdG9yZS9HS2o0Y2h0cXF5WloyYndEQUNoOFJOa05aMjRrYnBrd0FBQUYVAgLIARIAKAAYABsCiAd1c2Vfb2lsATEScHJvZ3Jlc3NpdmVfcmVjaXBlATEVAAAmsJ7QupXhkwMVAigCQzMsF0Atu2RaHKwIGBJkYXNoX2Jhc2VsaW5lXzFfdjERAHX-B2XqnQEA&_nc_gid=BrUUclfe6TAtFaF7yQkPwQ&_nc_ss=7a22e&_nc_zt=28&oh=00_AQBO8hgVNqs6IevJohIzH55nF8vDyB2nJYiOkwf8kvX6sA&oe=6A51C880
CGPy0RDBoZ3,https://www.instagram.com/reel/CGPy0RDBoZ3/,Só assim pra eu aprender a cantar certinho minhas músicas favoritas 😂🖤 E vamos de dublagemm,1602512802,5689,526,15.133000373840332,clips,https://scontent-poa1-1.cdninstagram.com/o1/v/t2/f2/m86/AQMPDZ6kLALgx3UdD_a9syhIKQYgJkevVl1NODkpEdV8hyHTZWmVqM2qdJXxOSewCQOoygFNAuOHKNTLUFWH55D77_CpPHLd4SS9BV4.mp4?_nc_cat=104&_nc_sid=5e9851&_nc_ht=scontent-poa1-1.cdninstagram.com&_nc_ohc=yTJ-PcL_5bYQ7kNvwEtLXlU&efg=eyJ2ZW5jb2RlX3RhZyI6Inhwdl9wcm9ncmVzc2l2ZS5JTlNUQUdSQU0uQ0xJUFMuQzMuNzIwLmRhc2hfYmFzZWxpbmVfMV92MSIsInhwdl9hc3NldF9pZCI6ODYzMDQ5OTQ5MTY1NzQwLCJhc3NldF9hZ2VfZGF5cyI6MjA5NiwidmlfdXNlY2FzZV9pZCI6MTAxMDEsImR1cmF0aW9uX3MiOjE1LCJ1cmxnZW5fc291cmNlIjoid3d3In0%3D&ccb=17-1&vs=38b73d936b938bb5&_nc_vs=HBksFQIYUmlnX3hwdl9yZWVsc19wZXJtYW5lbnRfc3JfcHJvZC84NTQwNEFGMzU2RThGOTNCOTk3NTA3RTk3Qzk3NDJBQ192aWRlb19kYXNoaW5pdC5tcDQVAALIARIAFQIYOnBhc3N0aHJvdWdoX2V2ZXJzdG9yZS9HTTl0Y2hzSENGdE5URmdFQUltdUsxMXk2dEpYYnBrd0FBQUYVAgLIARIAKAAYABsCiAd1c2Vfb2lsATEScHJvZ3Jlc3NpdmVfcmVjaXBlATEVAAAm2OKlmo-8iAMVAigCQzMsF0AuRBiTdLxqGBJkYXNoX2Jhc2VsaW5lXzFfdjERAHX-B2XqnQEA&_nc_gid=BrUUclfe6TAtFaF7yQkPwQ&_nc_ss=7a22e&_nc_zt=28&oh=00_AQCkxvK_-OUcNtyWuyBrtM25lIEb2YBzc-8gOzRxSd_3Ug&oe=6A51D9C9
CGFi27CBGVA,https://www.instagram.com/reel/CGFi27CBGVA/,me rendi às dublagens 🔥 pelo menos agora sei cantar essa música kkkk #reels,1602168894,7987,864,15.133000373840332,clips,https://scontent-poa1-1.cdninstagram.com/o1/v/t2/f2/m86/AQPAYPtfNKsL_nPA4vvfXu23RDOaBAd-M982kQpX_ni7_68C0nU5PDL95ySQgmZupAhc5IJDwuIiAhb8M1Yg6bV_3Ye2gwoCFaT5zDQ.mp4?_nc_cat=100&_nc_sid=5e9851&_nc_ht=scontent-poa1-1.cdninstagram.com&_nc_ohc=T8rhIQuUT5oQ7kNvwGNZ3jl&efg=eyJ2ZW5jb2RlX3RhZyI6Inhwdl9wcm9ncmVzc2l2ZS5JTlNUQUdSQU0uQ0xJUFMuQzMuNzIwLmRhc2hfYmFzZWxpbmVfMV92MSIsInhwdl9hc3NldF9pZCI6NDY3MTQ3NTMyOTg5ODUwLCJhc3NldF9hZ2VfZGF5cyI6MjEwMCwidmlfdXNlY2FzZV9pZCI6MTAxMDEsImR1cmF0aW9uX3MiOjE1LCJ1cmxnZW5fc291cmNlIjoid3d3In0%3D&ccb=17-1&vs=a2978918dc16e27&_nc_vs=HBksFQIYUmlnX3hwdl9yZWVsc19wZXJtYW5lbnRfc3JfcHJvZC9BQjQ4MDAzRkI4REM0Qjg1OThEODQwRTY2MDY2MEU5RF92aWRlb19kYXNoaW5pdC5tcDQVAALIARIAFQIYOnBhc3N0aHJvdWdoX2V2ZXJzdG9yZS9HSGlRY1J0YkJ5LVdjcjBCQUJfeDFzaHBfMFlYYnBrd0FBQUYVAgLIARIAKAAYABsCiAd1c2Vfb2lsATEScHJvZ3Jlc3NpdmVfcmVjaXBlATEVAAAmtNaXrMi31AEVAigCQzMsF0AuRBiTdLxqGBJkYXNoX2Jhc2VsaW5lXzFfdjERAHX-B2XqnQEA&_nc_gid=BrUUclfe6TAtFaF7yQkPwQ&_nc_ss=7a22e&_nc_zt=28&oh=00_AQAiPNVyUDorcApV7NTaUoCfdFS5lboPMB6r35pdO_IOcw&oe=6A51DA21
CGBHkLOBUov,https://www.instagram.com/reel/CGBHkLOBUov/,"Depois de tanto tempo guardando isso, tenho uma grande revelação: ✨ Não quero ter filhos ✨ ⠀ #reels #gravida #humor #futuramamae #sqn",1602020362,6202,654,14.866000175476074,clips,https://scontent-poa1-1.cdninstagram.com/o1/v/t2/f2/m86/AQOefE9tuNd08afo89-jem8gA05OrlwzT4AHoAGKD-z5byEecJ5TATqvZZbXDFQfnho635SExzvF-2lLHurrqkWE5q_Ufi7f4qkzL50.mp4?_nc_cat=101&_nc_sid=5e9851&_nc_ht=scontent-poa1-1.cdninstagram.com&_nc_ohc=baRUqqrdUAUQ7kNvwHUHYIZ&efg=eyJ2ZW5jb2RlX3RhZyI6Inhwdl9wcm9ncmVzc2l2ZS5JTlNUQUdSQU0uQ0xJUFMuQzMuNzIwLmRhc2hfYmFzZWxpbmVfMV92MSIsInhwdl9hc3NldF9pZCI6ODk0ODE4Mjk5MTg5MDkyLCJhc3NldF9hZ2VfZGF5cyI6MjEwMSwidmlfdXNlY2FzZV9pZCI6MTAxMDEsImR1cmF0aW9uX3MiOjE0LCJ1cmxnZW5fc291cmNlIjoid3d3In0%3D&ccb=17-1&vs=10326b533a169ccc&_nc_vs=HBksFQIYUmlnX3hwdl9yZWVsc19wZXJtYW5lbnRfc3JfcHJvZC85QjRFMjY3RDdDMDdGMEY3ODRGM0YwQUZEM0EzQTY5RF92aWRlb19kYXNoaW5pdC5tcDQVAALIARIAFQIYOnBhc3N0aHJvdWdoX2V2ZXJzdG9yZS9HTFphWXh2Yi1LRFdnTGNCQUpWRHdFcjd5dkowYnBrd0FBQUYVAgLIARIAKAAYABsCiAd1c2Vfb2lsATEScHJvZ3Jlc3NpdmVfcmVjaXBlATEVAAAmyN3k7aP1lgMVAigCQzMsF0Atu2RaHKwIGBJkYXNoX2Jhc2VsaW5lXzFfdjERAHX-B2XqnQEA&_nc_gid=u4Y3kZr_8-sZnCtWTSijGw&_nc_ss=7a22e&_nc_zt=28&oh=00_AQD7DqfqFTqrKbFpm_UFkv4IMEZ93aNimVFdbgIThrol6w&oe=6A51E4F6
CF79eVOhmfk,https://www.instagram.com/reel/CF79eVOhmfk/,"Um dia meu rosto desfocou do efeito e imediatamente senti uma certa repulsa: olheiras, lábios finos, nariz grande, olhos pequenos.. vcs entendem? ⠀ Comecei a ver tanto defeito! Mas me veio à tona uma reflexão que afinal não são defeitos, poxa.. SOU EU! 🤓 ⠀ Parece clichê, mas o mundo é movido por um padrão que nem existe! Pessoas mudando suas características pessoais com procedimentos estéticos pra se encaixarem.. WHAT? ⠀ Precisamos valorizar o que há de melhor em cada uma de nós, que são justamente nossas singularidades. 🤍 ⠀ Diante dessa reflexão, passei a usar no dia a dia apenas os efeitos de filtro de cores, não mais os que alteram meu rosto, indico para todass! ⠀ #reels #somosunicas #sempadroes",1601847301,9385,521,14.565999984741211,clips,https://scontent-poa1-1.cdninstagram.com/o1/v/t2/f2/m86/AQPwcJap786SkV9-9ShzKeUrPdJTUtEWU7fiQ56iwhXBpfZhECAUsiBYIfxMCU8oLzMSY5boFZSv-GzLN25FnfRizyzg8pmYaQaVZJo.mp4?_nc_cat=102&_nc_sid=5e9851&_nc_ht=scontent-poa1-1.cdninstagram.com&_nc_ohc=08Q92VpmoHkQ7kNvwGoPnSQ&efg=eyJ2ZW5jb2RlX3RhZyI6Inhwdl9wcm9ncmVzc2l2ZS5JTlNUQUdSQU0uQ0xJUFMuQzMuNzIwLmRhc2hfYmFzZWxpbmVfMV92MSIsInhwdl9hc3NldF9pZCI6MjA5MTk1MDU2Nzg2NjE5MCwiYXNzZXRfYWdlX2RheXMiOjIxMDMsInZpX3VzZWNhc2VfaWQiOjEwMTAxLCJkdXJhdGlvbl9zIjoxNCwidXJsZ2VuX3NvdXJjZSI6Ind3dyJ9&ccb=17-1&vs=bbb63baefd5d9b7b&_nc_vs=HBksFQIYUmlnX3hwdl9yZWVsc19wZXJtYW5lbnRfc3JfcHJvZC8wOTRCQ0QwNkMwREY5QTJEOUNEOTk3MzU4QzcwNzRBOV92aWRlb19kYXNoaW5pdC5tcDQVAALIARIAFQIYOnBhc3N0aHJvdWdoX2V2ZXJzdG9yZS9HRmx4UXh1UUxLSThRUFFDQUFlVVkwdmlwY0JXYnBrd0FBQUYVAgLIARIAKAAYABsCiAd1c2Vfb2lsATEScHJvZ3Jlc3NpdmVfcmVjaXBlATEVAAAmnP3hp8antwcVAigCQzMsF0AtIcrAgxJvGBJkYXNoX2Jhc2VsaW5lXzFfdjERAHX-B2XqnQEA&_nc_gid=u4Y3kZr_8-sZnCtWTSijGw&_nc_ss=7a22e&_nc_zt=28&oh=00_AQAkkPIyYoe7xbJoyEqyTOXLeUQSCMXf0nuCgx7MZ_3PSw&oe=6A51D2EF
CF4t5TllCb8,https://www.instagram.com/reel/CF4t5TllCb8/,mamãe babona siimm 🖤 #reels,1601738464,4205,175,8.932999610900879,clips,https://scontent-poa1-1.cdninstagram.com/o1/v/t2/f2/m86/AQMDho_X9fY3mInG8jgTO0sUn5femNEIS9dbZnF7mdT5QrZu1_1eQqUrBniOScxMFhAysm_J_jvHNa0OgeC0e6ikZA_fgDItM0qdOdg.mp4?_nc_cat=108&_nc_sid=5e9851&_nc_ht=scontent-poa1-1.cdninstagram.com&_nc_ohc=TeR9XXBB_T4Q7kNvwEzRxu4&efg=eyJ2ZW5jb2RlX3RhZyI6Inhwdl9wcm9ncmVzc2l2ZS5JTlNUQUdSQU0uQ0xJUFMuQzMuNzIwLmRhc2hfYmFzZWxpbmVfMV92MSIsInhwdl9hc3NldF9pZCI6MTE3MTA0NTM5Mzk5MzU4NiwiYXNzZXRfYWdlX2RheXMiOjIxMDUsInZpX3VzZWNhc2VfaWQiOjEwMTAxLCJkdXJhdGlvbl9zIjo4LCJ1cmxnZW5fc291cmNlIjoid3d3In0%3D&ccb=17-1&vs=a460851014997023&_nc_vs=HBksFQIYUmlnX3hwdl9yZWVsc19wZXJtYW5lbnRfc3JfcHJvZC8xODQzNzA0N0YxQTcyNUMzNTg3RjZGRUU1NDlCMEFCOF92aWRlb19kYXNoaW5pdC5tcDQVAALIARIAFQIYOnBhc3N0aHJvdWdoX2V2ZXJzdG9yZS9HSmxQWlJzNExfM2tOTWNFQUNzTlJXcWlMWHAwYnBrd0FBQUYVAgLIARIAKAAYABsCiAd1c2Vfb2lsATEScHJvZ3Jlc3NpdmVfcmVjaXBlATEVAAAm5L3Mi-jDlAQVAigCQzMsF0Ah3bItDlYEGBJkYXNoX2Jhc2VsaW5lXzFfdjERAHX-B2XqnQEA&_nc_gid=u4Y3kZr_8-sZnCtWTSijGw&_nc_ss=7a22e&_nc_zt=28&oh=00_AQB815hxmV5a0zFbgbWM67uuKLxBskBVi9mykn-wuIVvKA&oe=6A51F271
CF0Kir1hpPt,https://www.instagram.com/reel/CF0Kir1hpPt/,Uma hora fico boa kkk 🎥⚡️ ⠀ Música: Carl Cox - Inferno,1601585713,3730,337,11.633000373840332,clips,https://scontent-poa1-1.cdninstagram.com/o1/v/t2/f2/m86/AQMuLODPgEkcUGkQ6I9uTsfp6-Lh_JGyxfYJz6UZU_aHtrx02gOHCFPELcVm-VMJ8h5ALnRrW34hzDnCM7k8Zp9YFhZWstddYZpyteE.mp4?_nc_cat=107&_nc_sid=5e9851&_nc_ht=scontent-poa1-1.cdninstagram.com&_nc_ohc=nP6VyqCAkOAQ7kNvwFyGWmJ&efg=eyJ2ZW5jb2RlX3RhZyI6Inhwdl9wcm9ncmVzc2l2ZS5JTlNUQUdSQU0uQ0xJUFMuQzMuNzIwLmRhc2hfYmFzZWxpbmVfMV92MSIsInhwdl9hc3NldF9pZCI6MTk5Mjg2MjU2NDUwNTU5NSwiYXNzZXRfYWdlX2RheXMiOjIxMDYsInZpX3VzZWNhc2VfaWQiOjEwMTAxLCJkdXJhdGlvbl9zIjoxMSwidXJsZ2VuX3NvdXJjZSI6Ind3dyJ9&ccb=17-1&vs=a8d213da1809d243&_nc_vs=HBksFQIYUmlnX3hwdl9yZWVsc19wZXJtYW5lbnRfc3JfcHJvZC9GOTQxRjlENkM0NkRDMUQ5MkQ1RENGOUEyQzJEMjZBN192aWRlb19kYXNoaW5pdC5tcDQVAALIARIAFQIYOnBhc3N0aHJvdWdoX2V2ZXJzdG9yZS9HTEFfYkJ1Tl9DX29fRVFFQUZWTE84eVo2cUF3YnBrd0FBQUYVAgLIARIAKAAYABsCiAd1c2Vfb2lsATEScHJvZ3Jlc3NpdmVfcmVjaXBlATEVAAAm9t_yk--figcVAigCQzMsF0AnRBiTdLxqGBJkYXNoX2Jhc2VsaW5lXzFfdjERAHX-B2XqnQEA&_nc_gid=u4Y3kZr_8-sZnCtWTSijGw&_nc_ss=7a22e&_nc_zt=28&oh=00_AQCTXUlNb5w2nw0XgK4XmffoJ_rSLrKGMyB4RJFCA_W0oA&oe=6A51C9B0
CFw6dMJBAy-,https://www.instagram.com/reel/CFw6dMJBAy-/,ta se achando o próprio Bagheera 😂🖤 #reels,1601476615,2298,38,8.633000373840332,clips,https://scontent-poa1-1.cdninstagram.com/o1/v/t2/f2/m86/AQOCQW9sypCu4OzRqEmbwDykOWaeykMEvJ0UAsKycSCcSggXtlx-jKQAg3Qci_RHCii90y-VtFSGTQ4W1XtwQh1Zh8K3TFqLo0i6Q9I.mp4?_nc_cat=102&_nc_sid=5e9851&_nc_ht=scontent-poa1-1.cdninstagram.com&_nc_ohc=MH8yozTI2zMQ7kNvwHsviJs&efg=eyJ2ZW5jb2RlX3RhZyI6Inhwdl9wcm9ncmVzc2l2ZS5JTlNUQUdSQU0uQ0xJUFMuQzMuNzIwLmRhc2hfYmFzZWxpbmVfMV92MSIsInhwdl9hc3NldF9pZCI6NDM1MDkwMjEyOTIwNTY2LCJhc3NldF9hZ2VfZGF5cyI6MjEwOCwidmlfdXNlY2FzZV9pZCI6MTAxMDEsImR1cmF0aW9uX3MiOjgsInVybGdlbl9zb3VyY2UiOiJ3d3cifQ%3D%3D&ccb=17-1&vs=bcd76d1bdc15ee7c&_nc_vs=HBksFQIYUmlnX3hwdl9yZWVsc19wZXJtYW5lbnRfc3JfcHJvZC82QjQ4NDAxNkIyQTk5M0IzQjY2MTZFMUJCODg3ODlBNl92aWRlb19kYXNoaW5pdC5tcDQVAALIARIAFQIYOnBhc3N0aHJvdWdoX2V2ZXJzdG9yZS9HRXZVYVJzdC1tTjNkZGtHQURjejI2LTc4Z2RFYnBrd0FBQUYVAgLIARIAKAAYABsCiAd1c2Vfb2lsATEScHJvZ3Jlc3NpdmVfcmVjaXBlATEVAAAm7POw2crtxQEVAigCQzMsF0AhRBiTdLxqGBJkYXNoX2Jhc2VsaW5lXzFfdjERAHX-B2XqnQEA&_nc_gid=u4Y3kZr_8-sZnCtWTSijGw&_nc_ss=7a22e&_nc_zt=28&oh=00_AQBDu90FGAxT7UGATmnHbgVsXXuUahHdFiiHfVUrEKMo5Q&oe=6A51DAD3
CFvFxiNB3JG,https://www.instagram.com/reel/CFvFxiNB3JG/,"Tava tãao empolgada pra mostrar o resultado aqui 😍 Quem me conhece sabe como sou tímida com câmeras e cada novo vídeo é um desafio imenso pra mim! Quando o Alef me manda o resultado final muitas vezes me sinto insegura, mas PORRA FICOU DO CARALHOO!! ⚡️🥰 Como eu amo esse projeto e o quanto ele me faz evoluir de dentro pra fora! 🖤🎥 By: @by.action",1601415530,1995,390,47.83300018310547,feed,https://scontent-poa1-1.cdninstagram.com/o1/v/t16/f2/m84/AQPPYg18HYy2phgjBvdI4b1NmWGtsqG-GUIEhKAMPOp0Fa6q2o-xABjgqzZakqBLlcfiyEc4-Ad5zvRmxc0MH4aYWECpMlrSt0PvRTE.mp4?_nc_cat=102&_nc_sid=5e9851&_nc_ht=scontent-poa1-1.cdninstagram.com&_nc_ohc=ciZoRM62PnIQ7kNvwFEARTT&efg=eyJ2ZW5jb2RlX3RhZyI6Inhwdl9wcm9ncmVzc2l2ZS5JTlNUQUdSQU0uRkVFRC5DMy43MjAuZGFzaF9iYXNlbGluZV8xX3YxIiwieHB2X2Fzc2V0X2lkIjoxMzI3NTMyMjE4MTQ5NDE2LCJhc3NldF9hZ2VfZGF5cyI6MjEwOCwidmlfdXNlY2FzZV9pZCI6MTAxNDYsImR1cmF0aW9uX3MiOjQ3LCJ1cmxnZW5fc291cmNlIjoid3d3In0%3D&ccb=17-1&vs=46d6e915a4d7d924&_nc_vs=HBksFQIYTGlnX2JhY2tmaWxsX3RpbWVsaW5lX3ZvZC9FODQyQjEyNzZBQTI2MUUwMjNBNzdCOUFDOTgzMENBQl92aWRlb19kYXNoaW5pdC5tcDQVAALIARIAFQIYOnBhc3N0aHJvdWdoX2V2ZXJzdG9yZS9HRVBMSEJmTGt2LUhBZ0VEQUtna1d6TmVoaE1sYnBrd0FBQUYVAgLIARIAKAAYABsCiAd1c2Vfb2lsATEScHJvZ3Jlc3NpdmVfcmVjaXBlATEVAAAm0KjT5MXY2wQVAigCQzMsF0BHzMzMzMzNGBJkYXNoX2Jhc2VsaW5lXzFfdjERAHXqB2XEngEA&_nc_gid=u4Y3kZr_8-sZnCtWTSijGw&_nc_ss=7a22e&_nc_zt=28&oh=00_AQDTmayylguzfWNXPPLlFuThNl8EN1Eckq4q69JXipQgkg&oe=6A51C3EA
CFp8_pFB3bX,https://www.instagram.com/reel/CFp8_pFB3bX/,Acertar é sempre um evento por aqui 😂💪🏻 Música: KeeMo - Beautiful Lie 🎶,1601243070,4729,262,14.765999794006348,clips,https://scontent-poa1-1.cdninstagram.com/o1/v/t2/f2/m86/AQMCi1AbL02fPGu6IBcYYG6-H9w87_-MakVqi94aXXVJbcG6aDjuNMzxOhxPKQlcM7Z3a7qq3hxLERr1As4poqv6FvzPXaTeayX1Vx4.mp4?_nc_cat=107&_nc_sid=5e9851&_nc_ht=scontent-poa1-1.cdninstagram.com&_nc_ohc=omEDCOXL6H4Q7kNvwFe_TIo&efg=eyJ2ZW5jb2RlX3RhZyI6Inhwdl9wcm9ncmVzc2l2ZS5JTlNUQUdSQU0uQ0xJUFMuQzMuNzIwLmRhc2hfYmFzZWxpbmVfMV92MSIsInhwdl9hc3NldF9pZCI6MTI3NjY1NzYzNjgwMjUzMywiYXNzZXRfYWdlX2RheXMiOjIxMTAsInZpX3VzZWNhc2VfaWQiOjEwMTAxLCJkdXJhdGlvbl9zIjoxNCwidXJsZ2VuX3NvdXJjZSI6Ind3dyJ9&ccb=17-1&vs=99438b3283307336&_nc_vs=HBksFQIYUmlnX3hwdl9yZWVsc19wZXJtYW5lbnRfc3JfcHJvZC80MzRGQzZDRENDNDExNkQzMUZCQzZEN0YxRjA1NTQ5OV92aWRlb19kYXNoaW5pdC5tcDQVAALIARIAFQIYOnBhc3N0aHJvdWdoX2V2ZXJzdG9yZS9HRm9wY0J1Yk1rNnpLVVVFQUJ6WmVvN09Xc1FfYnBrd0FBQUYVAgLIARIAKAAYABsCiAd1c2Vfb2lsATEScHJvZ3Jlc3NpdmVfcmVjaXBlATEVAAAmyv-Hz6DHxAQVAigCQzMsF0AtiDEm6XjVGBJkYXNoX2Jhc2VsaW5lXzFfdjERAHX-B2XqnQEA&_nc_gid=u4Y3kZr_8-sZnCtWTSijGw&_nc_ss=7a22e&_nc_zt=28&oh=00_AQBw0os8fukgylfpXvCjDbjGSnc6OtshB_4PRUbGhNOpWQ&oe=6A51E2AC
CEsK9COhqRg,https://www.instagram.com/reel/CEsK9COhqRg/,essa é minha vista quando acordo cedinho 💙💜🧡💛 m o t i v a t i o n,1599170462,717,172,6,feed,https://scontent-poa1-1.cdninstagram.com/o1/v/t16/f2/m84/AQNhJztUS3bv8EEXA3m-VNEK7VylRKjnCaJLk6FKnvdUXYbJ6PszNMKaPkB0_gg5z4vjJUm3L8hdgAUnc9TPTGJqcZNKi9Q9ddCAMUA.mp4?_nc_cat=104&_nc_sid=5e9851&_nc_ht=scontent-poa1-1.cdninstagram.com&_nc_ohc=dVK9FjL-q2kQ7kNvwGd3tQ6&efg=eyJ2ZW5jb2RlX3RhZyI6Inhwdl9wcm9ncmVzc2l2ZS5JTlNUQUdSQU0uRkVFRC5DMy43MjAuZGFzaF9iYXNlbGluZV8xX3YxIiwieHB2X2Fzc2V0X2lkIjoxMDkxNzk4MDIxNzkxODM3LCJhc3NldF9hZ2VfZGF5cyI6MjEzNCwidmlfdXNlY2FzZV9pZCI6MTAxNDYsImR1cmF0aW9uX3MiOjYsInVybGdlbl9zb3VyY2UiOiJ3d3cifQ%3D%3D&ccb=17-1&vs=795f3fad4d98dc33&_nc_vs=HBkcFQIYTGlnX2JhY2tmaWxsX3RpbWVsaW5lX3ZvZC9BMjQ3NjNCRTNBMDU1QzVBOUUyREFENTNDQkE3MDU5Ml92aWRlb19kYXNoaW5pdC5tcDQVAALIARIAKAAYABsCiAd1c2Vfb2lsATEScHJvZ3Jlc3NpdmVfcmVjaXBlATEVAAAmuoGLlIG_8AMVAigCQzMsF0AYAAAAAAAAGBJkYXNoX2Jhc2VsaW5lXzFfdjERAHXqB2XEngEA&_nc_gid=u4Y3kZr_8-sZnCtWTSijGw&_nc_ss=7a22e&_nc_zt=28&oh=00_AQDggAwnylM-mYg9XNiq7HLSeyWI4Rfxr7h3tBBNtGi_GQ&oe=6A51E9F0
CEZV7dshatv,https://www.instagram.com/reel/CEZV7dshatv/,🦁 cabelo leãozinho é tudo pra mim,1598538227,924,384,6,feed,https://scontent-poa1-1.cdninstagram.com/o1/v/t16/f2/m84/AQNOZMdc-G7RWBSYcIq3hf4k-oSGW5mfjEqSzTPNmvMFQAutzCw7NT2HkLB5krdu-1o9ER1PAT0kzjRQ5RnR-rZLFQPGt14vqqs0CcY.mp4?_nc_cat=111&_nc_sid=5e9851&_nc_ht=scontent-poa1-1.cdninstagram.com&_nc_ohc=dUO4Xszft0cQ7kNvwE9DMup&efg=eyJ2ZW5jb2RlX3RhZyI6Inhwdl9wcm9ncmVzc2l2ZS5JTlNUQUdSQU0uRkVFRC5DMy43MjAuZGFzaF9iYXNlbGluZV8xX3YxIiwieHB2X2Fzc2V0X2lkIjoyMzI2NDU4ODk1MDI1OTIsImFzc2V0X2FnZV9kYXlzIjoyMTQyLCJ2aV91c2VjYXNlX2lkIjoxMDE0NiwiZHVyYXRpb25fcyI6NiwidXJsZ2VuX3NvdXJjZSI6Ind3dyJ9&ccb=17-1&vs=3e18df12e146c1bf&_nc_vs=HBkcFQIYTGlnX2JhY2tmaWxsX3RpbWVsaW5lX3ZvZC9ENTQ5RDU3NzVDNDc4Q0ZCN0UyQzk5MTQxNDEzMTA4RF92aWRlb19kYXNoaW5pdC5tcDQVAALIARIAKAAYABsCiAd1c2Vfb2lsATEScHJvZ3Jlc3NpdmVfcmVjaXBlATEVAAAmgLbR-eLlaRUCKAJDMywXQBgAAAAAAAAYEmRhc2hfYmFzZWxpbmVfMV92MREAdeoHZcSeAQA&_nc_gid=u4Y3kZr_8-sZnCtWTSijGw&_nc_ss=7a22e&_nc_zt=28&oh=00_AQCeWfmdepRiy-aOY4eS63I7WOjZenipfKcztZQZUvYMvg&oe=6A51D55D
CDZ7N6Kp8Pv,https://www.instagram.com/reel/CDZ7N6Kp8Pv/,"Voltei 🤍 E pra fazer isso com o pé direito, quero deixar aqui uma dica pra você também começar sua semana inspiradx a fazer o que te move! ⠀ Achou esse vídeo foda? VOCÊ NÃO VIU NADA, corre lá no perfil do @victormardine pra ver o ele completo, esse aí são apenas os segundos que eu apareço de um vídeo de mais de 8 minutos que promete te por pra pensar e mudar a forma como você enxerga sua vida. ⠀ To muito feliz em fazer parte disso, e mais ainda por ver a @by.action produzindo um conteúdo surreal desse! ⠀ Agora corram lá, e boa viagem. ⚡ Esse é só o primeiro!",1596410409,1179,144,43.632999420166016,feed,https://scontent-poa1-1.cdninstagram.com/o1/v/t16/f2/m84/AQOnFBn7CBEV13nx9H8MEXDq5RI7wkTzIYfFEcWQtXitoMGNJtmVuvPQK0hmm-vFef9UI_YlMI1KICz8WQqfNOfAfSZ4kF3WK07frzc.mp4?_nc_cat=102&_nc_sid=5e9851&_nc_ht=scontent-poa1-1.cdninstagram.com&_nc_ohc=P1z7GEhNtK0Q7kNvwGzeVa1&efg=eyJ2ZW5jb2RlX3RhZyI6Inhwdl9wcm9ncmVzc2l2ZS5JTlNUQUdSQU0uRkVFRC5DMy43MjAuZGFzaF9iYXNlbGluZV8xX3YxIiwieHB2X2Fzc2V0X2lkIjoyNzg1MDc4OTY0OTY3NDk5LCJhc3NldF9hZ2VfZGF5cyI6MjE2NiwidmlfdXNlY2FzZV9pZCI6MTAxNDYsImR1cmF0aW9uX3MiOjQzLCJ1cmxnZW5fc291cmNlIjoid3d3In0%3D&ccb=17-1&vs=b54276de4d8978e1&_nc_vs=HBksFQIYTGlnX2JhY2tmaWxsX3RpbWVsaW5lX3ZvZC9FNDRCNTQ1RTg4NDQ3OEE0OTEwNzZDMTQ2N0MxOTQ4NF92aWRlb19kYXNoaW5pdC5tcDQVAALIARIAFQIYOnBhc3N0aHJvdWdoX2V2ZXJzdG9yZS9HREFVNHhab1hmb3IwUU1CQU5CeUZ1M0ZyWFVCYnBrd0FBQUYVAgLIARIAKAAYABsCiAd1c2Vfb2lsATEScHJvZ3Jlc3NpdmVfcmVjaXBlATEVAAAmluGGpvfA8gkVAigCQzMsF0BF0QYk3S8bGBJkYXNoX2Jhc2VsaW5lXzFfdjERAHXqB2XEngEA&_nc_gid=u4Y3kZr_8-sZnCtWTSijGw&_nc_ss=7a22e&_nc_zt=28&oh=00_AQAoCi4PqxX9-FXYubiHrQ2q2qPMjKx876PqAs5GAbMHnA&oe=6A51E5A6
CBrTow3h9Li,https://www.instagram.com/reel/CBrTow3h9Li/,"🔥 Legal esse efeito, né? Eu confesso que to viciada nesse app de #edição novo kk Praticamente todas minhas últimas fotos eu usei o app @prequel pra dar o toque final, ele é bem legal pra achar vários efeitos diferentes. #OlhaADica #AppDeEdição",1592698565,1236,557,5,feed,https://scontent-poa1-1.cdninstagram.com/o1/v/t16/f2/m84/AQPX1P0zT9hW1iDxb7wkAoYvOMPE6Jv5qtFfzjfW-yrR2ING4tlKQo2ekEtQKwvW7QGjGcZFPBqrWc5ZHvw8LUscvefjgYsBcBk-tqU.mp4?_nc_cat=107&_nc_sid=5e9851&_nc_ht=scontent-poa1-1.cdninstagram.com&_nc_ohc=hlxNZYw2MXwQ7kNvwEsXGHw&efg=eyJ2ZW5jb2RlX3RhZyI6Inhwdl9wcm9ncmVzc2l2ZS5JTlNUQUdSQU0uRkVFRC5DMy43MjAuZGFzaF9iYXNlbGluZV8xX3YxIiwieHB2X2Fzc2V0X2lkIjo4NTE2MTM3NTYzNjQ3ODYsImFzc2V0X2FnZV9kYXlzIjoyMjA5LCJ2aV91c2VjYXNlX2lkIjoxMDE0NiwiZHVyYXRpb25fcyI6NSwidXJsZ2VuX3NvdXJjZSI6Ind3dyJ9&ccb=17-1&vs=c92cd5d64600943a&_nc_vs=HBkcFQIYTGlnX2JhY2tmaWxsX3RpbWVsaW5lX3ZvZC84MTQ4NTg5OUI0OUYyMTM2MjBCNzg0QjkwQThBNzk5RF92aWRlb19kYXNoaW5pdC5tcDQVAALIARIAKAAYABsCiAd1c2Vfb2lsATEScHJvZ3Jlc3NpdmVfcmVjaXBlATEVAAAm5N_49riigwMVAigCQzMsF0AUAAAAAAAAGBJkYXNoX2Jhc2VsaW5lXzFfdjERAHXqB2XEngEA&_nc_gid=u4Y3kZr_8-sZnCtWTSijGw&_nc_ss=7a22e&_nc_zt=28&oh=00_AQBgJknN342LGnLk0YnD4yBHMnKaND5SjJx4YkVvQ2F1HQ&oe=6A51C185
CBa1FY8l55H,https://www.instagram.com/reel/CBa1FY8l55H/,"Alôo passando com esse spoiler beeem fofinho de um vídeo que vai sair #amanhã no insta da @by.action 🌼 Não deixem de conferir, e espero que gostem! ⚡️",1592145678,1422,282,9.300000190734863,feed,https://scontent-poa1-1.cdninstagram.com/o1/v/t16/f2/m84/AQPYdiT1M-Fa_wpfYvALDVf9oGnxl_0mCwlv6GcL2mm063eJIBd8JSrcHlq2XbI93zasS9rUP3gO8FSto8n0RhhZuQvVmpkRRPKsOHA.mp4?_nc_cat=111&_nc_sid=5e9851&_nc_ht=scontent-poa1-1.cdninstagram.com&_nc_ohc=TwZqYEFcNJAQ7kNvwFa8gMg&efg=eyJ2ZW5jb2RlX3RhZyI6Inhwdl9wcm9ncmVzc2l2ZS5JTlNUQUdSQU0uRkVFRC5DMy43MjAuZGFzaF9iYXNlbGluZV8xX3YxIiwieHB2X2Fzc2V0X2lkIjozMjk4OTIxODk1NDU3MjgsImFzc2V0X2FnZV9kYXlzIjoyMjE2LCJ2aV91c2VjYXNlX2lkIjoxMDE0NiwiZHVyYXRpb25fcyI6OSwidXJsZ2VuX3NvdXJjZSI6Ind3dyJ9&ccb=17-1&vs=d06dfd2359f4fbdc&_nc_vs=HBksFQIYTGlnX2JhY2tmaWxsX3RpbWVsaW5lX3ZvZC8xMTQ4Q0RBQkU3N0E1QzNDQzU4OUNEMkUzRkEwQ0M5QV92aWRlb19kYXNoaW5pdC5tcDQVAALIARIAFQIYOnBhc3N0aHJvdWdoX2V2ZXJzdG9yZS9HQWY1RmhmTnNhb3NaeEVEQUpkbFkwZ0ROSXN1YnBrd0FBQUYVAgLIARIAKAAYABsCiAd1c2Vfb2lsATEScHJvZ3Jlc3NpdmVfcmVjaXBlATEVAAAmgJStrKCClgEVAigCQzMsF0AimZmZmZmaGBJkYXNoX2Jhc2VsaW5lXzFfdjERAHXqB2XEngEA&_nc_gid=u4Y3kZr_8-sZnCtWTSijGw&_nc_ss=7a22e&_nc_zt=28&oh=00_AQBwjlGhEHNCGcULIGTDNkY5NLgMrAbmZDMeVoA2OVToqw&oe=6A51D6AD
CBHCnzSFuPo,https://www.instagram.com/reel/CBHCnzSFuPo/,"Há 3 dias comecei um desafio chamado #trintadiasdegratidão onde falo um motivo diário por ser grata. ⠀ E hoje, no dia 3/30 sou grata por mesmo em tempos intensos e de dúvidas, tenho um time de pessoas surreais ⚡️ (action te amo 🖤), um trabalho que me motiva, ainda por cima uma família que é tudo.. Sou grata por ter pessoas FODAS.",1591481705,648,133,6,feed,https://scontent-poa1-1.cdninstagram.com/o1/v/t16/f2/m84/AQN3gsIUniejO-YnoPM_zlpTelesTkSgXKbabO7o4jEAvIafAHFZZIehtJTTLSz8_Y_CIrobUo6O1Iif-vfxKRKziDJIUoUYJ5thaeQ.mp4?_nc_cat=106&_nc_sid=5e9851&_nc_ht=scontent-poa1-1.cdninstagram.com&_nc_ohc=PgXg84L8m38Q7kNvwH7EzAH&efg=eyJ2ZW5jb2RlX3RhZyI6Inhwdl9wcm9ncmVzc2l2ZS5JTlNUQUdSQU0uRkVFRC5DMy43MjAuZGFzaF9iYXNlbGluZV8xX3YxIiwieHB2X2Fzc2V0X2lkIjo4NzkxNjEzNDA4Mjc5ODEsImFzc2V0X2FnZV9kYXlzIjoyMjIzLCJ2aV91c2VjYXNlX2lkIjoxMDE0NiwiZHVyYXRpb25fcyI6NiwidXJsZ2VuX3NvdXJjZSI6Ind3dyJ9&ccb=17-1&vs=6c222bac6c1efd53&_nc_vs=HBkcFQIYTGlnX2JhY2tmaWxsX3RpbWVsaW5lX3ZvZC8yRjRBM0QxMUE3NDAwMjhCMzMwQkQzMkM3NjZGRTJBQl92aWRlb19kYXNoaW5pdC5tcDQVAALIARIAKAAYABsCiAd1c2Vfb2lsATEScHJvZ3Jlc3NpdmVfcmVjaXBlATEVAAAmmuXctvbljwMVAigCQzMsF0AYAAAAAAAAGBJkYXNoX2Jhc2VsaW5lXzFfdjERAHXqB2XEngEA&_nc_gid=iXN7ZVs6z1sIuNugBoVp9Q&_nc_ss=7a22e&_nc_zt=28&oh=00_AQBlUmXhVGnW8HW0X8gkrBo5sYUHl2CDPCPR6gttEVvk_Q&oe=6A51C846
CA_S1rQgNzY,https://www.instagram.com/reel/CA_S1rQgNzY/,"já dançou sozinha hoje? 🤍 estamos passando por um momento onde liberar energia é necessário, se não vamos surtar migos kkk fazer exercícios, uma corridinha ou até mesmo dança! vai, dance como quiser, pule, mas movimente-se ✨ experimente! 🎵: All eyes on you, Klangkarussell",1591222455,1767,347,22.266000747680664,feed,https://scontent-poa1-1.cdninstagram.com/o1/v/t16/f2/m84/AQME3RECtuFW5uHWxOVbIs3laVemjfIAiseGOuEjPovzLLX2-IZldpmWfnibgKA04aRu4pKZuzLxMVZ5e3gQwOnqmCm3rBWpcgKv0zE.mp4?_nc_cat=101&_nc_sid=5e9851&_nc_ht=scontent-poa1-1.cdninstagram.com&_nc_ohc=mdchD7VCjasQ7kNvwH81B5v&efg=eyJ2ZW5jb2RlX3RhZyI6Inhwdl9wcm9ncmVzc2l2ZS5JTlNUQUdSQU0uRkVFRC5DMy43MjAuZGFzaF9iYXNlbGluZV8xX3YxIiwieHB2X2Fzc2V0X2lkIjoxMjkxOTM4NDY1Mjk4Mjk3LCJhc3NldF9hZ2VfZGF5cyI6MjIyNiwidmlfdXNlY2FzZV9pZCI6MTAxNDYsImR1cmF0aW9uX3MiOjIyLCJ1cmxnZW5fc291cmNlIjoid3d3In0%3D&ccb=17-1&vs=bb3ad93a7281f43d&_nc_vs=HBksFQIYTGlnX2JhY2tmaWxsX3RpbWVsaW5lX3ZvZC81MjRDRDU5Mzg1MDBBODY4Q0VFM0FCNjEzRDAyMkM5M192aWRlb19kYXNoaW5pdC5tcDQVAALIARIAFQIYOnBhc3N0aHJvdWdoX2V2ZXJzdG9yZS9HRWJoWWh2bmozUFdwUUVDQU9jcmlhaTJZRXRLYnBrd0FBQUYVAgLIARIAKAAYABsCiAd1c2Vfb2lsATEScHJvZ3Jlc3NpdmVfcmVjaXBlATEVAAAm8t3d1NvAywQVAigCQzMsF0A2RBiTdLxqGBJkYXNoX2Jhc2VsaW5lXzFfdjERAHXqB2XEngEA&_nc_gid=iXN7ZVs6z1sIuNugBoVp9Q&_nc_ss=7a22e&_nc_zt=28&oh=00_AQDls40THPoQj5eJ1kCdJ4u7kdPdRdMfpABEBQbsBM5Ghg&oe=6A51BC03
CAyXmC0AcH1,https://www.instagram.com/reel/CAyXmC0AcH1/,"Seguuura! Pra quem morria de medo de câmera, estou bem orgulhosa de mim! ⚡️ ⠀ O vídeo é uma campanha pro Vip Card da Equinox, onde você garante um ano inteeeeeiro de festas por um valor muito barato, e ainda ajuda o setor a passar por essa crise 🖤 ⠀ ⚠️ Migos que quiserem comprar podem falar comigo.",1590788303,1564,221,59.74399948120117,feed,https://scontent-poa1-1.cdninstagram.com/o1/v/t16/f2/m84/AQNknYtT8KJKHhVmYkSxL8W851xFs_2Sz-CgVTwktbTH4HqJm8RnLmR-p_CB-mZ3mmrGj5jiuM8jlM124V1wIQc3JvFgn7P3PVEcjQw.mp4?_nc_cat=104&_nc_sid=5e9851&_nc_ht=scontent-poa1-1.cdninstagram.com&_nc_ohc=3S9juxMuUWAQ7kNvwF8WaIf&efg=eyJ2ZW5jb2RlX3RhZyI6Inhwdl9wcm9ncmVzc2l2ZS5JTlNUQUdSQU0uRkVFRC5DMy43MjAuZGFzaF9iYXNlbGluZV8xX3YxIiwieHB2X2Fzc2V0X2lkIjo4NDA0MTE3MTQ4MzkwMDYsImFzc2V0X2FnZV9kYXlzIjoyMjMxLCJ2aV91c2VjYXNlX2lkIjoxMDE0NiwiZHVyYXRpb25fcyI6NTksInVybGdlbl9zb3VyY2UiOiJ3d3cifQ%3D%3D&ccb=17-1&vs=575248cc4468b8cc&_nc_vs=HBksFQIYTGlnX2JhY2tmaWxsX3RpbWVsaW5lX3ZvZC83NDQwODlFQjQ1QkU1NEFBN0ZDMjAxOTg3NTBGQ0I4QV92aWRlb19kYXNoaW5pdC5tcDQVAALIARIAFQIYOnBhc3N0aHJvdWdoX2V2ZXJzdG9yZS9HRFhKZUJ1MGpjNEZhMVFFQUZ0M0E2YU9VcXh3YnBrd0FBQUYVAgLIARIAKAAYABsCiAd1c2Vfb2lsATEScHJvZ3Jlc3NpdmVfcmVjaXBlATEVAAAmvIfTm7OW_gIVAigCQzMsF0BN2ZmZmZmaGBJkYXNoX2Jhc2VsaW5lXzFfdjERAHXqB2XEngEA&_nc_gid=iXN7ZVs6z1sIuNugBoVp9Q&_nc_ss=7a22e&_nc_zt=28&oh=00_AQAm1uQHsTwb3z_Pw5mR0G-6I_KdSlaUhe5B7h1MRaegNQ&oe=6A51CF6C
CAirD2GgI99,https://www.instagram.com/reel/CAirD2GgI99/,Matando a saudade do amor da minha vida 🧡🐱🌺 @psiuleon,1590261468,1375,234,6.232999801635742,feed,https://scontent-poa1-1.cdninstagram.com/o1/v/t16/f2/m84/AQNs1Lc7DsfBgNKBC31azJjkS5_YFgCFDcLbyvKq5cMKkVnZiI_skHQ12abDGfbDRRqSv0Suq9zp9lHnU964BY66MlyNtP9b-NuZePU.mp4?_nc_cat=109&_nc_sid=5e9851&_nc_ht=scontent-poa1-1.cdninstagram.com&_nc_ohc=FWg15vpLhc8Q7kNvwFuE5nU&efg=eyJ2ZW5jb2RlX3RhZyI6Inhwdl9wcm9ncmVzc2l2ZS5JTlNUQUdSQU0uRkVFRC5DMy43MjAuZGFzaF9iYXNlbGluZV8xX3YxIiwieHB2X2Fzc2V0X2lkIjo4NTIyMjMwMDMwNTk3NjUsImFzc2V0X2FnZV9kYXlzIjoyMjM4LCJ2aV91c2VjYXNlX2lkIjoxMDE0NiwiZHVyYXRpb25fcyI6NiwidXJsZ2VuX3NvdXJjZSI6Ind3dyJ9&ccb=17-1&vs=f4b78ba00c42d05b&_nc_vs=HBksFQIYTGlnX2JhY2tmaWxsX3RpbWVsaW5lX3ZvZC83QzQ3QzBDQkIyRDI4OUU5NEU3MUI1NDBBN0I2NDI5Nl92aWRlb19kYXNoaW5pdC5tcDQVAALIARIAFQIYOnBhc3N0aHJvdWdoX2V2ZXJzdG9yZS9HRGJ2LVJaVzNrdkFBRFFGQUMzYm1zVE4wQ3RjYnBrd0FBQUYVAgLIARIAKAAYABsCiAd1c2Vfb2lsATEScHJvZ3Jlc3NpdmVfcmVjaXBlATEVAAAm6pjvlfTFgwMVAigCQzMsF0AY7peNT987GBJkYXNoX2Jhc2VsaW5lXzFfdjERAHXqB2XEngEA&_nc_gid=iXN7ZVs6z1sIuNugBoVp9Q&_nc_ss=7a22e&_nc_zt=28&oh=00_AQC7rlQ1Wtdj5KkvmzA5oJF8yXVitt1ludqLuiWjIipPdA&oe=6A51BE57
CAVecBwhs1u,https://www.instagram.com/reel/CAVecBwhs1u/,"Eram 17:30 da tarde, quase sem luz do dia, uns 20 minutos gravando e eu nem esperava que levasse a lugar algum, devido às circunstâncias, achei foda 😍 ⠀ Sem esquecer, é claro, que a participação da Safira deu o charme especial 🧡🐱 ⠀ Ps: Vejam até o último segundo hahah ☕️",1589818748,2365,441,60.11600112915039,feed,https://scontent-poa1-1.cdninstagram.com/o1/v/t16/f2/m84/AQPueWmRiQUSaISr6TWT5qnIbdGRP_4Aay-C86SJWjgrt25wjW7E0F8FA8_a81W6FZ3hhz3NF-RcRHWJbI329lgNSlqtaQzKl52rfk0.mp4?_nc_cat=101&_nc_sid=5e9851&_nc_ht=scontent-poa1-1.cdninstagram.com&_nc_ohc=NBfKiLIqh08Q7kNvwEtvxeh&efg=eyJ2ZW5jb2RlX3RhZyI6Inhwdl9wcm9ncmVzc2l2ZS5JTlNUQUdSQU0uRkVFRC5DMy43MjAuZGFzaF9iYXNlbGluZV8xX3YxIiwieHB2X2Fzc2V0X2lkIjoxMzU5MDU1OTg1MDI1NDgzLCJhc3NldF9hZ2VfZGF5cyI6MjI0MywidmlfdXNlY2FzZV9pZCI6MTAxNDYsImR1cmF0aW9uX3MiOjYwLCJ1cmxnZW5fc291cmNlIjoid3d3In0%3D&ccb=17-1&vs=3da5f3de625889f0&_nc_vs=HBksFQIYTGlnX2JhY2tmaWxsX3RpbWVsaW5lX3ZvZC80NzREQjFGREE2NUJBODMzNDI2RTU2RUVBMjgzQ0JBQ192aWRlb19kYXNoaW5pdC5tcDQVAALIARIAFQIYOnBhc3N0aHJvdWdoX2V2ZXJzdG9yZS9HSzdtc0JaNmJyeV8zWk1EQUNZcnVSWElpYTlKYnBrd0FBQUYVAgLIARIAKAAYABsCiAd1c2Vfb2lsATEScHJvZ3Jlc3NpdmVfcmVjaXBlATEVAAAmloe9k7yD6gQVAigCQzMsF0BOBDlYEGJOGBJkYXNoX2Jhc2VsaW5lXzFfdjERAHXqB2XEngEA&_nc_gid=iXN7ZVs6z1sIuNugBoVp9Q&_nc_ss=7a22e&_nc_zt=28&oh=00_AQAgbuwFRKGdwweCqDi-nIm3haEHMyWiJSQbFQ3WQqKgzw&oe=6A51E39B
CANvLI3h79X,https://www.instagram.com/reel/CANvLI3h79X/,"🔥🔥 Seguura esse close! Não to sabendo lidar com a nova coleção de bonés do Federal Music, um mais toppp que o outro. São 6 modelos fodass! 🧢 @federalmusic",1589558947,1512,429,4.156000137329102,feed,https://scontent-poa1-1.cdninstagram.com/o1/v/t16/f2/m84/AQOuP8jcE9h0Nyhn1hBGHUTzv3sLP__XrzqhHzBRV3Yr81HxZeSAhszQOphH-rJSI-jHVVcZgPAxkzRoH9fP1fbVekUQDQFuRY5KNeM.mp4?_nc_cat=108&_nc_sid=5e9851&_nc_ht=scontent-poa1-1.cdninstagram.com&_nc_ohc=3Asbyu7efioQ7kNvwE7Xfjx&efg=eyJ2ZW5jb2RlX3RhZyI6Inhwdl9wcm9ncmVzc2l2ZS5JTlNUQUdSQU0uRkVFRC5DMy43MjAuZGFzaF9iYXNlbGluZV8xX3YxIiwieHB2X2Fzc2V0X2lkIjo4NTY3ODIzNjI4MDY4OTksImFzc2V0X2FnZV9kYXlzIjoyMjQ2LCJ2aV91c2VjYXNlX2lkIjoxMDE0NiwiZHVyYXRpb25fcyI6NCwidXJsZ2VuX3NvdXJjZSI6Ind3dyJ9&ccb=17-1&vs=be803001eb48033&_nc_vs=HBksFQIYTGlnX2JhY2tmaWxsX3RpbWVsaW5lX3ZvZC9FRDQ1MEE3MzgwQkU2RkM0NTFDNkY0MTRFREZGMjJCRF92aWRlb19kYXNoaW5pdC5tcDQVAALIARIAFQIYOnBhc3N0aHJvdWdoX2V2ZXJzdG9yZS9HRUZQdnhaZldBUVZ0ZXNEQUFHUW9kTlRjc04wYnBrd0FBQUYVAgLIARIAKAAYABsCiAd1c2Vfb2lsATEScHJvZ3Jlc3NpdmVfcmVjaXBlATEVAAAm5qmUhqbPhQMVAigCQzMsF0AQZmZmZmZmGBJkYXNoX2Jhc2VsaW5lXzFfdjERAHXqB2XEngEA&_nc_gid=iXN7ZVs6z1sIuNugBoVp9Q&_nc_ss=7a22e&_nc_zt=28&oh=00_AQB9bFxSy8RShUr_MWcOkZGvsN0mnSVx2LDy2rKQYZiKkQ&oe=6A51F3D4
B_-FqA8hhx7,https://www.instagram.com/reel/B_-FqA8hhx7/,"hoje acordei cedo e fui correr, alguém quer apostar quantos dias isso dura? será que chego no 3º dia? rsrs 🥵 #FocoEmNãoMorrer",1589033798,1696,598,6,feed,https://scontent-poa1-1.cdninstagram.com/o1/v/t16/f2/m84/AQNdrH38Se-1OVi85fhQDaMByAddVK95ae16v1jIr-OnR4BN6HyJeg4svS4TaSD90I8hVqljnKarsht_k4W1wqePhAVRU2s88qhzimg.mp4?_nc_cat=102&_nc_sid=5e9851&_nc_ht=scontent-poa1-1.cdninstagram.com&_nc_ohc=X0AuI3hXdxAQ7kNvwG-ljNN&efg=eyJ2ZW5jb2RlX3RhZyI6Inhwdl9wcm9ncmVzc2l2ZS5JTlNUQUdSQU0uRkVFRC5DMy43MjAuZGFzaF9iYXNlbGluZV8xX3YxIiwieHB2X2Fzc2V0X2lkIjozNjYyNTE4NjI0MjI0MjEsImFzc2V0X2FnZV9kYXlzIjoyMjUyLCJ2aV91c2VjYXNlX2lkIjoxMDE0NiwiZHVyYXRpb25fcyI6NiwidXJsZ2VuX3NvdXJjZSI6Ind3dyJ9&ccb=17-1&vs=15cbb262e2d391de&_nc_vs=HBkcFQIYTGlnX2JhY2tmaWxsX3RpbWVsaW5lX3ZvZC8zNTQ3Qzg3RkM4ODlCQ0JDQkEyODZCRjA1MTU0MjY4NV92aWRlb19kYXNoaW5pdC5tcDQVAALIARIAKAAYABsCiAd1c2Vfb2lsATEScHJvZ3Jlc3NpdmVfcmVjaXBlATEVAAAmqs7DgtXGpgEVAigCQzMsF0AYAAAAAAAAGBJkYXNoX2Jhc2VsaW5lXzFfdjERAHXqB2XEngEA&_nc_gid=iXN7ZVs6z1sIuNugBoVp9Q&_nc_ss=7a22e&_nc_zt=28&oh=00_AQCUrJRjY3oC2ICX8R6LHtMpQ2_hKM_BKZ8be5kkaDX6yw&oe=6A51E512
B_NniadBhUY,https://www.instagram.com/reel/B_NniadBhUY/,dia de gravações bb 🎥⚡️ @actionbr_,1587407459,1729,486,6,feed,https://scontent-poa1-1.cdninstagram.com/o1/v/t16/f2/m84/AQOrLF0lMwuDV-6aMNqFYLbTo4XD8eGUZNsXxLuPEWOuZXAZUVvH1nvsM0hJ3VrLDBBdsyclMZacXHElZ29LudmUO2v5lmgczfuN69E.mp4?_nc_cat=100&_nc_sid=5e9851&_nc_ht=scontent-poa1-1.cdninstagram.com&_nc_ohc=ymxzDldKrJgQ7kNvwFcJf3D&efg=eyJ2ZW5jb2RlX3RhZyI6Inhwdl9wcm9ncmVzc2l2ZS5JTlNUQUdSQU0uRkVFRC5DMy43MjAuZGFzaF9iYXNlbGluZV8xX3YxIiwieHB2X2Fzc2V0X2lkIjo3MDg5Nzg1OTcyODY2ODEsImFzc2V0X2FnZV9kYXlzIjoyMjcxLCJ2aV91c2VjYXNlX2lkIjoxMDE0NiwiZHVyYXRpb25fcyI6NiwidXJsZ2VuX3NvdXJjZSI6Ind3dyJ9&ccb=17-1&vs=2142db15dc5387c4&_nc_vs=HBkcFQIYTGlnX2JhY2tmaWxsX3RpbWVsaW5lX3ZvZC9FNDQ0MDA3RkIwOEMyNTVCMTg3ODA4NjVCNTk5Nzk5OF92aWRlb19kYXNoaW5pdC5tcDQVAALIARIAKAAYABsCiAd1c2Vfb2lsATEScHJvZ3Jlc3NpdmVfcmVjaXBlATEVAAAmssyOl_6zwgIVAigCQzMsF0AYAAAAAAAAGBJkYXNoX2Jhc2VsaW5lXzFfdjERAHXqB2XEngEA&_nc_gid=iXN7ZVs6z1sIuNugBoVp9Q&_nc_ss=7a22e&_nc_zt=28&oh=00_AQDvqdB0Kv7Bw4RmxGEPFeaA0jwTIx3VpcRv9wm1m4qZsg&oe=6A51E46C
B-ijfcoB6Yh,https://www.instagram.com/reel/B-ijfcoB6Yh/,nem lembro mais o que é ter um #sextou de verdade 😪 o que nos resta é hidratar o cabelo kkkk 🤷🏻‍♀️,1585962444,4772,907,2.299999952316284,feed,https://scontent-poa1-1.cdninstagram.com/o1/v/t16/f2/m84/AQPuJ1tgEHfm4cg0MnmFBw2yR_aGUmSm4vKMx0X8RiSv-gm7c-Ia89Tzw8wQoZqs55D6i3DPsoto-wex3i3_zM715eObBdfAy_UKWC4.mp4?_nc_cat=106&_nc_sid=5e9851&_nc_ht=scontent-poa1-1.cdninstagram.com&_nc_ohc=S0AeWDAKAhkQ7kNvwFZyLra&efg=eyJ2ZW5jb2RlX3RhZyI6Inhwdl9wcm9ncmVzc2l2ZS5JTlNUQUdSQU0uRkVFRC5DMy43MjAuZGFzaF9iYXNlbGluZV8xX3YxIiwieHB2X2Fzc2V0X2lkIjoxMjA2MTg2MzA3MzgyOTc2LCJhc3NldF9hZ2VfZGF5cyI6MjI4NywidmlfdXNlY2FzZV9pZCI6MTAxNDYsImR1cmF0aW9uX3MiOjIsInVybGdlbl9zb3VyY2UiOiJ3d3cifQ%3D%3D&ccb=17-1&vs=c8e0e7eb3e387bb9&_nc_vs=HBksFQIYTGlnX2JhY2tmaWxsX3RpbWVsaW5lX3ZvZC9GMzQ5QjE5NzI5NjVCMkE1RjRGMjQ1OEYxMjU1QzFCQ192aWRlb19kYXNoaW5pdC5tcDQVAALIARIAFQIYOnBhc3N0aHJvdWdoX2V2ZXJzdG9yZS9HREgzY0J1ekxvTWdKZXNCQUliX3YtVXY0VnNEYnBrd0FBQUYVAgLIARIAKAAYABsCiAd1c2Vfb2lsATEScHJvZ3Jlc3NpdmVfcmVjaXBlATEVAAAmgLuTpqTBpAQVAigCQzMsF0ACZmZmZmZmGBJkYXNoX2Jhc2VsaW5lXzFfdjERAHXqB2XEngEA&_nc_gid=iXN7ZVs6z1sIuNugBoVp9Q&_nc_ss=7a22e&_nc_zt=28&oh=00_AQBst5rO0Ig2wP431pZmRKh2_mM_wbrisHD6-eK_i9Aqqg&oe=6A51D7C2
BzY___8BhZu,https://www.instagram.com/reel/BzY___8BhZu/,meu Animal do Poder 🦋🙏🏻✨,1562020151,0,169,10.053999900817871,feed,https://scontent-poa1-1.cdninstagram.com/o1/v/t16/f2/m84/AQM5EEon2KPkYskoZqFvy54E0oOHw2bjmT9UoqQBo6C5oJzMUaxiqIPT9b0S6Vlnor4b313NyVPvm0tav_RpIhq9_B2HA7Opa8bpoPs.mp4?_nc_cat=110&_nc_sid=5e9851&_nc_ht=scontent-poa1-1.cdninstagram.com&_nc_ohc=XKEr7VoHBd4Q7kNvwH8bAwg&efg=eyJ2ZW5jb2RlX3RhZyI6Inhwdl9wcm9ncmVzc2l2ZS5JTlNUQUdSQU0uRkVFRC5DMy43MjAuZGFzaF9iYXNlbGluZV8xX3YxIiwieHB2X2Fzc2V0X2lkIjozMzgxMDY4NDIxMTY1NzMsImFzc2V0X2FnZV9kYXlzIjoyNTY0LCJ2aV91c2VjYXNlX2lkIjoxMDE0NiwiZHVyYXRpb25fcyI6OSwidXJsZ2VuX3NvdXJjZSI6Ind3dyJ9&ccb=17-1&vs=94095ad12264890c&_nc_vs=HBksFQIYTGlnX2JhY2tmaWxsX3RpbWVsaW5lX3ZvZC9EQjQ5RTIxNTA5NzQ0MDI2NjYwOENCNEZCMUQ1ODlCNl92aWRlb19kYXNoaW5pdC5tcDQVAALIARIAFQIYOnBhc3N0aHJvdWdoX2V2ZXJzdG9yZS9HQk53LWhZa3pwNW11eFVEQVBWc0NZamdSaGRqYnBrd0FBQUYVAgLIARIAKAAYABsCiAd1c2Vfb2lsATEScHJvZ3Jlc3NpdmVfcmVjaXBlATEVAAAmusfDo7TgmQEVAigCQzMsF0Aj7peNT987GBJkYXNoX2Jhc2VsaW5lXzFfdjERAHXqB2XEngEA&_nc_gid=iXN7ZVs6z1sIuNugBoVp9Q&_nc_ss=7a22e&_nc_zt=28&oh=00_AQDqd8OgaCzXvrj7VF4z3UBeYux0YoAVK2iRxQER-diUzQ&oe=6A51F33E
BvSPeq4h0KT,https://www.instagram.com/reel/BvSPeq4h0KT/,"Vila Velha sempre foi meu lugarzinho favorito do mundo, e era meu sonho dividir esse lugar com ele, apresentá-lo à praia.. a minha praia! 🏝 Amor, tu sabe que eu sou sua maior fan né?! E meu maior erro foi buscar por outros fotógrafos quando eu tinha o melhor aqui do meu lado! 😌 Obrigada por esse registro incrível da melhor viagem de nossas vidas! Logo menos estaremos de volta! ❤️🎥 @alefmarquesc",1553203809,0,205,54.10200119018555,feed,https://scontent-poa1-1.cdninstagram.com/o1/v/t16/f2/m84/AQMvgYEVgrzCX09XEC16xOeUczv89VcRMAdiaBpqlFgS6Ew0ltZ04A8DpKDw49HnU1lOrJFUfhc2Xf-IrnFzptzYDijrSJfZVo1v5rs.mp4?_nc_cat=100&_nc_sid=5e9851&_nc_ht=scontent-poa1-1.cdninstagram.com&_nc_ohc=3QneWq0JjmEQ7kNvwFhaK7-&efg=eyJ2ZW5jb2RlX3RhZyI6Inhwdl9wcm9ncmVzc2l2ZS5JTlNUQUdSQU0uRkVFRC5DMy42NDAuZGFzaF9iYXNlbGluZV8xX3YxIiwieHB2X2Fzc2V0X2lkIjoxNDAxNjI1NDkwNDU0MDQ4LCJhc3NldF9hZ2VfZGF5cyI6MjY2NiwidmlfdXNlY2FzZV9pZCI6MTAxNDYsImR1cmF0aW9uX3MiOjU0LCJ1cmxnZW5fc291cmNlIjoid3d3In0%3D&ccb=17-1&vs=8909ddde67ed0eef&_nc_vs=HBksFQIYTGlnX2JhY2tmaWxsX3RpbWVsaW5lX3ZvZC8zRjQ3NzU2RjRDRkNBMTI0NDczQkMwMkQ3RkNEQUNBN192aWRlb19kYXNoaW5pdC5tcDQVAALIARIAFQIYOnBhc3N0aHJvdWdoX2V2ZXJzdG9yZS9HRWZDWkJkSDBZY1pyMzhYQUxTVHFGYW9hY1ljYnBrd0FBQUYVAgLIARIAKAAYABsCiAd1c2Vfb2lsATEScHJvZ3Jlc3NpdmVfcmVjaXBlATEVAAAmwNi716ux_QQVAigCQzMsF0BLBJul41P4GBJkYXNoX2Jhc2VsaW5lXzFfdjERAHXqB2XEngEA&_nc_gid=iXN7ZVs6z1sIuNugBoVp9Q&_nc_ss=7a22e&_nc_zt=28&oh=00_AQAnjC62Me82wC-QR0m0Yr7-qNDG6lACLe_wEBnIlX_3Iw&oe=6A51E14C
BtMQUyXlM-s,https://www.instagram.com/reel/BtMQUyXlM-s/,o lugar mais lindo que meus olhos já viram 🏝💛🌊 @alefmarquesc,1548707100,0,315,25.77400016784668,feed,https://scontent-poa1-1.cdninstagram.com/o1/v/t16/f2/m84/AQMNh7L-k9e8-gYwOwUUqWC_MP7tIfOOUaRrvA9l-XTpiaCuDdcBYpu1KkkwOv1hPrW5Y43F5_OQCpnn4daKmkb_UFAF-qevQFxk2oQ.mp4?_nc_cat=103&_nc_sid=5e9851&_nc_ht=scontent-poa1-1.cdninstagram.com&_nc_ohc=xu4Kc8csUpQQ7kNvwElUs6I&efg=eyJ2ZW5jb2RlX3RhZyI6Inhwdl9wcm9ncmVzc2l2ZS5JTlNUQUdSQU0uRkVFRC5DMy42NDAuZGFzaF9iYXNlbGluZV8xX3YxIiwieHB2X2Fzc2V0X2lkIjoxMDMzNjI5Mjk3NjYwMzU0LCJhc3NldF9hZ2VfZGF5cyI6MjcxOCwidmlfdXNlY2FzZV9pZCI6MTAxNDYsImR1cmF0aW9uX3MiOjI1LCJ1cmxnZW5fc291cmNlIjoid3d3In0%3D&ccb=17-1&vs=238e5942c7be3da8&_nc_vs=HBksFQIYTGlnX2JhY2tmaWxsX3RpbWVsaW5lX3ZvZC9EMDQ1RTVBODE5OURGOEEyOUJDQ0E5NEMyNTgzNkI5Ql92aWRlb19kYXNoaW5pdC5tcDQVAALIARIAFQIYOnBhc3N0aHJvdWdoX2V2ZXJzdG9yZS9HR19VY0JjX09FUy1Ha2dGQUVva0wxa3loNGxXYnBrd0FBQUYVAgLIARIAKAAYABsCiAd1c2Vfb2lsATEScHJvZ3Jlc3NpdmVfcmVjaXBlATEVAAAmhMfusZKF1gMVAigCQzMsF0A5qsCDEm6YGBJkYXNoX2Jhc2VsaW5lXzFfdjERAHXqB2XEngEA&_nc_gid=iXN7ZVs6z1sIuNugBoVp9Q&_nc_ss=7a22e&_nc_zt=28&oh=00_AQBwFEnWxIZx11jpROlYCakUBL_RCTrcD9hiLNiLIlsyYg&oe=6A51C515
Bmy_A3DjDKi,https://www.instagram.com/reel/Bmy_A3DjDKi/,só pq fiquei muuito apaixonada por esse vídeo 💜✨🎥 brigada mô @alefmarquesc • make: @moa.oliveir • música: Drop The Game,1534976339,0,759,46.323001861572266,feed,https://scontent-poa1-1.cdninstagram.com/o1/v/t16/f2/m84/AQOnIywgA_jVa4hcGn1aJgLjSgoeUioHAQ9tEFVJqWOuOBNAp5sKFvCZS0JthiVg1Ah8vigAD0t7TDd-VpV3QBhB-IjPAwiN2FGE8Os.mp4?_nc_cat=102&_nc_sid=5e9851&_nc_ht=scontent-poa1-1.cdninstagram.com&_nc_ohc=-NkD-wD9WeEQ7kNvwEOx1GD&efg=eyJ2ZW5jb2RlX3RhZyI6Inhwdl9wcm9ncmVzc2l2ZS5JTlNUQUdSQU0uRkVFRC5DMy42NDAuZGFzaF9iYXNlbGluZV8xX3YxIiwieHB2X2Fzc2V0X2lkIjozNDEyMzIzMDQ5MjAyODUsImFzc2V0X2FnZV9kYXlzIjoyNzcxLCJ2aV91c2VjYXNlX2lkIjoxMDE0NiwiZHVyYXRpb25fcyI6NDYsInVybGdlbl9zb3VyY2UiOiJ3d3cifQ%3D%3D&ccb=17-1&vs=b7f3a79acf39068&_nc_vs=HBksFQIYTGlnX2JhY2tmaWxsX3RpbWVsaW5lX3ZvZC9GODQyMEQzOEE4NzFFQkJFNTI2NjE3REI2M0ZGRkNCN192aWRlb19kYXNoaW5pdC5tcDQVAALIARIAFQIYOnBhc3N0aHJvdWdoX2V2ZXJzdG9yZS9HQnI3bFJZcWJOdF90ME1EQUllak4wNTFWY0pTYnBrd0FBQUYVAgLIARIAKAAYABsCiAd1c2Vfb2lsATEScHJvZ3Jlc3NpdmVfcmVjaXBlATEVAAAmutuQ5aqWmwEVAigCQzMsF0BHEWhysCDFGBJkYXNoX2Jhc2VsaW5lXzFfdjERAHXqB2XEngEA&_nc_gid=Lt5x2qPh2iKCV5dfk9YB9w&_nc_ss=7a22e&_nc_zt=28&oh=00_AQCCdZA7sCshj_F8C2STtzHMF2Wm0iqkLsuTqbHZu3lRJQ&oe=6A51E1E2
